# m1_source_msun	m2_source_msun	lambda_1	lambda_2  (run IMRPhenomPv2NRT_lowSpin_posterior, z=0.0099)
1.393530e+00	1.331573e+00	1.168731e+03	1.692561e+02
1.390230e+00	1.334533e+00	3.397474e+02	3.549670e+01
1.605959e+00	1.161390e+00	1.788853e+02	1.354079e+02
1.494585e+00	1.243516e+00	2.335116e+02	1.709284e+03
1.424342e+00	1.303175e+00	1.119535e+03	1.937431e+02
1.382070e+00	1.342349e+00	8.470248e+02	3.024076e+02
1.392457e+00	1.332620e+00	1.702847e+02	8.592769e+02
1.449185e+00	1.281532e+00	4.917974e+02	1.395349e+03
1.590347e+00	1.172065e+00	1.653903e+02	2.358078e+02
1.401823e+00	1.323779e+00	3.409983e+02	2.008910e+02
1.459637e+00	1.272470e+00	2.027379e+02	6.235359e+02
1.561701e+00	1.192543e+00	2.516826e+02	1.309882e+02
1.424103e+00	1.303443e+00	4.971379e+02	5.030182e+02
1.438590e+00	1.290267e+00	2.933946e+02	1.677989e+02
1.433834e+00	1.294679e+00	2.573386e+02	3.356375e+02
1.503695e+00	1.236492e+00	9.056183e+02	1.155172e+02
1.376741e+00	1.348213e+00	9.344332e+00	2.239139e+03
1.447857e+00	1.282394e+00	9.628705e+02	1.705371e+02
1.555802e+00	1.196542e+00	2.657241e+02	9.956975e+01
1.489157e+00	1.248120e+00	8.461790e+02	7.402479e+02
1.475813e+00	1.258929e+00	4.384827e+02	8.520624e+02
1.421988e+00	1.305282e+00	8.020476e+02	1.063503e+02
1.383225e+00	1.341079e+00	4.210432e+01	2.254239e+02
1.537755e+00	1.209777e+00	1.117183e+02	3.613022e+02
1.412992e+00	1.313577e+00	5.319309e+01	6.654280e+02
1.484972e+00	1.251351e+00	1.068610e+03	1.038354e+03
1.533102e+00	1.213550e+00	9.443149e+01	3.535712e+02
1.442027e+00	1.287515e+00	1.322212e+02	3.045474e+02
1.375577e+00	1.349231e+00	3.277094e+02	1.049381e+03
1.535067e+00	1.212157e+00	6.767058e+02	6.073553e+02
1.597721e+00	1.167030e+00	3.367458e+00	6.244370e+02
1.415756e+00	1.310919e+00	1.091869e+02	4.233596e+02
1.438684e+00	1.290586e+00	1.486161e+03	1.109811e+02
1.424981e+00	1.302315e+00	3.598356e+02	1.132459e+02
1.384137e+00	1.340697e+00	1.904584e+02	1.259817e+03
1.415898e+00	1.310759e+00	3.835021e+02	1.414556e+02
1.431657e+00	1.296626e+00	1.533147e+02	6.000768e+02
1.375405e+00	1.348991e+00	4.049310e+02	2.557174e+02
1.415060e+00	1.311465e+00	6.877720e+02	1.450039e+02
1.612628e+00	1.156914e+00	1.622771e+02	3.626104e+02
1.460455e+00	1.271622e+00	2.092959e+02	6.164985e+02
1.415607e+00	1.311243e+00	1.563211e+02	8.924563e+02
1.443169e+00	1.286720e+00	4.652667e+02	1.384324e+03
1.375005e+00	1.349179e+00	3.648528e+02	8.281625e+01
1.365528e+00	1.358582e+00	1.883294e+02	9.952638e+01
1.406064e+00	1.320023e+00	4.767508e+02	7.501032e+02
1.462937e+00	1.269576e+00	2.879566e+02	9.550442e+02
1.556835e+00	1.196142e+00	6.021241e+02	8.422759e+02
1.427451e+00	1.300318e+00	8.406746e+02	5.012077e+02
1.404409e+00	1.321398e+00	2.452559e+01	1.494877e+03
1.442729e+00	1.286753e+00	2.582220e+02	7.233265e+01
1.622959e+00	1.149909e+00	2.667532e+00	7.338185e+02
1.430984e+00	1.297389e+00	2.782541e+02	8.397615e+02
1.488678e+00	1.248215e+00	2.886035e+02	1.394008e+01
1.421642e+00	1.305511e+00	5.891003e+02	3.885959e+01
1.399774e+00	1.325621e+00	4.429252e+02	7.278599e+02
1.538334e+00	1.209554e+00	2.771648e+02	3.592874e+02
1.364119e+00	1.360386e+00	1.071570e+03	5.216267e+02
1.649039e+00	1.133148e+00	5.428171e+01	5.579043e+02
1.548339e+00	1.202003e+00	9.847602e+01	3.355717e+02
1.429663e+00	1.298402e+00	1.166562e+02	1.152725e+03
1.443189e+00	1.286671e+00	4.845310e+02	1.714580e+02
1.521350e+00	1.222669e+00	4.575306e+01	1.660767e+03
1.471361e+00	1.262304e+00	1.582702e+02	3.120925e+01
1.384930e+00	1.339880e+00	5.663720e+02	9.591473e+02
1.399796e+00	1.325786e+00	8.202994e+02	1.085467e+02
1.405156e+00	1.320772e+00	9.991533e+02	5.248130e+02
1.417773e+00	1.309187e+00	6.070486e+02	1.437880e+03
1.497963e+00	1.240880e+00	1.980148e+02	1.708642e+02
1.384469e+00	1.340356e+00	4.468037e+02	7.390753e+02
1.516797e+00	1.225780e+00	8.585180e+01	1.114571e+03
1.580228e+00	1.179270e+00	6.559520e+02	2.286999e+02
1.457022e+00	1.274657e+00	8.197469e+01	6.454153e+02
1.430543e+00	1.297744e+00	3.640914e+02	1.137675e+03
1.514234e+00	1.227944e+00	1.026994e+01	4.902213e+02
1.433281e+00	1.295129e+00	2.286647e+01	1.280690e+03
1.408709e+00	1.317306e+00	6.624853e+02	9.344284e+02
1.382624e+00	1.341987e+00	3.814679e+02	9.664901e+02
1.366388e+00	1.357782e+00	7.734438e+02	1.116275e+02
1.476742e+00	1.258140e+00	3.123932e+02	1.508184e+03
1.379932e+00	1.344611e+00	9.796849e+02	1.485760e+02
1.395370e+00	1.329651e+00	2.007540e+02	3.834530e+02
1.401032e+00	1.324442e+00	1.612919e+02	2.340639e+02
1.411964e+00	1.314675e+00	2.413921e+02	1.639876e+03
1.396639e+00	1.328868e+00	1.336614e+02	1.288957e+03
1.521418e+00	1.222443e+00	5.944101e+02	2.323345e+02
1.493372e+00	1.244531e+00	5.700915e+02	1.082976e+03
1.556155e+00	1.196581e+00	5.654275e+02	8.533267e+02
1.494149e+00	1.243769e+00	3.784391e+01	1.374095e+03
1.556287e+00	1.196081e+00	2.347974e+02	2.297362e+02
1.570646e+00	1.186019e+00	2.176688e+01	4.318746e+02
1.406855e+00	1.318993e+00	1.451337e+01	8.758573e+02
1.630161e+00	1.145389e+00	5.730383e+02	5.533774e+02
1.416502e+00	1.310322e+00	1.134706e+03	4.277315e+02
1.498507e+00	1.240213e+00	1.806137e+01	4.535172e+02
1.437323e+00	1.291533e+00	4.153084e+01	4.987787e+02
1.499936e+00	1.239094e+00	1.457806e+02	3.678353e+02
1.552215e+00	1.199181e+00	1.057776e+02	4.931910e+02
1.382101e+00	1.342502e+00	9.823290e+02	2.262623e+01
1.419100e+00	1.307725e+00	2.055548e+02	5.239781e+01
1.377887e+00	1.346536e+00	2.256645e+02	2.838536e+02
1.398747e+00	1.326788e+00	1.542339e+02	1.203585e+03
1.378695e+00	1.345584e+00	6.623481e+01	3.359498e+02
1.499089e+00	1.239969e+00	9.286913e+01	6.045054e+02
1.515722e+00	1.226772e+00	1.103013e+02	1.755418e+02
1.405572e+00	1.320153e+00	2.627524e+01	3.620656e+02
1.464207e+00	1.268359e+00	5.000858e+02	2.062591e+01
1.607049e+00	1.160723e+00	4.422826e+01	5.467726e+02
1.385906e+00	1.338608e+00	2.198367e+02	4.676451e+02
1.512766e+00	1.229293e+00	2.578529e+02	3.552589e+02
1.511893e+00	1.229970e+00	3.287634e+02	1.401792e+02
1.426910e+00	1.300943e+00	8.759770e+01	5.847494e+02
1.428402e+00	1.299703e+00	1.073250e+03	1.597346e+02
1.650213e+00	1.132486e+00	6.723277e+00	2.431209e+03
1.647972e+00	1.133820e+00	2.184369e+02	1.574904e+02
1.577393e+00	1.181243e+00	7.097848e+02	9.961263e+01
1.606852e+00	1.161070e+00	1.238384e+02	1.428057e+03
1.467807e+00	1.265393e+00	4.331889e+02	6.313728e+01
1.599728e+00	1.165833e+00	2.984878e+01	2.706735e+03
1.644703e+00	1.135780e+00	1.134289e+02	1.196908e+02
1.550247e+00	1.200579e+00	2.168151e+01	3.460740e+02
1.437320e+00	1.291743e+00	5.232453e+02	1.041115e+03
1.464145e+00	1.268345e+00	4.498598e+01	2.447293e+02
1.388073e+00	1.336456e+00	7.058110e+00	3.792850e+02
1.426798e+00	1.300864e+00	9.438889e+01	5.886214e+02
1.362294e+00	1.361986e+00	2.883757e+01	8.286095e+02
1.485508e+00	1.250744e+00	2.924923e+02	5.680640e+01
1.396985e+00	1.328541e+00	1.592865e+03	4.891066e+02
1.420009e+00	1.306859e+00	9.953637e+01	3.499991e+02
1.596448e+00	1.167889e+00	8.836972e+01	1.278822e+03
1.445846e+00	1.284194e+00	2.235012e+02	1.521106e+03
1.566922e+00	1.188927e+00	7.555365e+01	2.036121e+03
1.506068e+00	1.234539e+00	1.371844e+02	1.466906e+03
1.485709e+00	1.250672e+00	5.457339e+01	3.959720e+02
1.433571e+00	1.294780e+00	1.828224e+02	1.254128e+02
1.426556e+00	1.301260e+00	1.662409e+02	1.721388e+03
1.366604e+00	1.357646e+00	2.686228e+02	8.030632e+02
1.371642e+00	1.352390e+00	2.817702e+02	9.174793e+00
1.428907e+00	1.298977e+00	9.639991e+01	3.699953e+02
1.493743e+00	1.244286e+00	1.689200e+02	3.477007e+02
1.397250e+00	1.328296e+00	2.519839e+02	6.149810e+02
1.465287e+00	1.267474e+00	3.366330e+02	5.310702e+01
1.412255e+00	1.314077e+00	1.990078e+02	2.144382e+02
1.514422e+00	1.227917e+00	8.196141e+01	5.847910e+02
1.377540e+00	1.346934e+00	5.406315e+02	8.958540e+01
1.376000e+00	1.348438e+00	1.124660e+02	1.064321e+03
1.541813e+00	1.207040e+00	2.592304e+02	1.318440e+02
1.395588e+00	1.329466e+00	2.099059e+02	1.390060e+02
1.468342e+00	1.265244e+00	1.697604e+02	4.948535e+02
1.457197e+00	1.274403e+00	4.429485e+02	1.160971e+02
1.622078e+00	1.150526e+00	2.742210e+02	9.942202e+02
1.392914e+00	1.332169e+00	2.923871e+02	8.920260e+02
1.366879e+00	1.357132e+00	2.213603e+02	6.423087e+01
1.475345e+00	1.259363e+00	8.953968e+02	2.900973e+02
1.529503e+00	1.216138e+00	1.409728e+02	1.342002e+02
1.435626e+00	1.293051e+00	4.324907e+01	5.607682e+02
1.375560e+00	1.348643e+00	4.622216e+02	8.032966e+02
1.463024e+00	1.269437e+00	4.500371e+02	4.580977e+02
1.458401e+00	1.273339e+00	1.175244e+02	4.747776e+02
1.502931e+00	1.236661e+00	1.663441e+02	1.009462e+02
1.379002e+00	1.345383e+00	9.443874e+01	6.660887e+02
1.630782e+00	1.144717e+00	6.514210e+01	1.601412e+02
1.435144e+00	1.293670e+00	8.435091e+02	7.212447e+01
1.382972e+00	1.341620e+00	9.262386e+00	3.680524e+02
1.417229e+00	1.309706e+00	1.319232e+03	9.527744e+02
1.637021e+00	1.140904e+00	3.400188e+02	1.473574e+03
1.504145e+00	1.236099e+00	8.831967e+02	1.792363e+03
1.468352e+00	1.264934e+00	9.975454e+01	4.728439e+02
1.441817e+00	1.287777e+00	1.382542e+01	1.232465e+03
1.450754e+00	1.280043e+00	1.234725e-01	2.293709e+03
1.391832e+00	1.333195e+00	6.295504e+02	4.247889e+02
1.414491e+00	1.312095e+00	4.650720e+02	5.474318e+01
1.681812e+00	1.112802e+00	4.683609e+02	5.952500e+02
1.398913e+00	1.326452e+00	3.878471e+02	6.150615e+01
1.379968e+00	1.344568e+00	5.397390e+01	3.720402e+02
1.456649e+00	1.274795e+00	1.069676e+01	1.391140e+03
1.535699e+00	1.211566e+00	7.892827e+02	7.175773e+02
1.380884e+00	1.343743e+00	3.065405e+02	8.343543e+02
1.610364e+00	1.158370e+00	2.848833e+01	5.989436e+02
1.597880e+00	1.166992e+00	2.797579e+02	6.396979e+01
1.548588e+00	1.202053e+00	6.429398e-01	2.041354e+03
1.375674e+00	1.348825e+00	7.791729e+02	5.344578e+02
1.400473e+00	1.325095e+00	3.143509e+01	7.564923e+02
1.449388e+00	1.281012e+00	1.132921e+02	9.881116e+02
1.386306e+00	1.338380e+00	3.774795e+02	2.750321e+02
1.387915e+00	1.336915e+00	1.171944e+02	4.687985e+02
1.507626e+00	1.233121e+00	1.742323e+02	1.665638e+01
1.449249e+00	1.281144e+00	6.381132e+01	5.778873e+02
1.475522e+00	1.259222e+00	9.172338e+02	2.493804e+02
1.524239e+00	1.220230e+00	1.381500e+02	1.167093e+03
1.466405e+00	1.266600e+00	9.400108e+01	6.335640e+02
1.532484e+00	1.213885e+00	2.387474e+02	2.767143e+01
1.412837e+00	1.313645e+00	4.620503e+02	6.149911e+02
1.523745e+00	1.220751e+00	7.244829e+02	8.104209e+02
1.422756e+00	1.304780e+00	6.651835e+02	9.511809e+02
1.362737e+00	1.361671e+00	1.467478e+02	1.118522e+03
1.455724e+00	1.275578e+00	3.975736e+02	2.353660e+02
1.519983e+00	1.223888e+00	7.601326e+02	1.077746e+02
1.404010e+00	1.322229e+00	6.559849e+02	8.830413e+02
1.368048e+00	1.355990e+00	2.034816e+02	1.329773e+01
1.373064e+00	1.351119e+00	1.768012e+02	4.210243e+01
1.413009e+00	1.313275e+00	2.385533e+02	1.325130e+02
1.489457e+00	1.247343e+00	1.742659e+01	5.679977e+02
1.362441e+00	1.361601e+00	3.123599e+02	5.233286e+01
1.381330e+00	1.343285e+00	1.163047e+03	2.590576e+02
1.385628e+00	1.339182e+00	1.001153e+02	1.040216e+03
1.459456e+00	1.272475e+00	5.834830e+02	1.066886e+03
1.672828e+00	1.118212e+00	1.908154e+02	1.528507e+02
1.583842e+00	1.176983e+00	1.947546e+02	1.444907e+03
1.690751e+00	1.107169e+00	5.697314e+01	1.069549e+03
1.517393e+00	1.225445e+00	2.524342e+02	1.719082e+01
1.455609e+00	1.276024e+00	3.402335e+02	9.109276e+02
1.487870e+00	1.248805e+00	5.232955e+01	5.949943e+02
1.367356e+00	1.356842e+00	2.453723e+02	8.685659e+02
1.425429e+00	1.302245e+00	8.470504e+02	4.856508e+02
1.391943e+00	1.332999e+00	1.179202e+02	6.116480e+02
1.452092e+00	1.278769e+00	3.351061e+02	1.795966e+02
1.443055e+00	1.286649e+00	1.716894e+02	1.013195e+03
1.478439e+00	1.256758e+00	4.299694e+02	9.358081e+02
1.372266e+00	1.352082e+00	2.937724e+02	1.021425e+03
1.451598e+00	1.279120e+00	1.258124e+02	6.047817e+02
1.544559e+00	1.204970e+00	1.158690e+02	1.797904e+02
1.395742e+00	1.329749e+00	1.585435e+03	1.250550e+02
1.567911e+00	1.188024e+00	1.246745e+01	8.881189e+02
1.407935e+00	1.318085e+00	2.921904e+02	2.062593e+02
1.487665e+00	1.249260e+00	7.294602e+02	5.650352e+01
1.396203e+00	1.328956e+00	6.624180e+02	2.866943e+01
1.506785e+00	1.233910e+00	1.683254e+02	6.839736e+02
1.522606e+00	1.221449e+00	5.208518e+02	1.367903e+03
1.562733e+00	1.191725e+00	7.613996e+01	6.881053e+02
1.437171e+00	1.292097e+00	1.911341e+03	1.463542e+02
1.587199e+00	1.174335e+00	6.661337e+02	5.501760e+02
1.421072e+00	1.305991e+00	4.948905e+01	4.694336e+02
1.497429e+00	1.241223e+00	3.616996e+00	7.213510e+02
1.511141e+00	1.230164e+00	3.528907e+01	3.761925e+02
1.441434e+00	1.287827e+00	2.228672e+02	2.465481e+02
1.521281e+00	1.222482e+00	6.305585e+01	4.407489e+02
1.504979e+00	1.235204e+00	3.050883e+02	1.438484e+02
1.492900e+00	1.244679e+00	2.147962e+02	3.082564e+02
1.388133e+00	1.336549e+00	4.121624e+02	4.987762e+01
1.539548e+00	1.208595e+00	1.486254e+02	2.590091e+02
1.400506e+00	1.325030e+00	5.929821e+02	9.840468e+01
1.419912e+00	1.307175e+00	2.961554e+02	2.429141e+02
1.384457e+00	1.340166e+00	5.555285e+02	2.854509e+02
1.462818e+00	1.269573e+00	3.504974e+02	1.697220e+02
1.373183e+00	1.351083e+00	4.137902e+02	1.278768e+02
1.546755e+00	1.203394e+00	2.935442e+01	5.849510e+02
1.499598e+00	1.239515e+00	7.073436e+01	1.099768e+03
1.459797e+00	1.272205e+00	2.810855e+02	1.101586e+03
1.372707e+00	1.351573e+00	5.558372e+02	6.577028e+02
1.404076e+00	1.321471e+00	3.057268e+02	3.295702e+02
1.555459e+00	1.196878e+00	4.677599e+02	4.747812e+02
1.546257e+00	1.203746e+00	1.160091e+01	8.365110e+02
1.518408e+00	1.224610e+00	2.180116e+02	3.095544e+02
1.367425e+00	1.357158e+00	1.005723e+03	4.217113e+02
1.551154e+00	1.200152e+00	4.788021e+02	2.401028e+02
1.595787e+00	1.168402e+00	7.158796e+02	3.621888e+02
1.588063e+00	1.173860e+00	4.663365e+02	9.158967e+02
1.398914e+00	1.326446e+00	7.764205e+02	3.924590e+01
1.489514e+00	1.247254e+00	4.831007e+01	2.794668e+02
1.476710e+00	1.258059e+00	2.397608e+02	1.634556e+03
1.463340e+00	1.269097e+00	8.479549e+01	6.734104e+02
1.402819e+00	1.322925e+00	1.193981e+03	7.668903e+01
1.594252e+00	1.169299e+00	1.790228e+02	1.414743e+02
1.573230e+00	1.184229e+00	6.094779e+02	5.180756e+02
1.654809e+00	1.129493e+00	1.343121e+02	1.870638e+02
1.544045e+00	1.205260e+00	7.603431e+01	3.380006e+02
1.501422e+00	1.237958e+00	3.050748e+02	8.457888e+01
1.536378e+00	1.211173e+00	2.995598e+02	3.756444e+02
1.524625e+00	1.220192e+00	2.038948e+02	1.262210e+03
1.515651e+00	1.227037e+00	1.831947e+02	1.550025e+03
1.493668e+00	1.244059e+00	9.838281e+01	4.434692e+02
1.481126e+00	1.254352e+00	3.645171e+01	1.076551e+03
1.629432e+00	1.145985e+00	4.860247e+01	2.590876e+03
1.591196e+00	1.171484e+00	1.712482e+02	6.448690e+01
1.428831e+00	1.299422e+00	1.088671e+02	2.115190e+03
1.372943e+00	1.351455e+00	3.831439e+02	9.499923e+02
1.481017e+00	1.254724e+00	3.086297e+02	1.376446e+03
1.514397e+00	1.228018e+00	1.374031e+02	1.184175e+03
1.532840e+00	1.213620e+00	1.378878e+02	1.184755e+02
1.369884e+00	1.354281e+00	3.531405e+02	2.785470e+02
1.399811e+00	1.325626e+00	3.265821e+02	1.564849e+02
1.489484e+00	1.247716e+00	9.045406e+02	1.338218e+03
1.378531e+00	1.346172e+00	3.367003e+02	1.531763e+03
1.434210e+00	1.294290e+00	7.347392e+02	5.472159e+02
1.679441e+00	1.114259e+00	2.814424e+02	4.713855e+01
1.461304e+00	1.270844e+00	2.091490e+02	2.610451e+02
1.521149e+00	1.222673e+00	7.324878e+01	6.377379e+02
1.395659e+00	1.329759e+00	2.077416e+02	4.807861e+02
1.526614e+00	1.218408e+00	2.595094e+02	1.354577e+02
1.369729e+00	1.354584e+00	2.302416e+02	8.018002e+02
1.692403e+00	1.106394e+00	3.326168e+01	6.968163e+02
1.363305e+00	1.360919e+00	8.996018e+02	4.558999e+02
1.397135e+00	1.328106e+00	3.394149e+00	9.854589e+02
1.544890e+00	1.204791e+00	6.205039e+02	3.164513e+02
1.470126e+00	1.263617e+00	1.777470e+02	5.264493e+02
1.386865e+00	1.337984e+00	2.183676e+02	3.821748e+02
1.601862e+00	1.164086e+00	1.286191e+02	7.084498e+01
1.435554e+00	1.293324e+00	2.756909e+02	1.053101e+03
1.430592e+00	1.297562e+00	6.720471e+02	6.110439e+02
1.435785e+00	1.293014e+00	2.793368e+01	1.373068e+03
1.362458e+00	1.361767e+00	4.847198e+02	1.998128e+02
1.403752e+00	1.321941e+00	6.871432e+02	5.299935e+02
1.378889e+00	1.345475e+00	3.357086e+02	2.859308e+02
1.438845e+00	1.290199e+00	2.218807e+01	6.419531e+02
1.525002e+00	1.219494e+00	1.013338e+02	9.386185e+02
1.594336e+00	1.169339e+00	2.938189e+01	3.833582e+02
1.709410e+00	1.096332e+00	7.474311e+01	1.766534e+03
1.483393e+00	1.252662e+00	2.798827e+02	3.416269e+02
1.392632e+00	1.332358e+00	8.277727e+01	4.010552e+02
1.431653e+00	1.296692e+00	1.736049e+02	5.051275e+02
1.458804e+00	1.272828e+00	6.731665e+01	9.204697e+02
1.400088e+00	1.325372e+00	4.814637e+02	5.592494e+01
1.417281e+00	1.309619e+00	1.013248e+03	1.558427e+02
1.599604e+00	1.165930e+00	5.629877e+02	1.689814e+02
1.471821e+00	1.262274e+00	1.923010e+02	1.144058e+03
1.599862e+00	1.165396e+00	2.465811e+01	6.890914e+02
1.487918e+00	1.249027e+00	1.139886e+03	2.534605e+02
1.490060e+00	1.247392e+00	7.518061e+02	1.786482e+02
1.452727e+00	1.278214e+00	4.053769e+02	8.655393e+02
1.424081e+00	1.303204e+00	4.552124e+02	5.789984e+02
1.426837e+00	1.300802e+00	8.508841e+02	1.370244e+02
1.379078e+00	1.345361e+00	3.995464e+02	7.546992e+02
1.607319e+00	1.160527e+00	2.426155e+02	2.768912e+02
1.392292e+00	1.332900e+00	2.061585e+01	4.829988e+02
1.364643e+00	1.359678e+00	2.831929e+02	3.747132e+02
1.462252e+00	1.270065e+00	3.129562e+02	7.882901e+02
1.596905e+00	1.167452e+00	1.976838e+02	9.445257e+01
1.464454e+00	1.268506e+00	7.313130e+02	4.775537e+02
1.449365e+00	1.281293e+00	8.475648e+02	2.748011e+02
1.536012e+00	1.211349e+00	1.858033e+02	4.858783e+02
1.505475e+00	1.234919e+00	4.142082e+02	1.887834e+02
1.431871e+00	1.296882e+00	2.125359e+03	7.447225e+02
1.372722e+00	1.351539e+00	7.003662e+02	5.775127e+02
1.530763e+00	1.215498e+00	8.759401e+01	1.694013e+03
1.532036e+00	1.214574e+00	3.144249e+02	1.177986e+03
1.552914e+00	1.198910e+00	1.966168e+02	1.040035e+03
1.522340e+00	1.221775e+00	2.076738e+02	2.967353e+02
1.491057e+00	1.246328e+00	3.541954e+02	5.699489e+01
1.664338e+00	1.123619e+00	1.646300e+02	2.738595e+02
1.414756e+00	1.311790e+00	1.082244e+03	2.204919e+01
1.380459e+00	1.344275e+00	4.711122e+02	8.586304e+02
1.496803e+00	1.241528e+00	1.154155e+02	2.359440e+02
1.455088e+00	1.276248e+00	6.818694e+02	3.962192e+02
1.423843e+00	1.303574e+00	4.036287e+02	2.154274e+01
1.478432e+00	1.256623e+00	5.691655e+01	5.831921e+02
1.522926e+00	1.221534e+00	1.190958e+03	2.886050e+02
1.364326e+00	1.359800e+00	4.726240e+02	1.626620e+02
1.379070e+00	1.345292e+00	6.648437e+01	3.212988e+02
1.366968e+00	1.357462e+00	1.504334e+02	2.710038e+03
1.403925e+00	1.321806e+00	3.390588e+02	4.529389e+02
1.537412e+00	1.210310e+00	8.498201e+01	1.937916e+03
1.530340e+00	1.215691e+00	4.022030e+02	1.246739e+03
1.500775e+00	1.238478e+00	1.737236e+02	4.403537e+01
1.413695e+00	1.312938e+00	1.404332e+03	2.412484e+02
1.391712e+00	1.333798e+00	1.118547e+02	3.354904e+03
1.542364e+00	1.206503e+00	5.301821e+02	1.093455e+03
1.426238e+00	1.301338e+00	2.835102e+02	2.733919e+02
1.542171e+00	1.206749e+00	3.780639e+02	8.092895e+02
1.544225e+00	1.205375e+00	5.754641e+02	1.234328e+03
1.569372e+00	1.186986e+00	3.063362e+02	9.015476e+02
1.451021e+00	1.279533e+00	3.644971e+02	1.814920e+02
1.419800e+00	1.307300e+00	1.049953e+03	4.400605e+02
1.411862e+00	1.314871e+00	5.484786e+02	3.404750e+02
1.431050e+00	1.297320e+00	1.014180e+03	2.439106e+01
1.600643e+00	1.165200e+00	5.785258e+01	9.075663e+02
1.471491e+00	1.262233e+00	2.343478e+01	4.496555e+02
1.463618e+00	1.268703e+00	4.517338e+02	2.000357e+02
1.400513e+00	1.325256e+00	1.218046e+03	4.521388e+02
1.385359e+00	1.339389e+00	3.555464e+02	6.189108e+02
1.466875e+00	1.266052e+00	2.132256e+02	1.848626e+02
1.394461e+00	1.330603e+00	1.388611e+02	3.335371e+02
1.396641e+00	1.328882e+00	9.534920e+02	7.839673e+02
1.468338e+00	1.264879e+00	4.582808e+02	1.145202e+03
1.563403e+00	1.191103e+00	2.735791e+02	5.791344e+02
1.365728e+00	1.358577e+00	2.989338e+02	1.557737e+03
1.448859e+00	1.281734e+00	8.859726e+01	1.628538e+03
1.537067e+00	1.210415e+00	2.343759e+02	9.204257e+02
1.624253e+00	1.149176e+00	7.386898e+01	3.445147e+02
1.475229e+00	1.259276e+00	4.415422e+01	3.871319e+02
1.523293e+00	1.221131e+00	1.520814e+02	6.464514e+02
1.412723e+00	1.313645e+00	1.756517e+02	9.416999e+02
1.588136e+00	1.173646e+00	5.254285e+02	9.368197e+02
1.466556e+00	1.266434e+00	1.682719e+02	6.207949e+02
1.364178e+00	1.360057e+00	1.107621e+03	3.974266e+02
1.542788e+00	1.206463e+00	7.406801e+02	2.048600e+02
1.556137e+00	1.196618e+00	3.121079e+02	9.767764e+02
1.532778e+00	1.213894e+00	6.449038e+02	4.467504e+02
1.414244e+00	1.312290e+00	4.966778e+02	3.923002e+01
1.420201e+00	1.306697e+00	2.143924e+02	3.202261e+02
1.531572e+00	1.214872e+00	4.784494e+02	8.911253e+02
1.399139e+00	1.326304e+00	5.682463e+02	7.309966e+02
1.598859e+00	1.166203e+00	6.083298e+01	5.026453e+02
1.392309e+00	1.332511e+00	2.040155e+02	1.399245e+02
1.430358e+00	1.297447e+00	3.152385e+02	9.485526e+01
1.550718e+00	1.200394e+00	1.691957e+02	3.512518e+02
1.383056e+00	1.341486e+00	1.861365e+01	3.067467e+02
1.455569e+00	1.275978e+00	3.881119e+02	1.540908e+02
1.450250e+00	1.280595e+00	5.822620e+02	1.354726e+03
1.377370e+00	1.347245e+00	8.483440e+02	3.079485e+02
1.405192e+00	1.320520e+00	1.214876e+02	9.664367e+02
1.495204e+00	1.243201e+00	6.985489e+02	1.850545e+02
1.615001e+00	1.155516e+00	5.733847e+02	3.743082e+02
1.493657e+00	1.244196e+00	2.275273e+02	4.656136e+02
1.390198e+00	1.334764e+00	8.499573e+01	4.976165e+02
1.429957e+00	1.298040e+00	3.766062e+01	3.483856e+02
1.424111e+00	1.303505e+00	8.243151e+02	1.094306e+03
1.565586e+00	1.189637e+00	3.150730e+02	8.675968e+02
1.455160e+00	1.276058e+00	1.918765e+02	3.718108e+02
1.500289e+00	1.238939e+00	7.879405e+02	1.332376e+02
1.563318e+00	1.191220e+00	4.031545e+01	6.408856e+02
1.449599e+00	1.280843e+00	3.382814e+02	3.853544e+02
1.423062e+00	1.304275e+00	4.639652e+02	8.833302e+01
1.570253e+00	1.186331e+00	2.106618e+02	1.887109e+02
1.459414e+00	1.272669e+00	3.193055e+02	2.886520e+02
1.449075e+00	1.281504e+00	4.348764e+02	6.410709e+02
1.512051e+00	1.229567e+00	1.468587e+02	3.040619e+02
1.405742e+00	1.320029e+00	3.479249e+02	9.666655e+02
1.382356e+00	1.342247e+00	1.450440e+02	3.930250e+02
1.492118e+00	1.245433e+00	1.084915e+02	5.864632e+02
1.473299e+00	1.260982e+00	1.780306e+02	9.823805e+02
1.449711e+00	1.280733e+00	3.773026e+02	5.463978e+01
1.416501e+00	1.310451e+00	1.790216e+03	1.557330e+02
1.522915e+00	1.221274e+00	1.040031e+02	2.421772e+02
1.607692e+00	1.160400e+00	2.920076e+02	2.639797e+02
1.519899e+00	1.223728e+00	1.225278e+02	1.721265e+03
1.389311e+00	1.335576e+00	6.302088e+02	1.044757e+03
1.588346e+00	1.173543e+00	2.781215e+01	7.485071e+02
1.523927e+00	1.220831e+00	1.120219e+03	2.255948e+02
1.373210e+00	1.351033e+00	4.280370e+02	2.853071e+02
1.398662e+00	1.327002e+00	2.385213e+01	1.267453e+03
1.440792e+00	1.288474e+00	3.604420e+02	7.680357e+02
1.540147e+00	1.208307e+00	9.954174e+01	6.612918e+02
1.515474e+00	1.227006e+00	1.092783e+03	4.115386e+02
1.406661e+00	1.319375e+00	1.442824e+02	1.627633e+03
1.526430e+00	1.218399e+00	8.007622e+01	4.348937e+02
1.470602e+00	1.263204e+00	7.358479e+02	5.650346e+02
1.505403e+00	1.235066e+00	1.258773e+02	5.311962e+02
1.585558e+00	1.175590e+00	7.881367e+02	1.505305e+02
1.469516e+00	1.264222e+00	7.895344e+02	8.240426e+02
1.455489e+00	1.275878e+00	2.402003e+02	1.982553e+02
1.413386e+00	1.313088e+00	2.302381e+02	1.028818e+02
1.381812e+00	1.343099e+00	5.427182e+02	1.201755e+03
1.565567e+00	1.189552e+00	2.022947e+02	3.200998e+02
1.396728e+00	1.328766e+00	2.213449e+02	4.691576e+02
1.438105e+00	1.290965e+00	4.532870e+02	4.107953e+02
1.571271e+00	1.185587e+00	1.191178e+02	4.131373e+02
1.527068e+00	1.218073e+00	7.504097e+02	8.003969e+02
1.581340e+00	1.178598e+00	2.883068e+01	1.031966e+03
1.505289e+00	1.235040e+00	2.359796e+01	2.158332e+03
1.444000e+00	1.285854e+00	8.446641e+02	2.586644e+02
1.482933e+00	1.252942e+00	4.630827e+01	1.491396e+03
1.453290e+00	1.277636e+00	2.733815e+02	1.819602e+02
1.474935e+00	1.259501e+00	5.687903e+02	1.796480e+01
1.433692e+00	1.294992e+00	6.349548e+02	3.004451e+02
1.414323e+00	1.312107e+00	4.238246e+00	1.027438e+03
1.447790e+00	1.282470e+00	1.815224e+02	9.726777e+02
1.673411e+00	1.117771e+00	2.245608e+01	8.229594e+02
1.440024e+00	1.289462e+00	1.223186e+02	1.656215e+03
1.445588e+00	1.284094e+00	8.499195e+00	2.839689e+02
1.584960e+00	1.175785e+00	3.568703e+02	1.821401e+02
1.553401e+00	1.198419e+00	2.675183e+02	3.754906e+02
1.384395e+00	1.340234e+00	1.825832e+02	1.085156e+02
1.458350e+00	1.273549e+00	4.244137e+02	8.819556e+02
1.466089e+00	1.266658e+00	2.857511e+02	5.966423e+00
1.416658e+00	1.310489e+00	1.223259e+03	1.652975e+02
1.504170e+00	1.235856e+00	1.731885e+02	8.603474e+02
1.413918e+00	1.312778e+00	1.944707e+02	7.672829e+02
1.490301e+00	1.246912e+00	5.217015e+02	6.928369e+02
1.529565e+00	1.216335e+00	1.019395e+03	3.455623e+02
1.396385e+00	1.329361e+00	1.317231e+03	1.555239e+03
1.551751e+00	1.199694e+00	1.810449e+02	1.192390e+03
1.494337e+00	1.243851e+00	3.709227e+02	7.074107e+02
1.529291e+00	1.216650e+00	7.768977e+02	1.291609e+03
1.507972e+00	1.233008e+00	1.071642e+02	6.762429e+02
1.469210e+00	1.264058e+00	1.134600e+01	3.954814e+02
1.567008e+00	1.188708e+00	4.242818e+02	7.631233e+02
1.450794e+00	1.279870e+00	5.834597e+01	5.951096e+02
1.553532e+00	1.198239e+00	5.927874e+01	9.133099e+02
1.395180e+00	1.329845e+00	1.938080e+02	3.016965e+02
1.484256e+00	1.251796e+00	4.236479e+02	7.062966e+00
1.470550e+00	1.262948e+00	2.021172e+02	1.949865e+02
1.643694e+00	1.136456e+00	1.554228e+01	6.304771e+02
1.572850e+00	1.184613e+00	3.431415e+02	3.952597e+02
1.594398e+00	1.169461e+00	6.336328e+02	5.155195e+01
1.621032e+00	1.151433e+00	1.982535e+02	5.736955e+02
1.434314e+00	1.294248e+00	5.503569e+02	7.883388e+01
1.369200e+00	1.355060e+00	7.676462e+02	1.883021e+02
1.439414e+00	1.290004e+00	4.069114e+02	1.173144e+03
1.542649e+00	1.206512e+00	2.041087e+01	2.719748e+03
1.417853e+00	1.309051e+00	5.247764e+02	4.211874e+01
1.378028e+00	1.346581e+00	6.932177e+02	6.018753e+02
1.621819e+00	1.150710e+00	5.069681e+01	4.034588e+02
1.558068e+00	1.195192e+00	2.502012e+02	8.730501e+02
1.413523e+00	1.313079e+00	8.822164e+01	4.244778e+02
1.433623e+00	1.295034e+00	1.175402e+02	1.244385e+03
1.395419e+00	1.329613e+00	5.056280e+02	6.266041e+02
1.456610e+00	1.274938e+00	4.117181e+02	5.278217e+02
1.522319e+00	1.221580e+00	2.528285e+02	2.565229e+02
1.395512e+00	1.329718e+00	2.123105e+02	3.934510e+02
1.671376e+00	1.118912e+00	1.119924e+01	3.971011e+02
1.370198e+00	1.354227e+00	1.541192e+03	6.602624e+01
1.500914e+00	1.238527e+00	2.652814e+02	1.850705e+02
1.405966e+00	1.319898e+00	1.629104e+02	7.968848e+02
1.661450e+00	1.125444e+00	8.312513e+02	4.250356e+02
1.649637e+00	1.132605e+00	2.428142e+02	1.165580e+03
1.624562e+00	1.149034e+00	5.403866e+02	1.507532e+02
1.491355e+00	1.246049e+00	4.357200e+02	4.911305e+02
1.460265e+00	1.271669e+00	9.063794e+01	2.741284e+02
1.454236e+00	1.276982e+00	3.522880e+02	3.251179e+02
1.404085e+00	1.321577e+00	8.484456e+02	2.445044e+02
1.398924e+00	1.326689e+00	2.755242e-01	2.732325e+03
1.522287e+00	1.221829e+00	2.423825e+02	9.757297e+02
1.468340e+00	1.264971e+00	1.834162e+02	4.386810e+02
1.535384e+00	1.211849e+00	6.662808e+01	5.249044e+02
1.566720e+00	1.188796e+00	1.895554e+01	7.264312e+02
1.515295e+00	1.227020e+00	1.023315e+02	2.464569e+02
1.503775e+00	1.236219e+00	1.199862e+02	6.298553e+02
1.422583e+00	1.304632e+00	2.495217e+02	1.264307e+02
1.365246e+00	1.359099e+00	4.347426e+02	2.389174e+02
1.407706e+00	1.318399e+00	2.469236e+02	1.127063e+03
1.403908e+00	1.322006e+00	1.392617e+02	5.672818e+02
1.657695e+00	1.127505e+00	9.408400e+01	1.153735e+02
1.485571e+00	1.250793e+00	2.859599e+02	2.162427e+02
1.484650e+00	1.251503e+00	6.652246e+02	1.066611e+02
1.376857e+00	1.347583e+00	3.418593e+02	7.729423e+02
1.447851e+00	1.282845e+00	8.519758e+02	1.063647e+03
1.385087e+00	1.339718e+00	3.816337e+02	9.014831e+01
1.589681e+00	1.172577e+00	1.407815e+02	2.271260e+02
1.522583e+00	1.221706e+00	6.360781e+02	3.890042e+02
1.377369e+00	1.346958e+00	6.773646e+02	1.068277e+02
1.413583e+00	1.312997e+00	6.849201e+01	9.358608e+02
1.459781e+00	1.272242e+00	1.416557e+03	8.898013e+01
1.362129e+00	1.362022e+00	1.600361e+02	8.779533e+02
1.383611e+00	1.340824e+00	2.438767e+01	2.259817e+02
1.432075e+00	1.296307e+00	4.416069e+02	1.378762e+02
1.500528e+00	1.238710e+00	6.136969e+02	6.166696e+01
1.552036e+00	1.199315e+00	1.149684e+02	1.590812e+02
1.507347e+00	1.233360e+00	2.529292e+02	2.295706e+02
1.572238e+00	1.184872e+00	5.290579e+01	1.534828e+03
1.448984e+00	1.281408e+00	2.798264e+02	7.255786e+02
1.368166e+00	1.356183e+00	4.734507e+02	1.954646e+02
1.547945e+00	1.202337e+00	8.304776e+00	6.675802e+02
1.411996e+00	1.314317e+00	6.692403e+01	6.793196e+02
1.513803e+00	1.228235e+00	1.611236e+02	2.170368e+02
1.499425e+00	1.239697e+00	6.096108e+02	5.197931e+02
1.399562e+00	1.325858e+00	9.008947e+02	2.056784e+02
1.474916e+00	1.259705e+00	9.962777e+01	2.041651e+03
1.515239e+00	1.227245e+00	3.060890e+02	5.927409e+02
1.512677e+00	1.229111e+00	4.846552e+02	4.204258e+02
1.530406e+00	1.215739e+00	6.782323e+02	3.930491e+02
1.544755e+00	1.204978e+00	4.863908e+02	7.446687e+02
1.373943e+00	1.350584e+00	2.771155e+02	4.351364e+02
1.577285e+00	1.181315e+00	1.838039e+02	3.111892e+02
1.456162e+00	1.275355e+00	2.620313e+02	4.537744e+02
1.442651e+00	1.287146e+00	3.394193e+02	8.813193e+02
1.379334e+00	1.345121e+00	5.617015e+02	1.382896e+01
1.414089e+00	1.312317e+00	2.169994e+02	2.742622e+02
1.466668e+00	1.266736e+00	2.902585e+02	1.209789e+03
1.513995e+00	1.228096e+00	3.871775e+02	2.086219e+01
1.401807e+00	1.324099e+00	9.536586e+02	7.677200e+02
1.566476e+00	1.188955e+00	3.917164e+01	5.853309e+02
1.517791e+00	1.225074e+00	7.432737e+01	3.672613e+02
1.465954e+00	1.266998e+00	3.452591e+02	1.319501e+02
1.388293e+00	1.336397e+00	2.883034e+02	6.645074e+02
1.486276e+00	1.250382e+00	6.406295e+02	4.851727e+02
1.524654e+00	1.219997e+00	2.620707e+02	7.511185e+02
1.592964e+00	1.170099e+00	3.335355e+01	1.282578e+02
1.453674e+00	1.277516e+00	4.697460e+02	6.758632e+02
1.564808e+00	1.190014e+00	6.995156e+00	1.083782e+03
1.369012e+00	1.355190e+00	7.044998e+02	2.843641e+02
1.515425e+00	1.227033e+00	2.205276e+02	4.237437e+01
1.432137e+00	1.296211e+00	1.631639e+03	4.696268e+02
1.475391e+00	1.258981e+00	4.634274e+01	2.329692e+02
1.436763e+00	1.291840e+00	9.149901e+01	3.868761e+02
1.394923e+00	1.330332e+00	3.494435e+02	1.114432e+03
1.554370e+00	1.197972e+00	3.336116e+02	2.336967e+03
1.371138e+00	1.352901e+00	3.738358e+01	1.417413e+02
1.376327e+00	1.347839e+00	2.938127e+02	4.643692e+01
1.429042e+00	1.298885e+00	3.642562e+02	1.132878e+03
1.374699e+00	1.349857e+00	1.822453e+02	6.694026e+02
1.462619e+00	1.269873e+00	2.078237e+02	9.530802e+02
1.474369e+00	1.259693e+00	2.130076e+02	1.832937e+02
1.425314e+00	1.302094e+00	4.603489e+01	7.620823e+02
1.515144e+00	1.227239e+00	3.343583e+01	7.645232e+02
1.496482e+00	1.241960e+00	3.412482e+01	6.629177e+02
1.607762e+00	1.160157e+00	2.603611e+02	2.184538e+02
1.420132e+00	1.306802e+00	4.789970e+02	6.224512e+02
1.689855e+00	1.107793e+00	1.211715e+02	3.175458e+02
1.380742e+00	1.343703e+00	1.192275e+02	4.578161e+02
1.483900e+00	1.252239e+00	5.725498e+02	8.228247e+02
1.469923e+00	1.263966e+00	4.593178e+02	1.321544e+03
1.367663e+00	1.356634e+00	1.059167e+03	1.519032e+02
1.423745e+00	1.303827e+00	2.753607e+02	4.323526e+02
1.428416e+00	1.299531e+00	2.380475e+02	3.847399e+02
1.390471e+00	1.334586e+00	2.028646e+02	7.175926e+02
1.495787e+00	1.242513e+00	4.184430e+02	1.204246e+03
1.396240e+00	1.329199e+00	9.120176e+02	2.880028e+02
1.445377e+00	1.284486e+00	2.493126e+02	1.592203e+02
1.573984e+00	1.183732e+00	9.936533e+01	4.756321e+02
1.378034e+00	1.346404e+00	8.874016e+02	7.797728e+02
1.378669e+00	1.345949e+00	4.798718e+02	5.374932e+02
1.527345e+00	1.217910e+00	6.472113e+02	2.933822e+02
1.515824e+00	1.227068e+00	4.315501e+01	2.563266e+03
1.502061e+00	1.237783e+00	4.083532e+02	4.084716e+02
1.396769e+00	1.328317e+00	1.844193e+02	2.666730e+02
1.483536e+00	1.252229e+00	3.555377e+02	3.689587e+01
1.441565e+00	1.287668e+00	4.496627e+02	6.625042e+01
1.508674e+00	1.232193e+00	6.592769e+02	1.572107e+01
1.475935e+00	1.258890e+00	1.220079e+02	1.720634e+03
1.457861e+00	1.273820e+00	9.732932e+02	5.090075e+02
1.594190e+00	1.169483e+00	3.956591e+02	1.622922e+02
1.553130e+00	1.198567e+00	1.563656e+02	7.773445e+01
1.543985e+00	1.205654e+00	3.105721e+02	2.389202e+03
1.473420e+00	1.260598e+00	1.516047e+02	1.260044e+03
1.369952e+00	1.354426e+00	8.097409e+02	9.094002e+02
1.518929e+00	1.224346e+00	3.864325e+01	6.055065e+02
1.503724e+00	1.236240e+00	6.302341e+02	3.643518e+02
1.369113e+00	1.355319e+00	4.276798e+02	8.049815e+02
1.478946e+00	1.256411e+00	8.039646e+01	1.379727e+03
1.601871e+00	1.164203e+00	2.789426e+02	1.626855e+02
1.579669e+00	1.179633e+00	1.143227e+02	6.528797e+02
1.495824e+00	1.242421e+00	4.693092e+02	6.955613e+02
1.377832e+00	1.346773e+00	2.201626e+03	6.361301e+02
1.409982e+00	1.316391e+00	1.160384e+02	1.760638e+03
1.422594e+00	1.305060e+00	5.475887e+01	1.834082e+03
1.402460e+00	1.323150e+00	3.780719e+02	2.704817e+02
1.603191e+00	1.163386e+00	1.087253e+01	1.359774e+03
1.563913e+00	1.190808e+00	2.284008e+02	3.908951e+02
1.523612e+00	1.220715e+00	2.263725e+02	3.190486e+02
1.392259e+00	1.332991e+00	1.362952e+03	1.954282e+02
1.442813e+00	1.286553e+00	1.257242e+02	1.971930e+02
1.563498e+00	1.191238e+00	1.334122e+02	1.531226e+03
1.381254e+00	1.343364e+00	5.280510e+02	7.325181e+02
1.421186e+00	1.306027e+00	1.035602e+02	1.339501e+03
1.583574e+00	1.176953e+00	6.210789e+02	2.266588e+02
1.395134e+00	1.329809e+00	1.510034e+02	1.212129e+02
1.415117e+00	1.311806e+00	2.813060e+02	9.882114e+02
1.486442e+00	1.249884e+00	1.726195e+02	1.459391e+02
1.401712e+00	1.323808e+00	6.342592e+01	4.143623e+02
1.415597e+00	1.311137e+00	4.290206e+02	1.186405e+03
1.519179e+00	1.224207e+00	1.583737e+02	5.364300e+02
1.463412e+00	1.268993e+00	2.490552e+02	1.509436e+03
1.498909e+00	1.239978e+00	3.823982e+02	8.162827e+02
1.458722e+00	1.273112e+00	3.619611e+02	2.993589e+02
1.454168e+00	1.277157e+00	4.052205e+02	1.656906e+03
1.469159e+00	1.264253e+00	8.548689e+02	3.186578e+02
1.527040e+00	1.218048e+00	1.132084e+02	9.555711e+01
1.578042e+00	1.180690e+00	1.823872e+02	5.487073e+02
1.529026e+00	1.216494e+00	5.576502e+01	3.214606e+02
1.481508e+00	1.254214e+00	3.075557e+02	1.030644e+03
1.449997e+00	1.280548e+00	2.034587e+02	9.702276e+02
1.557536e+00	1.195505e+00	2.398246e+02	1.474173e+02
1.552004e+00	1.199650e+00	7.615621e+01	7.036951e+02
1.443807e+00	1.286053e+00	5.456847e+01	6.661556e+02
1.412310e+00	1.313966e+00	3.261668e+02	2.287972e+02
1.387689e+00	1.337071e+00	1.670813e+02	2.536367e+02
1.560161e+00	1.193305e+00	7.590155e+01	2.085565e+02
1.558180e+00	1.194927e+00	8.853830e+01	7.638584e+02
1.431225e+00	1.296815e+00	2.193957e+00	3.229898e+02
1.452293e+00	1.278691e+00	1.253950e+01	1.037068e+03
1.512512e+00	1.229542e+00	2.968280e+02	3.705397e+02
1.463133e+00	1.269451e+00	1.864112e+02	1.164772e+03
1.419910e+00	1.307173e+00	2.915593e+02	8.701095e+02
1.403999e+00	1.321903e+00	3.381308e+01	1.195343e+03
1.578340e+00	1.180576e+00	5.530408e+02	3.676741e+02
1.444416e+00	1.285562e+00	5.047944e+02	1.230313e+03
1.663816e+00	1.123730e+00	1.306429e+02	7.156524e+02
1.559613e+00	1.193857e+00	1.206757e+02	3.277492e+02
1.543949e+00	1.205276e+00	1.273925e+02	4.146931e+02
1.562363e+00	1.192056e+00	1.860669e+02	1.256063e+03
1.363302e+00	1.361014e+00	3.201361e+02	6.148585e+02
1.484545e+00	1.251641e+00	8.040699e+02	2.957909e+02
1.517796e+00	1.225407e+00	1.912475e+02	5.793504e+02
1.525063e+00	1.219402e+00	1.355566e+02	9.886360e+01
1.411384e+00	1.315081e+00	1.186923e+03	1.387402e+01
1.468769e+00	1.264399e+00	1.082305e+02	2.679384e+02
1.531737e+00	1.214544e+00	2.889092e+02	1.737554e+02
1.480258e+00	1.255042e+00	6.405877e+01	4.253988e+02
1.563519e+00	1.191048e+00	1.059143e+02	1.774204e+03
1.379288e+00	1.345187e+00	5.015978e+02	2.126608e+02
1.429958e+00	1.297913e+00	1.318599e+02	3.008631e+02
1.551892e+00	1.199673e+00	6.592116e+02	1.568666e+02
1.534928e+00	1.212158e+00	4.609571e+01	7.834464e+02
1.608141e+00	1.160039e+00	8.137756e+02	5.914463e+02
1.400743e+00	1.324968e+00	1.602122e+02	1.186617e+03
1.504321e+00	1.235743e+00	7.069295e+02	1.023638e+02
1.648635e+00	1.133375e+00	1.874493e+02	1.389792e+03
1.468050e+00	1.265389e+00	5.059158e+02	1.732714e+02
1.475305e+00	1.259426e+00	3.723501e+02	1.384798e+03
1.371584e+00	1.352735e+00	1.252787e+02	1.225612e+03
1.414213e+00	1.312223e+00	4.357882e+02	2.231631e+02
1.380982e+00	1.343491e+00	1.937293e+02	6.955020e+02
1.424835e+00	1.302777e+00	9.511007e+02	2.707539e+02
1.414039e+00	1.312307e+00	1.140341e+03	1.874536e+02
1.656322e+00	1.128475e+00	3.908421e+01	3.910247e+02
1.418359e+00	1.308647e+00	3.105972e+02	1.235296e+03
1.650178e+00	1.132703e+00	8.898273e+02	1.828841e+03
1.367408e+00	1.356710e+00	1.358351e+02	2.718322e+02
1.503471e+00	1.236484e+00	1.311608e+02	1.451837e+03
1.394372e+00	1.330812e+00	9.267737e+02	1.712044e+02
1.608427e+00	1.160085e+00	2.387411e+02	1.490590e+03
1.390414e+00	1.334658e+00	1.162488e+02	6.229671e+02
1.570548e+00	1.186232e+00	3.347169e+02	1.372503e+03
1.381727e+00	1.342866e+00	1.129711e+02	2.334309e+02
1.366846e+00	1.357608e+00	6.433260e+02	5.386958e+02
1.480608e+00	1.254891e+00	6.254466e+02	5.788679e+02
1.503648e+00	1.236283e+00	2.747087e+02	2.985349e+02
1.517746e+00	1.225150e+00	8.087074e+01	9.994968e+02
1.424301e+00	1.302983e+00	5.844821e+01	8.206515e+02
1.515689e+00	1.226888e+00	1.159706e+02	3.983233e+02
1.502461e+00	1.237119e+00	2.653759e+02	1.038486e+03
1.569182e+00	1.186978e+00	1.413507e+02	3.727015e+00
1.396181e+00	1.329046e+00	6.437647e+02	1.322804e+02
1.508762e+00	1.232241e+00	3.786767e+02	1.335393e+03
1.491024e+00	1.246478e+00	4.308243e+02	5.096811e+02
1.399539e+00	1.326127e+00	9.219248e+02	2.917360e+02
1.493540e+00	1.244421e+00	1.015737e+03	4.256573e+02
1.453571e+00	1.277462e+00	5.257211e+02	1.075665e+03
1.390060e+00	1.334899e+00	2.997996e+02	5.876864e+02
1.369216e+00	1.355168e+00	2.442770e+02	8.930819e+02
1.611626e+00	1.157726e+00	3.430009e+02	7.967871e+01
1.607870e+00	1.160215e+00	1.342852e+02	3.381607e+02
1.467990e+00	1.265594e+00	2.012778e+03	2.273465e+02
1.540869e+00	1.207659e+00	6.314584e+02	1.893458e+02
1.506774e+00	1.233953e+00	8.152245e+02	1.374389e+02
1.404245e+00	1.321450e+00	7.331174e+01	5.623936e+02
1.621381e+00	1.151272e+00	7.500877e+02	6.068386e+02
1.570511e+00	1.186007e+00	1.454336e+02	9.352364e+01
1.430600e+00	1.297715e+00	3.444979e+02	4.801201e+02
1.522533e+00	1.221483e+00	1.970953e+02	7.799639e+01
1.369078e+00	1.355276e+00	3.686244e+02	4.788382e+02
1.397138e+00	1.327964e+00	5.817235e+02	1.642909e+02
1.400213e+00	1.325431e+00	3.337256e+02	2.770330e+02
1.380804e+00	1.343724e+00	8.480101e+01	1.214837e+03
1.473779e+00	1.260520e+00	4.542688e+02	5.282730e+01
1.497751e+00	1.241000e+00	2.149820e+02	3.873855e+02
1.548384e+00	1.202136e+00	6.730862e+02	1.957187e+02
1.504890e+00	1.235484e+00	3.002910e+02	2.644770e+02
1.429257e+00	1.298516e+00	1.893478e+02	6.903528e+01
1.561494e+00	1.192698e+00	2.342818e+02	1.886009e+02
1.475541e+00	1.258819e+00	1.728868e+02	3.784448e+02
1.378483e+00	1.346037e+00	7.072275e+02	2.413019e+02
1.493603e+00	1.244156e+00	8.117641e+01	2.768138e+02
1.658595e+00	1.127042e+00	3.208939e+02	1.000124e+03
1.414148e+00	1.312692e+00	2.693987e+02	1.187915e+03
1.450825e+00	1.279904e+00	2.408139e+02	1.160060e+03
1.459293e+00	1.272620e+00	9.227328e+01	1.134322e+03
1.386787e+00	1.338272e+00	3.763211e+02	1.066667e+03
1.482245e+00	1.253797e+00	1.418843e+03	1.164473e+03
1.420698e+00	1.306322e+00	3.701390e+02	2.112012e+02
1.364285e+00	1.359916e+00	3.299595e+02	4.239491e+02
1.425366e+00	1.302519e+00	1.254350e+03	4.370829e+02
1.426123e+00	1.301391e+00	2.885010e+02	2.489456e+02
1.396243e+00	1.329324e+00	3.923703e+02	9.124993e+02
1.575054e+00	1.182797e+00	2.562192e+01	9.037851e+02
1.509698e+00	1.231846e+00	3.233595e+02	1.703530e+03
1.366158e+00	1.358475e+00	4.993569e+02	9.255182e+02
1.399996e+00	1.325560e+00	5.657321e+01	1.025417e+03
1.371400e+00	1.353066e+00	5.443605e+02	1.225218e+03
1.398637e+00	1.326863e+00	5.192640e+02	1.336588e+02
1.442697e+00	1.286810e+00	9.150515e+02	1.390261e+02
1.380397e+00	1.344191e+00	3.182447e+02	5.746168e+02
1.421426e+00	1.305756e+00	3.625009e+02	1.020142e+02
1.371936e+00	1.352316e+00	3.219918e+02	1.263287e+02
1.546437e+00	1.203589e+00	8.340144e+00	5.978046e+02
1.495851e+00	1.242288e+00	3.296426e+01	3.706405e+02
1.585214e+00	1.175652e+00	4.387270e+02	1.060537e+02
1.568766e+00	1.187396e+00	1.766707e+02	6.515312e+02
1.584568e+00	1.176044e+00	1.896888e+01	2.644218e+02
1.400150e+00	1.325384e+00	3.473491e+02	1.899724e+02
1.573540e+00	1.183882e+00	9.001293e+01	3.070304e+02
1.411527e+00	1.314802e+00	4.052144e+02	3.306201e+02
1.472831e+00	1.261232e+00	4.286527e+02	7.481562e+02
1.472451e+00	1.261455e+00	2.403146e+02	1.475853e+02
1.502058e+00	1.237451e+00	2.015894e+02	1.246918e+03
1.397247e+00	1.327889e+00	2.257767e+02	1.056295e+02
1.384073e+00	1.340330e+00	2.499825e+02	3.570803e+01
1.430182e+00	1.297842e+00	3.901421e+02	4.796583e+02
1.403891e+00	1.321739e+00	7.577956e+00	2.679526e+02
1.408592e+00	1.317473e+00	4.310399e+02	2.177367e+02
1.583303e+00	1.177081e+00	1.741405e+02	9.680185e+02
1.435115e+00	1.293406e+00	9.026015e+02	1.237625e+03
1.642286e+00	1.137341e+00	1.554763e+02	3.123404e+02
1.411930e+00	1.314346e+00	4.352795e+02	8.113146e+01
1.500045e+00	1.239086e+00	1.604129e+02	7.990894e+01
1.369559e+00	1.354700e+00	6.526761e+02	3.446788e+02
1.457690e+00	1.274053e+00	9.496642e+02	5.842140e+02
1.393667e+00	1.331480e+00	1.963674e+02	4.535786e+02
1.420951e+00	1.306117e+00	1.120570e+02	4.550919e+02
1.581913e+00	1.178055e+00	1.008962e+02	1.481217e+03
1.363436e+00	1.361084e+00	2.968369e+01	1.338318e+03
1.374723e+00	1.349728e+00	9.277999e+02	6.573384e+02
1.379197e+00	1.345158e+00	2.563465e+02	1.901558e+02
1.462353e+00	1.269997e+00	1.295380e+01	5.298939e+02
1.477317e+00	1.257313e+00	3.245432e+01	1.110580e+02
1.535465e+00	1.212080e+00	3.320123e+02	2.110550e+03
1.416597e+00	1.309972e+00	2.320741e+02	1.121750e+02
1.411769e+00	1.314715e+00	1.133579e+02	1.261862e+03
1.581179e+00	1.178391e+00	8.088259e+01	3.726441e+01
1.527466e+00	1.217758e+00	1.853085e+02	1.859547e+02
1.419656e+00	1.307218e+00	2.791364e+02	3.252190e+02
1.424548e+00	1.303094e+00	2.084782e+02	5.936797e+02
1.602972e+00	1.163466e+00	1.254957e+02	5.346096e+02
1.467421e+00	1.265891e+00	6.186212e+02	4.194760e+02
1.369932e+00	1.354692e+00	4.938443e+02	1.355605e+03
1.608086e+00	1.159805e+00	6.323536e+01	2.878906e+02
1.444854e+00	1.284838e+00	2.037630e+02	9.179998e+02
1.580753e+00	1.178773e+00	2.606830e+02	5.362717e+01
1.406926e+00	1.318852e+00	2.028475e+02	1.211542e+01
1.414265e+00	1.312341e+00	4.972147e+01	4.219143e+02
1.424229e+00	1.303050e+00	1.145047e+02	7.377022e+02
1.383441e+00	1.341244e+00	6.439089e+02	3.433350e+02
1.375910e+00	1.348576e+00	3.938374e+02	6.672226e+02
1.382996e+00	1.341544e+00	5.394094e+01	3.434516e+02
1.676033e+00	1.116600e+00	6.240563e+02	1.533879e+02
1.483474e+00	1.252602e+00	7.314792e+02	8.170740e+02
1.480467e+00	1.255028e+00	2.318085e+02	4.799485e+02
1.461278e+00	1.270995e+00	2.747994e+00	5.757873e+02
1.498243e+00	1.240422e+00	2.047861e+02	9.746628e+01
1.366125e+00	1.358055e+00	2.364353e+02	1.707419e+02
1.554079e+00	1.197924e+00	7.744874e+01	1.430637e+03
1.385810e+00	1.339296e+00	1.744044e+03	1.084218e+03
1.404950e+00	1.320969e+00	7.066024e+02	7.439769e+00
1.401423e+00	1.324133e+00	3.245384e+02	4.014339e+02
1.411645e+00	1.314837e+00	1.179280e+03	1.416158e+02
1.472867e+00	1.261414e+00	2.420889e+02	6.204289e+02
1.536359e+00	1.210952e+00	9.151174e+01	4.455279e+02
1.564783e+00	1.190379e+00	1.026132e+03	1.113602e+02
1.510332e+00	1.231212e+00	6.135549e+02	4.722411e+02
1.497160e+00	1.241399e+00	3.499530e+02	5.952943e+02
1.453963e+00	1.277035e+00	6.030965e+02	5.481166e+02
1.433449e+00	1.295285e+00	1.009286e+03	1.030484e+03
1.544353e+00	1.205055e+00	2.353127e+02	4.471698e+01
1.568602e+00	1.187358e+00	1.079574e+02	2.861705e+02
1.426981e+00	1.300769e+00	9.111279e+02	3.247519e+02
1.440498e+00	1.288758e+00	1.413514e+02	2.292592e+02
1.370711e+00	1.353737e+00	2.603965e+02	8.963078e+02
1.469537e+00	1.264160e+00	1.086262e+03	7.106901e+02
1.609590e+00	1.159018e+00	1.899132e+01	8.438489e+02
1.535546e+00	1.211800e+00	1.523430e+02	5.207501e+02
1.461679e+00	1.270628e+00	1.276218e+03	3.601618e+02
1.700205e+00	1.101750e+00	7.295170e+02	3.725377e+02
1.426325e+00	1.301614e+00	1.415371e+03	1.446602e+02
1.489414e+00	1.247773e+00	2.198352e+02	1.682142e+03
1.376283e+00	1.348150e+00	8.346888e+02	8.610152e+02
1.553969e+00	1.198159e+00	2.927321e+02	2.545200e+02
1.368504e+00	1.355887e+00	1.974303e+03	4.197885e+02
1.507265e+00	1.233456e+00	8.531408e+02	8.331081e+02
1.446331e+00	1.283688e+00	7.065872e+01	1.220596e+03
1.441097e+00	1.288365e+00	7.007155e+02	4.826249e+02
1.498473e+00	1.240384e+00	5.501296e+02	1.031132e+03
1.384161e+00	1.340370e+00	6.728586e+02	2.070240e+02
1.371278e+00	1.353004e+00	5.965524e+02	2.758449e+02
1.423965e+00	1.303401e+00	3.640632e+02	7.567433e+02
1.389651e+00	1.335268e+00	4.137232e+02	1.742709e+02
1.535836e+00	1.211386e+00	2.683698e+02	1.115337e+02
1.554524e+00	1.197724e+00	2.538715e+02	2.233115e+02
1.527750e+00	1.217568e+00	9.691468e+01	3.234876e+02
1.486339e+00	1.250304e+00	3.836082e+02	1.428295e+03
1.395783e+00	1.329617e+00	5.241101e+02	3.397197e+02
1.551498e+00	1.199976e+00	2.169537e+02	2.416351e+02
1.533460e+00	1.213342e+00	5.453311e+02	4.576412e+02
1.515071e+00	1.227167e+00	7.726622e+01	2.291859e+02
1.469231e+00	1.264223e+00	1.957733e+02	3.531731e+02
1.524378e+00	1.219856e+00	9.235975e+01	8.038891e+01
1.586725e+00	1.174939e+00	2.896070e+02	1.983131e+03
1.395209e+00	1.329948e+00	2.172618e+02	7.708628e+02
1.491182e+00	1.246375e+00	4.198567e+02	5.249260e+02
1.428479e+00	1.299221e+00	8.583412e+01	1.456400e+02
1.543533e+00	1.205768e+00	1.394582e+02	2.112395e+03
1.377060e+00	1.347513e+00	1.680676e+02	1.994188e+03
1.431767e+00	1.296580e+00	4.380176e+02	5.003320e+02
1.497206e+00	1.241281e+00	2.244411e+02	5.851342e+02
1.364327e+00	1.359986e+00	4.912848e+02	5.429560e+02
1.382554e+00	1.342543e+00	8.847923e+02	1.347247e+03
1.517420e+00	1.225538e+00	2.486467e+02	1.776732e+02
1.406779e+00	1.319010e+00	3.222710e+02	4.779498e+01
1.407926e+00	1.318157e+00	1.364247e+02	4.076488e+02
1.471585e+00	1.262088e+00	4.759930e+01	1.971508e+02
1.587290e+00	1.174428e+00	6.002656e+02	1.940690e+01
1.409618e+00	1.316760e+00	1.243039e+03	3.665440e+02
1.501402e+00	1.238093e+00	7.418852e+01	7.164646e+02
1.502876e+00	1.237114e+00	4.018001e+02	1.462384e+03
1.452948e+00	1.278034e+00	2.347566e+02	9.729459e+02
1.482372e+00	1.253402e+00	2.603946e+02	1.918045e+02
1.370183e+00	1.354019e+00	7.289058e+01	9.521278e+02
1.427068e+00	1.300902e+00	1.291055e+02	1.764501e+03
1.468948e+00	1.264529e+00	2.969275e+02	5.414475e+01
1.418468e+00	1.308476e+00	6.085468e+02	5.623353e+01
1.468716e+00	1.264838e+00	2.377129e+02	1.041982e+03
1.420586e+00	1.306770e+00	8.686708e+02	1.967700e+02
1.382664e+00	1.342160e+00	1.037745e+03	5.962360e+02
1.487906e+00	1.248945e+00	3.394356e+01	4.813032e+02
1.513848e+00	1.228145e+00	1.257359e+02	1.706226e+02
1.528135e+00	1.217615e+00	2.468957e+02	1.331911e+03
1.446336e+00	1.283732e+00	5.094664e+02	3.273823e+02
1.490807e+00	1.246321e+00	4.517429e+02	5.379499e+01
1.373853e+00	1.350861e+00	5.179872e+02	7.783479e+02
1.541248e+00	1.207402e+00	2.503143e+02	1.137198e+02
1.602082e+00	1.164305e+00	5.033572e+01	1.633796e+03
1.379507e+00	1.344922e+00	1.708555e+02	5.073705e+02
1.507649e+00	1.232956e+00	6.233750e+01	3.578367e+02
1.503607e+00	1.236643e+00	7.333636e+02	1.104487e+03
1.504259e+00	1.235734e+00	2.861873e+01	6.345134e+02
1.591429e+00	1.171204e+00	6.207074e-02	9.043642e+02
1.448479e+00	1.281674e+00	1.888850e+02	6.318434e+01
1.594733e+00	1.169015e+00	3.204761e+01	3.330783e+02
1.552565e+00	1.198871e+00	2.217239e+02	1.011740e+02
1.450580e+00	1.280151e+00	2.641028e+02	9.459000e+02
1.558242e+00	1.194625e+00	4.584452e+01	7.464610e+01
1.616999e+00	1.153985e+00	2.040777e+02	3.592005e+02
1.417638e+00	1.309164e+00	5.309742e+02	6.488017e+00
1.463733e+00	1.268800e+00	2.835475e+02	1.778687e+02
1.417954e+00	1.308819e+00	5.309673e+02	2.176519e+01
1.491025e+00	1.246435e+00	3.190900e+02	3.183936e+02
1.530381e+00	1.215762e+00	1.349609e+02	1.795712e+03
1.435784e+00	1.292914e+00	9.018352e+02	1.311693e+02
1.482508e+00	1.253321e+00	9.069490e+01	1.158752e+03
1.426011e+00	1.301576e+00	1.816727e+02	3.270239e+02
1.363185e+00	1.361326e+00	3.486498e+02	1.120715e+03
1.379179e+00	1.345589e+00	2.275549e+02	6.185925e+02
1.420191e+00	1.306924e+00	5.811206e+02	3.408388e+02
1.412495e+00	1.313937e+00	5.577013e+01	1.349435e+03
1.453190e+00	1.277959e+00	2.836222e+02	8.585824e+02
1.620814e+00	1.151394e+00	1.701155e+02	5.923228e+01
1.384384e+00	1.340405e+00	5.216678e+02	6.826323e+02
1.364944e+00	1.359323e+00	1.094347e+03	9.865016e+01
1.498727e+00	1.240103e+00	7.175420e+01	2.102232e+02
1.550217e+00	1.201052e+00	9.864852e+02	2.417049e+02
1.425968e+00	1.301707e+00	3.338488e+02	5.915298e+02
1.407969e+00	1.318221e+00	5.943640e+02	2.869608e+02
1.522352e+00	1.221799e+00	1.626683e+02	3.935954e+02
1.377017e+00	1.347429e+00	2.300197e+02	2.456209e+02
1.617539e+00	1.153627e+00	2.346066e+02	2.858719e+02
1.554738e+00	1.197270e+00	1.574226e+02	1.960995e+02
1.410544e+00	1.315911e+00	4.382268e+02	4.010144e+02
1.492559e+00	1.245048e+00	1.860296e+02	4.811040e+01
1.544177e+00	1.205421e+00	4.960336e+02	4.530120e+02
1.541468e+00	1.207286e+00	4.127286e+02	1.500002e+01
1.453423e+00	1.277616e+00	9.646870e+00	9.171532e+02
1.492170e+00	1.245351e+00	9.965935e+01	4.899257e+02
1.396732e+00	1.328643e+00	1.787839e+02	1.598891e+03
1.658462e+00	1.127500e+00	2.722511e+02	4.199539e+02
1.660802e+00	1.125940e+00	2.838822e+02	1.786140e+02
1.419837e+00	1.307276e+00	8.522277e+02	9.234626e+02
1.374154e+00	1.350292e+00	3.100154e+02	3.096411e+02
1.464265e+00	1.268480e+00	1.611658e+02	2.754371e+02
1.459102e+00	1.272704e+00	1.382554e+02	3.511004e+02
1.457760e+00	1.273839e+00	7.719666e+02	1.720393e+02
1.410266e+00	1.316043e+00	5.835864e+02	9.045423e+02
1.575182e+00	1.182547e+00	1.615674e+02	8.355931e+02
1.512255e+00	1.229355e+00	8.018112e+01	2.367466e+02
1.439955e+00	1.289383e+00	3.923067e+02	5.001012e+02
1.373052e+00	1.351281e+00	4.795988e+02	3.675971e+02
1.522148e+00	1.222074e+00	7.319789e+02	1.012497e+02
1.501609e+00	1.237796e+00	2.977189e+02	1.346385e+02
1.458338e+00	1.273358e+00	6.872311e+02	7.240357e+02
1.397898e+00	1.327505e+00	3.887161e+02	2.242055e+02
1.391145e+00	1.333878e+00	5.227334e+02	1.019748e+03
1.457862e+00	1.274062e+00	5.406422e+02	1.261884e+03
1.631602e+00	1.144424e+00	5.845549e+02	2.941084e+02
1.586696e+00	1.174788e+00	1.044107e+02	2.246036e+03
1.461655e+00	1.270544e+00	2.006323e+02	1.208140e+02
1.519405e+00	1.224016e+00	1.717911e+02	7.245207e+02
1.401693e+00	1.323639e+00	2.438763e+01	2.368121e+02
1.423384e+00	1.304090e+00	1.117382e+03	9.928649e+01
1.641886e+00	1.137996e+00	4.785702e+02	3.750348e+02
1.415159e+00	1.311636e+00	3.950344e+02	7.082221e+02
1.439961e+00	1.289167e+00	3.268396e+02	1.038009e+02
1.409938e+00	1.316389e+00	2.402565e+02	3.844919e+02
1.619054e+00	1.152811e+00	3.226654e+02	2.248362e+02
1.498298e+00	1.240435e+00	2.981981e+01	6.419430e+02
1.381555e+00	1.342995e+00	5.090006e+02	5.158317e+02
1.456773e+00	1.274810e+00	1.763315e+02	1.955183e+02
1.391291e+00	1.333674e+00	5.516690e+00	6.042771e+02
1.481401e+00	1.254186e+00	2.052702e+01	1.181573e+02
1.480434e+00	1.255024e+00	1.622185e+02	4.702929e+02
1.432343e+00	1.295702e+00	2.638854e+02	1.863729e+02
1.510431e+00	1.230866e+00	4.402466e+01	4.679601e+02
1.376352e+00	1.348029e+00	8.380592e+02	3.555476e+02
1.366344e+00	1.357944e+00	3.781085e+02	1.051816e+02
1.446866e+00	1.283327e+00	3.273831e+02	1.041165e+03
1.596099e+00	1.168206e+00	4.286470e+02	3.180493e+01
1.433666e+00	1.294962e+00	9.922818e+02	2.309971e+02
1.464945e+00	1.267692e+00	5.450788e+01	7.157167e+02
1.468525e+00	1.264936e+00	1.022690e+03	2.165916e+02
1.469491e+00	1.264050e+00	2.965271e+02	1.569195e+03
1.669289e+00	1.120485e+00	2.207086e+02	1.798270e+02
1.555554e+00	1.196738e+00	7.069400e+02	5.897479e+01
1.374879e+00	1.349533e+00	3.439993e+02	7.982915e+02
1.400463e+00	1.325163e+00	4.017080e+02	1.521372e+02
1.442827e+00	1.286894e+00	5.803559e+02	7.273069e+02
1.372348e+00	1.351972e+00	5.327215e+02	2.200760e+02
1.439476e+00	1.289602e+00	1.550104e+02	1.646536e+02
1.569271e+00	1.187108e+00	8.446330e+02	1.634840e+02
1.510551e+00	1.230653e+00	4.705946e+01	4.707994e+02
1.487530e+00	1.249269e+00	1.591496e+02	2.554887e+02
1.415157e+00	1.311650e+00	1.489499e+03	2.807716e+00
1.429691e+00	1.298397e+00	5.076588e+01	7.126493e+02
1.366911e+00	1.357821e+00	9.503216e+02	8.861703e+02
1.524514e+00	1.219974e+00	1.062992e+01	6.603962e+02
1.511676e+00	1.230009e+00	3.016894e+02	6.107791e+01
1.482220e+00	1.253836e+00	2.188341e+02	1.179602e+03
1.588409e+00	1.173533e+00	6.859355e+02	3.181330e+01
1.657419e+00	1.127667e+00	1.355742e+02	8.956897e+01
1.561022e+00	1.192692e+00	2.031809e+02	1.453610e+02
1.434311e+00	1.294314e+00	3.928400e+02	2.364226e+02
1.541004e+00	1.207648e+00	1.346871e+02	2.985754e+02
1.467367e+00	1.265872e+00	7.155482e+02	8.407142e+02
1.382108e+00	1.342462e+00	4.154277e+02	9.748688e+00
1.491216e+00	1.246276e+00	4.393506e+02	3.339707e+01
1.430227e+00	1.297986e+00	1.561193e+02	1.422207e+03
1.513135e+00	1.229103e+00	1.126894e+02	3.398715e+02
1.435473e+00	1.293308e+00	4.873432e+02	4.127424e+01
1.379379e+00	1.345089e+00	1.032707e+02	2.178592e+02
1.452097e+00	1.279005e+00	1.741707e+02	1.048393e+03
1.641243e+00	1.138195e+00	3.048472e+02	7.812232e+02
1.478920e+00	1.256160e+00	3.343463e+01	1.781083e+03
1.413514e+00	1.313062e+00	4.060156e+02	9.092335e+02
1.606126e+00	1.161244e+00	1.637171e+02	2.876827e+02
1.635421e+00	1.141860e+00	8.348175e+01	4.860699e+02
1.510738e+00	1.230637e+00	4.011178e+02	6.064225e+02
1.392654e+00	1.332033e+00	1.756077e+02	7.674382e+01
1.511092e+00	1.230696e+00	1.010498e+03	1.799333e+02
1.540537e+00	1.208149e+00	2.930386e+02	1.477458e+03
1.696712e+00	1.103628e+00	1.658406e+01	1.758349e+02
1.594827e+00	1.169258e+00	9.075072e+01	6.684010e+02
1.464878e+00	1.268023e+00	7.341743e+02	1.509585e+02
1.365204e+00	1.359036e+00	5.564967e+01	5.065398e+02
1.462853e+00	1.269568e+00	1.030629e+03	5.585578e+02
1.386199e+00	1.338355e+00	3.382788e+02	7.326773e+02
1.520981e+00	1.222760e+00	5.121473e+02	1.928871e+02
1.424545e+00	1.302880e+00	3.171821e+02	3.800632e+02
1.429538e+00	1.298410e+00	3.821455e+01	6.733762e+02
1.391335e+00	1.333620e+00	1.298084e+02	3.658235e+02
1.433749e+00	1.294724e+00	9.831775e+01	1.943395e+02
1.448069e+00	1.282470e+00	1.205812e+01	1.591129e+03
1.600334e+00	1.165292e+00	2.267862e+02	1.344640e+02
1.392745e+00	1.331992e+00	1.501163e+02	2.305913e+02
1.406225e+00	1.319766e+00	6.723718e+02	2.201744e+02
1.512569e+00	1.229439e+00	3.201022e+02	1.099752e+03
1.363972e+00	1.360199e+00	1.260372e+02	5.502196e+02
1.477260e+00	1.257632e+00	1.109315e+03	2.845243e+02
1.563166e+00	1.191376e+00	9.473833e+01	1.458725e+03
1.399171e+00	1.326067e+00	2.893592e+01	1.064124e+03
1.566015e+00	1.189267e+00	1.460929e+02	4.553242e+02
1.413050e+00	1.313304e+00	2.805148e+02	1.600464e+02
1.403948e+00	1.321702e+00	5.644416e-02	4.074733e+02
1.515377e+00	1.227317e+00	9.892108e+02	1.229505e+02
1.370346e+00	1.353915e+00	4.982706e+02	5.685456e+02
1.431023e+00	1.297052e+00	1.420303e+02	3.444158e+02
1.429162e+00	1.298884e+00	1.352463e+02	1.137962e+03
1.362992e+00	1.361496e+00	1.360408e+03	1.509085e+02
1.440701e+00	1.288866e+00	5.836103e+02	1.072625e+03
1.508029e+00	1.232860e+00	6.216696e+02	4.660996e+02
1.520957e+00	1.223028e+00	7.968099e+00	9.459901e+02
1.526099e+00	1.218961e+00	3.608222e+02	6.381711e+02
1.665433e+00	1.122847e+00	2.133581e+01	8.046432e+02
1.532941e+00	1.213822e+00	1.065289e+02	1.520211e+03
1.621634e+00	1.150910e+00	1.409512e+02	6.268675e+02
1.464934e+00	1.267676e+00	3.656389e+02	7.087188e+01
1.484120e+00	1.251940e+00	2.172465e+02	1.192885e+02
1.499863e+00	1.239557e+00	1.106289e+02	1.515486e+03
1.474785e+00	1.259737e+00	3.344864e+02	8.810808e+02
1.429190e+00	1.299053e+00	1.324910e+03	2.558326e+02
1.487986e+00	1.248828e+00	3.671330e+02	1.036239e+03
1.597104e+00	1.167562e+00	3.619515e+02	3.094249e+02
1.392302e+00	1.332885e+00	2.179605e+02	1.176405e+03
1.502243e+00	1.237233e+00	9.709489e+00	3.692193e+02
1.471571e+00	1.262396e+00	2.204871e+02	1.177581e+03
1.368485e+00	1.356081e+00	4.921333e+01	1.966476e+03
1.366703e+00	1.357578e+00	3.756489e+02	1.724047e+02
1.386236e+00	1.338667e+00	9.473980e+02	1.035212e+03
1.469282e+00	1.264105e+00	2.899815e+01	3.226074e+02
1.505019e+00	1.235179e+00	1.189919e+02	1.211407e+03
1.394405e+00	1.330856e+00	7.253133e+02	2.387624e+02
1.481254e+00	1.254597e+00	6.738894e+02	1.283750e+03
1.664163e+00	1.123633e+00	4.833103e+01	1.042255e+03
1.519663e+00	1.223787e+00	1.716641e+02	3.974779e+02
1.458543e+00	1.273055e+00	7.783161e+01	1.178001e+02
1.392724e+00	1.332473e+00	1.201281e+02	9.808901e+02
1.427619e+00	1.300235e+00	4.175064e+02	1.180399e+03
1.533602e+00	1.213393e+00	8.476010e+02	1.487719e+02
1.411720e+00	1.314609e+00	4.295456e+02	4.076438e+02
1.415581e+00	1.311311e+00	3.152679e+02	1.207981e+03
1.437420e+00	1.291429e+00	3.839977e+02	1.713305e+02
1.388389e+00	1.336420e+00	2.899332e+02	2.813977e+02
1.396727e+00	1.328738e+00	7.996321e+02	2.160107e+02
1.369720e+00	1.354648e+00	1.715613e+02	1.172010e+03
1.375514e+00	1.348876e+00	6.559064e+02	6.149874e+02
1.425107e+00	1.302276e+00	1.644235e+02	2.505436e+02
1.489849e+00	1.247143e+00	1.618814e+02	7.990467e+01
1.410300e+00	1.316145e+00	1.622447e+02	1.814545e+03
1.378201e+00	1.346221e+00	2.045139e+02	1.177581e+03
1.492884e+00	1.245084e+00	4.766262e+02	1.753201e+03
1.513407e+00	1.228530e+00	1.012119e+00	5.193706e+02
1.543484e+00	1.205772e+00	4.337133e+02	3.478892e+00
1.491107e+00	1.246102e+00	2.435034e+02	3.104748e+01
1.428617e+00	1.299146e+00	2.931104e+02	1.927200e+01
1.412434e+00	1.314069e+00	1.153470e+02	8.263565e+02
1.402716e+00	1.323158e+00	4.863140e+02	7.319501e+02
1.528738e+00	1.216954e+00	6.343820e+02	4.500709e+02
1.438254e+00	1.290936e+00	1.243710e+03	3.402087e+02
1.375107e+00	1.349195e+00	4.163135e+01	4.445891e+02
1.562873e+00	1.191467e+00	1.277373e+02	1.463736e+02
1.401971e+00	1.323439e+00	1.951708e+01	2.092181e+02
1.481114e+00	1.254469e+00	8.281114e+02	3.878509e+02
1.470915e+00	1.262864e+00	4.996436e+01	6.801138e+02
1.557420e+00	1.195486e+00	3.882143e+02	6.771681e+02
1.377365e+00	1.347187e+00	4.154269e+02	3.180634e+02
1.537276e+00	1.210433e+00	6.041132e+02	7.493105e+02
1.407998e+00	1.318042e+00	7.730516e+02	4.760830e+02
1.386480e+00	1.338484e+00	1.894256e+01	1.736965e+03
1.615938e+00	1.154696e+00	3.860126e+02	9.058640e+02
1.445376e+00	1.284751e+00	3.682146e+02	9.301348e+02
1.531119e+00	1.214990e+00	2.808450e+02	2.277062e+02
1.484807e+00	1.251590e+00	2.287452e+02	1.834225e+03
1.525987e+00	1.218722e+00	1.426981e+02	1.683512e+02
1.449551e+00	1.280772e+00	1.017372e+02	3.583596e+02
1.441814e+00	1.287725e+00	7.661179e+02	1.397908e+01
1.371821e+00	1.352527e+00	8.651193e+02	1.186337e+02
1.371144e+00	1.353509e+00	7.647773e+02	9.751961e+02
1.399091e+00	1.326219e+00	2.304212e+02	1.790210e+02
1.483746e+00	1.252169e+00	3.178834e+01	6.711760e+02
1.585074e+00	1.175907e+00	3.231495e+02	2.337871e+02
1.558663e+00	1.194730e+00	7.667015e+02	2.035267e+02
1.474240e+00	1.259959e+00	1.529315e+02	2.137493e+02
1.483581e+00	1.252502e+00	6.864460e+02	1.070572e+03
1.579772e+00	1.179370e+00	1.397945e+02	3.922181e+02
1.424172e+00	1.303321e+00	5.517481e+02	1.166422e+03
1.437116e+00	1.291688e+00	3.944321e+01	1.342943e+03
1.378223e+00	1.346153e+00	5.821986e+02	7.384259e+01
1.488843e+00	1.248153e+00	5.011084e+02	1.390036e+03
1.471689e+00	1.262315e+00	3.884464e+01	1.012550e+03
1.424124e+00	1.303392e+00	1.570754e+02	1.175365e+03
1.540846e+00	1.207613e+00	2.281943e+02	3.453499e+01
1.570378e+00	1.186546e+00	1.541628e+02	1.883475e+03
1.480459e+00	1.255024e+00	7.351628e+02	3.052076e+02
1.373574e+00	1.350719e+00	5.319735e+02	1.452582e+01
1.518296e+00	1.225058e+00	1.070185e+03	1.870615e+01
1.603315e+00	1.163161e+00	2.092314e+02	3.529149e+02
1.442493e+00	1.287258e+00	3.640378e+02	9.480696e+02
1.491629e+00	1.245858e+00	3.102114e+02	1.384610e+02
1.530023e+00	1.215712e+00	1.031970e+02	3.432902e+02
1.438592e+00	1.290619e+00	3.862190e+01	1.305396e+03
1.448529e+00	1.281978e+00	1.375923e+02	5.767241e+02
1.572589e+00	1.184468e+00	4.880839e+01	3.353896e+02
1.493398e+00	1.244527e+00	4.982821e+02	8.283220e+02
1.448495e+00	1.282010e+00	1.483920e+03	3.984497e+00
1.582797e+00	1.177292e+00	2.583309e+02	6.854336e+02
1.386106e+00	1.338782e+00	9.086796e+02	6.747918e+02
1.536035e+00	1.211147e+00	1.691565e+01	2.796688e+02
1.410716e+00	1.315376e+00	2.716760e+02	2.517294e+02
1.461868e+00	1.270476e+00	1.139656e+03	1.569362e+02
1.579649e+00	1.179549e+00	4.939075e+01	6.566454e+02
1.457454e+00	1.274166e+00	1.031197e+02	9.555758e+02
1.507581e+00	1.233035e+00	3.150162e+01	1.977979e+02
1.391087e+00	1.333999e+00	3.509182e+02	1.390442e+01
1.627684e+00	1.146943e+00	1.783860e+02	1.622961e+03
1.423297e+00	1.304361e+00	5.667482e+02	1.187691e+03
1.549063e+00	1.201741e+00	2.579324e+02	1.663657e+03
1.417991e+00	1.309368e+00	5.620646e+02	1.538094e+03
1.659350e+00	1.126575e+00	7.013567e+01	5.275857e+02
1.510291e+00	1.231134e+00	4.265518e+02	8.976833e+02
1.505279e+00	1.235132e+00	9.239957e+02	4.487357e+02
1.422857e+00	1.304317e+00	1.145970e+02	2.922027e+02
1.433824e+00	1.294653e+00	1.362941e+02	4.360675e+02
1.589046e+00	1.173110e+00	3.366543e+02	5.421576e+02
1.507697e+00	1.233026e+00	6.853685e+01	3.414358e+02
1.436043e+00	1.292693e+00	5.661508e+01	6.283737e+02
1.512337e+00	1.229590e+00	1.153691e+03	2.155854e+02
1.539777e+00	1.208682e+00	2.645531e+02	6.660482e+01
1.369716e+00	1.354607e+00	1.238002e+02	6.300460e+02
1.530519e+00	1.215402e+00	3.198406e+02	1.180450e+02
1.452845e+00	1.277908e+00	1.631433e+00	4.920455e+02
1.505139e+00	1.235089e+00	1.339991e+01	1.393092e+03
1.504843e+00	1.235331e+00	2.406206e+02	1.602754e+03
1.494736e+00	1.243427e+00	3.600242e+02	1.850301e+02
1.524093e+00	1.220400e+00	7.207940e+02	1.734988e+02
1.534842e+00	1.212265e+00	4.437166e+02	1.038522e+03
1.426708e+00	1.300649e+00	2.963416e+01	2.290843e+02
1.372769e+00	1.351593e+00	3.633681e+02	8.208013e+02
1.513232e+00	1.228782e+00	4.736036e+02	6.130068e+01
1.438838e+00	1.290474e+00	6.970566e+02	4.671089e+02
1.414492e+00	1.312285e+00	6.968554e+02	4.515116e+02
1.449378e+00	1.280975e+00	1.763385e+02	2.228359e+02
1.455370e+00	1.275933e+00	5.654808e+02	6.858112e+02
1.509864e+00	1.231571e+00	4.292630e+02	6.969717e+02
1.516268e+00	1.226380e+00	2.263155e+01	5.497273e+02
1.510343e+00	1.231090e+00	1.855941e+02	1.478763e+03
1.495418e+00	1.242864e+00	1.810781e+02	4.223869e+02
1.601584e+00	1.164462e+00	5.540017e+02	2.144188e+02
1.494189e+00	1.243738e+00	1.211462e+02	4.459721e+02
1.566545e+00	1.188912e+00	2.305391e+02	9.498939e+01
1.420178e+00	1.306971e+00	6.915825e+02	3.037156e+02
1.579696e+00	1.179555e+00	2.230328e+02	3.941604e+02
1.532348e+00	1.214069e+00	8.470571e+02	7.113528e+02
1.547285e+00	1.202843e+00	1.570851e+02	1.557078e+02
1.721265e+00	1.089427e+00	4.389215e+01	6.920998e+02
1.517473e+00	1.225522e+00	1.685825e+02	3.885098e+02
1.380997e+00	1.343630e+00	2.025259e+02	8.380696e+02
1.518916e+00	1.224458e+00	4.993407e+01	1.251262e+03
1.469153e+00	1.264247e+00	3.321089e+02	1.908824e+03
1.421099e+00	1.306172e+00	5.320431e+02	9.419918e+01
1.441028e+00	1.288398e+00	8.107016e+01	5.475642e+02
1.399312e+00	1.326419e+00	1.494160e+03	2.820503e+02
1.444405e+00	1.285334e+00	1.227871e+03	1.011900e+01
1.431176e+00	1.296972e+00	6.249915e+02	9.190538e+02
1.376900e+00	1.347474e+00	4.360049e+02	2.086126e+02
1.367876e+00	1.356327e+00	5.675701e+02	3.361126e+01
1.562143e+00	1.191985e+00	2.243451e+02	2.612866e+02
1.375440e+00	1.348947e+00	2.791660e+02	8.794373e+02
1.514147e+00	1.228320e+00	2.712865e+02	5.348143e+02
1.365968e+00	1.358610e+00	1.299252e+01	8.447269e+02
1.390114e+00	1.334718e+00	2.179645e+02	1.295656e+03
1.457829e+00	1.273819e+00	3.191810e+02	1.200534e+02
1.459696e+00	1.272162e+00	2.289287e+02	1.751647e+02
1.383313e+00	1.341697e+00	5.837349e+00	3.323920e+03
1.424369e+00	1.303349e+00	1.099012e+03	9.592923e+01
1.409344e+00	1.316795e+00	1.622429e+02	3.325333e+02
1.534891e+00	1.212187e+00	2.439679e+01	9.418081e+02
1.472830e+00	1.261230e+00	3.501657e+02	4.519781e+01
1.400274e+00	1.325514e+00	2.389112e+02	1.003990e+03
1.411527e+00	1.315058e+00	9.799915e+01	1.618797e+03
1.610324e+00	1.158512e+00	1.037313e+02	4.862951e+02
1.514154e+00	1.227941e+00	2.927163e+02	1.212487e+03
1.683505e+00	1.111889e+00	1.656136e+02	6.118607e+02
1.369292e+00	1.354893e+00	4.795542e+02	4.241415e+02
1.436167e+00	1.292907e+00	1.148213e+03	1.251835e+03
1.517132e+00	1.225614e+00	1.524495e+02	4.793725e+02
1.430305e+00	1.297658e+00	8.419199e+02	2.806752e+01
1.527134e+00	1.218000e+00	1.157113e+01	5.806681e+02
1.419948e+00	1.306971e+00	9.523830e+01	2.821379e+02
1.465185e+00	1.267675e+00	3.288093e+02	2.508471e+02
1.440763e+00	1.288466e+00	4.800260e+02	5.754666e+00
1.556563e+00	1.196184e+00	1.590990e+02	3.311661e+02
1.521193e+00	1.222559e+00	8.733843e+00	4.689859e+02
1.398019e+00	1.327284e+00	7.687139e+01	4.878497e+02
1.488454e+00	1.248465e+00	1.450265e+02	3.666278e+02
1.443579e+00	1.286117e+00	2.808955e+02	1.009358e+02
1.363958e+00	1.360449e+00	1.235223e+02	1.008124e+03
1.403646e+00	1.322166e+00	5.872696e+01	7.360453e+02
1.496228e+00	1.242154e+00	3.879299e+02	5.017917e+00
1.568636e+00	1.187716e+00	1.152461e+03	6.901957e+02
1.485710e+00	1.250508e+00	4.209368e+01	2.417272e+02
1.433609e+00	1.295013e+00	9.526737e+02	2.822952e+02
1.498019e+00	1.240834e+00	1.971007e+02	2.370483e+02
1.455224e+00	1.276236e+00	5.214894e+02	1.103667e+03
1.515346e+00	1.227361e+00	7.688548e+02	9.991406e+02
1.395563e+00	1.329704e+00	4.320568e+02	6.959424e+02
1.471690e+00	1.262216e+00	5.744061e+02	5.816037e+02
1.408234e+00	1.317604e+00	4.499598e+02	1.821526e+02
1.440086e+00	1.289178e+00	5.073124e+01	1.377840e+03
1.447006e+00	1.283190e+00	1.108931e+03	1.014415e+01
1.410894e+00	1.315668e+00	1.030233e+03	4.020090e+02
1.380772e+00	1.343754e+00	1.249832e+03	4.307971e+02
1.398982e+00	1.326318e+00	5.241711e+01	5.092841e+02
1.417634e+00	1.309294e+00	9.501960e+02	5.969637e+02
1.485420e+00	1.250876e+00	7.276750e+01	3.743770e+02
1.472458e+00	1.261573e+00	2.333209e+02	1.002511e+02
1.379134e+00	1.345587e+00	1.142780e+03	5.509972e+01
1.638702e+00	1.139973e+00	3.044576e+02	5.777228e+02
1.366520e+00	1.357974e+00	7.998358e+02	7.885194e+02
1.521501e+00	1.222586e+00	7.349798e+02	5.817579e+02
1.392663e+00	1.332431e+00	1.066551e+02	8.609600e+02
1.602354e+00	1.163649e+00	2.287440e+02	1.115870e+03
1.565591e+00	1.189706e+00	9.810989e+01	2.072650e+03
1.384248e+00	1.340449e+00	1.475151e+01	1.419932e+03
1.542247e+00	1.206597e+00	8.255176e+01	1.105405e+03
1.619542e+00	1.152476e+00	2.352919e+02	8.393449e+02
1.446579e+00	1.283233e+00	2.376620e+02	9.300082e+01
1.535308e+00	1.211870e+00	1.841543e+01	8.669524e+02
1.426288e+00	1.301290e+00	2.492184e+02	7.256102e+02
1.509119e+00	1.231971e+00	6.635746e+01	6.128759e+02
1.539440e+00	1.208846e+00	3.409816e+02	1.262266e+03
1.379407e+00	1.345033e+00	6.050667e+02	2.573778e+02
1.607046e+00	1.160712e+00	3.709487e+01	5.207417e+02
1.583617e+00	1.176903e+00	6.315900e+02	2.344304e+02
1.497526e+00	1.241086e+00	4.180653e+02	1.759226e+01
1.470215e+00	1.263378e+00	7.834629e+01	6.135332e+02
1.592270e+00	1.170936e+00	2.243898e+02	1.926620e+02
1.364626e+00	1.359652e+00	2.244857e+02	3.423006e+02
1.406731e+00	1.319370e+00	3.781746e+02	1.478051e+03
1.397915e+00	1.327402e+00	4.980953e+02	4.153967e+01
1.685601e+00	1.110292e+00	6.344730e+01	2.318098e+02
1.415266e+00	1.311278e+00	1.849342e+02	2.454082e+02
1.432942e+00	1.295656e+00	9.396964e+02	4.962067e+02
1.416091e+00	1.310674e+00	1.020899e+02	8.754789e+02
1.533356e+00	1.213384e+00	3.114169e+02	7.283337e+02
1.583531e+00	1.177084e+00	5.588974e+02	1.667417e+02
1.371553e+00	1.352542e+00	3.484876e+02	1.951011e+02
1.411422e+00	1.315081e+00	4.271152e+02	1.854087e+02
1.453351e+00	1.277650e+00	3.236228e+02	1.430095e+03
1.409344e+00	1.316957e+00	9.153741e+02	7.236275e+02
1.479649e+00	1.255912e+00	6.155727e+02	1.668146e+03
1.432531e+00	1.295914e+00	4.488277e+02	5.893171e+02
1.541506e+00	1.207255e+00	3.105147e+02	6.186509e+00
1.575199e+00	1.182804e+00	7.470440e+02	4.088685e+02
1.459396e+00	1.272699e+00	6.811620e+02	1.243013e+03
1.529107e+00	1.216418e+00	1.602549e+02	1.825334e+02
1.425599e+00	1.302176e+00	6.332598e+02	3.611871e+01
1.476464e+00	1.258157e+00	2.042245e+02	5.934245e+02
1.427702e+00	1.300334e+00	1.786390e+02	1.116933e+03
1.528409e+00	1.216927e+00	6.920528e+02	1.870039e+02
1.525133e+00	1.219885e+00	6.362662e+02	6.515531e+02
1.376609e+00	1.347812e+00	2.873359e+02	1.857530e+02
1.567701e+00	1.188318e+00	3.484264e+02	1.720373e+03
1.478417e+00	1.256678e+00	6.390924e+02	4.343893e+02
1.571973e+00	1.185368e+00	2.973326e+02	1.655438e+03
1.508151e+00	1.232828e+00	2.311963e+02	1.044487e+03
1.381741e+00	1.342673e+00	1.480594e+02	2.880118e+02
1.671800e+00	1.118932e+00	2.608834e+02	6.366942e+02
1.400390e+00	1.325221e+00	9.375594e+02	2.330812e+02
1.421037e+00	1.305922e+00	1.467029e+02	1.434477e+02
1.497653e+00	1.241119e+00	6.401138e+02	2.876260e+02
1.505762e+00	1.234633e+00	2.220933e+02	1.058100e+03
1.473607e+00	1.260489e+00	4.207987e+02	4.003802e+00
1.447207e+00	1.283172e+00	9.075150e+02	2.665821e+02
1.436111e+00	1.292749e+00	1.036809e+03	1.825905e+02
1.368652e+00	1.355389e+00	3.921323e+02	5.410764e+01
1.411237e+00	1.315232e+00	5.000452e+01	1.193745e+03
1.376983e+00	1.347613e+00	4.295028e+02	6.496052e+01
1.369297e+00	1.355198e+00	9.537725e+02	2.096878e+02
1.379074e+00	1.345309e+00	3.747216e+02	9.235540e+02
1.573096e+00	1.184389e+00	1.071743e+03	8.679139e+01
1.569886e+00	1.186704e+00	1.635677e+02	3.311244e+02
1.463434e+00	1.269034e+00	1.774727e+02	2.163588e+02
1.544529e+00	1.205118e+00	6.826441e+02	5.461708e+02
1.543308e+00	1.205693e+00	8.671811e+01	2.124048e+02
1.485619e+00	1.250527e+00	2.157606e+02	4.014185e+01
1.399287e+00	1.325940e+00	2.451058e+02	6.918094e+01
1.542603e+00	1.206270e+00	9.210532e+00	8.332595e+02
1.474787e+00	1.259690e+00	4.137482e+01	1.714758e+03
1.443613e+00	1.286086e+00	3.343152e+02	9.549916e+01
1.589419e+00	1.172718e+00	6.558881e+01	9.592471e+02
1.519735e+00	1.223691e+00	4.542368e+01	1.370505e+03
1.651010e+00	1.131802e+00	1.072710e+02	6.508132e+02
1.688356e+00	1.108724e+00	1.201615e+02	8.490502e+02
1.515708e+00	1.226712e+00	3.937467e+01	4.527538e+02
1.428663e+00	1.299455e+00	1.027218e+03	3.160826e+02
1.439111e+00	1.290022e+00	1.168928e+03	6.718821e+02
1.380255e+00	1.343932e+00	7.834756e+00	3.347914e+02
1.572992e+00	1.184523e+00	2.191472e+02	2.188775e+03
1.465355e+00	1.267392e+00	3.732145e+02	2.129986e+02
1.383226e+00	1.341415e+00	3.756950e+02	2.568526e+02
1.596611e+00	1.167721e+00	1.331258e+02	2.459571e+02
1.400296e+00	1.325511e+00	8.680097e+02	1.857965e+03
1.601334e+00	1.164835e+00	2.693022e+02	1.211598e+03
1.454199e+00	1.276826e+00	2.785842e+00	6.194206e+02
1.446958e+00	1.283232e+00	1.976541e+02	1.914956e+02
1.460287e+00	1.271951e+00	8.989297e+00	1.334825e+03
1.678460e+00	1.114782e+00	1.975594e+02	2.327074e+02
1.434928e+00	1.293880e+00	4.529902e+02	4.489395e+02
1.628366e+00	1.146553e+00	1.324341e+02	1.039223e+03
1.413444e+00	1.313083e+00	8.274374e+02	2.278949e+02
1.610846e+00	1.158238e+00	1.378135e+02	6.610565e+02
1.366252e+00	1.357712e+00	3.236136e+01	2.492920e+02
1.367979e+00	1.356485e+00	3.917690e+02	1.554417e+03
1.441720e+00	1.287918e+00	8.199945e+02	8.875089e+02
1.485030e+00	1.251360e+00	2.888619e+02	4.484015e+02
1.481332e+00	1.254650e+00	7.801469e+02	1.450084e+03
1.423990e+00	1.303772e+00	2.029387e+03	4.779128e+02
1.365661e+00	1.358871e+00	1.611169e+03	6.472548e+02
1.377637e+00	1.347036e+00	8.372824e+02	1.228644e+03
1.370037e+00	1.354301e+00	4.870689e+01	6.985044e+02
1.495630e+00	1.242815e+00	9.975611e+02	6.795799e+02
1.430274e+00	1.298102e+00	1.377257e+01	1.222565e+03
1.461787e+00	1.270673e+00	5.124817e+01	9.865738e+02
1.521667e+00	1.222298e+00	2.632784e+02	8.443782e+02
1.519789e+00	1.223620e+00	7.335434e+01	3.463154e+02
1.433010e+00	1.295326e+00	1.044153e+02	4.334346e+02
1.531141e+00	1.215083e+00	1.618425e+01	2.010578e+03
1.383236e+00	1.341606e+00	1.211338e+03	4.929845e+02
1.660490e+00	1.125719e+00	3.513244e+01	2.260040e+02
1.428000e+00	1.299961e+00	1.016042e+02	5.546569e+02
1.491212e+00	1.246201e+00	2.748685e+02	2.596298e+02
1.405239e+00	1.320671e+00	5.504211e+01	4.572214e+02
1.730149e+00	1.084162e+00	1.022931e+02	1.515110e+02
1.614573e+00	1.155703e+00	1.080134e+02	1.058501e+03
1.421369e+00	1.305788e+00	8.056069e+02	3.143705e+02
1.462724e+00	1.270054e+00	8.498161e+02	8.905749e+02
1.401188e+00	1.324414e+00	3.336360e+02	5.201008e+01
1.559078e+00	1.194343e+00	4.118357e+02	7.190053e+02
1.474271e+00	1.259945e+00	1.889995e+02	2.119931e+02
1.380468e+00	1.344057e+00	2.823091e+02	3.202719e+02
1.417076e+00	1.309586e+00	8.358068e+02	1.324524e+02
1.375412e+00	1.349278e+00	2.141944e+03	1.125022e+02
1.464267e+00	1.268423e+00	3.874241e+02	4.121552e+02
1.492699e+00	1.244958e+00	3.095687e+02	9.096360e+02
1.422605e+00	1.304800e+00	5.908062e+02	2.829711e+02
1.485973e+00	1.250718e+00	4.969274e+02	6.991595e+02
1.390826e+00	1.334240e+00	9.629100e+02	6.318613e+02
1.569864e+00	1.186619e+00	2.451400e+02	5.494191e+02
1.582379e+00	1.177863e+00	3.131708e+02	1.270669e+03
1.422124e+00	1.305142e+00	1.175986e+02	3.092534e+02
1.397380e+00	1.328004e+00	6.866117e+02	1.024510e+03
1.451058e+00	1.279897e+00	6.375965e+02	4.439606e+02
1.604092e+00	1.162752e+00	3.896701e+02	7.462919e+02
1.482056e+00	1.253618e+00	1.606295e+02	3.904581e+02
1.689702e+00	1.107999e+00	2.041860e+01	5.426527e+02
1.601527e+00	1.164375e+00	2.384637e+02	3.112677e+02
1.486204e+00	1.250208e+00	3.292135e+02	6.147504e+02
1.531117e+00	1.215131e+00	7.212027e+02	3.052579e+02
1.402614e+00	1.323000e+00	4.297748e+02	6.393754e+01
1.433778e+00	1.294681e+00	5.292111e+01	5.762531e+02
1.449118e+00	1.281267e+00	2.415832e+02	9.932136e+02
1.454470e+00	1.276802e+00	2.905103e+02	1.948500e+02
1.699327e+00	1.102087e+00	1.094922e+02	4.049003e+02
1.597425e+00	1.167377e+00	4.866473e+02	7.023707e+02
1.470971e+00	1.262674e+00	3.795482e+02	2.367876e+01
1.542554e+00	1.206648e+00	1.651637e+02	1.718399e+03
1.489913e+00	1.247150e+00	4.116282e+01	9.170689e+02
1.434833e+00	1.293502e+00	3.882293e+02	3.447579e+02
1.413340e+00	1.313347e+00	1.921450e+02	6.330697e+02
1.472479e+00	1.261482e+00	1.234784e+02	2.350373e+02
1.636199e+00	1.141454e+00	1.035654e+01	8.897546e+02
1.527917e+00	1.217907e+00	1.282416e+03	1.601366e+03
1.365785e+00	1.358602e+00	1.124804e+02	8.206460e+02
1.559235e+00	1.194172e+00	1.230033e+02	5.527370e+02
1.509369e+00	1.231974e+00	5.847407e+02	8.585938e+02
1.510975e+00	1.230599e+00	3.931227e+02	6.545705e+02
1.554316e+00	1.197915e+00	1.205809e+01	1.647206e+03
1.414628e+00	1.311762e+00	3.421583e+02	4.484090e+02
1.370774e+00	1.353582e+00	4.213719e+02	1.647704e+02
1.400828e+00	1.324793e+00	4.718961e+02	7.694818e+02
1.596001e+00	1.168205e+00	1.955817e+02	3.815708e+02
1.366452e+00	1.358325e+00	2.275847e+03	9.573186e+02
1.498542e+00	1.240300e+00	2.760127e+02	6.217282e+01
1.600772e+00	1.164902e+00	2.775269e+02	8.044554e+02
1.443209e+00	1.286609e+00	5.447714e+02	7.891989e+02
1.527696e+00	1.217433e+00	8.997920e+01	3.085519e+02
1.553768e+00	1.198196e+00	4.383523e+02	9.366457e+01
1.362785e+00	1.361660e+00	1.273945e+03	3.523181e+02
1.449630e+00	1.280738e+00	1.187217e+02	3.567931e+02
1.446965e+00	1.283232e+00	2.686029e+02	2.631897e+02
1.425024e+00	1.302428e+00	6.009242e+02	1.024671e+03
1.550161e+00	1.200851e+00	3.328318e+02	3.663936e+01
1.408946e+00	1.317299e+00	4.464282e+02	7.155376e+02
1.389179e+00	1.335404e+00	1.939330e+02	3.725738e+02
1.507028e+00	1.233655e+00	4.891115e+02	7.790082e+02
1.579025e+00	1.180121e+00	9.689053e+01	6.829570e+02
1.433162e+00	1.295245e+00	1.087768e+02	5.651930e+02
1.584776e+00	1.176181e+00	7.528739e+02	4.263875e+02
1.507511e+00	1.233544e+00	3.003599e+02	1.739903e+03
1.422603e+00	1.304797e+00	1.121480e+03	1.605356e+02
1.418412e+00	1.308351e+00	8.407495e+02	4.537675e+01
1.546350e+00	1.203734e+00	8.232504e+01	4.464343e+02
1.415549e+00	1.310902e+00	4.738587e+01	6.091976e+02
1.501775e+00	1.237779e+00	3.866781e+02	1.302126e+03
1.607225e+00	1.160497e+00	2.504711e+02	9.439632e+02
1.451101e+00	1.279774e+00	1.295698e+02	1.355765e+03
1.418202e+00	1.308648e+00	1.013101e+03	4.802452e+02
1.605177e+00	1.161916e+00	1.122680e+02	1.081125e+03
1.541361e+00	1.207372e+00	3.038792e+02	2.217214e+02
1.458567e+00	1.273313e+00	5.298400e+02	2.421774e+02
1.564121e+00	1.190564e+00	8.613409e+01	6.587662e+02
1.562182e+00	1.192039e+00	3.193900e+02	1.001028e+02
1.413036e+00	1.313692e+00	5.247330e+02	1.247425e+03
1.377266e+00	1.347346e+00	1.502732e+03	4.980740e+02
1.400868e+00	1.324612e+00	2.323193e+02	8.227866e+02
1.505077e+00	1.235208e+00	2.010581e+02	6.440899e+02
1.474116e+00	1.260206e+00	1.814129e+02	3.915846e+02
1.481455e+00	1.254127e+00	2.242771e+02	3.213942e+02
1.400421e+00	1.325322e+00	5.515334e+02	3.705666e+02
1.497169e+00	1.241593e+00	9.331856e+02	2.778889e+02
1.447158e+00	1.282817e+00	3.421152e+01	1.720509e+02
1.523853e+00	1.220730e+00	8.949575e+02	5.275380e+01
1.450578e+00	1.279939e+00	5.923329e+00	4.833490e+02
1.523416e+00	1.221494e+00	5.119139e+02	3.602716e+03
1.540623e+00	1.207834e+00	5.798178e+02	5.851247e+02
1.473784e+00	1.260339e+00	1.060673e+02	4.849931e+02
1.418198e+00	1.308725e+00	7.478081e+01	9.848080e+02
1.389737e+00	1.335328e+00	4.134141e+02	3.981437e+02
1.606764e+00	1.160846e+00	2.913224e+01	6.665412e+02
1.430865e+00	1.297265e+00	2.514444e+02	3.488749e+02
1.477123e+00	1.257724e+00	2.286356e+02	9.542065e+02
1.457232e+00	1.274429e+00	1.452620e+02	2.113190e+03
1.490173e+00	1.247113e+00	6.665106e+02	4.358783e+02
1.470557e+00	1.262917e+00	3.227158e+02	5.395975e+02
1.469158e+00	1.264375e+00	7.168644e+02	5.548327e+02
1.639969e+00	1.138852e+00	1.186207e+02	2.295773e+02
1.545003e+00	1.204742e+00	9.646702e+02	9.773930e+01
1.497422e+00	1.241381e+00	2.158250e+02	1.597215e+03
1.598760e+00	1.166210e+00	1.639316e+02	7.221147e+00
1.553990e+00	1.197993e+00	1.372401e+02	2.401359e+02
1.375222e+00	1.349194e+00	8.453181e+02	3.644661e+02
1.380882e+00	1.343848e+00	1.709524e+02	1.205627e+03
1.396850e+00	1.328697e+00	9.244533e+02	2.591852e+02
1.558354e+00	1.194948e+00	6.509017e+01	2.418971e+03
1.379778e+00	1.344655e+00	3.268141e+02	7.906435e+02
1.362454e+00	1.361891e+00	6.243468e+02	1.439888e+03
1.423437e+00	1.304393e+00	2.088703e+02	3.008178e+03
1.378323e+00	1.346119e+00	3.142066e+02	7.267898e+02
1.596229e+00	1.168071e+00	8.677541e+01	1.583008e+03
1.639967e+00	1.138972e+00	4.486120e+02	4.795897e+02
1.437238e+00	1.291422e+00	6.199611e+01	1.347898e+02
1.401918e+00	1.323670e+00	8.462947e+02	3.784637e+02
1.604870e+00	1.162281e+00	5.747715e+02	2.785171e+02
1.404532e+00	1.321287e+00	6.670546e+02	5.895045e+02
1.454039e+00	1.277328e+00	6.466654e+02	1.785553e+03
1.464642e+00	1.268390e+00	5.649474e+02	1.382953e+03
1.365224e+00	1.358945e+00	3.837851e+02	2.814436e+02
1.555670e+00	1.196936e+00	1.538691e+01	6.459025e+02
1.505050e+00	1.235274e+00	7.677921e+02	1.410020e+02
1.477271e+00	1.257529e+00	7.465164e+01	1.242049e+03
1.473205e+00	1.261017e+00	1.616410e+02	6.158814e+02
1.370064e+00	1.354126e+00	3.181958e+01	5.440373e+02
1.616297e+00	1.154454e+00	1.122553e+02	4.676616e+02
1.473687e+00	1.260854e+00	1.084343e+03	3.435035e+02
1.389177e+00	1.335782e+00	1.057576e+02	7.027665e+02
1.681342e+00	1.112871e+00	1.658681e+02	1.838193e+02
1.409355e+00	1.317046e+00	1.384410e+03	3.971788e+02
1.561168e+00	1.192711e+00	4.922444e+01	8.556543e+02
1.411426e+00	1.314981e+00	1.405061e+02	1.677620e+03
1.489024e+00	1.248033e+00	1.105446e+03	1.723947e+01
1.422723e+00	1.304836e+00	4.239642e+02	1.391196e+03
1.408949e+00	1.317129e+00	2.046142e+02	1.878449e+02
1.466477e+00	1.266710e+00	1.113477e+03	2.710272e+02
1.503336e+00	1.236699e+00	7.464501e+02	3.161678e+02
1.363006e+00	1.361397e+00	2.702633e+01	1.034122e+03
1.400528e+00	1.325175e+00	1.108093e+03	1.311074e+02
1.548493e+00	1.202034e+00	1.217267e+02	1.130353e+03
1.458644e+00	1.273329e+00	5.094045e+02	1.327297e+03
1.366194e+00	1.358169e+00	8.890228e+02	3.728223e+02
1.480259e+00	1.254946e+00	3.124646e+02	1.731086e+02
1.519706e+00	1.223832e+00	6.355925e+02	1.514775e+01
1.554743e+00	1.197365e+00	6.012410e+02	1.162484e+02
1.396917e+00	1.328343e+00	1.591256e+02	2.536153e+02
1.401712e+00	1.323753e+00	1.471099e+02	3.251643e+02
1.365585e+00	1.358877e+00	6.444589e+02	1.151350e+03
1.391697e+00	1.333481e+00	5.548898e+02	5.592228e+02
1.433516e+00	1.295324e+00	1.857013e+03	6.118359e+01
1.535756e+00	1.211466e+00	9.710885e+01	2.792105e+02
1.604174e+00	1.162505e+00	2.786751e+02	1.734658e+02
1.458477e+00	1.273543e+00	4.150955e+02	1.438314e+03
1.367263e+00	1.357022e+00	2.196665e+02	1.461680e+02
1.362706e+00	1.361637e+00	4.484663e+01	5.168393e+02
1.446489e+00	1.283553e+00	7.661893e+01	4.305173e+02
1.417811e+00	1.309007e+00	4.824950e+02	5.117560e+02
1.449674e+00	1.280729e+00	4.472554e+02	2.807390e+02
1.440915e+00	1.288404e+00	2.306520e+02	3.656111e+02
1.431920e+00	1.296518e+00	1.039558e+03	6.685656e+02
1.450904e+00	1.279770e+00	7.144582e+01	8.213658e+02
1.440207e+00	1.288949e+00	6.625382e+01	1.972626e+03
1.471171e+00	1.262507e+00	3.486913e+02	1.329305e+02
1.379966e+00	1.344759e+00	2.217915e+03	5.654343e+02
1.372375e+00	1.351960e+00	7.627042e+02	4.260719e+02
1.470606e+00	1.263098e+00	2.457195e+02	9.891932e+01
1.394269e+00	1.331133e+00	6.163243e+02	1.117979e+03
1.476888e+00	1.257955e+00	8.165939e+02	5.481840e+01
1.380356e+00	1.343986e+00	2.229727e+01	5.093489e+02
1.512136e+00	1.229550e+00	5.440461e+02	1.219583e+02
1.500896e+00	1.238303e+00	2.312742e+02	2.413426e+02
1.583941e+00	1.176564e+00	1.522032e+02	1.646499e+02
1.407901e+00	1.318339e+00	6.892302e+01	1.892422e+03
1.424775e+00	1.302989e+00	6.124180e+02	2.829514e+02
1.436238e+00	1.292508e+00	8.452261e+02	4.191043e+02
1.414509e+00	1.311985e+00	2.700768e+02	1.717254e+02
1.511194e+00	1.230681e+00	5.902677e+02	5.111856e+02
1.460692e+00	1.271413e+00	3.144448e+02	2.656653e+02
1.556889e+00	1.195978e+00	1.941538e+02	1.144168e+03
1.451541e+00	1.279198e+00	5.961825e+01	6.234592e+02
1.536392e+00	1.211066e+00	2.660057e+02	3.246431e+02
1.405398e+00	1.320422e+00	5.914380e+02	4.328974e+02
1.579005e+00	1.180108e+00	7.576169e+02	3.906604e+02
1.473451e+00	1.260771e+00	3.883976e+01	1.447029e+03
1.391310e+00	1.333802e+00	1.397803e+02	1.202352e+03
1.432988e+00	1.295517e+00	8.714870e+02	2.560700e+02
1.380130e+00	1.344174e+00	3.430000e+02	4.957155e+01
1.496395e+00	1.241845e+00	1.126920e+02	2.717663e+02
1.645550e+00	1.135522e+00	2.821213e+02	6.111185e+01
1.526577e+00	1.218371e+00	2.966075e+01	3.862991e+02
1.445822e+00	1.284416e+00	1.642343e+03	1.042820e+02
1.378272e+00	1.346236e+00	7.840411e+02	1.048513e+03
1.568434e+00	1.187392e+00	6.576317e+01	6.782546e+02
1.526752e+00	1.218477e+00	3.776582e+02	3.492785e+02
1.525243e+00	1.219541e+00	2.233579e+02	6.051119e+02
1.388549e+00	1.336231e+00	2.216226e+02	2.393690e+02
1.465028e+00	1.267866e+00	1.605354e+02	2.718132e+02
1.551823e+00	1.199448e+00	5.476146e+02	1.221536e+02
1.527775e+00	1.217583e+00	2.798278e+02	3.471694e+02
1.450226e+00	1.280698e+00	4.648477e+02	1.022403e+03
1.466409e+00	1.267105e+00	1.037342e+03	2.741072e+02
1.470269e+00	1.263397e+00	1.858936e+02	5.571669e+02
1.450923e+00	1.279620e+00	4.724968e+02	3.077343e+00
1.493338e+00	1.244423e+00	3.968232e+02	1.128522e+02
1.499224e+00	1.239806e+00	1.378088e+02	5.654016e+02
1.379292e+00	1.345403e+00	1.057004e+03	2.213744e+02
1.686782e+00	1.109545e+00	1.320307e+01	4.113971e+02
1.588432e+00	1.173534e+00	6.503359e+01	2.591976e+03
1.473294e+00	1.260751e+00	2.061162e+02	1.097737e+02
1.434022e+00	1.294474e+00	2.043206e+01	1.505507e+03
1.509135e+00	1.231718e+00	1.533813e+02	1.101917e+02
1.632636e+00	1.143816e+00	3.159904e+01	2.315316e+03
1.504855e+00	1.235422e+00	4.791456e+01	2.168683e+03
1.390418e+00	1.334584e+00	5.061089e+02	1.233205e+02
1.578989e+00	1.179991e+00	3.559870e+01	5.579164e+02
1.529153e+00	1.216477e+00	4.311310e+02	5.191719e+02
1.618463e+00	1.152976e+00	4.068293e+02	3.499587e+02
1.380786e+00	1.344005e+00	1.655559e+01	1.399643e+03
1.629282e+00	1.145883e+00	6.144900e+02	3.717757e+02
1.380285e+00	1.344256e+00	1.508649e+02	1.049014e+03
1.557680e+00	1.195611e+00	6.851460e+02	2.846075e+02
1.372994e+00	1.351400e+00	2.077297e+02	3.549794e+02
1.528865e+00	1.216665e+00	9.639197e+01	4.096388e+02
1.464851e+00	1.267889e+00	1.944018e+02	1.390561e+02
1.476868e+00	1.257943e+00	1.830834e+02	9.644913e+02
1.512496e+00	1.229268e+00	1.256801e+02	5.664226e+02
1.406353e+00	1.319634e+00	5.877891e+02	6.693895e+02
1.504391e+00	1.235594e+00	3.301970e+02	8.778964e+02
1.542035e+00	1.206768e+00	6.792211e+01	4.747572e+02
1.405184e+00	1.320577e+00	9.394114e+02	5.162811e+01
1.487953e+00	1.248763e+00	2.075691e+01	4.124704e+02
1.428858e+00	1.298906e+00	1.928054e+02	3.152679e+01
1.510621e+00	1.230669e+00	2.444756e+02	7.089954e+01
1.374010e+00	1.350653e+00	1.857643e+01	3.113342e+03
1.392929e+00	1.332132e+00	6.684482e+01	3.131249e+02
1.571542e+00	1.185454e+00	3.187439e+02	9.391797e+01
1.370268e+00	1.354047e+00	4.588509e+01	8.354799e+02
1.402493e+00	1.323057e+00	1.125392e+01	5.027559e+02
1.401793e+00	1.323969e+00	6.919499e+02	1.500424e+03
1.536841e+00	1.210641e+00	3.634601e+02	1.890582e+03
1.403126e+00	1.322549e+00	5.392319e+02	4.308954e+02
1.544243e+00	1.205289e+00	1.259589e+02	6.053433e+02
1.468478e+00	1.264723e+00	2.092072e+02	6.023559e+02
1.549605e+00	1.201263e+00	1.218665e+02	6.315865e+02
1.536695e+00	1.210754e+00	2.606093e+02	2.743978e+02
1.460908e+00	1.271514e+00	9.625638e+02	9.232552e+02
1.376509e+00	1.347948e+00	6.654794e+02	3.461622e+02
1.430308e+00	1.297966e+00	1.106160e+03	8.187624e+02
1.502146e+00	1.237417e+00	5.532409e+00	6.972866e+02
1.458192e+00	1.273857e+00	1.560609e+02	1.524327e+03
1.617353e+00	1.153712e+00	4.762513e+02	6.273227e+01
1.597666e+00	1.167139e+00	1.355632e+02	2.808155e+02
1.497111e+00	1.241524e+00	4.167791e+02	1.540346e+02
1.455361e+00	1.275863e+00	4.840504e+02	1.853389e+02
1.540408e+00	1.207789e+00	2.795050e+01	3.996046e+02
1.459660e+00	1.272571e+00	1.104943e+03	1.049441e+03
1.524805e+00	1.219897e+00	4.873562e+01	4.664824e+02
1.451922e+00	1.278772e+00	2.103581e+02	1.899449e+02
1.368331e+00	1.355957e+00	1.167818e+03	2.513108e+01
1.493159e+00	1.244744e+00	6.319368e+01	9.784154e+02
1.570011e+00	1.186417e+00	4.959929e+01	5.893685e+02
1.636149e+00	1.141501e+00	5.779900e+02	3.383219e+02
1.453155e+00	1.278110e+00	3.213372e+02	1.586344e+03
1.556608e+00	1.196125e+00	3.057955e+01	5.948554e+02
1.441284e+00	1.288264e+00	1.714613e+02	1.265108e+03
1.384179e+00	1.340519e+00	1.221279e+02	4.097443e+02
1.436820e+00	1.292191e+00	5.930299e+02	8.225784e+02
1.600802e+00	1.165186e+00	3.977666e+01	1.927860e+03
1.444497e+00	1.285099e+00	3.509884e+02	6.258320e+02
1.527873e+00	1.217603e+00	1.862658e+02	1.430427e+03
1.432230e+00	1.295956e+00	3.228748e+01	6.562947e+02
1.368983e+00	1.355493e+00	9.994126e+02	2.297695e+02
1.476481e+00	1.258228e+00	7.870952e+01	6.060314e+02
1.445595e+00	1.284422e+00	2.210130e+02	6.886777e+02
1.444739e+00	1.284914e+00	2.589636e+01	6.283371e+02
1.483449e+00	1.252328e+00	1.653197e+01	6.500318e+02
1.366309e+00	1.357949e+00	5.277877e+02	8.293954e+00
1.382583e+00	1.342143e+00	9.451921e+01	5.276642e+02
1.465999e+00	1.267034e+00	1.122080e+02	1.018020e+03
1.367254e+00	1.356999e+00	8.254359e+02	6.565483e+01
1.521131e+00	1.222362e+00	2.491713e+02	5.547161e+02
1.439718e+00	1.289639e+00	1.754523e+02	1.498485e+03
1.416619e+00	1.310076e+00	1.759251e+02	4.639760e+02
1.433791e+00	1.294634e+00	2.445010e+02	3.568836e+02
1.416589e+00	1.310164e+00	2.896542e+02	4.245661e+02
1.540974e+00	1.207697e+00	2.405553e+02	4.133521e+02
1.466063e+00	1.267176e+00	9.021968e+02	7.326751e+02
1.436119e+00	1.292733e+00	1.160074e+02	2.671663e+02
1.368886e+00	1.355364e+00	1.118426e+03	1.279941e+02
1.363610e+00	1.360589e+00	2.921087e+02	7.319346e+01
1.479787e+00	1.255637e+00	4.329236e+02	1.961805e+02
1.405653e+00	1.320103e+00	3.993097e+02	8.591805e+02
1.572857e+00	1.184449e+00	1.188334e+02	3.967592e+02
1.400076e+00	1.325294e+00	1.733963e+02	7.067355e+02
1.508045e+00	1.232690e+00	1.995234e+02	1.768985e+02
1.508012e+00	1.232878e+00	6.317768e+01	6.142926e+02
1.456451e+00	1.274789e+00	3.609095e+02	3.981091e+00
1.462282e+00	1.270083e+00	2.365083e+02	1.111422e+03
1.468080e+00	1.265306e+00	2.847962e+02	8.721975e+02
1.450221e+00	1.280410e+00	3.289802e+01	9.505720e+02
1.415478e+00	1.311382e+00	7.632710e+01	1.750421e+03
1.452757e+00	1.278228e+00	3.327768e+02	8.200316e+02
1.516173e+00	1.226464e+00	1.212026e+02	9.597002e+02
1.445657e+00	1.284148e+00	2.107188e+02	3.354723e+01
1.368894e+00	1.355481e+00	1.052564e+02	5.318994e+02
1.430503e+00	1.298014e+00	2.176330e+03	5.082977e+02
1.485883e+00	1.250549e+00	3.643709e+02	8.269955e+01
1.459474e+00	1.272625e+00	2.090969e+02	6.225028e+02
1.455697e+00	1.275988e+00	5.783719e+02	1.311069e+03
1.548492e+00	1.202346e+00	1.931537e+02	1.252462e+03
1.551392e+00	1.200053e+00	4.725695e+01	1.799906e+03
1.422476e+00	1.304906e+00	2.518496e+02	7.908296e+02
1.598282e+00	1.166976e+00	5.297345e+02	3.541541e+02
1.434042e+00	1.294430e+00	2.672607e+02	1.845146e+02
1.568896e+00	1.187295e+00	5.196599e+01	5.596296e+02
1.380011e+00	1.344431e+00	9.832508e+01	6.108963e+02
1.382709e+00	1.342004e+00	1.231407e+03	1.111919e+02
1.362998e+00	1.361473e+00	1.725734e+03	9.437145e+01
1.362351e+00	1.361634e+00	2.410798e+02	6.266341e+01
1.583303e+00	1.177183e+00	2.884669e+02	4.193740e+02
1.494508e+00	1.243538e+00	6.564121e+02	1.067225e+01
1.602000e+00	1.164052e+00	2.169903e+02	3.244436e+01
1.504442e+00	1.235638e+00	1.703971e+02	1.967543e+02
1.438774e+00	1.290379e+00	2.955228e+02	3.408091e+02
1.600288e+00	1.165171e+00	2.684837e+02	1.847381e+02
1.430824e+00	1.297472e+00	3.721416e+02	1.620656e+02
1.425125e+00	1.302365e+00	7.565331e+01	3.634216e+02
1.501804e+00	1.238024e+00	7.125856e+02	4.049917e+02
1.466960e+00	1.266054e+00	1.417603e+01	5.877098e+02
1.448929e+00	1.281473e+00	7.924869e+00	6.915400e+02
1.462374e+00	1.270102e+00	2.365020e+02	1.164696e+03
1.465569e+00	1.267331e+00	3.341018e+02	2.946590e+02
1.427675e+00	1.300039e+00	1.656290e+02	5.010239e+02
1.405003e+00	1.320583e+00	2.782466e+01	4.503901e+02
1.524320e+00	1.220301e+00	9.035073e+02	2.601105e+01
1.648035e+00	1.133870e+00	7.777328e+01	1.604061e+03
1.421624e+00	1.305556e+00	1.774946e+02	1.287575e+03
1.383702e+00	1.341099e+00	2.977035e+02	3.260240e+02
1.448981e+00	1.281515e+00	2.918928e+01	7.499660e+02
1.363589e+00	1.360709e+00	3.057849e+02	1.943543e+02
1.478874e+00	1.256262e+00	6.553877e+00	8.878047e+02
1.382232e+00	1.342369e+00	3.467959e+02	3.784751e+01
1.474549e+00	1.259883e+00	7.179907e+02	3.956570e+02
1.543393e+00	1.205999e+00	2.814209e+02	5.221833e+02
1.595859e+00	1.168241e+00	6.631684e+01	3.146973e+02
1.371795e+00	1.352463e+00	7.158703e+02	3.919007e+02
1.400313e+00	1.325281e+00	5.594450e+02	1.279349e+03
1.484285e+00	1.251779e+00	3.493911e+02	3.648912e+02
1.385404e+00	1.338924e+00	3.571016e+00	2.521295e+02
1.365559e+00	1.358736e+00	2.955083e+02	3.059989e+02
1.471984e+00	1.261831e+00	5.928808e+02	1.714718e+02
1.464314e+00	1.268232e+00	3.789541e+02	6.487241e+02
1.468223e+00	1.265095e+00	7.200667e+02	5.117933e+02
1.388039e+00	1.336689e+00	6.419846e+01	3.059584e+02
1.429773e+00	1.298477e+00	1.152287e+03	8.373827e+02
1.576123e+00	1.181915e+00	6.454592e+01	4.614256e+02
1.467709e+00	1.265545e+00	3.083666e+02	1.645982e+02
1.468786e+00	1.264755e+00	1.298865e+02	7.038243e+02
1.559732e+00	1.193727e+00	3.540863e+02	1.486250e+01
1.468252e+00	1.264938e+00	5.843050e+02	1.240406e+03
1.513738e+00	1.228320e+00	3.021847e+02	2.774277e+02
1.491156e+00	1.246321e+00	7.292743e+01	1.204863e+03
1.436136e+00	1.292657e+00	6.670009e+01	5.486505e+02
1.600381e+00	1.165285e+00	1.879364e+02	1.508074e+02
1.478306e+00	1.256828e+00	1.016232e+02	1.591017e+03
1.492463e+00	1.245172e+00	1.192006e+02	5.696226e+02
1.517789e+00	1.225440e+00	4.742973e+02	7.325023e+02
1.521623e+00	1.222240e+00	6.462434e+01	1.336736e+03
1.637889e+00	1.140372e+00	1.136942e+02	2.394251e+03
1.406834e+00	1.319463e+00	1.231987e+03	4.000787e+02
1.717450e+00	1.091602e+00	1.674315e+02	1.207679e+02
1.375987e+00	1.348599e+00	6.336495e+02	5.929426e+02
1.413284e+00	1.313169e+00	3.680436e+02	9.728858e+01
1.548397e+00	1.202000e+00	2.372694e+02	1.312655e+02
1.705301e+00	1.098553e+00	6.738388e+01	4.736778e+02
1.369270e+00	1.354996e+00	1.690639e+01	1.000737e+03
1.492378e+00	1.245348e+00	1.220385e+03	9.189687e+01
1.541301e+00	1.207332e+00	1.806093e+02	3.206697e+02
1.368141e+00	1.356133e+00	4.460348e+02	2.163523e+02
1.369333e+00	1.354915e+00	3.916089e+02	8.940496e+02
1.426476e+00	1.301123e+00	3.306261e+02	5.475484e+01
1.450342e+00	1.280334e+00	5.711506e+02	2.179513e+02
1.375312e+00	1.348920e+00	5.473605e+02	3.404453e+01
1.422930e+00	1.304288e+00	2.637974e+01	4.007021e+02
1.632856e+00	1.143552e+00	3.861442e+01	3.404298e+02
1.526219e+00	1.218849e+00	4.596120e+02	6.685266e+02
1.504910e+00	1.235288e+00	5.171133e+01	3.827912e+02
1.463617e+00	1.268966e+00	4.089425e+02	6.459357e+01
1.386898e+00	1.337899e+00	4.004903e+02	8.777455e+01
1.429535e+00	1.298554e+00	1.461781e+02	3.708319e+02
1.456363e+00	1.275232e+00	5.702176e+01	1.069724e+03
1.473806e+00	1.260310e+00	6.903018e+02	1.299159e+02
1.384255e+00	1.340302e+00	5.209245e+02	6.578648e+02
1.626597e+00	1.147715e+00	1.224199e+02	5.036357e+02
1.430246e+00	1.297778e+00	2.547470e+01	5.314049e+02
1.442466e+00	1.287265e+00	1.017467e+03	2.446301e+01
1.568060e+00	1.187864e+00	2.594574e+02	3.735166e+02
1.529870e+00	1.216185e+00	4.285453e+02	4.415808e+02
1.449678e+00	1.281035e+00	7.582267e+01	2.210381e+03
1.368568e+00	1.355705e+00	7.246669e+01	5.490379e+02
1.412766e+00	1.313663e+00	1.441919e+02	1.213674e+02
1.496494e+00	1.241729e+00	2.620423e+01	5.776702e+02
1.381572e+00	1.343156e+00	7.122989e+02	1.578446e+02
1.405116e+00	1.320869e+00	4.770140e+02	6.293170e+02
1.426274e+00	1.301337e+00	1.643495e+02	2.686348e+02
1.428781e+00	1.299220e+00	3.774437e+02	5.331375e+02
1.601213e+00	1.164660e+00	9.995301e+01	5.754122e+02
1.748992e+00	1.073542e+00	4.857134e+01	5.528254e+01
1.459457e+00	1.272554e+00	8.520815e+01	7.065478e+02
1.379933e+00	1.344720e+00	1.098805e+02	1.358384e+03
1.422567e+00	1.304820e+00	1.299816e+03	1.116957e+02
1.524320e+00	1.220111e+00	3.935886e+02	1.817424e+02
1.504264e+00	1.235770e+00	1.545137e+02	4.480920e+02
1.418714e+00	1.307928e+00	1.347065e+02	2.831008e+02
1.382709e+00	1.341944e+00	1.218386e+02	1.120169e+03
1.542391e+00	1.206626e+00	1.235367e+02	5.779929e+02
1.409942e+00	1.316174e+00	4.981082e+02	1.753705e+02
1.566661e+00	1.188703e+00	1.534306e+01	1.487556e+03
1.425096e+00	1.302326e+00	2.563291e+02	1.237863e+02
1.465526e+00	1.267368e+00	1.409999e+02	7.393094e+02
1.554973e+00	1.197258e+00	1.891626e+02	1.982321e+02
1.466005e+00	1.266842e+00	1.682982e+02	9.800428e+01
1.676669e+00	1.115787e+00	1.679901e+02	1.457371e+02
1.412748e+00	1.313659e+00	8.052483e+02	6.045353e+02
1.557886e+00	1.195092e+00	3.056534e+02	7.503065e+02
1.471822e+00	1.262139e+00	9.948753e+02	1.657183e+02
1.534522e+00	1.212619e+00	3.859486e+02	8.106540e+02
1.402611e+00	1.323366e+00	7.587281e+02	5.738399e+02
1.453731e+00	1.277570e+00	9.369655e+02	1.854044e+02
1.615727e+00	1.154965e+00	1.016192e+02	1.455183e+03
1.438185e+00	1.290901e+00	4.319133e+02	1.185029e+03
1.458402e+00	1.273259e+00	1.554949e+02	5.572765e+01
1.532689e+00	1.213800e+00	1.123718e+02	4.969123e+02
1.513435e+00	1.228826e+00	5.196779e+02	1.432097e+03
1.460899e+00	1.271565e+00	1.405611e+03	9.108886e+02
1.562083e+00	1.192085e+00	6.609742e+01	5.198928e+02
1.534898e+00	1.211977e+00	6.931623e+01	1.765727e+02
1.597364e+00	1.167142e+00	9.881777e+01	1.348872e+03
1.492223e+00	1.245510e+00	2.177882e+02	2.798123e+02
1.485965e+00	1.250352e+00	1.783829e+02	1.120316e+02
1.365895e+00	1.358576e+00	5.523607e+02	5.108205e+02
1.400239e+00	1.325215e+00	2.685166e+02	1.143342e+03
1.367623e+00	1.356498e+00	1.289530e+02	2.722313e+02
1.435909e+00	1.292957e+00	2.756467e+02	4.218977e+02
1.477360e+00	1.257849e+00	3.507985e+02	1.705986e+03
1.458375e+00	1.273409e+00	4.676433e+02	6.374133e+02
1.476014e+00	1.258356e+00	2.192970e+01	3.723461e+02
1.596986e+00	1.167677e+00	8.728809e+01	5.190409e+02
1.427201e+00	1.300398e+00	1.006608e+02	2.370289e+02
1.511426e+00	1.230366e+00	1.277426e+03	8.756967e+01
1.455888e+00	1.275457e+00	3.415370e+02	3.574510e+02
1.482940e+00	1.252890e+00	1.546058e+02	5.740383e+02
1.497352e+00	1.241201e+00	4.051680e+02	4.609755e+01
1.527600e+00	1.217685e+00	2.360458e+02	1.445299e+02
1.491343e+00	1.246081e+00	8.316922e+02	1.110686e+02
1.479707e+00	1.255558e+00	2.752543e+02	4.494299e+02
1.622611e+00	1.150246e+00	1.622007e+02	1.631909e+02
1.489251e+00	1.248032e+00	5.054559e+02	1.119316e+03
1.391319e+00	1.333668e+00	2.087642e+02	5.434373e+02
1.487807e+00	1.248902e+00	3.055609e+01	3.367176e+02
1.374726e+00	1.349357e+00	2.504983e+02	7.266258e+01
1.373632e+00	1.350599e+00	5.517318e+02	5.247853e+02
1.479611e+00	1.255823e+00	5.145784e+02	1.374343e+03
1.488219e+00	1.248797e+00	1.616830e+02	4.289370e+02
1.520480e+00	1.223212e+00	2.477269e+02	1.118371e+03
1.571067e+00	1.185621e+00	8.608265e+01	3.412173e+02
1.628615e+00	1.146255e+00	1.712004e+02	9.667646e+01
1.556263e+00	1.196344e+00	4.759315e+01	8.938726e+02
1.506817e+00	1.233841e+00	5.019841e+01	7.142018e+02
1.641106e+00	1.138199e+00	3.815911e+02	5.118802e+02
1.503736e+00	1.236138e+00	6.279091e+01	4.005554e+02
1.375469e+00	1.349056e+00	5.058726e+01	1.822288e+03
1.419779e+00	1.307400e+00	1.273460e+03	1.583111e+02
1.471251e+00	1.262800e+00	3.027510e+01	1.998208e+03
1.383147e+00	1.341484e+00	2.792258e+02	3.071944e+02
1.482852e+00	1.253007e+00	6.289025e+01	6.401347e+02
1.499479e+00	1.239427e+00	1.054833e+02	7.109810e+02
1.545945e+00	1.204064e+00	6.221302e+02	3.883047e+02
1.412057e+00	1.314322e+00	1.078351e+03	1.472661e+02
1.410438e+00	1.315714e+00	4.194470e+02	6.089779e+02
1.645952e+00	1.135031e+00	7.035778e+01	3.318855e+02
1.366990e+00	1.357048e+00	9.323371e+01	1.214073e+02
1.363820e+00	1.360627e+00	8.722521e+02	5.545379e+02
1.387191e+00	1.337753e+00	4.543591e+02	1.572792e+03
1.445703e+00	1.284303e+00	3.507528e+02	8.944557e+02
1.577161e+00	1.181453e+00	6.101711e+01	1.414120e+03
1.395664e+00	1.329696e+00	4.111077e+02	1.287761e+03
1.629625e+00	1.145498e+00	8.049562e+01	2.044744e-01
1.448609e+00	1.281783e+00	8.972813e+02	6.112812e+02
1.479323e+00	1.255676e+00	1.711749e+02	1.130398e+02
1.471504e+00	1.262182e+00	6.647840e+01	5.697968e+02
1.536801e+00	1.210794e+00	1.267390e+01	7.611959e+02
1.448130e+00	1.282110e+00	1.003976e+02	4.371863e+02
1.521754e+00	1.222132e+00	4.593135e+02	3.279816e+02
1.511088e+00	1.230471e+00	4.620982e+02	3.812262e+02
1.511183e+00	1.230514e+00	3.622910e+02	9.464043e+02
1.561383e+00	1.192591e+00	1.904173e+02	9.053748e+02
1.459676e+00	1.272078e+00	1.562826e+02	2.545965e+02
1.541933e+00	1.206904e+00	3.263759e+02	4.253926e+02
1.510767e+00	1.230679e+00	8.396178e+01	1.431101e+03
1.366913e+00	1.357289e+00	8.472505e+01	4.909121e+02
1.463725e+00	1.268805e+00	4.460454e+01	4.919964e+02
1.478195e+00	1.256733e+00	4.395018e+01	6.396211e+02
1.541553e+00	1.207548e+00	3.474500e+02	1.709383e+03
1.375493e+00	1.348951e+00	1.200712e+02	1.063849e+03
1.397075e+00	1.328502e+00	2.196886e+02	1.987221e+03
1.517981e+00	1.225067e+00	8.536457e+02	2.711965e+01
1.424930e+00	1.302446e+00	3.764949e+02	4.435185e+02
1.473494e+00	1.260768e+00	4.585916e+02	7.781082e+02
1.477795e+00	1.257319e+00	8.984386e+01	1.391995e+03
1.596030e+00	1.168286e+00	6.041122e+02	2.042482e+02
1.545035e+00	1.204551e+00	1.209138e+02	5.124750e+02
1.426317e+00	1.301307e+00	3.336616e+02	3.480948e+01
1.495316e+00	1.242684e+00	2.667759e+01	5.003095e+02
1.523301e+00	1.221193e+00	8.442781e+02	6.672208e+00
1.539600e+00	1.208677e+00	3.020297e+02	1.132263e+02
1.437066e+00	1.291838e+00	9.427035e+02	1.717903e+02
1.503173e+00	1.236682e+00	2.574550e+02	2.940904e+02
1.443785e+00	1.286040e+00	2.409589e+02	6.122312e+02
1.560041e+00	1.193689e+00	8.944210e+02	2.501716e+01
1.535665e+00	1.211581e+00	3.183432e+02	4.726327e+01
1.374395e+00	1.349974e+00	2.952527e+01	6.652663e+02
1.370348e+00	1.354068e+00	7.291302e+02	6.429000e+02
1.447341e+00	1.282919e+00	6.711318e+02	6.995872e+01
1.466282e+00	1.266795e+00	4.012157e+02	7.442309e+02
1.433937e+00	1.294864e+00	1.229851e+03	3.532356e+02
1.413293e+00	1.313420e+00	2.627914e+02	1.099510e+03
1.363382e+00	1.360930e+00	4.287437e+02	1.461806e+03
1.654112e+00	1.129983e+00	2.096445e+02	5.888640e+02
1.529505e+00	1.216059e+00	6.647884e+01	5.410398e+02
1.460474e+00	1.271736e+00	2.633932e+02	3.303294e+02
1.586169e+00	1.175281e+00	3.876539e+02	1.929352e+03
1.376545e+00	1.347593e+00	1.782883e+02	1.079049e+01
1.502033e+00	1.237450e+00	3.227975e+02	1.920525e+01
1.515462e+00	1.227203e+00	1.992364e+02	1.202193e+03
1.404768e+00	1.321210e+00	5.420622e+02	1.242379e+03
1.534837e+00	1.212374e+00	3.936055e+02	1.971627e+03
1.512571e+00	1.229133e+00	1.060391e+02	3.555246e+02
1.436482e+00	1.292354e+00	9.217895e+02	4.481258e+02
1.555135e+00	1.197242e+00	2.822290e+02	1.509752e+01
1.551217e+00	1.200140e+00	7.337009e+02	2.403040e+02
1.508217e+00	1.232709e+00	4.090579e+02	1.402772e+02
1.458806e+00	1.272935e+00	9.030233e+02	4.086224e+02
1.561966e+00	1.192346e+00	6.540794e+02	3.641912e+02
1.578940e+00	1.180041e+00	2.434992e+02	1.669633e+02
1.445017e+00	1.285184e+00	6.822214e+02	9.504738e+02
1.394015e+00	1.331308e+00	6.013777e+02	1.153905e+03
1.454661e+00	1.276508e+00	2.132481e+02	2.723738e+02
1.384399e+00	1.340526e+00	5.203382e+02	7.660758e+02
1.490534e+00	1.246842e+00	1.531051e+02	9.846607e+02
1.481955e+00	1.253670e+00	3.171995e+02	1.057392e+02
1.621773e+00	1.150729e+00	7.310312e+01	5.741928e+02
1.587477e+00	1.173921e+00	8.753773e+01	2.637244e+02
1.656112e+00	1.128660e+00	1.629081e+02	2.661071e+03
1.365023e+00	1.359310e+00	2.195942e+02	1.114244e+03
1.433683e+00	1.295000e+00	5.098122e+02	6.419889e+02
1.440338e+00	1.288853e+00	2.947277e+02	1.865634e+02
1.445828e+00	1.284088e+00	2.855383e+02	2.378814e+02
1.443698e+00	1.286048e+00	1.806477e+02	2.186754e+02
1.556917e+00	1.195768e+00	4.486042e+01	4.684711e+02
1.446980e+00	1.283382e+00	6.830488e+02	3.696571e+02
1.438876e+00	1.290126e+00	2.086813e+02	4.178204e+02
1.464534e+00	1.268007e+00	8.391154e+01	5.048047e+02
1.374874e+00	1.349410e+00	4.532181e+02	3.932960e+02
1.498022e+00	1.240539e+00	2.040533e+02	2.932478e+02
1.386375e+00	1.338529e+00	2.940213e+02	1.158910e+03
1.526723e+00	1.218343e+00	7.575069e+01	6.575749e+02
1.433297e+00	1.295196e+00	8.075273e+02	4.113272e+02
1.448172e+00	1.282265e+00	8.713360e+02	5.564184e+02
1.459888e+00	1.271973e+00	2.479816e+02	1.479687e+02
1.434865e+00	1.293627e+00	3.711155e+02	6.258989e+02
1.436720e+00	1.292009e+00	1.971780e+02	1.023256e+02
1.561492e+00	1.192482e+00	4.693227e+01	3.485158e+02
1.410921e+00	1.315335e+00	1.362470e+03	8.622832e-01
1.397777e+00	1.327607e+00	1.481361e+02	6.062974e+02
1.428554e+00	1.299300e+00	4.298548e+02	6.248045e+02
1.417735e+00	1.309046e+00	1.859050e+02	4.254781e+02
1.401377e+00	1.324027e+00	4.164468e+02	6.264649e+01
1.588280e+00	1.173753e+00	3.119943e+01	1.283318e+03
1.489418e+00	1.247730e+00	5.267702e+02	3.516217e+02
1.535947e+00	1.211411e+00	3.602512e+02	2.079435e+02
1.432513e+00	1.295859e+00	2.235183e+02	6.518437e+02
1.533407e+00	1.213246e+00	5.456241e+01	1.624398e+03
1.385916e+00	1.338672e+00	8.412263e+01	3.798763e+01
1.421678e+00	1.305656e+00	3.561879e+02	9.759361e+02
1.450798e+00	1.279841e+00	1.086297e+02	7.040293e+02
1.390075e+00	1.335155e+00	1.166636e+03	6.764671e+01
1.523671e+00	1.220863e+00	7.243209e+00	1.619925e+03
1.405689e+00	1.320245e+00	2.466628e+02	4.405814e+02
1.389319e+00	1.335598e+00	2.705004e+01	1.052757e+03
1.445733e+00	1.284353e+00	7.651378e+02	3.850423e+02
1.518529e+00	1.224510e+00	5.783371e+01	4.874628e+02
1.400775e+00	1.324758e+00	3.003489e+02	2.258656e+02
1.507523e+00	1.233381e+00	8.200566e+02	2.166413e+02
1.432046e+00	1.296228e+00	4.699430e+02	1.473550e+02
1.470017e+00	1.263729e+00	5.201841e+02	1.333631e+03
1.375983e+00	1.348520e+00	1.233612e+02	4.873439e+02
1.434366e+00	1.294044e+00	8.135055e+02	2.229301e+02
1.481817e+00	1.254265e+00	7.107926e+02	1.543757e+03
1.471021e+00	1.263031e+00	2.747568e+02	7.091277e+02
1.500283e+00	1.238562e+00	5.637980e+01	9.533950e+01
1.545970e+00	1.203803e+00	1.067566e+02	3.083196e+02
1.446302e+00	1.283855e+00	2.543461e+02	9.120120e+02
1.420346e+00	1.306675e+00	5.394213e+01	1.273301e+03
1.362870e+00	1.361511e+00	1.916505e+03	1.069888e+03
1.528224e+00	1.217346e+00	1.889857e+02	1.693422e+02
1.365278e+00	1.358949e+00	6.862282e+02	2.624800e+02
1.435119e+00	1.293512e+00	1.626777e+02	6.986160e+02
1.416334e+00	1.310308e+00	3.372086e+01	4.195239e+02
1.404414e+00	1.321440e+00	1.821802e+02	5.133234e+02
1.558820e+00	1.194881e+00	1.686506e+02	6.803615e+02
1.537706e+00	1.210079e+00	2.921626e+02	6.038340e+02
1.627868e+00	1.147033e+00	3.047774e+02	9.074216e+02
1.449874e+00	1.281014e+00	1.364802e+03	5.395632e+01
1.484181e+00	1.251936e+00	1.756746e+02	1.557403e+03
1.455633e+00	1.275613e+00	2.497378e+02	2.035492e+02
1.550668e+00	1.200384e+00	6.927174e-01	1.636110e+03
1.363673e+00	1.360457e+00	4.795624e+02	2.218672e+01
1.462950e+00	1.269415e+00	6.070483e+02	2.548097e+02
1.545654e+00	1.204227e+00	2.540359e+02	1.048714e+03
1.446516e+00	1.283663e+00	1.036686e+02	3.982198e+02
1.458498e+00	1.273313e+00	2.436523e+02	4.357716e+02
1.551211e+00	1.199949e+00	1.484409e+01	1.641643e+03
1.511447e+00	1.230160e+00	2.710548e+01	4.521026e+02
1.455461e+00	1.275702e+00	7.494444e+02	5.230417e+02
1.533504e+00	1.213371e+00	6.451755e+02	9.791603e+02
1.376855e+00	1.347701e+00	5.871141e+02	5.858302e+02
1.376372e+00	1.348051e+00	1.017028e+03	3.780956e+01
1.512447e+00	1.229311e+00	1.397080e+02	3.128474e+02
1.486145e+00	1.250353e+00	6.447986e+02	2.396593e+02
1.366359e+00	1.357731e+00	4.370906e+02	5.222071e+02
1.417594e+00	1.309241e+00	1.390039e+02	5.094097e+02
1.495848e+00	1.242742e+00	3.975517e+02	2.526318e+03
1.576842e+00	1.181691e+00	4.182122e+02	2.016555e+02
1.376712e+00	1.347972e+00	2.100608e+02	1.462230e+03
1.511508e+00	1.229851e+00	7.898962e+01	3.368454e+02
1.539173e+00	1.209072e+00	2.863190e+02	2.524740e+02
1.523274e+00	1.220978e+00	1.026038e+01	1.186594e+03
1.499893e+00	1.239044e+00	2.318955e+02	3.239979e+00
1.417598e+00	1.309375e+00	5.271456e+02	1.603015e+02
1.477670e+00	1.257301e+00	4.135848e+02	3.683925e+00
1.415454e+00	1.311385e+00	2.641438e+02	1.575382e+03
1.362526e+00	1.361691e+00	3.253224e+02	9.875052e+02
1.423390e+00	1.304116e+00	1.326300e+03	3.142034e+02
1.384606e+00	1.340181e+00	6.964585e+02	3.140370e+02
1.474078e+00	1.260253e+00	1.049563e+02	5.664344e+02
1.446992e+00	1.283101e+00	2.557761e+02	4.564519e+02
1.482450e+00	1.253654e+00	6.654045e+02	2.364159e+03
1.540270e+00	1.208150e+00	1.074288e+02	1.639575e+03
1.379188e+00	1.345403e+00	5.808963e+02	5.385585e+02
1.416556e+00	1.310438e+00	1.042496e+03	3.517664e+02
1.391306e+00	1.333597e+00	4.205388e+02	2.546636e+01
1.484640e+00	1.251686e+00	1.007180e+03	5.440458e+02
1.445636e+00	1.284378e+00	2.133305e+02	4.583877e+02
1.450582e+00	1.280390e+00	2.579263e+02	1.009257e+03
1.700429e+00	1.101253e+00	1.744885e+01	2.450454e+02
1.411622e+00	1.314945e+00	3.420899e+01	1.775796e+03
1.721253e+00	1.089126e+00	1.720464e+01	6.088473e+02
1.437526e+00	1.291247e+00	2.138987e+02	8.271640e+02
1.401169e+00	1.324458e+00	1.636234e+02	3.905824e+02
1.429069e+00	1.299027e+00	3.949103e+02	2.195764e+02
1.391155e+00	1.334226e+00	8.892834e+02	1.354924e+03
1.374365e+00	1.350010e+00	3.601624e+02	4.806719e+02
1.481634e+00	1.253937e+00	1.612761e+02	1.039497e+03
1.399256e+00	1.326203e+00	3.720638e+02	1.250441e+03
1.409801e+00	1.316351e+00	3.667861e+02	1.104740e+01
1.378834e+00	1.345553e+00	3.690519e+02	1.536721e+02
1.416559e+00	1.310153e+00	6.946942e+02	5.082371e+02
1.512738e+00	1.229296e+00	7.117838e+02	5.008052e+02
1.436276e+00	1.292572e+00	8.470847e+02	1.130078e+03
1.484054e+00	1.252050e+00	3.937218e+02	1.236815e+03
1.430624e+00	1.297392e+00	1.661865e+02	3.683071e+02
1.505828e+00	1.234376e+00	2.086976e+01	2.809706e+02
1.398962e+00	1.326524e+00	5.462475e+02	6.416154e+02
1.525341e+00	1.219451e+00	1.826234e+02	9.015089e+02
1.632662e+00	1.143824e+00	2.455761e+02	2.411041e+02
1.591058e+00	1.171697e+00	4.360702e+02	6.284228e+02
1.480797e+00	1.254905e+00	9.359557e+01	1.317954e+03
1.392059e+00	1.333170e+00	1.082374e+02	6.811892e+02
1.395003e+00	1.330091e+00	5.105807e+02	1.390701e+02
1.575662e+00	1.182348e+00	4.788329e+01	7.485590e+02
1.546106e+00	1.203928e+00	5.423319e+02	6.993486e+02
1.575656e+00	1.182557e+00	1.970681e+02	1.825689e+03
1.605767e+00	1.161461e+00	1.910591e+02	2.301695e+02
1.409262e+00	1.316931e+00	6.142750e+02	1.034458e+02
1.492097e+00	1.245579e+00	5.182091e+02	8.051594e+02
1.382238e+00	1.342160e+00	3.748009e+02	2.118120e+01
1.455304e+00	1.276008e+00	6.085483e+02	3.064728e+02
1.587581e+00	1.174167e+00	3.448129e+02	1.992445e+02
1.471692e+00	1.262314e+00	8.449708e+02	2.526411e+01
1.505086e+00	1.234945e+00	2.456480e+02	1.674879e+01
1.418786e+00	1.307999e+00	2.966966e+02	2.492550e+02
1.414327e+00	1.312155e+00	4.124153e+02	9.090826e+01
1.555904e+00	1.196415e+00	1.171747e+02	5.898224e+01
1.410550e+00	1.315755e+00	5.538768e+02	3.883140e+02
1.435972e+00	1.292612e+00	1.880331e+02	2.768090e+01
1.433731e+00	1.294800e+00	1.281358e+01	6.898443e+02
1.364834e+00	1.359482e+00	1.067215e+03	1.826539e+02
1.410517e+00	1.315611e+00	9.541922e+02	1.709662e+01
1.460388e+00	1.271759e+00	2.487487e+02	9.653344e+02
1.469830e+00	1.263817e+00	1.662895e+02	1.273903e+03
1.471088e+00	1.262755e+00	1.512781e+01	1.967350e+03
1.481794e+00	1.253849e+00	1.336996e+02	3.204949e+02
1.563714e+00	1.191131e+00	2.564240e+02	1.427181e+03
1.377438e+00	1.347016e+00	1.820605e+02	1.105251e+03
1.428988e+00	1.299234e+00	1.585614e+02	2.046873e+03
1.500891e+00	1.238493e+00	1.952674e+02	6.552343e+02
1.380578e+00	1.343855e+00	1.524670e+01	9.877539e+02
1.439903e+00	1.289495e+00	2.410403e+02	4.107005e+02
1.626613e+00	1.147578e+00	5.205313e+02	4.184420e+01
1.583465e+00	1.176969e+00	2.789601e+02	7.320770e+02
1.455439e+00	1.275939e+00	1.365723e+02	8.911264e+02
1.564542e+00	1.190259e+00	4.606905e+01	7.239543e+02
1.442588e+00	1.286866e+00	3.837659e+02	1.806530e+02
1.365732e+00	1.358395e+00	9.276721e+00	3.524008e+02
1.568531e+00	1.187472e+00	3.793898e+00	7.214201e+02
1.641982e+00	1.137633e+00	3.534358e+02	4.992119e+02
1.405400e+00	1.320772e+00	1.042272e+03	3.962879e+02
1.410240e+00	1.316054e+00	6.310262e+02	2.004407e+02
1.426166e+00	1.301305e+00	3.564344e+02	5.570351e+01
1.539139e+00	1.209105e+00	5.026149e+01	1.006845e+03
1.559095e+00	1.194273e+00	9.249999e+01	2.606035e+02
1.384240e+00	1.340594e+00	1.095618e+03	6.306778e+01
1.457658e+00	1.274141e+00	7.678604e+02	3.869826e+02
1.509046e+00	1.232222e+00	1.182501e+02	6.169078e+02
1.431752e+00	1.296581e+00	1.003940e+02	5.729718e+02
1.560965e+00	1.193254e+00	7.036136e+02	1.090170e+02
1.524020e+00	1.220269e+00	9.995834e+01	1.792360e+02
1.679204e+00	1.114250e+00	8.512545e+01	6.245858e+02
1.390169e+00	1.335035e+00	1.418202e+03	5.104252e+01
1.460267e+00	1.272132e+00	9.169935e+02	5.282693e+02
1.511914e+00	1.229856e+00	3.098623e+01	1.321246e+03
1.478610e+00	1.256633e+00	4.796325e+02	8.481397e+02
1.671663e+00	1.118879e+00	8.877493e+01	1.558576e+02
1.460711e+00	1.271529e+00	7.530184e+02	3.371992e+02
1.403345e+00	1.322442e+00	3.873071e+02	1.958957e+02
1.437070e+00	1.291960e+00	8.415650e+02	3.677849e+02
1.379614e+00	1.345225e+00	4.837270e+02	1.095231e+03
1.666212e+00	1.122346e+00	1.413834e+02	3.281333e+02
1.498257e+00	1.240606e+00	4.186461e+02	4.136006e+01
1.436649e+00	1.291989e+00	4.107647e+02	6.838762e+02
1.455231e+00	1.276121e+00	6.152555e+01	4.786998e+02
1.379428e+00	1.345033e+00	1.178583e+03	9.623295e+01
1.455194e+00	1.276215e+00	2.967683e+01	4.805913e+02
1.444951e+00	1.284960e+00	6.123646e+02	8.020459e+02
1.619691e+00	1.152360e+00	2.950059e+02	2.457714e+02
1.521679e+00	1.222410e+00	1.524397e+02	1.730319e+03
1.526134e+00	1.218771e+00	2.982028e+02	5.424083e+02
1.476876e+00	1.257853e+00	4.866979e+01	6.957517e+02
1.514600e+00	1.227625e+00	3.117416e+02	1.539862e+01
1.379907e+00	1.344786e+00	4.549650e+01	1.136398e+03
1.422766e+00	1.304571e+00	4.446358e+02	4.973674e+02
1.366855e+00	1.357191e+00	3.433181e+02	9.644978e+02
1.475999e+00	1.258617e+00	2.889001e+02	1.877043e+02
1.572467e+00	1.184755e+00	3.045633e+02	1.208599e+03
1.504028e+00	1.236200e+00	7.614701e+02	3.024775e+02
1.624198e+00	1.149070e+00	3.618145e+01	6.549307e+02
1.622264e+00	1.150687e+00	6.283318e+02	3.787376e+02
1.433546e+00	1.294914e+00	8.997753e+01	1.529206e+03
1.554491e+00	1.197591e+00	2.118008e+02	9.226843e+02
1.381109e+00	1.343554e+00	6.010379e+02	5.369929e+02
1.403658e+00	1.321885e+00	7.211362e+01	8.749847e+02
1.365004e+00	1.359217e+00	7.283455e+02	7.312226e+02
1.542199e+00	1.206508e+00	7.834212e+01	5.962491e+02
1.370429e+00	1.354188e+00	1.881665e+03	1.303248e+03
1.386445e+00	1.338427e+00	4.508736e+02	6.932024e+02
1.525268e+00	1.219594e+00	4.989254e+02	1.505739e+01
1.417521e+00	1.309367e+00	6.056157e+02	3.885897e+01
1.478599e+00	1.256612e+00	2.767934e+01	5.870485e+02
1.477992e+00	1.256948e+00	3.578237e+02	1.981609e+02
1.430069e+00	1.298272e+00	8.632968e+02	2.144034e+02
1.513824e+00	1.228218e+00	1.970059e+02	6.104875e+02
1.541440e+00	1.207186e+00	1.049459e+01	1.135491e+03
1.498443e+00	1.240300e+00	2.799129e+02	8.514631e+02
1.478849e+00	1.256248e+00	5.915483e+02	1.173933e+01
1.444282e+00	1.285451e+00	3.125805e+01	6.876152e+02
1.390442e+00	1.334372e+00	2.613831e+02	7.860993e+02
1.524330e+00	1.220220e+00	3.770463e+02	8.827151e+02
1.448534e+00	1.281855e+00	6.031767e+02	3.434105e+02
1.540342e+00	1.208191e+00	3.332130e+02	9.061910e+02
1.381096e+00	1.343578e+00	9.988372e+02	7.434156e+01
1.525425e+00	1.219231e+00	2.204708e+02	3.673290e+02
1.513387e+00	1.228576e+00	2.748734e+02	1.798367e+01
1.443935e+00	1.285736e+00	1.449807e+02	3.221543e+02
1.425094e+00	1.302348e+00	2.455974e+00	1.800035e+02
1.420702e+00	1.306635e+00	1.455517e+02	9.224561e+02
1.543335e+00	1.205756e+00	4.134057e+01	1.500906e+02
1.369025e+00	1.355283e+00	3.538286e+02	5.661510e+02
1.460653e+00	1.271612e+00	3.453849e+02	8.248175e+02
1.561763e+00	1.192317e+00	1.363679e+02	1.647017e+03
1.392964e+00	1.332221e+00	7.794080e+02	4.531803e+02
1.523462e+00	1.220838e+00	2.923762e+02	1.766687e+02
1.388308e+00	1.336445e+00	1.878455e+02	1.787804e+02
1.476007e+00	1.258562e+00	3.170456e+01	6.048371e+02
1.395252e+00	1.330016e+00	9.256411e+02	5.111363e+02
1.468191e+00	1.265224e+00	9.745509e+02	4.566243e+02
1.610523e+00	1.158559e+00	5.600975e+02	2.109848e+02
1.423640e+00	1.303486e+00	2.088936e+02	3.682249e+02
1.638379e+00	1.139969e+00	1.255990e+02	3.121373e+02
1.552902e+00	1.198835e+00	2.582388e+02	2.531333e+02
1.470285e+00	1.263359e+00	7.570693e+01	5.055228e+02
1.531173e+00	1.214939e+00	9.898429e+01	4.549841e+02
1.652170e+00	1.131031e+00	2.811977e+02	9.299215e+02
1.538528e+00	1.209545e+00	2.102797e+02	2.374431e+02
1.405933e+00	1.319957e+00	9.358778e+02	2.404765e+02
1.526528e+00	1.218799e+00	2.751549e+01	2.050540e+03
1.629228e+00	1.146137e+00	1.540310e+02	1.991356e+03
1.544100e+00	1.205417e+00	5.926498e+02	4.553402e+02
1.466143e+00	1.266943e+00	9.424726e+01	1.658142e+02
1.459832e+00	1.272305e+00	1.266522e+03	1.394375e+02
1.422535e+00	1.304747e+00	2.266638e+02	5.044696e+02
1.444792e+00	1.285333e+00	5.018852e+02	8.686141e+02
1.527169e+00	1.218023e+00	6.935243e+01	1.504886e+03
1.425096e+00	1.302371e+00	7.399676e+01	3.403999e+02
1.784145e+00	1.054478e+00	7.631284e+01	4.410159e+02
1.430811e+00	1.297329e+00	9.327439e+01	6.421684e+02
1.472889e+00	1.261360e+00	5.304825e+02	1.824688e+03
1.469007e+00	1.264529e+00	9.882636e+02	3.532264e+02
1.523238e+00	1.221109e+00	2.215529e+02	1.357824e+03
1.441406e+00	1.287967e+00	3.067808e+01	5.598208e+02
1.414221e+00	1.312266e+00	3.063022e+02	1.781303e+02
1.561265e+00	1.192657e+00	8.444643e+01	1.077309e+03
1.551069e+00	1.200264e+00	5.166812e+02	5.293475e+02
1.566240e+00	1.189033e+00	1.048701e+02	3.078625e+02
1.420750e+00	1.306252e+00	5.151709e+01	1.195142e+03
1.456440e+00	1.275216e+00	2.649201e+02	1.817110e+03
1.547722e+00	1.202996e+00	5.122607e+01	2.842107e+03
1.526310e+00	1.218587e+00	1.574622e+01	5.327435e+02
1.512167e+00	1.229447e+00	4.686297e+02	2.826310e+02
1.525405e+00	1.219649e+00	8.602115e+02	7.128684e+02
1.548838e+00	1.201785e+00	2.187946e+02	3.836069e+02
1.513708e+00	1.228554e+00	5.754374e+01	1.101854e+03
1.560746e+00	1.193228e+00	7.032505e+02	6.536090e+00
1.676888e+00	1.115774e+00	1.335910e+01	5.664765e+02
1.487022e+00	1.249382e+00	1.363408e+02	1.731520e+02
1.513976e+00	1.228348e+00	2.960837e+02	6.834058e+02
1.496046e+00	1.242094e+00	1.521012e+02	3.041104e+02
1.501865e+00	1.237726e+00	2.521152e+02	3.898003e+02
1.441575e+00	1.287825e+00	2.962934e+02	7.100798e+01
1.495849e+00	1.242483e+00	3.868282e+02	2.248341e+02
1.572104e+00	1.184724e+00	1.304654e+02	1.982163e+02
1.363734e+00	1.360531e+00	3.827355e+02	2.327717e+02
1.517848e+00	1.225252e+00	3.097551e+01	1.224012e+03
1.522139e+00	1.221845e+00	3.683871e+02	1.763323e+02
1.370113e+00	1.354230e+00	3.141674e+01	1.056537e+03
1.591650e+00	1.171126e+00	6.726442e+01	2.966488e+02
1.412965e+00	1.313172e+00	4.035988e+01	2.742735e+02
1.380876e+00	1.343777e+00	1.019146e+03	3.561822e+00
1.450683e+00	1.279949e+00	3.404313e+00	1.215661e+03
1.677167e+00	1.115485e+00	9.041622e+01	2.485675e+02
1.565192e+00	1.189793e+00	1.107239e+01	3.147807e+02
1.366823e+00	1.357439e+00	1.579590e+02	1.507221e+03
1.434615e+00	1.293996e+00	6.028621e+02	5.674161e-01
1.514669e+00	1.227573e+00	9.553998e+01	2.963149e+02
1.471364e+00	1.262814e+00	9.501068e+02	1.476265e+03
1.406596e+00	1.319298e+00	4.451586e+02	7.793427e+02
1.431630e+00	1.296676e+00	1.983049e+02	9.817152e+02
1.435252e+00	1.293684e+00	1.478448e+03	5.672627e+00
1.377544e+00	1.347056e+00	9.910670e+01	1.162470e+03
1.509410e+00	1.231991e+00	3.701012e+02	8.769477e+02
1.509609e+00	1.231526e+00	2.491649e+02	7.270857e+02
1.572141e+00	1.184826e+00	2.247328e+01	1.420484e+03
1.393910e+00	1.331281e+00	3.643173e+02	1.663841e+02
1.391518e+00	1.333431e+00	1.094156e+03	3.249827e+02
1.466759e+00	1.266251e+00	9.043439e+01	1.445089e+03
1.638250e+00	1.139896e+00	8.335553e+01	4.138438e+02
1.506973e+00	1.233652e+00	1.140311e+02	5.210107e+02
1.614647e+00	1.155551e+00	5.182960e+01	6.396641e+02
1.463829e+00	1.268580e+00	2.842350e+02	9.379829e+00
1.411142e+00	1.315331e+00	5.847239e+02	1.338879e+03
1.565773e+00	1.189512e+00	2.060159e+02	1.170624e+02
1.501208e+00	1.238204e+00	1.067707e+02	5.330732e+02
1.389481e+00	1.335334e+00	4.547167e+02	5.622851e+02
1.657204e+00	1.127766e+00	5.067147e+01	2.396608e+02
1.680532e+00	1.113533e+00	5.886356e+02	3.598034e+01
1.436258e+00	1.292332e+00	2.874649e+02	3.817927e+01
1.403379e+00	1.322676e+00	1.890082e+02	1.899790e+03
1.409252e+00	1.316977e+00	7.229849e+02	4.487266e+02
1.391065e+00	1.334047e+00	1.627939e+02	9.943910e+02
1.398564e+00	1.326896e+00	4.236190e+02	1.354134e+03
1.525366e+00	1.219577e+00	2.005527e+02	6.263412e+02
1.463591e+00	1.268891e+00	3.646217e+02	8.246861e+02
1.445421e+00	1.284556e+00	1.293973e+02	3.059239e+02
1.463442e+00	1.269276e+00	9.531152e+02	1.871854e+02
1.459110e+00	1.272947e+00	4.020544e+02	2.564533e+02
1.389708e+00	1.335209e+00	1.073162e+03	1.348736e+02
1.486807e+00	1.249757e+00	1.401109e+02	5.086320e+02
1.454575e+00	1.276682e+00	3.824278e+02	5.681361e+01
1.378288e+00	1.346054e+00	6.964121e+02	5.375764e+02
1.548041e+00	1.202252e+00	1.750214e+02	1.695785e+01
1.531076e+00	1.215046e+00	2.444314e+02	3.198145e+02
1.569734e+00	1.186884e+00	2.991239e+02	2.198026e+03
1.569489e+00	1.186919e+00	5.036710e+02	3.064005e+02
1.461353e+00	1.270864e+00	2.406512e+02	9.584910e+02
1.404394e+00	1.321512e+00	1.323249e+03	8.713308e+01
1.453401e+00	1.277711e+00	7.585887e+02	1.618623e+02
1.455769e+00	1.275800e+00	1.055369e+02	1.415255e+03
1.447661e+00	1.282433e+00	4.502648e+02	2.487109e+01
1.497826e+00	1.240951e+00	3.216115e+02	1.660370e+03
1.541806e+00	1.206884e+00	9.653006e+01	3.092010e+01
1.408513e+00	1.317388e+00	3.027529e+02	6.384998e+01
1.569973e+00	1.186692e+00	4.346440e+02	1.187248e+03
1.613686e+00	1.155956e+00	2.886410e+01	1.533118e+02
1.504339e+00	1.235487e+00	3.820492e+02	1.150875e+02
1.604895e+00	1.162073e+00	3.554867e+02	2.988875e+02
1.485000e+00	1.251409e+00	4.067605e+02	1.390655e+03
1.491715e+00	1.245852e+00	1.530758e+02	1.120780e+03
1.365826e+00	1.358332e+00	1.935040e+02	1.762533e+02
1.493680e+00	1.244231e+00	3.882882e+02	4.620839e+02
1.555818e+00	1.196665e+00	5.145361e+01	6.699554e+02
1.460492e+00	1.271594e+00	5.216860e+02	9.997553e+02
1.429504e+00	1.298657e+00	4.299861e+02	4.060430e+02
1.577001e+00	1.181427e+00	1.609403e+02	3.194262e+02
1.455897e+00	1.275625e+00	6.309781e+02	1.309287e+03
1.688641e+00	1.108631e+00	8.733176e+01	8.503156e+02
1.437456e+00	1.291749e+00	4.783286e+01	2.001228e+03
1.616851e+00	1.154206e+00	2.149901e+02	7.204109e+02
1.556288e+00	1.196137e+00	2.647290e+02	4.985938e+01
1.485433e+00	1.250676e+00	2.893657e+02	1.237265e+02
1.475068e+00	1.259315e+00	3.262835e+02	6.693637e+02
1.552276e+00	1.199204e+00	2.432447e+02	5.266069e+01
1.503261e+00	1.236830e+00	1.736999e+02	2.059261e+03
1.393583e+00	1.331609e+00	1.001206e+02	8.492130e+02
1.512760e+00	1.228936e+00	4.500082e+02	2.631645e+02
1.463763e+00	1.269117e+00	5.223231e+02	1.532336e+03
1.598543e+00	1.166844e+00	8.843601e+02	9.031936e+00
1.463717e+00	1.268869e+00	2.395996e+02	1.774094e+02
1.425369e+00	1.302361e+00	1.589340e+02	4.391186e+02
1.473134e+00	1.260957e+00	1.968664e+02	1.101450e+03
1.365002e+00	1.359194e+00	4.876434e+02	3.930231e+02
1.657471e+00	1.127877e+00	3.655080e+02	1.022257e+03
1.561723e+00	1.192325e+00	4.769071e+02	2.800520e+02
1.497190e+00	1.241543e+00	9.446738e+01	8.043065e+02
1.510890e+00	1.230639e+00	3.118863e+02	5.869129e+02
1.440691e+00	1.288586e+00	3.125656e+02	3.330874e+02
1.364425e+00	1.359989e+00	5.235734e+02	6.414798e+02
1.516637e+00	1.226304e+00	4.059259e+01	7.123198e+02
1.414447e+00	1.312248e+00	3.505871e+02	7.569124e+02
1.548748e+00	1.202136e+00	6.606286e+02	1.146745e+03
1.551014e+00	1.200098e+00	1.583517e+02	3.208871e+02
1.459766e+00	1.272285e+00	4.455976e+02	7.790897e+02
1.385799e+00	1.338761e+00	2.307104e+02	2.437064e+02
1.509783e+00	1.231726e+00	2.180262e+00	2.097274e+03
1.460876e+00	1.271346e+00	8.331562e+01	1.340856e+03
1.583482e+00	1.176935e+00	2.667551e+02	4.592613e+02
1.502298e+00	1.237286e+00	2.432793e+02	5.913161e+02
1.556711e+00	1.196008e+00	2.898617e+02	8.506154e+01
1.488999e+00	1.248128e+00	2.506258e+02	1.536344e+03
1.713219e+00	1.093987e+00	5.670788e+01	1.130392e+03
1.634420e+00	1.142480e+00	5.305409e+01	9.710049e+02
1.474803e+00	1.259505e+00	3.219051e+02	3.157340e+02
1.392535e+00	1.332516e+00	4.945946e+02	1.129096e+02
1.426543e+00	1.301148e+00	7.151271e+02	5.170200e+02
1.446090e+00	1.283790e+00	4.125383e+02	1.860628e+01
1.372260e+00	1.351894e+00	1.609493e+02	3.418715e+02
1.372280e+00	1.351705e+00	1.601626e+02	7.345687e+01
1.464092e+00	1.268463e+00	4.963559e+01	7.421433e+02
1.362519e+00	1.361916e+00	1.311047e+03	2.293207e+02
1.600725e+00	1.164906e+00	1.579391e+02	1.249542e+03
1.511444e+00	1.229973e+00	1.976480e+02	2.316306e+02
1.408945e+00	1.317088e+00	4.268669e+02	3.152280e+01
1.426667e+00	1.301043e+00	9.429796e+01	4.651932e+02
1.445714e+00	1.284248e+00	2.807952e+02	5.176620e+01
1.544459e+00	1.205129e+00	5.786004e+02	7.298636e+02
1.536845e+00	1.210861e+00	3.112393e+02	1.093474e+03
1.569294e+00	1.186815e+00	1.206647e+02	1.154088e+02
1.442420e+00	1.287165e+00	4.492575e+01	1.007013e+03
1.425649e+00	1.302086e+00	7.557961e+02	5.465686e+02
1.433632e+00	1.294849e+00	1.120082e+03	3.027143e+02
1.421070e+00	1.305838e+00	7.734469e+01	1.741380e+02
1.504478e+00	1.235771e+00	2.968528e+02	1.895774e+02
1.714088e+00	1.093427e+00	1.664452e+02	2.079841e+02
1.563698e+00	1.190813e+00	1.454917e+02	4.058773e+02
1.551767e+00	1.199778e+00	3.361616e+02	6.679272e+02
1.414840e+00	1.311853e+00	2.385482e+01	1.148536e+03
1.469520e+00	1.264058e+00	4.205292e+02	1.768673e+03
1.604738e+00	1.162408e+00	2.797635e+02	4.004044e+02
1.443538e+00	1.286169e+00	6.529580e+02	5.588256e+02
1.464462e+00	1.268312e+00	1.278361e+03	1.663119e+00
1.419555e+00	1.307382e+00	2.137167e+02	8.747615e+01
1.433288e+00	1.295173e+00	6.619818e+01	6.552354e+02
1.442223e+00	1.287142e+00	1.096746e+02	1.077851e+02
1.544723e+00	1.204980e+00	2.432569e+02	1.426951e+03
1.412546e+00	1.313895e+00	7.500815e+02	1.256850e+02
1.558095e+00	1.195371e+00	8.980026e+02	5.859663e+02
1.540219e+00	1.208375e+00	1.700877e+01	2.284539e+03
1.593936e+00	1.169581e+00	1.909163e+02	2.523253e+02
1.384349e+00	1.340120e+00	1.708067e+01	1.383869e+03
1.388434e+00	1.336542e+00	2.964968e+02	3.983548e+02
1.471260e+00	1.262596e+00	1.020877e+02	9.120782e+02
1.367693e+00	1.356718e+00	9.977398e+02	5.493125e+02
1.419072e+00	1.307986e+00	8.059590e+02	2.300251e+02
1.381375e+00	1.343035e+00	6.482303e+02	4.186562e+01
1.413358e+00	1.313372e+00	4.101828e+02	1.301046e+03
1.499286e+00	1.239842e+00	3.502584e+02	4.928588e+01
1.594605e+00	1.169343e+00	5.502533e+02	4.089750e+02
1.472479e+00	1.261397e+00	1.560854e+02	3.405400e+02
1.396472e+00	1.328686e+00	4.396917e+01	4.339927e+02
1.587560e+00	1.173844e+00	8.986352e+01	3.215360e+02
1.558902e+00	1.194440e+00	2.307369e+02	2.055454e+02
1.407161e+00	1.318837e+00	1.661325e+02	5.083071e+02
1.435641e+00	1.293204e+00	8.140333e+02	1.269095e+03
1.365048e+00	1.359122e+00	2.968908e+02	1.940495e+02
1.448270e+00	1.282149e+00	1.065038e+03	6.244395e+00
1.409368e+00	1.316649e+00	3.045142e+02	2.021612e+02
1.670698e+00	1.119522e+00	1.928969e+02	1.136251e+03
1.494389e+00	1.243715e+00	3.155657e+02	4.580192e+02
1.476465e+00	1.258181e+00	2.158953e+02	2.545283e+02
1.374980e+00	1.349682e+00	6.142102e+02	4.086991e+02
1.572609e+00	1.184796e+00	3.041533e+02	1.433302e+03
1.439099e+00	1.290256e+00	2.565980e+02	2.260537e+03
1.502510e+00	1.237190e+00	6.991923e+01	4.864389e+02
1.573276e+00	1.184150e+00	3.154201e+02	1.332363e+02
1.597941e+00	1.166939e+00	2.411001e+01	6.738003e+02
1.507389e+00	1.233192e+00	2.266574e+02	1.756032e+02
1.399609e+00	1.326021e+00	1.392204e+02	1.219763e+03
1.370981e+00	1.353203e+00	4.189864e+02	5.713973e+02
1.461825e+00	1.270389e+00	1.503015e+02	4.154443e+02
1.451636e+00	1.278941e+00	1.608564e+02	8.267352e+02
1.446358e+00	1.283634e+00	4.759345e+02	4.479332e+02
1.439967e+00	1.289193e+00	1.526950e+02	1.775411e+03
1.394539e+00	1.330644e+00	8.437103e+02	3.441202e+02
1.443629e+00	1.286305e+00	3.528920e+02	1.835380e+02
1.527090e+00	1.217876e+00	1.314843e+02	1.398788e+02
1.479471e+00	1.256034e+00	1.104809e+03	3.575370e+02
1.474300e+00	1.260041e+00	6.817594e+01	4.596907e+02
1.404256e+00	1.321454e+00	3.831699e+02	1.939868e+02
1.469241e+00	1.264348e+00	1.989184e+01	6.356920e+02
1.452370e+00	1.278627e+00	1.001827e+03	2.120960e+02
1.575465e+00	1.182509e+00	2.082961e+02	1.912039e+02
1.371494e+00	1.352837e+00	3.976559e+02	1.884967e+02
1.522465e+00	1.221760e+00	9.230607e+01	1.800234e+03
1.514946e+00	1.227440e+00	4.006715e+01	1.251873e+03
1.426051e+00	1.301675e+00	1.003778e+02	9.703636e+02
1.579703e+00	1.179590e+00	8.025245e+01	3.453287e+02
1.453402e+00	1.277802e+00	4.188754e+02	1.318140e+03
1.408030e+00	1.317945e+00	2.418962e+02	1.035639e+03
1.453303e+00	1.277753e+00	8.474618e+02	3.850851e+02
1.467088e+00	1.266074e+00	8.879088e+02	7.692107e+01
1.380714e+00	1.343900e+00	6.724015e+01	7.250392e+02
1.546955e+00	1.203347e+00	4.264371e+02	1.157201e+03
1.406629e+00	1.319369e+00	8.457540e+02	6.943292e+02
1.517056e+00	1.225665e+00	5.834113e+00	5.222493e+02
1.573691e+00	1.183640e+00	8.375302e+01	2.240663e+02
1.632059e+00	1.144210e+00	2.840988e+02	8.624473e+02
1.495953e+00	1.242498e+00	6.221179e+01	3.980302e+02
1.434797e+00	1.293962e+00	2.149837e+02	1.336010e+03
1.431640e+00	1.296312e+00	5.266684e+00	4.289284e+02
1.431562e+00	1.296806e+00	2.536763e+02	8.776821e+02
1.402385e+00	1.323421e+00	1.158380e+03	6.485333e+02
1.466507e+00	1.266483e+00	1.652946e+02	2.206599e+02
1.364132e+00	1.360012e+00	3.444415e+02	1.086540e+02
1.617452e+00	1.153540e+00	8.578389e+01	1.771015e+02
1.447487e+00	1.282776e+00	3.147253e+02	6.675391e+02
1.470001e+00	1.263925e+00	6.663890e+02	6.953499e+02
1.475852e+00	1.258792e+00	1.019515e+02	9.375051e+02
1.421705e+00	1.305525e+00	7.664392e+02	4.015610e+02
1.568034e+00	1.187898e+00	1.694749e+02	1.705970e+02
1.530566e+00	1.215367e+00	1.676129e+02	1.920493e+02
1.470129e+00	1.263479e+00	7.496034e+02	2.507023e+02
1.449807e+00	1.280813e+00	1.047655e+03	6.344468e+02
1.431371e+00	1.296932e+00	6.169864e+02	3.464403e+02
1.377218e+00	1.347548e+00	6.317558e+02	2.134202e+03
1.400914e+00	1.324754e+00	7.852332e+02	9.530031e+02
1.404610e+00	1.321183e+00	4.428232e+02	1.156858e+02
1.384009e+00	1.340776e+00	2.835801e+02	1.433375e+03
1.472014e+00	1.261994e+00	9.175431e+01	1.424256e+03
1.517758e+00	1.225195e+00	1.376079e+02	6.969135e+02
1.645006e+00	1.135782e+00	6.534578e+02	3.277304e+02
1.578039e+00	1.180660e+00	1.675192e+02	4.483406e+02
1.379905e+00	1.344834e+00	1.163215e+02	1.149404e+03
1.559488e+00	1.193943e+00	1.000912e+02	2.993229e+02
1.375394e+00	1.349101e+00	1.200737e+03	1.423708e+02
1.386396e+00	1.338751e+00	6.851193e+02	1.634192e+03
1.465556e+00	1.267421e+00	7.882146e+02	1.229370e+03
1.567166e+00	1.188517e+00	6.388343e+02	1.401293e+03
1.445506e+00	1.284281e+00	1.892252e+02	4.386515e+02
1.422102e+00	1.305137e+00	1.974167e+02	3.200270e+02
1.494120e+00	1.243776e+00	3.404503e+02	2.066762e+02
1.627929e+00	1.146731e+00	8.652782e+01	2.833176e+02
1.483044e+00	1.252563e+00	2.083327e+02	9.649986e-01
1.391594e+00	1.333438e+00	2.529672e+02	3.641282e+02
1.574329e+00	1.183490e+00	3.214651e+02	9.764474e+01
1.465526e+00	1.267147e+00	1.222411e+02	4.301661e+02
1.527691e+00	1.217515e+00	7.975502e+00	9.508863e+02
1.607445e+00	1.160553e+00	6.356367e+02	5.235306e+02
1.369558e+00	1.354501e+00	2.462278e+02	8.252948e+01
1.439218e+00	1.290165e+00	7.932009e+02	1.077952e+03
1.368405e+00	1.355833e+00	3.707140e+01	3.377810e+02
1.510632e+00	1.230977e+00	3.688420e+01	3.511176e+03
1.560866e+00	1.193017e+00	3.631321e+02	6.328786e+02
1.399814e+00	1.325988e+00	2.847237e+03	4.508632e+01
1.421094e+00	1.306134e+00	4.902328e+02	1.227653e+02
1.735948e+00	1.080819e+00	1.617759e+02	2.081451e+02
1.504418e+00	1.236018e+00	1.562839e+02	1.997751e+03
1.502408e+00	1.237396e+00	3.957409e+01	1.161076e+03
1.550385e+00	1.200375e+00	1.422295e+02	3.412937e+01
1.475686e+00	1.258836e+00	7.210861e+02	3.867354e+02
1.700937e+00	1.101187e+00	3.811569e+01	8.577473e+02
1.713211e+00	1.093938e+00	7.692696e+01	2.827705e+02
1.569676e+00	1.186657e+00	7.075764e+02	6.341554e+02
1.480871e+00	1.254677e+00	1.640293e+02	8.821867e+02
1.399770e+00	1.325561e+00	5.107301e+01	3.588922e+02
1.449472e+00	1.281059e+00	4.774146e+01	8.623537e+02
1.411098e+00	1.314842e+00	1.286972e+02	3.352499e+01
1.363027e+00	1.361526e+00	1.554560e+03	2.240921e+02
1.389969e+00	1.334995e+00	6.447010e+02	4.281373e+02
1.554569e+00	1.197663e+00	6.053693e+02	8.474951e+01
1.428357e+00	1.299512e+00	6.033067e+01	8.650949e+02
1.574247e+00	1.183433e+00	1.542590e+02	1.838695e+02
1.579415e+00	1.180001e+00	4.422628e+02	3.095628e+03
1.520808e+00	1.222875e+00	9.312428e+01	5.621418e+02
1.429611e+00	1.298625e+00	4.341611e+02	1.184683e+02
1.434178e+00	1.294282e+00	5.630257e+01	1.174677e+03
1.484828e+00	1.251441e+00	5.179959e+01	7.342846e+02
1.415963e+00	1.310784e+00	3.585646e+02	8.680741e+02
1.550467e+00	1.200501e+00	5.827107e+02	1.706176e+02
1.436397e+00	1.292333e+00	3.367573e+02	9.514682e+01
1.456748e+00	1.274853e+00	5.440737e+02	5.538072e+02
1.426157e+00	1.301475e+00	3.692221e+02	2.363212e+02
1.373745e+00	1.350584e+00	2.880810e+02	1.163032e+02
1.544153e+00	1.205424e+00	9.807222e+02	2.655339e+02
1.385817e+00	1.338991e+00	5.982589e+02	4.269849e+02
1.405403e+00	1.320368e+00	5.189577e+02	1.469219e+02
1.603081e+00	1.163257e+00	2.048867e+02	1.057268e+02
1.385212e+00	1.339969e+00	1.686269e+03	1.161312e+03
1.514942e+00	1.227307e+00	3.209654e+01	2.210879e+02
1.571358e+00	1.185497e+00	3.882423e+01	7.623360e+02
1.644622e+00	1.135879e+00	2.002736e+02	1.654306e+01
1.687063e+00	1.109495e+00	5.200292e+01	4.719710e+02
1.477157e+00	1.257916e+00	6.389583e+02	6.403867e+02
1.498233e+00	1.240316e+00	1.893022e+02	2.817920e+02
1.509117e+00	1.232104e+00	7.424899e+01	1.514996e+03
1.420521e+00	1.306623e+00	5.576175e+01	6.924413e+02
1.566484e+00	1.189018e+00	2.318108e+02	3.427200e+02
1.364778e+00	1.359450e+00	2.287156e+02	6.039861e+02
1.384627e+00	1.339841e+00	3.089757e+02	3.255477e+02
1.463468e+00	1.269278e+00	4.343673e+02	7.961672e+01
1.421256e+00	1.306078e+00	9.127352e+02	2.665427e+02
1.422610e+00	1.304672e+00	3.503547e+02	3.195505e+02
1.425567e+00	1.302089e+00	5.041685e+02	7.323677e+02
1.378852e+00	1.345589e+00	4.119626e+02	4.261728e+01
1.429523e+00	1.298601e+00	3.161887e+02	6.599068e+01
1.710733e+00	1.095424e+00	5.852082e+01	8.972127e+02
1.537290e+00	1.210588e+00	5.471573e+02	6.499816e+02
1.403970e+00	1.321784e+00	6.510872e+02	5.898913e+02
1.593779e+00	1.169647e+00	8.685856e+01	3.998341e+02
1.527972e+00	1.217433e+00	3.572482e+02	8.867932e+02
1.434221e+00	1.294182e+00	4.753566e+02	4.585193e+01
1.614218e+00	1.155874e+00	1.077588e+02	5.164269e+02
1.452903e+00	1.278074e+00	1.299891e+02	4.525243e+02
1.407253e+00	1.318813e+00	1.144619e+03	2.093792e+02
1.557142e+00	1.195674e+00	1.717699e+02	1.224311e+03
1.497636e+00	1.240928e+00	5.581593e+01	1.118774e+02
1.529725e+00	1.216137e+00	2.572878e+02	7.848445e+01
1.603871e+00	1.162753e+00	2.137826e+02	1.878068e+02
1.415355e+00	1.311362e+00	4.866172e+02	1.115836e+03
1.696759e+00	1.103691e+00	1.481801e+02	4.123310e+02
1.402455e+00	1.323056e+00	5.945271e+02	9.007159e+02
1.362729e+00	1.361590e+00	1.745699e+02	8.002653e+02
1.431412e+00	1.296792e+00	5.551619e+01	3.367744e+02
1.507097e+00	1.233462e+00	1.831876e+02	4.029120e+02
1.504991e+00	1.235291e+00	8.178848e+02	1.040189e+02
1.391600e+00	1.333378e+00	1.581937e+02	2.958599e+02
1.410369e+00	1.316050e+00	1.046172e+03	1.009779e+02
1.453792e+00	1.277198e+00	4.641252e+02	3.646730e+02
1.575354e+00	1.182539e+00	6.712510e+01	9.144067e+01
1.380957e+00	1.343767e+00	9.281846e+02	5.838138e+02
1.502458e+00	1.237044e+00	9.515247e+01	3.134673e+02
1.510433e+00	1.231032e+00	1.643719e+02	1.294009e+03
1.586931e+00	1.174460e+00	2.773475e+02	3.223665e+01
1.381917e+00	1.342753e+00	1.220237e+03	5.546609e+00
1.421521e+00	1.305628e+00	6.527936e+02	5.959596e+02
1.577508e+00	1.181060e+00	2.561466e+02	5.659446e+01
1.431380e+00	1.296932e+00	1.280507e+03	1.850606e+02
1.439276e+00	1.289924e+00	2.210931e+02	8.312827e+02
1.462346e+00	1.269732e+00	2.308660e+02	1.711445e+02
1.403589e+00	1.321877e+00	4.357055e+02	1.368009e+02
1.469297e+00	1.263992e+00	1.751571e+02	1.738817e+02
1.456566e+00	1.275047e+00	1.113718e+03	3.961581e+02
1.556859e+00	1.195739e+00	1.596700e+00	4.297351e+02
1.444570e+00	1.285161e+00	1.738742e+02	8.674181e+02
1.419363e+00	1.307923e+00	8.039263e+02	1.122915e+03
1.415973e+00	1.311180e+00	1.639927e+03	6.937063e+02
1.420317e+00	1.306991e+00	1.167095e+03	2.387768e+02
1.490887e+00	1.246214e+00	2.324905e+02	9.861480e+01
1.645850e+00	1.135428e+00	4.969068e+02	1.594137e+03
1.399635e+00	1.325943e+00	3.205516e+02	1.656224e+03
1.505606e+00	1.234612e+00	2.231022e+02	9.616311e+01
1.363167e+00	1.361214e+00	5.138297e+02	5.285243e+02
1.491974e+00	1.245459e+00	2.810820e+02	1.593770e+02
1.389680e+00	1.335606e+00	9.622521e+02	2.239940e+01
1.377705e+00	1.346535e+00	2.505994e+01	2.370503e+02
1.382424e+00	1.342228e+00	6.918003e+02	2.880588e+02
1.544513e+00	1.204931e+00	3.308064e+01	7.463077e+02
1.484961e+00	1.251185e+00	1.799633e+01	3.473196e+02
1.363198e+00	1.361026e+00	2.378777e+02	2.184116e+02
1.518481e+00	1.224844e+00	3.818631e+02	1.619584e+03
1.419688e+00	1.307456e+00	7.296295e+02	2.879968e+02
1.469508e+00	1.263878e+00	1.579321e+02	1.018629e+03
1.603765e+00	1.162897e+00	1.173917e+02	3.432745e+02
1.513768e+00	1.228440e+00	1.902933e+02	1.414780e+03
1.468371e+00	1.265110e+00	5.029174e+02	1.999793e+02
1.562002e+00	1.191979e+00	8.920376e+01	1.429949e+02
1.603320e+00	1.163256e+00	1.167787e+02	3.565613e+02
1.380134e+00	1.344593e+00	8.961636e+02	3.480662e+02
1.429051e+00	1.299175e+00	1.382192e+03	7.686631e+01
1.368572e+00	1.355507e+00	1.108796e+03	3.670228e+01
1.363693e+00	1.360707e+00	1.593710e+03	9.500689e+00
1.443372e+00	1.286364e+00	9.793601e+02	2.096459e+02
1.385319e+00	1.339368e+00	7.273277e+02	3.454369e+02
1.464927e+00	1.267987e+00	1.037324e+03	2.166341e+02
1.545866e+00	1.204025e+00	1.251098e+02	5.411272e+02
1.515254e+00	1.227389e+00	5.344927e+02	1.156494e+03
1.437247e+00	1.291910e+00	7.355718e+02	2.748617e+02
1.446571e+00	1.283471e+00	8.732583e+01	3.190041e+02
1.419195e+00	1.307889e+00	3.200910e+02	2.694078e+02
1.468543e+00	1.264941e+00	4.853590e+02	1.402485e+02
1.467437e+00	1.265883e+00	6.328101e+01	1.056570e+03
1.472699e+00	1.261406e+00	7.261178e+02	7.884224e+02
1.576469e+00	1.182066e+00	1.006119e+03	2.046862e+02
1.391083e+00	1.334087e+00	4.183338e+02	7.624402e+02
1.544357e+00	1.205016e+00	2.776233e+02	6.293115e+02
1.687136e+00	1.109282e+00	3.795753e+01	3.187472e+02
1.523989e+00	1.220465e+00	4.731358e+02	4.311279e+02
1.449734e+00	1.280797e+00	5.828531e+02	4.455110e+02
1.482696e+00	1.253042e+00	1.932766e+02	4.521284e+02
1.585924e+00	1.175294e+00	1.035883e+02	6.598774e+02
1.448942e+00	1.281613e+00	1.057415e+03	2.203293e+02
1.517072e+00	1.225746e+00	5.540037e+02	1.135384e+02
1.391171e+00	1.333895e+00	1.140415e+03	3.387944e+02
1.424070e+00	1.303499e+00	2.940521e+02	2.584241e+02
1.448432e+00	1.281870e+00	1.804773e+02	5.306599e+02
1.437730e+00	1.291324e+00	6.137861e+02	7.054891e+02
1.383256e+00	1.341412e+00	3.711977e+02	6.580285e+02
1.457014e+00	1.274520e+00	5.626549e+02	2.364483e+02
1.584077e+00	1.176380e+00	1.149265e+02	7.685466e+01
1.608079e+00	1.160208e+00	2.884197e+02	8.399543e+02
1.403266e+00	1.322504e+00	3.049709e+02	5.228120e+01
1.373121e+00	1.351270e+00	3.694679e+00	7.806796e+02
1.496779e+00	1.241529e+00	2.799655e+01	5.099957e+02
1.530447e+00	1.215398e+00	2.189282e+02	1.585243e+02
1.445993e+00	1.283921e+00	1.549161e+02	1.703439e+02
1.404097e+00	1.321482e+00	1.205873e+02	3.546194e+02
1.384646e+00	1.339948e+00	6.452143e+02	5.631618e+02
1.453708e+00	1.277425e+00	2.228543e+02	1.485598e+02
1.427877e+00	1.299987e+00	2.071396e+02	1.825602e+01
1.381404e+00	1.343232e+00	4.975062e+02	1.075633e+02
1.394821e+00	1.330522e+00	1.944857e+02	9.588517e+02
1.607335e+00	1.160482e+00	1.763411e+02	1.783127e+02
1.478790e+00	1.255977e+00	2.356023e+02	1.367625e+01
1.463254e+00	1.269101e+00	7.776771e+01	2.258540e+02
1.472317e+00	1.261749e+00	2.601988e+02	4.093426e+02
1.413612e+00	1.312653e+00	1.846185e+01	4.748185e+02
1.367909e+00	1.356350e+00	1.721669e+02	1.552586e+02
1.371778e+00	1.352581e+00	3.529586e+02	1.336676e+03
1.490273e+00	1.246773e+00	1.445293e+02	1.394065e+02
1.410060e+00	1.316178e+00	1.107994e+02	4.300778e+02
1.540496e+00	1.208194e+00	2.508262e+02	1.000283e+03
1.403654e+00	1.321708e+00	3.601644e+01	3.614272e+02
1.373454e+00	1.351162e+00	1.121245e+03	2.168731e+02
1.470446e+00	1.263230e+00	1.210650e+02	3.311701e+02
1.591979e+00	1.170923e+00	3.464940e+01	4.975244e+02
1.552788e+00	1.199109e+00	1.240555e+02	9.310026e+02
1.552678e+00	1.199021e+00	8.963139e+02	2.486046e+02
1.472542e+00	1.261338e+00	3.611608e+00	3.677604e+02
1.441570e+00	1.287818e+00	3.409033e+02	9.463747e+02
1.494145e+00	1.243784e+00	2.717191e+02	1.070027e+02
1.414982e+00	1.311615e+00	1.427655e+02	7.362328e+02
1.492112e+00	1.245440e+00	3.980445e+02	1.440711e+02
1.383229e+00	1.341345e+00	8.120263e+02	3.372560e+02
1.386773e+00	1.338102e+00	5.118924e+02	2.020726e+02
1.453538e+00	1.277411e+00	2.445927e+02	2.100778e+02
1.460364e+00	1.271615e+00	2.722386e+02	1.125587e+02
1.461620e+00	1.270944e+00	9.603965e+00	3.168519e+03
1.640666e+00	1.138443e+00	8.658824e+01	6.705763e+02
1.596135e+00	1.168374e+00	2.882035e+02	1.372544e+03
1.500250e+00	1.238778e+00	1.658042e+02	1.535773e+02
1.413069e+00	1.313142e+00	1.065491e+02	3.090085e+02
1.497517e+00	1.241253e+00	1.811131e+02	1.042539e+03
1.538776e+00	1.209238e+00	7.852635e+01	4.445673e+02
1.461612e+00	1.270725e+00	1.186225e+03	9.443124e+02
1.389704e+00	1.335133e+00	1.467299e+02	3.176974e+02
1.476103e+00	1.258428e+00	2.541152e+02	9.436156e+01
1.390777e+00	1.334373e+00	1.366332e+03	5.805166e+00
1.449672e+00	1.280833e+00	6.490134e+02	4.168625e+02
1.401061e+00	1.324310e+00	1.511608e+02	4.397809e+02
1.487919e+00	1.249030e+00	5.798207e+02	6.025541e+02
1.525456e+00	1.219155e+00	1.624772e+02	7.188804e+01
1.395853e+00	1.329247e+00	3.152526e+02	1.399516e+02
1.481028e+00	1.254645e+00	2.028228e+02	6.885250e+02
1.428215e+00	1.299790e+00	1.139834e+03	3.339323e+02
1.599844e+00	1.165550e+00	6.719861e+00	7.252188e+02
1.592987e+00	1.170226e+00	3.296773e+02	7.117650e+02
1.572872e+00	1.184360e+00	8.888611e+01	5.501471e+02
1.593795e+00	1.169776e+00	2.612721e+02	1.231057e+03
1.374792e+00	1.349539e+00	3.100758e+02	4.734153e+01
1.520284e+00	1.223365e+00	3.313533e+02	1.512159e+03
1.596425e+00	1.167771e+00	1.027299e+01	5.685879e+02
1.392200e+00	1.332452e+00	1.491675e+02	1.003757e+02
1.387871e+00	1.337051e+00	3.552617e+02	8.813212e+02
1.456756e+00	1.274987e+00	9.930704e+02	1.233652e+03
1.380860e+00	1.343506e+00	6.522221e+02	2.101171e+02
1.433693e+00	1.294629e+00	3.901322e+02	3.092618e+01
1.373718e+00	1.350767e+00	1.514028e+03	1.429427e+02
1.494215e+00	1.243672e+00	4.588644e+01	5.200993e+02
1.482247e+00	1.253412e+00	4.823169e+02	6.927894e+02
1.540242e+00	1.208305e+00	3.607272e+02	6.217103e+02
1.520932e+00	1.222978e+00	1.056007e+03	2.566247e+02
1.457424e+00	1.274286e+00	8.893651e+02	7.943088e+02
1.485851e+00	1.250474e+00	3.598031e+02	3.988044e+01
1.498160e+00	1.240577e+00	1.580957e+02	3.353074e+02
1.520078e+00	1.223508e+00	1.029992e+02	4.749067e+02
1.483915e+00	1.252147e+00	7.152097e+02	5.122001e+02
1.413278e+00	1.313072e+00	9.007532e+02	3.105369e+02
1.434367e+00	1.294046e+00	4.517977e+02	9.929572e+01
1.420778e+00	1.306526e+00	4.503772e+02	8.120564e+02
1.386420e+00	1.338374e+00	7.765695e+01	2.599176e+02
1.553616e+00	1.198292e+00	1.186255e+01	4.286230e+02
1.391987e+00	1.332967e+00	4.545489e+02	3.286091e+01
1.376901e+00	1.347639e+00	2.799304e+02	2.974151e+02
1.372298e+00	1.351984e+00	7.892854e+02	5.890690e+01
1.447448e+00	1.282854e+00	2.566361e+02	1.949558e+02
1.472504e+00	1.261676e+00	3.317310e+02	6.076153e+01
1.560826e+00	1.193105e+00	1.755129e+02	9.516253e+02
1.606957e+00	1.160826e+00	5.265102e+02	6.859316e+02
1.523873e+00	1.220651e+00	3.006234e+02	1.475716e+02
1.365494e+00	1.358844e+00	1.220573e+03	3.298427e+02
1.455757e+00	1.275639e+00	8.301931e+02	4.254843e+02
1.465315e+00	1.267675e+00	6.728591e+02	4.858930e+02
1.548506e+00	1.202162e+00	1.182660e+02	1.406369e+03
1.445337e+00	1.284919e+00	8.031703e+02	8.874504e+02
1.473616e+00	1.260718e+00	2.650562e+02	1.298883e+03
1.452814e+00	1.277997e+00	9.037247e+01	3.534370e+02
1.494641e+00	1.243331e+00	1.480308e+02	8.982172e+02
1.648919e+00	1.133265e+00	1.788531e+02	3.852745e+02
1.606261e+00	1.161450e+00	7.739592e+02	6.016686e+02
1.575235e+00	1.182839e+00	2.622948e+02	1.810333e+03
1.453321e+00	1.277758e+00	4.167376e+01	1.284141e+03
1.394715e+00	1.330473e+00	2.938833e+02	2.226620e+02
1.594795e+00	1.169197e+00	1.772502e+02	4.605646e+02
1.478458e+00	1.256957e+00	8.849092e+02	1.590593e+03
1.362448e+00	1.361511e+00	2.262889e+02	6.440408e+02
1.553727e+00	1.198177e+00	1.079188e+02	3.684940e+02
1.534198e+00	1.212658e+00	4.947116e+01	4.250089e+02
1.622244e+00	1.150707e+00	2.802462e+02	2.678808e+02
1.408711e+00	1.317625e+00	8.267003e+02	8.892252e+02
1.441825e+00	1.287711e+00	1.644087e+02	4.467728e+02
1.518444e+00	1.224778e+00	4.264288e+02	5.270385e+02
1.442492e+00	1.287092e+00	7.451581e+02	3.300080e+02
1.423051e+00	1.304116e+00	3.335398e+02	3.794737e+02
1.667210e+00	1.121582e+00	2.240497e+02	8.509968e+01
1.546782e+00	1.203435e+00	7.197816e+01	1.435621e+03
1.386162e+00	1.338588e+00	3.073649e+02	4.609119e+02
1.407142e+00	1.319033e+00	1.417494e+03	1.346727e+02
1.431669e+00	1.297021e+00	1.174879e+03	3.462416e+02
1.404078e+00	1.321785e+00	6.912111e+02	4.418638e+02
1.440696e+00	1.289029e+00	7.367987e+02	4.864028e+02
1.403339e+00	1.322589e+00	1.820805e+02	1.390832e+03
1.397087e+00	1.328292e+00	1.471297e+03	1.072099e+02
1.525786e+00	1.219175e+00	5.376506e+02	7.432758e+02
1.690121e+00	1.107674e+00	5.511596e+01	6.484163e+02
1.418946e+00	1.307894e+00	3.093435e+02	1.367627e+02
1.377519e+00	1.346963e+00	4.246125e+02	7.030522e+02
1.525785e+00	1.219060e+00	5.112061e+01	6.323136e+02
1.471695e+00	1.262607e+00	1.631600e+02	1.413024e+03
1.584040e+00	1.176358e+00	1.255000e+02	1.351342e+02
1.528367e+00	1.217452e+00	9.857749e+02	1.908603e+03
1.393286e+00	1.331892e+00	1.205711e+03	3.532242e+02
1.541160e+00	1.207563e+00	3.160271e+02	4.143523e+01
1.468359e+00	1.264953e+00	4.134293e+02	2.075327e+02
1.555138e+00	1.196880e+00	7.134167e+01	1.456753e+02
1.455686e+00	1.275566e+00	2.280591e+02	2.091757e+01
1.384142e+00	1.340527e+00	2.712126e+02	8.018435e+02
1.482888e+00	1.252983e+00	5.429679e+02	3.026095e+02
1.412250e+00	1.314367e+00	2.074100e+02	1.154167e+03
1.373094e+00	1.350995e+00	2.149196e+02	3.842817e+00
1.548010e+00	1.202459e+00	7.211654e+02	1.294882e+02
1.365192e+00	1.359127e+00	6.899595e+02	1.816743e+02
1.444031e+00	1.285632e+00	2.037566e+01	4.038614e+02
1.382714e+00	1.341755e+00	2.429418e+02	3.205587e+02
1.533466e+00	1.213432e+00	1.986713e+02	7.626514e+02
1.523834e+00	1.220956e+00	1.976858e+02	3.951411e+03
1.423505e+00	1.303878e+00	2.587470e+02	6.040771e+02
1.509170e+00	1.231916e+00	2.186419e+02	2.822079e+02
1.583778e+00	1.176623e+00	1.415272e+02	3.174612e+02
1.491052e+00	1.246512e+00	6.808322e+01	1.278473e+03
1.496141e+00	1.242398e+00	2.691290e+02	8.616076e+02
1.546150e+00	1.203841e+00	5.120910e+02	1.691327e+02
1.408779e+00	1.317541e+00	4.200191e+02	1.431632e+03
1.483766e+00	1.252348e+00	1.325458e+03	2.602139e+02
1.367106e+00	1.357194e+00	7.859318e+02	4.340644e+01
1.493940e+00	1.244104e+00	1.213976e+02	6.735620e+02
1.514003e+00	1.227943e+00	3.012698e+02	1.722381e+00
1.403234e+00	1.322632e+00	8.493071e+02	3.583521e+02
1.642790e+00	1.137036e+00	1.430959e+02	2.146256e+02
1.570347e+00	1.186202e+00	2.899428e+01	1.391145e+01
1.475974e+00	1.258500e+00	2.290205e+02	1.185167e+02
1.440272e+00	1.288754e+00	2.678857e+01	3.453881e+02
1.387915e+00	1.337269e+00	7.017046e+02	1.210445e+03
1.428717e+00	1.299351e+00	5.177660e+02	6.938582e+02
1.393770e+00	1.331488e+00	6.125305e+02	4.185708e+02
1.390828e+00	1.334001e+00	2.035896e+02	8.527736e+01
1.481330e+00	1.254306e+00	2.230400e+02	1.170584e+03
1.656909e+00	1.127907e+00	4.799963e+01	2.697993e+02
1.388549e+00	1.336555e+00	1.646821e+02	7.597936e+02
1.380918e+00	1.343663e+00	2.748272e+02	6.269361e+02
1.492180e+00	1.245491e+00	6.241210e+02	5.262304e+02
1.484759e+00	1.251410e+00	6.696989e+02	7.445392e+01
1.456806e+00	1.274784e+00	3.976833e+02	1.554662e+03
1.468719e+00	1.264650e+00	6.541353e+01	5.281576e+02
1.431106e+00	1.296954e+00	2.213917e+02	1.246031e+02
1.509309e+00	1.231702e+00	9.988989e+01	4.603242e+02
1.524386e+00	1.220240e+00	8.866980e+02	9.664700e+00
1.513848e+00	1.228180e+00	4.031975e+01	6.816449e+02
1.494596e+00	1.243391e+00	4.187029e+00	7.327124e+02
1.593705e+00	1.169944e+00	3.625994e+02	2.166847e+00
1.370860e+00	1.353455e+00	2.150007e+02	3.104549e+02
1.472901e+00	1.261025e+00	9.405019e+02	2.355623e+01
1.463977e+00	1.268837e+00	4.507913e+02	9.411321e+02
1.448126e+00	1.282099e+00	1.493983e+02	1.341764e+02
1.500824e+00	1.238514e+00	2.758005e+02	5.652045e+02
1.387319e+00	1.337588e+00	8.032578e+02	6.903120e+02
1.460255e+00	1.271956e+00	6.054529e+00	5.499019e+02
1.663406e+00	1.124312e+00	3.590704e+02	1.238362e+02
1.550310e+00	1.200901e+00	1.074214e+02	1.237732e+03
1.461429e+00	1.270627e+00	2.607521e+02	3.267021e+02
1.450735e+00	1.279825e+00	3.121681e+02	2.516928e+02
1.514636e+00	1.227608e+00	4.838102e+01	4.601406e+02
1.451925e+00	1.278670e+00	2.138186e+02	4.096866e+02
1.592254e+00	1.170749e+00	1.796510e+02	6.258813e+02
1.400399e+00	1.324810e+00	1.049336e+02	2.038826e+02
1.654547e+00	1.129771e+00	6.320645e+02	9.487666e+02
1.442415e+00	1.287120e+00	6.866572e+01	4.192354e+02
1.530449e+00	1.215582e+00	4.198319e+02	1.984893e+01
1.362872e+00	1.361523e+00	7.084708e+02	5.451547e+01
1.418127e+00	1.308763e+00	9.926023e+02	2.448128e+02
1.494676e+00	1.243315e+00	5.920111e+01	7.553321e+02
1.457081e+00	1.274255e+00	1.152331e+02	4.585350e+01
1.568937e+00	1.187034e+00	8.423793e+01	5.409728e+02
1.511107e+00	1.230406e+00	4.569723e+02	2.573754e+02
1.445313e+00	1.284609e+00	5.544091e+02	3.613529e+02
1.468392e+00	1.264978e+00	2.711699e+02	3.899188e+02
1.363257e+00	1.360917e+00	1.966935e+02	8.394767e+02
1.424091e+00	1.303328e+00	3.494681e+02	6.653681e+01
1.601701e+00	1.164217e+00	9.673367e+01	3.398291e+02
1.465478e+00	1.267284e+00	2.179600e+02	2.689915e+02
1.444719e+00	1.285100e+00	2.230284e+02	6.400530e+01
1.562613e+00	1.191847e+00	4.520427e+01	1.072683e+03
1.421752e+00	1.305732e+00	7.065622e+02	8.972211e+02
1.389411e+00	1.335482e+00	1.056232e+03	3.484751e+02
1.403007e+00	1.322500e+00	1.984524e+02	1.006788e+02
1.388834e+00	1.335866e+00	3.746947e+02	2.741692e+01
1.628439e+00	1.146489e+00	2.759843e+02	3.581184e+02
1.402578e+00	1.322899e+00	6.570068e+01	2.611822e+02
1.530593e+00	1.215170e+00	5.707401e+00	5.046809e+02
1.499089e+00	1.240079e+00	4.350193e+02	1.161043e+03
1.391375e+00	1.333625e+00	9.790528e+02	5.671156e+00
1.559264e+00	1.194185e+00	8.808931e+01	1.284394e+03
1.366757e+00	1.357352e+00	3.172677e+02	2.348214e+02
1.500936e+00	1.238512e+00	3.749824e+02	7.142112e+01
1.494984e+00	1.243057e+00	2.884801e+02	1.126107e+02
1.431622e+00	1.296460e+00	2.119071e+02	7.193106e+01
1.478027e+00	1.256871e+00	6.664205e+02	4.054931e+01
1.440781e+00	1.288622e+00	9.740169e+02	1.329038e+02
1.608108e+00	1.159921e+00	3.999154e+01	2.825800e+02
1.433900e+00	1.294542e+00	9.743209e+02	1.539666e+02
1.515039e+00	1.227298e+00	5.407035e+02	8.439220e+01
1.372599e+00	1.351485e+00	5.248742e+02	9.934806e+01
1.527046e+00	1.218120e+00	5.275632e+01	1.567780e+03
1.619314e+00	1.152546e+00	3.109962e+01	8.433518e+02
1.414929e+00	1.311694e+00	7.079449e+01	4.090488e+02
1.382854e+00	1.341726e+00	3.275395e+02	2.760086e+02
1.368874e+00	1.355411e+00	8.216884e+02	1.591466e+02
1.458804e+00	1.272815e+00	2.083502e+01	5.439245e+02
1.480299e+00	1.255044e+00	8.096716e+01	6.415806e+02
1.403679e+00	1.321899e+00	3.529503e+02	1.404634e+02
1.434163e+00	1.294545e+00	1.266912e+03	1.972641e+02
1.493546e+00	1.244304e+00	3.737580e+02	6.574296e+01
1.369097e+00	1.354989e+00	5.930462e+01	2.945042e+02
1.401732e+00	1.324001e+00	6.367643e+02	6.347146e+02
1.628777e+00	1.146286e+00	5.125897e+02	2.150787e+02
1.456377e+00	1.274723e+00	1.471415e+02	1.583080e+01
1.518875e+00	1.224345e+00	5.476437e+02	4.238395e+02
1.479794e+00	1.255510e+00	3.780516e+02	5.195862e+01
1.516378e+00	1.226527e+00	4.531774e+02	7.883326e+02
1.503521e+00	1.236505e+00	3.004193e+02	1.205056e+03
1.381016e+00	1.343537e+00	1.449882e+01	4.039102e+02
1.583804e+00	1.176690e+00	2.088860e+02	1.775054e+03
1.583812e+00	1.176948e+00	5.014963e+02	3.637164e+02
1.557093e+00	1.195798e+00	2.151996e+02	2.042495e+02
1.436896e+00	1.291978e+00	1.257610e+02	6.055978e+02
1.379746e+00	1.344453e+00	1.664364e+02	5.153675e+01
1.421440e+00	1.305644e+00	1.421979e+02	3.537543e+02
1.395614e+00	1.329453e+00	3.024453e+02	1.412572e+02
1.450847e+00	1.279814e+00	3.585029e+02	1.176252e+03
1.428678e+00	1.299452e+00	4.901530e+02	7.606948e+02
1.540052e+00	1.208153e+00	1.757539e+02	9.512630e+01
1.410400e+00	1.315871e+00	1.193480e+03	3.474633e+01
1.408426e+00	1.317539e+00	1.760166e+02	9.250262e+02
1.475065e+00	1.259436e+00	4.210319e+02	5.808954e+01
1.506721e+00	1.233872e+00	1.676567e+02	1.221225e+03
1.366142e+00	1.358097e+00	2.258003e+02	4.864073e+02
1.411907e+00	1.314469e+00	1.019739e+01	8.244614e+02
1.431915e+00	1.296621e+00	2.289481e+02	1.121064e+03
1.543051e+00	1.205829e+00	2.079387e+02	1.260824e+02
1.369895e+00	1.354599e+00	2.512792e+02	1.085993e+03
1.408248e+00	1.317845e+00	5.341467e+02	4.631668e+02
1.413027e+00	1.313436e+00	1.196668e+03	9.134578e+01
1.493258e+00	1.244490e+00	1.866230e+02	1.031983e+02
1.519812e+00	1.223696e+00	1.924981e+02	1.452512e+03
1.430836e+00	1.297366e+00	2.734073e+02	7.135444e+02
1.377232e+00	1.347291e+00	1.012294e+03	1.208474e+02
1.395693e+00	1.329444e+00	2.408717e+02	2.234557e+02
1.468099e+00	1.264974e+00	3.627510e+02	8.820628e-01
1.660978e+00	1.125508e+00	1.755549e+02	2.575618e+02
1.466951e+00	1.266427e+00	7.835582e+01	3.015574e+03
1.428834e+00	1.299220e+00	1.918161e+02	1.676439e+03
1.398126e+00	1.327211e+00	2.608324e+02	3.161263e+02
1.439582e+00	1.289493e+00	1.526494e+02	1.425589e+02
1.363290e+00	1.360854e+00	3.948886e+02	8.092673e+02
1.475858e+00	1.258577e+00	1.314039e+02	1.918629e+02
1.420601e+00	1.306511e+00	9.251145e+01	2.713248e+02
1.560320e+00	1.193419e+00	3.203797e+01	8.557301e+02
1.558528e+00	1.194579e+00	9.176746e+00	2.125339e+02
1.506893e+00	1.233680e+00	1.544324e+02	9.546083e+01
1.485852e+00	1.250651e+00	3.452009e+01	1.834679e+03
1.433678e+00	1.294789e+00	6.991126e+02	4.512218e+02
1.370759e+00	1.353838e+00	1.190565e+03	1.178938e+02
1.537639e+00	1.210318e+00	5.607247e+01	1.273832e+03
1.373599e+00	1.350745e+00	1.642713e+02	1.066324e+03
1.465431e+00	1.267303e+00	8.610540e+02	1.673512e+02
1.430513e+00	1.297568e+00	3.471101e+01	6.209180e+02
1.440575e+00	1.288763e+00	7.435013e+02	9.675047e+01
1.595801e+00	1.168359e+00	2.423222e+02	3.518865e+02
1.514683e+00	1.227349e+00	6.143028e+01	2.367970e+02
1.402205e+00	1.323358e+00	6.442332e+01	4.474277e+02
1.403609e+00	1.322160e+00	4.080276e+02	7.201643e+02
1.514836e+00	1.227333e+00	3.481841e+02	3.151314e+01
1.377533e+00	1.346902e+00	3.514397e+02	4.918782e+02
1.388754e+00	1.336240e+00	5.465982e+02	1.140593e+02
1.563716e+00	1.190998e+00	7.320294e+01	5.859725e+02
1.412903e+00	1.313290e+00	6.589742e+02	1.739417e+02
1.467120e+00	1.266020e+00	4.775872e+02	5.556019e+02
1.416191e+00	1.310511e+00	4.410868e+02	7.244352e+02
1.561020e+00	1.193123e+00	1.227832e+03	3.060499e+02
1.555376e+00	1.197321e+00	1.355792e+02	2.282000e+03
1.506660e+00	1.234087e+00	2.515793e+02	3.676201e+02
1.362923e+00	1.361176e+00	5.622131e+02	1.106834e+02
1.365263e+00	1.358935e+00	1.436527e+02	2.225782e+02
1.513491e+00	1.228563e+00	1.822260e+02	4.200009e+02
1.388151e+00	1.336815e+00	3.742768e+02	1.065041e+03
1.377967e+00	1.346645e+00	1.270007e+03	5.286050e+02
1.428922e+00	1.298974e+00	3.964157e+02	5.742204e+01
1.392999e+00	1.332922e+00	2.590563e+03	4.196091e+02
1.385739e+00	1.339158e+00	1.366983e+02	1.258537e+03
1.608802e+00	1.159341e+00	2.250450e+02	8.218134e+01
1.393903e+00	1.331290e+00	4.649459e+02	5.622991e+00
1.420745e+00	1.306458e+00	4.471194e+02	1.577706e+02
1.515408e+00	1.227191e+00	1.875196e+02	1.229623e+03
1.591448e+00	1.171459e+00	2.628944e+02	4.875727e+00
1.418695e+00	1.308310e+00	1.994882e+02	6.050403e+02
1.414046e+00	1.312529e+00	6.458206e+01	7.122951e+02
1.396807e+00	1.328584e+00	2.186639e+02	1.807921e+03
1.476809e+00	1.257746e+00	5.384523e+02	1.123648e+02
1.363366e+00	1.360855e+00	6.100587e+01	2.557020e+02
1.405380e+00	1.320532e+00	3.062765e+02	2.840634e+02
1.376145e+00	1.348191e+00	5.556691e+02	6.607174e+01
1.464135e+00	1.268356e+00	1.533297e+02	5.163684e+02
1.505272e+00	1.235039e+00	5.302743e+02	3.152272e+02
1.753011e+00	1.071364e+00	3.150183e+01	9.743285e+02
1.457905e+00	1.273834e+00	1.492841e+02	5.771454e+02
1.455684e+00	1.275736e+00	2.416986e+02	6.308092e+02
1.410745e+00	1.315347e+00	2.122193e+02	2.175645e+02
1.397140e+00	1.328122e+00	5.159631e+02	3.808925e+02
1.560248e+00	1.193586e+00	2.128341e+02	8.924969e+02
1.366916e+00	1.357380e+00	2.506665e+02	2.632590e+02
1.400145e+00	1.325600e+00	6.389160e+02	4.977516e+02
1.510865e+00	1.230674e+00	3.195183e+02	1.618916e+03
1.604242e+00	1.162500e+00	5.461830e+01	6.231388e+02
1.368222e+00	1.355984e+00	4.585394e+02	6.329493e+02
1.542069e+00	1.206781e+00	4.529719e+01	4.354361e+02
1.469320e+00	1.264494e+00	4.513887e+02	2.052260e+03
1.370876e+00	1.353507e+00	6.653891e+02	6.715347e+02
1.448860e+00	1.281621e+00	9.665525e+02	2.733666e+02
1.459119e+00	1.272879e+00	2.579106e+02	1.613919e+03
1.514119e+00	1.227963e+00	3.056882e+02	1.507152e+02
1.414898e+00	1.311450e+00	2.309342e+02	1.561303e+02
1.484186e+00	1.252062e+00	2.631376e+02	1.366689e+03
1.542881e+00	1.206102e+00	4.893672e+02	3.758360e+02
1.442790e+00	1.286768e+00	1.409871e+02	6.144904e+02
1.390002e+00	1.334919e+00	4.911681e+02	5.549913e+02
1.511230e+00	1.230535e+00	1.498739e+02	1.787786e+03
1.385093e+00	1.339326e+00	4.557168e+02	3.485523e+02
1.480776e+00	1.254531e+00	4.699100e+01	6.056292e+02
1.592752e+00	1.170189e+00	8.647730e+01	6.682179e+01
1.408578e+00	1.317166e+00	1.801844e+02	1.755862e+02
1.481398e+00	1.254239e+00	2.330725e+02	2.225572e+02
1.406074e+00	1.319834e+00	5.113448e+02	1.548025e+02
1.409340e+00	1.316648e+00	1.985564e+02	4.134452e+02
1.512641e+00	1.229352e+00	5.632314e+02	5.323076e+02
1.413280e+00	1.313392e+00	6.329776e+02	7.807618e+01
1.493258e+00	1.244731e+00	2.623539e+02	1.160407e+03
1.591410e+00	1.171467e+00	9.548664e+02	1.962560e+03
1.681854e+00	1.112806e+00	2.250278e+02	1.019519e+03
1.384364e+00	1.340355e+00	1.405858e+02	1.234452e+03
1.432885e+00	1.295369e+00	1.248280e+02	2.846142e+02
1.586591e+00	1.174841e+00	1.738131e+02	1.382222e+03
1.437683e+00	1.291283e+00	1.633045e+02	4.588086e+02
1.502715e+00	1.237071e+00	2.128856e+02	1.023811e+03
1.412047e+00	1.314337e+00	5.710898e+01	6.102360e+02
1.405814e+00	1.320067e+00	5.930401e+02	9.391032e+01
1.509275e+00	1.232165e+00	3.850583e+02	1.514814e+03
1.371598e+00	1.352733e+00	5.541083e+01	1.187334e+03
1.528397e+00	1.217054e+00	2.385205e+02	1.063525e+03
1.653430e+00	1.130425e+00	1.229768e+02	3.660125e+02
1.534503e+00	1.212417e+00	4.511485e+02	4.611391e+02
1.468840e+00	1.264419e+00	1.634351e+02	9.487600e+02
1.385199e+00	1.339711e+00	6.796933e+02	3.833459e+02
1.393399e+00	1.331452e+00	4.322730e+01	4.433755e+02
1.388180e+00	1.336594e+00	3.134155e+01	4.702568e+02
1.385445e+00	1.339117e+00	9.477042e+01	3.166533e+02
1.419875e+00	1.307123e+00	3.311172e+01	1.037210e+03
1.482103e+00	1.253502e+00	8.966216e+01	5.282978e+02
1.383887e+00	1.340544e+00	1.694781e+02	5.638380e+02
1.471145e+00	1.262756e+00	2.742241e+02	1.333663e+03
1.590749e+00	1.171908e+00	3.043505e+01	7.141533e+02
1.515611e+00	1.226812e+00	2.623021e+02	8.625151e+01
1.524505e+00	1.220191e+00	1.031193e+02	4.033006e+02
1.388233e+00	1.336844e+00	7.972103e+02	8.749688e+02
1.443490e+00	1.286154e+00	4.261854e+01	9.987490e+02
1.464828e+00	1.267883e+00	8.179415e+01	4.498935e+02
1.504182e+00	1.235821e+00	1.540728e+02	4.043162e+02
1.411476e+00	1.314972e+00	3.821728e+02	9.585034e+02
1.451980e+00	1.278709e+00	4.140889e+02	6.579598e+01
1.373255e+00	1.351186e+00	6.423268e+01	5.869529e+02
1.393893e+00	1.331261e+00	7.989629e+01	3.998091e+02
1.445778e+00	1.284119e+00	5.206782e+02	1.113746e+03
1.705939e+00	1.098267e+00	1.026993e+01	6.612977e+02
1.430351e+00	1.297885e+00	5.226873e+02	4.938145e+02
1.428206e+00	1.299908e+00	1.536020e+02	6.442837e+02
1.499166e+00	1.239844e+00	1.055922e+02	5.612181e+02
1.453350e+00	1.277832e+00	3.059689e+02	2.067147e+01
1.475815e+00	1.258786e+00	7.322936e+02	2.169945e+02
1.388846e+00	1.336357e+00	5.993183e+02	1.147851e+03
1.541209e+00	1.207397e+00	3.925002e+01	2.674453e+03
1.533177e+00	1.213504e+00	2.337809e+02	4.737030e+02
1.454013e+00	1.277036e+00	4.957224e+01	5.644944e+02
1.366488e+00	1.357514e+00	8.109500e+01	2.450082e+02
1.583975e+00	1.176664e+00	4.990199e+02	3.754677e+02
1.457739e+00	1.274094e+00	6.784546e+02	6.721054e+02
1.631281e+00	1.144482e+00	2.972585e+01	1.413978e+03
1.396086e+00	1.329351e+00	2.504163e+02	5.727611e+02
1.580016e+00	1.179268e+00	3.806655e+02	3.395975e+02
1.491400e+00	1.246286e+00	4.249117e+02	1.181611e+03
1.373634e+00	1.351042e+00	1.258123e+03	4.445518e+02
1.398649e+00	1.326517e+00	2.163867e+02	1.296865e+03
1.654528e+00	1.129553e+00	7.039597e+01	5.449678e+02
1.475196e+00	1.259348e+00	3.410656e+02	5.136781e+02
1.396732e+00	1.328460e+00	2.431292e+02	6.475192e+01
1.365070e+00	1.359588e+00	2.536686e+03	7.139496e+02
1.445311e+00	1.284814e+00	2.398966e+02	5.853369e+02
1.551301e+00	1.200051e+00	2.790406e+02	8.021766e+02
1.529147e+00	1.216448e+00	2.545148e+02	1.202535e+03
1.596140e+00	1.167763e+00	4.245477e+01	1.058055e+02
1.550321e+00	1.200745e+00	3.799832e+02	7.340011e+02
1.389332e+00	1.335971e+00	8.985667e+02	9.736149e+02
1.619421e+00	1.152381e+00	2.062492e+02	2.244930e+02
1.577453e+00	1.181214e+00	3.223200e+02	2.389361e+02
1.419109e+00	1.307922e+00	3.887187e+02	7.904314e+02
1.539246e+00	1.208877e+00	3.786633e+02	4.951375e+02
1.518507e+00	1.224830e+00	7.657757e+01	2.669793e+02
1.427500e+00	1.300509e+00	2.496603e+02	1.068558e+03
1.438690e+00	1.290262e+00	1.052957e+01	3.673382e+02
1.493156e+00	1.244557e+00	1.581716e+02	1.131424e+02
1.556814e+00	1.196059e+00	9.037340e+01	1.093708e+03
1.409387e+00	1.316900e+00	5.599545e+02	3.463653e+02
1.525852e+00	1.218920e+00	3.950162e+02	8.214345e+02
1.725509e+00	1.086803e+00	2.727314e+01	5.101107e+02
1.548976e+00	1.201737e+00	3.205442e+02	7.978804e+01
1.405670e+00	1.320356e+00	3.560759e+02	2.886315e+02
1.566094e+00	1.189322e+00	1.531226e+02	2.841481e+02
1.483837e+00	1.252230e+00	2.321102e+02	3.968922e+02
1.501298e+00	1.238217e+00	3.617004e+02	2.759753e+02
1.530847e+00	1.215152e+00	6.358190e+02	2.397113e+02
1.533767e+00	1.213156e+00	9.704613e+01	1.615297e+03
1.657330e+00	1.127905e+00	1.381776e+02	6.027009e+02
1.409166e+00	1.316801e+00	4.257343e+02	7.473570e+02
1.485465e+00	1.250935e+00	1.962229e+02	5.675527e+02
1.416679e+00	1.309982e+00	1.694453e+02	3.802679e+02
1.601981e+00	1.164369e+00	4.202124e+02	6.320362e+02
1.394491e+00	1.330702e+00	5.119196e+02	9.583817e+02
1.393367e+00	1.331598e+00	5.091850e+02	5.568330e+02
1.407004e+00	1.319184e+00	1.061536e+03	1.145928e+02
1.594131e+00	1.169329e+00	6.264869e+01	9.565417e+01
1.563902e+00	1.190797e+00	2.730640e+02	1.170179e+03
1.607699e+00	1.160062e+00	1.538997e+02	3.947360e+02
1.432537e+00	1.296084e+00	5.043233e+02	8.124024e+02
1.412950e+00	1.313745e+00	7.019003e+02	8.131262e+02
1.382096e+00	1.342871e+00	8.674459e+01	1.843669e+03
1.411137e+00	1.315421e+00	6.898080e+02	1.528969e+03
1.511289e+00	1.230389e+00	1.008031e+02	2.589180e+02
1.643101e+00	1.136861e+00	2.531577e+02	3.133975e+02
1.518135e+00	1.224905e+00	2.185903e+02	2.613138e+02
1.373340e+00	1.350699e+00	2.446248e+02	1.095375e+02
1.567862e+00	1.188137e+00	1.018315e+00	1.336209e+03
1.377940e+00	1.346556e+00	8.819126e+02	5.981562e+02
1.458557e+00	1.273281e+00	4.887763e+02	2.288586e+02
1.615465e+00	1.155274e+00	9.352669e+02	1.545006e+02
1.389413e+00	1.335395e+00	2.596730e+02	1.241085e+03
1.568107e+00	1.187873e+00	7.370559e+02	2.089458e+02
1.565586e+00	1.189428e+00	4.942458e+01	1.881509e+02
1.525971e+00	1.219122e+00	2.551464e+02	1.160474e+03
1.619452e+00	1.152512e+00	1.701701e+02	1.340590e+03
1.573208e+00	1.184208e+00	1.948358e+02	1.326774e+03
1.434516e+00	1.294123e+00	6.300546e+02	4.173465e+02
1.555880e+00	1.196720e+00	1.139401e+01	2.472656e+03
1.403811e+00	1.321969e+00	4.917637e+02	7.123897e+02
1.406868e+00	1.318924e+00	1.181330e+03	1.720336e+02
1.490133e+00	1.247308e+00	1.199797e+00	1.678956e+03
1.435000e+00	1.293681e+00	4.153750e+01	5.556371e+02
1.426234e+00	1.301432e+00	9.352455e+01	4.693380e+02
1.431247e+00	1.296903e+00	1.677698e+02	9.671267e+02
1.411234e+00	1.315088e+00	5.810963e+02	3.603927e+02
1.512602e+00	1.229074e+00	1.273922e+01	5.514408e+02
1.444425e+00	1.285260e+00	1.046134e+02	1.912893e+02
1.490949e+00	1.246394e+00	4.492802e+02	9.064197e+01
1.601385e+00	1.164609e+00	4.490229e+02	1.043065e+02
1.376560e+00	1.347688e+00	2.779415e+01	3.532693e+02
1.390087e+00	1.335105e+00	2.023538e+02	1.187118e+03
1.497028e+00	1.241687e+00	9.008495e+02	3.786439e+02
1.390921e+00	1.334255e+00	1.063072e+03	4.814804e+02
1.462493e+00	1.269942e+00	2.249976e+02	2.722139e+02
1.456112e+00	1.275440e+00	3.848707e+02	2.017632e+02
1.415083e+00	1.311483e+00	6.883766e+02	4.588782e+02
1.440204e+00	1.288967e+00	8.488092e+02	6.819836e+02
1.369140e+00	1.355186e+00	1.744307e+03	3.383545e+02
1.497904e+00	1.240692e+00	1.100252e+02	3.544446e+02
1.422910e+00	1.304401e+00	1.081397e+03	6.064896e+01
1.466053e+00	1.266987e+00	4.228975e+02	1.145689e+03
1.465904e+00	1.266716e+00	2.805100e+02	4.797179e+01
1.398564e+00	1.326669e+00	3.017893e+02	4.384661e+02
1.545470e+00	1.204254e+00	1.546447e+02	8.505105e+02
1.625056e+00	1.148470e+00	2.308941e+01	1.209205e+02
1.403657e+00	1.321931e+00	1.375566e+02	4.403980e+02
1.415809e+00	1.310862e+00	1.865945e+02	1.085007e+03
1.637136e+00	1.140854e+00	2.089813e+02	3.278741e+02
1.427141e+00	1.300624e+00	6.123189e+01	1.901802e+03
1.387053e+00	1.337816e+00	4.325910e+02	5.401849e+02
1.505994e+00	1.234495e+00	8.274381e+01	2.011728e+03
1.456531e+00	1.275146e+00	1.007594e+03	1.495600e+02
1.447170e+00	1.282942e+00	7.128158e+02	9.925035e+01
1.410954e+00	1.315387e+00	5.879735e+02	1.227898e+03
1.387927e+00	1.337148e+00	1.471537e+03	4.910638e+01
1.602667e+00	1.163615e+00	4.966991e+02	1.056527e+01
1.383081e+00	1.341518e+00	3.966063e+02	1.410051e+02
1.648836e+00	1.133134e+00	3.731969e+01	3.759669e+02
1.524552e+00	1.220266e+00	3.777422e+02	1.003121e+03
1.488540e+00	1.248159e+00	2.074543e+02	1.371441e+02
1.448588e+00	1.281562e+00	3.248344e+01	4.925662e+02
1.465194e+00	1.267856e+00	5.473211e+02	6.448809e+02
1.445340e+00	1.284377e+00	3.173113e+02	1.408229e+02
1.444008e+00	1.285649e+00	5.530664e+01	5.337658e+02
1.559547e+00	1.194017e+00	2.763431e+01	2.076323e+03
1.509370e+00	1.231737e+00	1.248140e+02	6.449315e+02
1.508662e+00	1.232302e+00	3.393441e+02	6.945485e+02
1.462063e+00	1.270390e+00	5.834611e+02	5.498047e+02
1.369002e+00	1.355341e+00	9.062052e+01	1.220968e+03
1.554331e+00	1.197836e+00	9.960858e+01	1.316740e+03
1.452168e+00	1.278655e+00	4.840318e+02	5.937895e+02
1.525792e+00	1.219084e+00	4.960295e+02	6.173622e+02
1.565914e+00	1.189622e+00	1.166219e+03	1.245989e+02
1.413518e+00	1.313156e+00	9.024302e+02	9.216371e+01
1.400695e+00	1.324780e+00	2.833960e+02	7.641401e+02
1.588694e+00	1.173247e+00	1.231338e+02	2.167921e+03
1.418934e+00	1.308075e+00	4.646599e+01	9.675374e+02
1.435081e+00	1.293732e+00	1.062525e+03	2.660087e+02
1.482781e+00	1.253036e+00	2.535672e+02	9.293945e+02
1.378056e+00	1.346414e+00	9.576520e+01	1.291554e+03
1.551335e+00	1.200211e+00	6.291851e+02	4.910631e+02
1.573019e+00	1.184302e+00	3.155736e+02	2.507060e+02
1.419513e+00	1.307509e+00	4.646372e+02	1.256906e+00
1.535090e+00	1.212008e+00	1.465389e+02	4.380147e+02
1.424737e+00	1.302768e+00	5.963249e+02	6.184207e+02
1.570558e+00	1.185910e+00	8.346289e+01	3.272822e+02
1.489822e+00	1.247337e+00	6.157776e+02	6.065131e+01
1.552396e+00	1.199216e+00	1.208478e+02	2.443909e+02
1.444810e+00	1.284922e+00	3.615174e+02	9.801102e+02
1.590164e+00	1.172269e+00	7.654556e+01	1.427240e+03
1.416948e+00	1.309710e+00	4.552890e+01	6.952288e+02
1.562305e+00	1.192081e+00	2.173443e+02	1.898702e+03
1.588047e+00	1.173798e+00	2.675999e+02	1.451653e+02
1.620822e+00	1.151479e+00	4.400194e+02	5.478492e+01
1.732027e+00	1.083253e+00	1.349452e+02	1.322855e+03
1.379173e+00	1.345455e+00	3.499651e+02	2.887340e+02
1.427636e+00	1.300141e+00	2.342194e+02	1.080755e+03
1.480417e+00	1.255071e+00	3.055663e+02	3.848933e+02
1.496345e+00	1.241946e+00	1.955886e+02	4.198938e+02
1.425640e+00	1.302180e+00	5.477992e+02	1.195306e+03
1.448724e+00	1.281655e+00	1.598517e+02	3.770967e+02
1.485794e+00	1.250735e+00	8.773407e+01	1.284514e+03
1.499111e+00	1.240091e+00	1.112371e+03	1.634248e+03
1.427565e+00	1.300113e+00	4.165696e+02	1.230314e+02
1.409689e+00	1.316504e+00	6.647315e+02	3.987374e+02
1.634193e+00	1.143035e+00	1.298619e+02	2.631354e+03
1.389542e+00	1.335466e+00	2.210118e+02	8.804802e+02
1.517446e+00	1.225418e+00	6.754376e+02	6.267182e+01
1.416732e+00	1.310191e+00	9.717597e+02	9.686133e+01
1.439770e+00	1.289550e+00	9.723995e+02	5.699256e+02
1.504664e+00	1.235460e+00	2.818183e+02	1.899232e+01
1.515647e+00	1.226863e+00	7.030441e+01	5.806957e+02
1.385004e+00	1.339822e+00	3.172579e+02	8.589231e+02
1.509511e+00	1.231594e+00	9.463853e+01	3.692046e+02
1.375989e+00	1.348326e+00	7.328266e+02	1.728921e+02
1.626679e+00	1.147437e+00	1.149719e+02	2.571243e+02
1.480323e+00	1.254907e+00	2.737101e+02	2.083958e+02
1.505513e+00	1.234660e+00	1.341441e+02	2.163044e+02
1.416179e+00	1.310609e+00	3.236498e+01	1.209352e+03
1.369860e+00	1.354561e+00	2.739000e+02	9.745165e+02
1.434205e+00	1.294404e+00	9.657352e+02	6.013544e-01
1.492531e+00	1.245332e+00	4.932921e+02	7.713004e+02
1.432100e+00	1.296222e+00	5.133190e+02	5.249016e+02
1.560628e+00	1.193029e+00	5.850953e+01	4.700167e+01
1.384916e+00	1.339959e+00	5.549260e+02	7.965018e+02
1.387580e+00	1.337432e+00	1.071150e+03	2.964900e+02
1.372828e+00	1.351458e+00	3.521321e+02	2.943797e+02
1.441588e+00	1.288236e+00	7.019740e+02	1.354813e+03
1.371423e+00	1.353038e+00	4.521014e+02	7.570328e+02
1.606089e+00	1.161624e+00	5.172251e+02	3.149529e+02
1.546370e+00	1.203706e+00	9.147305e+01	9.134637e+02
1.506478e+00	1.234033e+00	1.338824e+02	1.253818e+03
1.482708e+00	1.253150e+00	1.838148e+02	1.367599e+03
1.541865e+00	1.207103e+00	5.357868e+02	1.014689e+03
1.479626e+00	1.255557e+00	1.208100e+02	3.653660e+02
1.585643e+00	1.175460e+00	3.331403e+02	5.882958e+02
1.486203e+00	1.250275e+00	1.123891e+03	1.824964e+02
1.675595e+00	1.116381e+00	1.015211e+00	4.542383e+02
1.563592e+00	1.191083e+00	6.199327e+02	1.308198e+02
1.553172e+00	1.198826e+00	3.238163e+02	2.000070e+03
1.597026e+00	1.167595e+00	6.471170e+02	4.673041e+01
1.434947e+00	1.293803e+00	4.661140e+02	1.615318e+02
1.377058e+00	1.347192e+00	4.654994e+02	1.287260e+02
1.483984e+00	1.251845e+00	1.211215e+02	9.970649e+01
1.427322e+00	1.300471e+00	4.253486e+02	1.019468e+02
1.407714e+00	1.318478e+00	5.878594e+02	1.218797e+03
1.557874e+00	1.195053e+00	1.310031e+02	2.422369e+02
1.514663e+00	1.227788e+00	1.892545e+02	7.958170e+02
1.561632e+00	1.192246e+00	1.465313e+02	2.132442e+02
1.510350e+00	1.231231e+00	8.473775e+02	1.335290e+01
1.439767e+00	1.289328e+00	4.794184e+02	1.636428e+02
1.386522e+00	1.338243e+00	4.080416e+02	4.043428e+01
1.556674e+00	1.195939e+00	1.580775e+02	2.666338e+02
1.438906e+00	1.290129e+00	5.450394e+02	6.806348e+02
1.509670e+00	1.231465e+00	2.187325e+02	3.683054e+02
1.367491e+00	1.356806e+00	8.419970e+02	4.792698e+02
1.537317e+00	1.210490e+00	5.861410e+01	2.098866e+03
1.440794e+00	1.288650e+00	1.478805e+01	4.838863e+02
1.510050e+00	1.231261e+00	6.966956e+01	1.576623e+03
1.508362e+00	1.232711e+00	1.092042e+02	1.269178e+03
1.457308e+00	1.273971e+00	1.542787e+02	9.083349e+02
1.473142e+00	1.261004e+00	3.323580e+02	3.668905e+01
1.379508e+00	1.345083e+00	9.963055e+01	5.707071e+02
1.575895e+00	1.182318e+00	8.626566e+01	1.643223e+03
1.373421e+00	1.351033e+00	6.693859e+01	3.721812e+02
1.418596e+00	1.308475e+00	9.419127e+01	2.003851e+03
1.442430e+00	1.287332e+00	6.344105e+02	6.636238e+02
1.433645e+00	1.294967e+00	1.923161e+02	9.731228e+02
1.527596e+00	1.217600e+00	9.442013e+01	3.111939e+02
1.390769e+00	1.334079e+00	6.382928e+02	2.020144e+02
1.490018e+00	1.246963e+00	3.376071e+01	2.725146e+02
1.440722e+00	1.288571e+00	8.104053e+02	6.786372e+02
1.468358e+00	1.265013e+00	1.098783e+02	6.382852e+02
1.570570e+00	1.186135e+00	8.318944e+01	1.804576e+03
1.426095e+00	1.301811e+00	4.582213e+02	5.515758e+02
1.378840e+00	1.345628e+00	5.330016e+02	8.655861e+01
1.595700e+00	1.168565e+00	5.887837e+02	8.650505e+01
1.502257e+00	1.237270e+00	2.238708e+02	5.814427e+01
1.518969e+00	1.224342e+00	2.572666e+02	2.616772e+02
1.380998e+00	1.343745e+00	5.473532e+02	5.975459e+02
1.479229e+00	1.256124e+00	7.343844e+02	4.402884e+02
1.547059e+00	1.203236e+00	3.393298e+02	8.474040e+02
1.435530e+00	1.293307e+00	6.025208e+01	1.188934e+03
1.517607e+00	1.225432e+00	3.995386e+02	6.321239e+02
1.484434e+00	1.251731e+00	1.382084e+03	2.726662e+01
1.479284e+00	1.256207e+00	6.822898e+02	1.028796e+03
1.426312e+00	1.301293e+00	7.295669e+01	2.182163e+02
1.523924e+00	1.220578e+00	8.794440e+02	2.401630e+02
1.408826e+00	1.317213e+00	3.994912e+02	8.977882e+01
1.449159e+00	1.281352e+00	4.017173e+02	1.236320e+02
1.424595e+00	1.302935e+00	1.014646e+03	1.324124e+02
1.577275e+00	1.181435e+00	4.057436e+02	8.480514e+02
1.493637e+00	1.244144e+00	1.317642e+02	1.831222e+02
1.394554e+00	1.330774e+00	6.490717e+02	2.669119e+02
1.463183e+00	1.269367e+00	2.955174e+02	3.339284e+02
1.399219e+00	1.325956e+00	4.365247e+02	5.526964e+01
1.380371e+00	1.344266e+00	1.044853e+03	7.993881e+02
1.563544e+00	1.191045e+00	1.777419e+02	2.181722e+02
1.396272e+00	1.329304e+00	3.802255e+02	1.708335e+03
1.372418e+00	1.352057e+00	1.452402e+03	3.173743e+02
1.432310e+00	1.295791e+00	1.958219e+02	3.067637e+02
1.422999e+00	1.304419e+00	6.494414e+02	6.404563e+02
1.399606e+00	1.325834e+00	2.592174e+02	5.328754e+02
1.461424e+00	1.270932e+00	1.710857e+02	2.055507e+03
1.495309e+00	1.243075e+00	3.433207e+02	4.686137e+01
1.425103e+00	1.302577e+00	1.182416e+03	2.295858e+02
1.484981e+00	1.251409e+00	3.415358e+02	5.638862e+02
1.418128e+00	1.308913e+00	5.266408e+02	1.339358e+03
1.621590e+00	1.151028e+00	4.835548e+02	8.786751e+02
1.545559e+00	1.204474e+00	4.429866e+00	2.870517e+03
1.367797e+00	1.356423e+00	4.352482e+02	1.048163e+03
1.512942e+00	1.228952e+00	4.498468e+02	1.857592e+02
1.498720e+00	1.240328e+00	2.749949e+02	1.894458e+03
1.441098e+00	1.288173e+00	2.032918e+02	1.915237e+02
1.650510e+00	1.132475e+00	3.445923e+02	8.019757e+02
1.365359e+00	1.358837e+00	1.070244e+03	3.488539e+02
1.377751e+00	1.346736e+00	1.090592e+03	5.369910e+02
1.419111e+00	1.307780e+00	4.051429e+02	5.652745e+00
1.384065e+00	1.340434e+00	1.311808e+02	3.645053e+02
1.398866e+00	1.326725e+00	1.102576e+03	5.699951e+02
1.370073e+00	1.354276e+00	6.465390e+02	9.780133e+02
1.451338e+00	1.279366e+00	6.379411e+01	5.082783e+02
1.688524e+00	1.108784e+00	7.769258e+01	9.285753e+02
1.612935e+00	1.156849e+00	6.169612e+02	3.207836e+02
1.467994e+00	1.265536e+00	1.379230e+03	6.452045e+02
1.540492e+00	1.208040e+00	2.020354e+02	3.013588e+02
1.385317e+00	1.339419e+00	1.984661e+02	1.019259e+03
1.424643e+00	1.302840e+00	3.446644e+02	7.502857e+02
1.459381e+00	1.272415e+00	2.214585e+02	3.738223e+02
1.538335e+00	1.209631e+00	2.764166e+02	1.466042e+02
1.586154e+00	1.175155e+00	2.158227e+02	7.055048e+02
1.393407e+00	1.331530e+00	3.632672e+02	1.573310e+02
1.546030e+00	1.204094e+00	1.564772e+02	7.452918e+02
1.483817e+00	1.251952e+00	6.400009e+01	3.065785e+02
1.417365e+00	1.309502e+00	3.013385e+01	5.794097e+02
1.513039e+00	1.228846e+00	8.472788e+02	4.632049e+02
1.470042e+00	1.263661e+00	2.510146e+02	1.809482e+03
1.541651e+00	1.207151e+00	2.438185e-01	6.595301e+02
1.369595e+00	1.354791e+00	4.948633e+02	7.549367e+02
1.387466e+00	1.337349e+00	3.748835e+02	2.808723e+02
1.403926e+00	1.321826e+00	1.329564e+02	6.278015e+02
1.392616e+00	1.332598e+00	8.394419e+02	7.224894e+02
1.413777e+00	1.312684e+00	3.278001e+02	4.018054e+02
1.623140e+00	1.149969e+00	5.981836e+02	1.085117e+02
1.465261e+00	1.267550e+00	2.544708e+02	1.903146e+02
1.451319e+00	1.279436e+00	6.243219e+02	8.296311e+02
1.459045e+00	1.272813e+00	5.749422e+02	1.114518e+03
1.414977e+00	1.311734e+00	4.613264e+02	8.412288e+01
1.581982e+00	1.177944e+00	1.916192e+02	4.860998e+02
1.452858e+00	1.278041e+00	1.899871e+02	1.865685e+02
1.642109e+00	1.137592e+00	1.380648e+02	4.443004e+02
1.535228e+00	1.211967e+00	2.805968e+02	5.694811e+01
1.416546e+00	1.310312e+00	7.901975e+02	4.920104e+02
1.534110e+00	1.212633e+00	3.502593e+02	3.054871e+01
1.573269e+00	1.184090e+00	2.013634e+02	2.040818e+02
1.460844e+00	1.271525e+00	3.957926e+02	6.937265e+02
1.410778e+00	1.315746e+00	9.289016e+02	4.402659e+02
1.579715e+00	1.179750e+00	9.566865e+02	7.163772e+02
1.490588e+00	1.246653e+00	4.432755e+02	2.061407e+01
1.715408e+00	1.092736e+00	1.469906e+02	2.888559e+02
1.380007e+00	1.344542e+00	4.382086e+02	1.088477e+01
1.457212e+00	1.274288e+00	2.352863e+00	7.559045e+02
1.422117e+00	1.305331e+00	4.472783e+02	6.028354e+02
1.425411e+00	1.302306e+00	3.536042e+01	1.401792e+03
1.379091e+00	1.345333e+00	3.272183e+02	2.398111e+02
1.536070e+00	1.211501e+00	5.732047e+02	1.310746e+03
1.498506e+00	1.240374e+00	2.430000e+02	9.841150e+02
1.483912e+00	1.252273e+00	7.322617e+02	4.652506e+01
1.509336e+00	1.231668e+00	4.476146e+01	6.220864e+02
1.542837e+00	1.206383e+00	4.910018e+02	1.152738e+03
1.453190e+00	1.277828e+00	3.243363e+02	8.401232e+02
1.507137e+00	1.233542e+00	6.404502e+02	1.066664e+03
1.423635e+00	1.303510e+00	1.749354e+02	1.398970e+02
1.534391e+00	1.212650e+00	5.491470e+02	9.167998e+02
1.413460e+00	1.312890e+00	7.885147e+01	1.407235e+03
1.477898e+00	1.257219e+00	6.106409e+02	5.689324e+02
1.590984e+00	1.171726e+00	2.330755e+02	1.131338e+03
1.438909e+00	1.290130e+00	1.133191e+03	2.480461e+02
1.565444e+00	1.189847e+00	2.990062e+02	1.169482e+03
1.370929e+00	1.353556e+00	6.002712e+01	1.291373e+03
1.578519e+00	1.180267e+00	7.251601e+01	2.867473e+02
1.367227e+00	1.357233e+00	9.984446e+02	1.016201e+03
1.613962e+00	1.156035e+00	1.918571e+02	1.903596e+01
1.372665e+00	1.351845e+00	3.781204e+02	2.524848e+02
1.449389e+00	1.281096e+00	9.543441e+02	2.736155e+02
1.434598e+00	1.294006e+00	3.617500e+02	1.373524e+02
1.417858e+00	1.309334e+00	1.291286e+03	2.504359e+02
1.456961e+00	1.274675e+00	8.052351e+01	1.252452e+03
1.514883e+00	1.227665e+00	8.962306e+02	6.409335e+02
1.548283e+00	1.202170e+00	3.603534e+02	9.881498e+02
1.567727e+00	1.187952e+00	2.209619e+02	7.929939e+01
1.374470e+00	1.349959e+00	7.401192e+02	6.665884e+02
1.570714e+00	1.185922e+00	9.164069e+00	3.903012e+02
1.522032e+00	1.222051e+00	8.172775e+02	4.375094e+02
1.411326e+00	1.315114e+00	1.150105e+03	3.093082e+02
1.593890e+00	1.169734e+00	2.649073e+01	8.071744e+02
1.593511e+00	1.170012e+00	2.324089e+02	2.538738e+02
1.419417e+00	1.307680e+00	8.636945e+01	4.600225e+02
1.582843e+00	1.177220e+00	1.098879e+02	4.271599e+01
1.411424e+00	1.314773e+00	4.456611e+02	1.168233e+02
1.367048e+00	1.357206e+00	2.534162e+02	3.073353e+02
1.630596e+00	1.145010e+00	1.488790e+02	2.292516e+02
1.370703e+00	1.353334e+00	2.010660e+02	1.419475e+02
1.408382e+00	1.317654e+00	4.909049e+02	7.601136e+01
1.431972e+00	1.296412e+00	2.904461e+02	1.533925e+03
1.383256e+00	1.341524e+00	2.314206e+02	9.707902e+02
1.512496e+00	1.229435e+00	4.864260e+01	6.571405e+02
1.459652e+00	1.272352e+00	9.157003e-01	8.697733e+02
1.468811e+00	1.264535e+00	2.457611e+02	3.437935e+02
1.434425e+00	1.294240e+00	3.850038e+01	3.912858e+02
1.457858e+00	1.273897e+00	5.511824e+01	4.826011e+02
1.563624e+00	1.191245e+00	1.833960e+02	2.219927e+03
1.436066e+00	1.292704e+00	4.720354e+01	2.813609e+02
1.575354e+00	1.182331e+00	2.004536e-01	4.122995e+02
1.486136e+00	1.250309e+00	5.476350e+02	2.835320e+02
1.364507e+00	1.359870e+00	8.013612e+02	3.851227e+02
1.464745e+00	1.268022e+00	4.575031e+02	5.914363e+02
1.384724e+00	1.340091e+00	4.582855e+01	1.130332e+03
1.581806e+00	1.177915e+00	1.761713e+02	2.760579e+02
1.464543e+00	1.268198e+00	3.274208e+01	6.442930e+02
1.520899e+00	1.222982e+00	3.945654e+02	5.262391e+02
1.366199e+00	1.358219e+00	3.065599e+02	8.022170e+02
1.491623e+00	1.245695e+00	1.504475e+02	3.878733e+02
1.594224e+00	1.169502e+00	1.449987e+02	3.876960e+02
1.515757e+00	1.227110e+00	1.048456e+03	1.238994e+03
1.691258e+00	1.106913e+00	4.945598e+02	1.351493e+02
1.440160e+00	1.289156e+00	9.322314e+01	5.228408e+02
1.410514e+00	1.315869e+00	7.918461e+02	9.971855e+02
1.482575e+00	1.253369e+00	1.956282e+02	3.200112e+02
1.377690e+00	1.346884e+00	1.630725e+03	1.794134e+01
1.507600e+00	1.232949e+00	3.444573e+02	2.402279e+02
1.484679e+00	1.251442e+00	5.413755e-01	6.936675e+02
1.500901e+00	1.238602e+00	6.893328e+02	3.765408e+02
1.621587e+00	1.151020e+00	2.813131e+02	5.491228e+02
1.551921e+00	1.199598e+00	3.016003e+02	1.209017e+03
1.524702e+00	1.219914e+00	3.991484e+02	1.331376e+03
1.523516e+00	1.220951e+00	1.023086e+03	6.066685e+02
1.410697e+00	1.315600e+00	6.633538e+02	1.095207e+03
1.480469e+00	1.255225e+00	1.110147e+03	6.270560e+02
1.435800e+00	1.293002e+00	8.937067e+02	1.154372e+02
1.427137e+00	1.300643e+00	4.197054e+02	2.663944e+02
1.444605e+00	1.285157e+00	6.030207e+02	4.526742e+02
1.484180e+00	1.252049e+00	5.881959e+02	3.283438e+01
1.384844e+00	1.340001e+00	9.458042e+02	9.192342e+02
1.406450e+00	1.319367e+00	8.569325e+02	3.598053e+01
1.591271e+00	1.171655e+00	3.466106e+02	9.696661e+02
1.391138e+00	1.333958e+00	1.086539e+03	3.650335e+02
1.414189e+00	1.312239e+00	8.573967e+02	5.714076e+02
1.572847e+00	1.184433e+00	1.090793e+01	5.513755e+02
1.396804e+00	1.328459e+00	1.069325e+03	2.288707e+01
1.410592e+00	1.315640e+00	9.377075e+02	1.229271e+02
1.416221e+00	1.310530e+00	5.072474e+02	3.131395e+02
1.456178e+00	1.275352e+00	9.180573e+02	3.005383e+02
1.512600e+00	1.229305e+00	2.068536e+02	1.146132e+03
1.591031e+00	1.171734e+00	1.982617e+02	1.842950e+02
1.568347e+00	1.187629e+00	2.785265e+02	1.031023e+03
1.481155e+00	1.254577e+00	2.053037e+02	7.169375e+02
1.520397e+00	1.223310e+00	3.000410e+02	9.888391e+01
1.438494e+00	1.290737e+00	3.460955e+01	1.629548e+03
1.485172e+00	1.251152e+00	4.498833e+02	8.152225e+02
1.531276e+00	1.214998e+00	3.388268e+02	7.217824e+02
1.626155e+00	1.147984e+00	1.563522e+02	1.626565e+02
1.457737e+00	1.274108e+00	1.076578e+03	8.050723e+02
1.368710e+00	1.355703e+00	8.638407e+01	5.888754e+02
1.548726e+00	1.201733e+00	6.214724e+01	3.938530e+01
1.387154e+00	1.337638e+00	4.186206e+02	1.216488e+02
1.371935e+00	1.352513e+00	1.088513e+03	2.844671e+02
1.482228e+00	1.253467e+00	1.163725e+02	3.539143e+02
1.628249e+00	1.146677e+00	3.078404e+02	7.978602e+02
1.593061e+00	1.170156e+00	2.530169e+02	2.629027e+02
1.448019e+00	1.282136e+00	8.290014e+01	2.908625e+02
1.425220e+00	1.302512e+00	5.671555e+02	1.656210e+02
1.410004e+00	1.316237e+00	1.049246e+02	5.173775e+02
1.434730e+00	1.293858e+00	5.290499e+02	9.898587e+01
1.390320e+00	1.334411e+00	6.405615e+02	5.046781e+02
1.412970e+00	1.313461e+00	3.227569e+02	2.741202e+02
1.525121e+00	1.219585e+00	2.316566e+02	1.595430e+03
1.420518e+00	1.306592e+00	1.152925e+02	4.279767e+02
1.504614e+00	1.235576e+00	1.926722e+02	1.402931e+03
1.420582e+00	1.306701e+00	2.514302e+02	1.110279e+03
1.388542e+00	1.336277e+00	5.906775e+01	3.837874e+02
1.362322e+00	1.362055e+00	4.311191e+02	3.601723e+02
1.613445e+00	1.156564e+00	5.123945e+02	4.712397e+02
1.420544e+00	1.306779e+00	9.916523e+02	4.236614e+02
1.449546e+00	1.280979e+00	4.374042e+02	5.872749e+02
1.494490e+00	1.243447e+00	1.059137e+02	4.625737e+02
1.373706e+00	1.350458e+00	3.414537e+02	6.579546e+01
1.435143e+00	1.293161e+00	4.485217e+01	2.861677e+02
1.529495e+00	1.216123e+00	2.132596e+01	5.125901e+01
1.397583e+00	1.327800e+00	1.642997e+02	6.250106e+02
1.584697e+00	1.176198e+00	7.309329e+01	8.682217e+02
1.582375e+00	1.177776e+00	2.037140e+02	8.007117e+02
1.387108e+00	1.337636e+00	1.676721e+02	3.689856e+01
1.519987e+00	1.223678e+00	3.504818e+02	7.377669e+02
1.433753e+00	1.294719e+00	1.577691e+02	2.685408e+02
1.372366e+00	1.352131e+00	5.547154e+01	1.162655e+03
1.419331e+00	1.307571e+00	3.489221e+02	7.666442e+02
1.617719e+00	1.153655e+00	3.641853e+02	9.308057e+02
1.588693e+00	1.173070e+00	1.084171e+02	1.562549e+02
1.479221e+00	1.255829e+00	4.244381e+02	4.975198e+01
1.531989e+00	1.214142e+00	1.712604e+02	3.888798e+02
1.529962e+00	1.216037e+00	5.136511e+02	4.437911e+01
1.444168e+00	1.285846e+00	1.988332e+02	1.748764e+03
1.434487e+00	1.294068e+00	3.196400e+02	4.688437e+01
1.602241e+00	1.163811e+00	1.072893e+02	2.593393e+02
1.428363e+00	1.299563e+00	3.972952e+02	5.191113e+02
1.552387e+00	1.199316e+00	4.868985e+02	6.005570e+02
1.580366e+00	1.179226e+00	2.147656e+01	1.192234e+03
1.654356e+00	1.129757e+00	1.376566e+02	2.823068e+02
1.519259e+00	1.223965e+00	1.392941e+02	7.540276e+02
1.481291e+00	1.254219e+00	2.029843e+01	8.632900e+01
1.562471e+00	1.192033e+00	6.214521e+02	3.605989e+02
1.483400e+00	1.252676e+00	2.908703e+02	8.217245e+02
1.540485e+00	1.207955e+00	2.806752e+02	7.569203e+01
1.367395e+00	1.356883e+00	3.785329e+02	3.601853e+02
1.497718e+00	1.241217e+00	1.185300e+03	8.234948e+02
1.407675e+00	1.318301e+00	9.554672e+02	3.776598e+02
1.482121e+00	1.253639e+00	3.381433e+02	3.862203e+02
1.575031e+00	1.182773e+00	2.020146e+02	1.442677e+02
1.366528e+00	1.357749e+00	1.012775e+03	2.107689e+02
1.588006e+00	1.173702e+00	1.270423e+02	5.984127e+02
1.555944e+00	1.196680e+00	1.381941e+02	2.321815e+02
1.565702e+00	1.189454e+00	2.503604e+02	8.165472e+01
1.459301e+00	1.272565e+00	1.579144e+02	3.721831e+02
1.630420e+00	1.144988e+00	1.003289e+02	3.140295e+02
1.433121e+00	1.295367e+00	1.117648e+03	1.523885e+01
1.437426e+00	1.291731e+00	8.340953e+02	3.047827e+02
1.407550e+00	1.318506e+00	1.511033e+02	3.125968e+02
1.551483e+00	1.199794e+00	2.648642e+02	2.752329e+02
1.519789e+00	1.223984e+00	8.054417e+01	1.565108e+03
1.495158e+00	1.243013e+00	3.976502e+02	7.025959e+02
1.417610e+00	1.309200e+00	6.454229e+02	5.092629e+02
1.486943e+00	1.249586e+00	1.233871e+02	9.882976e+01
1.470850e+00	1.263071e+00	2.068515e+02	8.634384e+02
1.437379e+00	1.291605e+00	4.465687e+02	1.252519e+03
1.585194e+00	1.175768e+00	3.859097e+02	5.922168e+02
1.369641e+00	1.354666e+00	1.108878e+03	2.999532e+02
1.623851e+00	1.149461e+00	2.121369e+02	3.344550e+02
1.396379e+00	1.328769e+00	3.551276e+02	3.327690e+02
1.492653e+00	1.245257e+00	3.172515e+01	6.598779e+02
1.545077e+00	1.204628e+00	5.896484e+02	3.131609e+02
1.460801e+00	1.271279e+00	2.225430e+02	1.079996e+02
1.372722e+00	1.351978e+00	1.255569e+03	2.440593e+02
1.442726e+00	1.286558e+00	3.393073e+02	4.555757e+01
1.390669e+00	1.334210e+00	5.518076e+02	7.915430e+02
1.591347e+00	1.171360e+00	1.065550e+01	7.760382e+02
1.402087e+00	1.323246e+00	7.027417e+01	5.493038e+02
1.581892e+00	1.177871e+00	2.112972e+02	1.828746e+02
1.645554e+00	1.135397e+00	6.384393e+02	2.296451e+02
1.419996e+00	1.307046e+00	7.524535e+02	4.854777e+02
1.385299e+00	1.339591e+00	6.476274e+01	1.711931e+03
1.470230e+00	1.263524e+00	2.395449e+02	1.028413e+03
1.519021e+00	1.224403e+00	4.596679e+02	1.277928e+03
1.431280e+00	1.297034e+00	9.507317e+02	1.630816e+02
1.488144e+00	1.248902e+00	7.645503e+02	9.881379e+01
1.448475e+00	1.281852e+00	6.017980e+02	2.009503e+02
1.407643e+00	1.318327e+00	2.939597e+02	4.620874e+01
1.408479e+00	1.317524e+00	1.046693e+01	9.570496e+02
1.539159e+00	1.208982e+00	3.496079e+01	6.343434e+02
1.468590e+00	1.264980e+00	7.573597e+02	9.714664e+02
1.446487e+00	1.283503e+00	5.958846e+02	2.340171e+02
1.364911e+00	1.359151e+00	4.725802e+02	1.115828e+01
1.388415e+00	1.336463e+00	4.875947e+02	3.245631e+02
1.446945e+00	1.283084e+00	2.247230e+02	3.832538e+02
1.386051e+00	1.338874e+00	4.290807e+02	1.272286e+03
1.428832e+00	1.299100e+00	1.794076e+00	6.418718e+02
1.440663e+00	1.288675e+00	2.617956e+02	5.455321e+02
1.384918e+00	1.339664e+00	4.327035e+02	8.108507e+02
1.609998e+00	1.158842e+00	2.661418e+02	9.207601e+02
1.439288e+00	1.290081e+00	4.108783e+02	1.591282e+03
1.588749e+00	1.173214e+00	6.927662e+01	3.561734e+02
1.571840e+00	1.185175e+00	2.225605e+02	4.225452e+02
1.386206e+00	1.338497e+00	1.280992e+01	5.103105e+02
1.576860e+00	1.181730e+00	1.121292e+02	5.476996e+02
1.434059e+00	1.294649e+00	6.180170e+02	5.828578e+02
1.552331e+00	1.199193e+00	2.885921e+02	2.181354e+02
1.517483e+00	1.225649e+00	1.686550e+02	1.265024e+03
1.472893e+00	1.261120e+00	2.860248e+01	1.044289e+03
1.407860e+00	1.318209e+00	1.411313e+02	1.032089e+03
1.484114e+00	1.251839e+00	3.615388e+02	2.567813e+01
1.635298e+00	1.141954e+00	1.298803e+02	9.788936e+01
1.699916e+00	1.101894e+00	1.931932e+02	1.150826e+02
1.507108e+00	1.233654e+00	5.464945e+02	6.828630e+02
1.443073e+00	1.286558e+00	3.997898e+02	1.454439e+02
1.389386e+00	1.335426e+00	3.361353e+02	2.805632e+02
1.638034e+00	1.140378e+00	8.771506e+01	5.528193e+02
1.502633e+00	1.237297e+00	6.590777e+02	4.264566e+02
1.515509e+00	1.227021e+00	3.088163e+02	4.049021e+02
1.412693e+00	1.313716e+00	1.301118e+03	7.378913e+02
1.503955e+00	1.236089e+00	8.708383e+02	8.634119e+01
1.595094e+00	1.168789e+00	5.060925e+01	3.623867e+02
1.393860e+00	1.331328e+00	6.880916e+02	5.163775e+02
1.463963e+00	1.268596e+00	5.122668e+02	3.595148e+02
1.382608e+00	1.342087e+00	3.260510e+01	7.237597e+02
1.371249e+00	1.352988e+00	3.314966e+02	6.620589e+02
1.460209e+00	1.271805e+00	1.887473e+02	4.123461e+02
1.395983e+00	1.329261e+00	7.687856e+02	1.448714e+02
1.460741e+00	1.271483e+00	3.460482e+02	1.059157e+03
1.612874e+00	1.156772e+00	2.951173e+02	3.352151e+01
1.512711e+00	1.229143e+00	2.425444e+02	2.497030e+02
1.405558e+00	1.320203e+00	3.556721e+02	2.760977e+02
1.758649e+00	1.068210e+00	1.268256e+01	4.020301e+02
1.512756e+00	1.229094e+00	4.409852e+02	4.433585e+02
1.545374e+00	1.204296e+00	2.572289e+02	4.739766e+01
1.490660e+00	1.246813e+00	5.054381e+02	9.332203e+02
1.461123e+00	1.271136e+00	3.960468e+02	1.004710e+03
1.688551e+00	1.108688e+00	1.797297e+02	8.601064e+02
1.476395e+00	1.258419e+00	6.776554e+02	8.866332e+02
1.422221e+00	1.305341e+00	2.617201e+02	1.794635e+03
1.471813e+00	1.262307e+00	5.977036e+02	1.035550e+03
1.384761e+00	1.339983e+00	5.050604e+02	2.621464e+02
1.560315e+00	1.193477e+00	1.297408e+02	6.150873e+02
1.457425e+00	1.274257e+00	2.007908e+02	2.811519e+02
1.395582e+00	1.329406e+00	1.639917e+02	1.532651e+02
1.381558e+00	1.343039e+00	4.124256e+02	1.555434e+02
1.388266e+00	1.336682e+00	5.304689e+02	4.454847e+01
1.362264e+00	1.361839e+00	1.773311e+02	3.444070e+02
1.451619e+00	1.279116e+00	2.515088e+02	6.584566e+02
1.392282e+00	1.332662e+00	4.840738e+02	3.079607e+02
1.505626e+00	1.234979e+00	3.063145e+02	1.058549e+03
1.506853e+00	1.234099e+00	1.314214e+03	1.849547e+01
1.621066e+00	1.151276e+00	1.221010e+01	3.450275e+02
1.504096e+00	1.235788e+00	4.234118e+02	4.578608e+02
1.596650e+00	1.167673e+00	2.340342e+02	4.760411e+01
1.433506e+00	1.294906e+00	1.727779e+02	4.159230e+02
1.440183e+00	1.289081e+00	3.591101e+02	1.987203e+02
1.476554e+00	1.258154e+00	9.729659e+01	3.036082e+02
1.459867e+00	1.272188e+00	2.906955e+01	1.204174e+03
1.470255e+00	1.263605e+00	9.370750e+02	2.564765e+02
1.476523e+00	1.258339e+00	1.931635e+02	1.309159e+03
1.390418e+00	1.334546e+00	9.751362e+02	6.248751e+01
1.411113e+00	1.315252e+00	4.299598e+02	1.367549e+02
1.461156e+00	1.271285e+00	1.378450e+01	1.508309e+03
1.438024e+00	1.290986e+00	4.920745e+02	1.788833e+01
1.423385e+00	1.304207e+00	7.543550e+02	1.115026e+03
1.447029e+00	1.283081e+00	1.870026e+02	4.801795e+02
1.365644e+00	1.358325e+00	5.416660e+01	2.797224e+02
1.469774e+00	1.263819e+00	3.096662e+02	4.531354e+02
1.393896e+00	1.331339e+00	6.587777e+02	7.317849e+02
1.620296e+00	1.152015e+00	2.565275e+02	3.274845e+01
1.370496e+00	1.353649e+00	5.978696e+02	5.827813e+02
1.461338e+00	1.271226e+00	2.866221e+02	1.889144e+03
1.385502e+00	1.339255e+00	6.141672e+02	4.908215e+02
1.638618e+00	1.139851e+00	6.155701e+02	1.279463e+01
1.536425e+00	1.210889e+00	1.357238e+01	1.622778e+03
1.518623e+00	1.224594e+00	1.096557e+02	1.392997e+03
1.507071e+00	1.233818e+00	5.706636e+02	6.059186e+01
1.384962e+00	1.339651e+00	1.206225e+02	6.047447e+02
1.380016e+00	1.344536e+00	3.572858e+02	7.363095e+02
1.574947e+00	1.183007e+00	5.170929e+02	2.648707e+03
1.401703e+00	1.323976e+00	8.805689e+02	6.474018e+02
1.501149e+00	1.238267e+00	3.784686e+02	3.440911e+01
1.408123e+00	1.318190e+00	1.011606e+03	7.755712e+02
1.411501e+00	1.314591e+00	8.732563e+01	1.995267e+02
1.457375e+00	1.274128e+00	1.830041e+02	3.466855e+02
1.522626e+00	1.221589e+00	2.778713e+01	1.295774e+03
1.390956e+00	1.334372e+00	8.453894e+02	7.550626e+02
1.493038e+00	1.244823e+00	5.113077e+02	2.892487e+01
1.414711e+00	1.311868e+00	4.459033e+02	3.403731e+02
1.496974e+00	1.241554e+00	4.515773e+02	1.263786e+03
1.399383e+00	1.326049e+00	1.532461e+02	2.996091e+02
1.385148e+00	1.339592e+00	3.432900e+01	9.183433e+02
1.455494e+00	1.275858e+00	4.833718e+02	8.760004e+02
1.519250e+00	1.223940e+00	2.182626e+02	4.349110e+02
1.480429e+00	1.255049e+00	2.326143e+02	2.081055e+02
1.367705e+00	1.356606e+00	1.035061e+03	6.738515e+01
1.400936e+00	1.324373e+00	3.840292e+02	4.847813e+01
1.450697e+00	1.280023e+00	1.005323e+03	1.769082e+01
1.517006e+00	1.225863e+00	3.177128e+02	1.161526e+03
1.473155e+00	1.261143e+00	3.648241e+02	3.419538e+02
1.425118e+00	1.302499e+00	3.696414e+02	6.309584e+02
1.619170e+00	1.152629e+00	2.288547e+02	3.899684e+02
1.560511e+00	1.193317e+00	3.609228e+02	1.329625e+02
1.413106e+00	1.313309e+00	2.979065e+02	1.494268e+02
1.530551e+00	1.215389e+00	7.477503e+01	6.469325e+02
1.382031e+00	1.342414e+00	7.830419e+02	1.425317e+02
1.542738e+00	1.206253e+00	1.154348e+02	2.572191e+02
1.450570e+00	1.279863e+00	2.818409e+02	2.184046e+02
1.418947e+00	1.307828e+00	2.565352e+02	2.634105e+02
1.512527e+00	1.229331e+00	1.460007e+02	1.267848e+03
1.524194e+00	1.220413e+00	1.661925e+02	1.685838e+03
1.470674e+00	1.262937e+00	4.115550e+02	7.072541e+01
1.485744e+00	1.250616e+00	1.105452e+02	4.701480e+02
1.622736e+00	1.150385e+00	6.619080e+01	8.018415e+02
1.392546e+00	1.332504e+00	3.602363e+02	1.074442e+02
1.466137e+00	1.266504e+00	2.502496e+02	2.574881e+02
1.550739e+00	1.200408e+00	6.784324e+01	1.111750e+03
1.528855e+00	1.216736e+00	6.341220e+02	5.937903e+01
1.460461e+00	1.271578e+00	2.358917e+02	1.002360e+03
1.466262e+00	1.266477e+00	3.771401e+02	1.195157e+03
1.419646e+00	1.307436e+00	1.066487e+02	6.963739e+02
1.595043e+00	1.168931e+00	2.801296e+02	6.809454e+00
1.558177e+00	1.195206e+00	5.635464e+02	5.309828e+02
1.427105e+00	1.300686e+00	5.739430e+02	1.202731e+03
1.537717e+00	1.210211e+00	3.994081e+02	1.126854e+03
1.610412e+00	1.158489e+00	3.258447e+02	7.415300e+02
1.439219e+00	1.289883e+00	3.818212e+01	4.346625e+02
1.368411e+00	1.355607e+00	1.462552e+02	2.064935e+02
1.383094e+00	1.341285e+00	4.761313e+02	3.539317e+02
1.499175e+00	1.239902e+00	3.438768e+02	1.456538e+03
1.395395e+00	1.329572e+00	6.368486e+01	1.912899e+02
1.597266e+00	1.167518e+00	8.556318e+01	9.026433e+02
1.363904e+00	1.360690e+00	5.286053e+02	3.204337e+02
1.373050e+00	1.351193e+00	2.502800e+02	4.929288e+02
1.417091e+00	1.309592e+00	3.951189e+01	3.939532e+02
1.475498e+00	1.259063e+00	8.471255e+02	1.290368e+01
1.432843e+00	1.295456e+00	1.927137e+02	4.558205e+02
1.379394e+00	1.345130e+00	2.846639e+02	9.525387e+02
1.528268e+00	1.217246e+00	4.400803e+02	8.975858e+02
1.529617e+00	1.216139e+00	1.498205e+02	3.605244e+02
1.428925e+00	1.298990e+00	1.289542e+03	9.204459e+01
1.404146e+00	1.321508e+00	3.408587e+02	3.875115e+01
1.555343e+00	1.197021e+00	6.449711e+01	4.994355e+02
1.466041e+00	1.267082e+00	9.308809e+02	6.569633e+02
1.432479e+00	1.295775e+00	8.798770e+01	2.586592e+02
1.454558e+00	1.276905e+00	2.779110e+01	1.244589e+03
1.557508e+00	1.195558e+00	1.019255e+02	5.278540e+02
1.410521e+00	1.315740e+00	7.066954e+02	5.662023e+02
1.447354e+00	1.282995e+00	7.382058e+02	3.786315e+02
1.366199e+00	1.358175e+00	7.273123e+02	4.239582e+02
1.568795e+00	1.187421e+00	4.384115e+00	2.453435e+03
1.481463e+00	1.254290e+00	2.473647e+02	2.100097e+03
1.556662e+00	1.196121e+00	5.975565e+02	1.276806e+02
1.405070e+00	1.320725e+00	5.431782e+02	1.101637e+03
1.499498e+00	1.239718e+00	1.488601e+02	7.021651e+02
1.391964e+00	1.333216e+00	9.424170e+02	6.064843e+02
1.496144e+00	1.242355e+00	6.015377e+02	1.924019e+02
1.586522e+00	1.174906e+00	6.824345e+02	4.017621e+02
1.381858e+00	1.342530e+00	3.909959e+02	9.926841e+01
1.620022e+00	1.152101e+00	7.204202e+01	6.041413e+02
1.541420e+00	1.207368e+00	1.735394e+02	3.441484e+02
1.471141e+00	1.262592e+00	1.047061e+00	1.303236e+03
1.429393e+00	1.298697e+00	9.519428e+02	1.888972e+02
1.693128e+00	1.105809e+00	5.266181e+01	3.299844e+02
1.558046e+00	1.195128e+00	3.502192e+02	8.317858e+02
1.479448e+00	1.255615e+00	2.255652e+02	6.308810e+02
1.420632e+00	1.306557e+00	2.072712e+02	1.347688e+03
1.402126e+00	1.323567e+00	4.495921e+00	1.067187e+03
1.422410e+00	1.305088e+00	4.433125e+02	9.260133e+02
1.372261e+00	1.352126e+00	4.883516e+02	1.392151e+02
1.647911e+00	1.133879e+00	2.762583e+02	1.346325e+02
1.528496e+00	1.217140e+00	1.101619e+03	6.769158e+02
1.426903e+00	1.300746e+00	6.436141e+02	2.131009e+02
1.433061e+00	1.295399e+00	1.239296e+02	1.302592e+03
1.366088e+00	1.358164e+00	2.930032e+02	7.936887e+02
1.649804e+00	1.132687e+00	6.752480e+00	7.030807e+02
1.498622e+00	1.240116e+00	2.792405e+02	1.126747e+00
1.462022e+00	1.270215e+00	1.810954e+02	8.856749e+02
1.451379e+00	1.279095e+00	4.321019e+01	6.322065e+01
1.404791e+00	1.321059e+00	6.690559e+01	8.261769e+02
1.481888e+00	1.254135e+00	2.445742e+02	1.262446e+03
1.499077e+00	1.239755e+00	1.287385e+02	4.463439e+02
1.517074e+00	1.226050e+00	3.707345e+02	1.840653e+02
1.630964e+00	1.144668e+00	1.151567e+02	2.542601e+01
1.367049e+00	1.357227e+00	9.245088e+02	3.438322e+02
1.472516e+00	1.261760e+00	2.610531e+02	1.699017e+03
1.506285e+00	1.234303e+00	1.463419e+02	2.862156e+02
1.538645e+00	1.209380e+00	4.142349e+01	3.328320e+02
1.372603e+00	1.351818e+00	4.323910e+01	1.177302e+03
1.382065e+00	1.342635e+00	9.456124e+02	1.822941e+02
1.582857e+00	1.177240e+00	1.653568e+02	3.875221e+02
1.632231e+00	1.143873e+00	1.226348e+01	4.817017e+02
1.417371e+00	1.309627e+00	1.463088e+03	4.023499e+02
1.430679e+00	1.297369e+00	5.594277e+02	6.715907e+02
1.575825e+00	1.182433e+00	3.536677e+02	7.426349e+02
1.374835e+00	1.349475e+00	6.816537e+02	4.213240e+02
1.566421e+00	1.188978e+00	3.577986e+01	6.178994e+02
1.504577e+00	1.235660e+00	3.668314e+02	8.561728e+02
1.416600e+00	1.310460e+00	6.617517e+01	3.092309e+03
1.496308e+00	1.242261e+00	2.801372e+02	1.146935e+03
1.459591e+00	1.272501e+00	7.541761e+02	3.796797e+02
1.406748e+00	1.319301e+00	1.554670e+03	8.156510e+01
1.503771e+00	1.236150e+00	7.233817e+02	2.469824e+02
1.409528e+00	1.316974e+00	9.532403e+02	3.783449e+02
1.577117e+00	1.181387e+00	2.807325e+02	3.141057e+02
1.556575e+00	1.196216e+00	8.801726e+01	1.293544e+03
1.390465e+00	1.334641e+00	3.407590e+02	9.056813e+02
1.420191e+00	1.307123e+00	7.496137e+02	2.503919e+02
1.573053e+00	1.184297e+00	3.434885e+02	1.026761e+01
1.533141e+00	1.213528e+00	3.230267e+01	6.381294e+02
1.626866e+00	1.147482e+00	6.646702e+01	6.480516e+02
1.414506e+00	1.311983e+00	4.715909e+02	3.746205e+02
1.390573e+00	1.334360e+00	8.107239e+02	5.768434e+02
1.548930e+00	1.201860e+00	4.985598e+02	1.034876e+03
1.554574e+00	1.197416e+00	2.885852e+02	1.112216e+02
1.515208e+00	1.227262e+00	1.645447e+02	1.179879e+03
1.419788e+00	1.307210e+00	8.985645e+02	2.181805e+02
1.458637e+00	1.273175e+00	3.380471e+02	9.347569e+02
1.471345e+00	1.262619e+00	3.579211e+02	3.563689e+02
1.470489e+00	1.263054e+00	1.899546e+02	1.240154e+03
1.649173e+00	1.132972e+00	9.962303e+01	1.624049e+02
1.468975e+00	1.264240e+00	4.556696e+02	4.374818e+02
1.428609e+00	1.299458e+00	5.957108e+02	9.354434e+02
1.482342e+00	1.253269e+00	1.568896e+02	2.574533e+02
1.386904e+00	1.337799e+00	9.409342e+02	9.190214e+01
1.380213e+00	1.344263e+00	9.554138e+01	4.424197e+02
1.475160e+00	1.259168e+00	1.982599e+01	2.710402e+02
1.427757e+00	1.299990e+00	7.521288e+01	5.534332e+02
1.445785e+00	1.284302e+00	4.829709e+02	3.317632e+02
1.397322e+00	1.327772e+00	3.786291e+02	2.165697e+02
1.372523e+00	1.351679e+00	7.015068e+01	3.685732e+02
1.394729e+00	1.330418e+00	4.637086e+02	1.184068e+02
1.554889e+00	1.197265e+00	3.799206e+02	6.290198e+02
1.480307e+00	1.255131e+00	1.828518e+02	3.121626e+02
1.368865e+00	1.355347e+00	9.825346e+01	7.035855e+02
1.379180e+00	1.345441e+00	3.132285e+01	5.566283e+02
1.482711e+00	1.253175e+00	3.052346e+02	9.292330e+02
1.388177e+00	1.336501e+00	5.401705e+02	2.237967e-01
1.499540e+00	1.239752e+00	3.735006e+02	2.561104e+02
1.517501e+00	1.225457e+00	1.010394e+02	4.679324e+02
1.498466e+00	1.240346e+00	3.631498e+02	2.012357e+01
1.471119e+00	1.262684e+00	3.517754e+02	1.043681e+03
1.410415e+00	1.316006e+00	9.629021e+02	9.617990e+01
1.581139e+00	1.178464e+00	2.242183e+02	2.529218e+02
1.422507e+00	1.304684e+00	1.129878e+02	5.641623e+02
1.477866e+00	1.257184e+00	4.421746e+02	1.058666e+03
1.665250e+00	1.123057e+00	9.054497e+01	1.562802e+03
1.550888e+00	1.200388e+00	2.021593e+02	5.382425e+02
1.692027e+00	1.106603e+00	1.002738e+02	1.479588e+03
1.533466e+00	1.213451e+00	1.281030e+02	8.611062e+02
1.473683e+00	1.260578e+00	7.991281e+01	8.683062e+02
1.499015e+00	1.239995e+00	3.816392e+02	2.498568e+02
1.441081e+00	1.288238e+00	5.422720e+01	1.210948e+03
1.586166e+00	1.175208e+00	1.417168e+02	6.721261e+02
1.385386e+00	1.339695e+00	6.916155e+02	4.265181e+02
1.367155e+00	1.356916e+00	1.933644e+02	1.132612e+02
1.576887e+00	1.181679e+00	2.046423e+02	2.923897e+03
1.440550e+00	1.288510e+00	1.672341e+02	1.616906e+02
1.508737e+00	1.232242e+00	2.551893e+02	2.498055e+01
1.618534e+00	1.152999e+00	3.757119e+01	7.069219e+02
1.489665e+00	1.247423e+00	1.490558e+02	9.691636e+01
1.471692e+00	1.262153e+00	8.459582e+01	7.234390e+02
1.474730e+00	1.259554e+00	7.793803e+01	5.382897e+02
1.553072e+00	1.198561e+00	6.658107e+01	4.150004e+02
1.537487e+00	1.210268e+00	7.706101e+01	3.988792e+02
1.410405e+00	1.315886e+00	8.835930e+02	1.925403e+02
1.385958e+00	1.338823e+00	9.698618e+02	2.247408e+02
1.489826e+00	1.247581e+00	1.268466e+03	4.738627e+01
1.375364e+00	1.349258e+00	6.079178e+02	1.307498e+03
1.624365e+00	1.149151e+00	8.636391e+00	8.021809e+02
1.390869e+00	1.334275e+00	7.016130e+02	4.157070e+02
1.422116e+00	1.305225e+00	3.126580e+02	2.246739e+02
1.528124e+00	1.217075e+00	3.823702e+01	2.608530e+02
1.391362e+00	1.333767e+00	2.663950e+02	8.916929e+01
1.518450e+00	1.224780e+00	6.758800e+02	7.073233e+02
1.430646e+00	1.297686e+00	4.897318e+02	1.971638e+02
1.370167e+00	1.353932e+00	7.112690e+02	3.274529e+02
1.368077e+00	1.356142e+00	2.323545e+01	5.477052e+02
1.556393e+00	1.196544e+00	8.996901e+02	5.095418e+02
1.491281e+00	1.246215e+00	3.385046e+02	1.250991e+03
1.603811e+00	1.162765e+00	1.644317e+02	3.490957e-01
1.484803e+00	1.251369e+00	6.087367e+01	6.383771e+02
1.553489e+00	1.198350e+00	8.729405e+01	5.896198e+01
1.513805e+00	1.228406e+00	1.787232e+02	2.339004e+03
1.438718e+00	1.290257e+00	5.491969e+02	4.950693e+02
1.507358e+00	1.233394e+00	1.848869e+01	3.042532e+02
1.484292e+00	1.251853e+00	5.951497e+02	3.497370e+02
1.553197e+00	1.198533e+00	4.903210e+01	2.527281e+02
1.391462e+00	1.333380e+00	9.681828e+01	9.770808e+02
1.402774e+00	1.322704e+00	2.790649e+02	1.867827e+01
1.447490e+00	1.282917e+00	3.316549e+02	7.785222e+02
1.368643e+00	1.355763e+00	9.408120e+02	1.217985e+02
1.535672e+00	1.211449e+00	3.186482e+02	9.256896e+01
1.561171e+00	1.192950e+00	4.676445e+02	1.660469e+03
1.607271e+00	1.160429e+00	1.632739e+02	1.071210e+03
1.641428e+00	1.138196e+00	2.782796e+02	1.046883e+03
1.440514e+00	1.288918e+00	4.967386e+02	2.284995e+02
1.417881e+00	1.308720e+00	8.145508e+02	1.680654e+02
1.490256e+00	1.247131e+00	1.449071e+02	1.473371e+03
1.444471e+00	1.285283e+00	2.822951e+02	2.316545e+02
1.534673e+00	1.212350e+00	1.385638e+02	1.256213e+02
1.544177e+00	1.205406e+00	3.972453e+02	1.247774e+03
1.393340e+00	1.331779e+00	3.114545e+02	8.508696e+02
1.484783e+00	1.251209e+00	1.409825e+01	4.224145e+02
1.498359e+00	1.240633e+00	3.699639e+02	1.101130e+03
1.394265e+00	1.330942e+00	9.221930e+02	2.445474e+02
1.442257e+00	1.287496e+00	5.858188e+02	7.421660e+02
1.461833e+00	1.270526e+00	3.726530e+02	5.043191e+01
1.568986e+00	1.187289e+00	5.035205e+01	6.742997e+02
1.385579e+00	1.339449e+00	5.587398e+02	9.226159e+02
1.426434e+00	1.301363e+00	4.318883e+02	8.507409e+02
1.434861e+00	1.293731e+00	9.991123e+01	4.854065e+02
1.518350e+00	1.224810e+00	2.976558e+02	3.821679e+02
1.460415e+00	1.271531e+00	4.482801e+02	4.285014e+02
1.382759e+00	1.341797e+00	3.895143e+02	1.088854e+02
1.397762e+00	1.327632e+00	1.395942e+02	3.831386e+02
1.472326e+00	1.261883e+00	4.193432e+02	2.265989e+03
1.550744e+00	1.200477e+00	2.300206e+02	2.920191e+02
1.455043e+00	1.276284e+00	6.963061e+02	3.773199e+02
1.534080e+00	1.212824e+00	7.552434e+01	2.092294e+03
1.424954e+00	1.302551e+00	5.697142e+02	8.259799e+02
1.410089e+00	1.316097e+00	5.140827e+02	2.791484e+02
1.459460e+00	1.272430e+00	7.836466e+02	2.674459e+02
1.518698e+00	1.224559e+00	2.512692e+02	2.246587e+02
1.437169e+00	1.291937e+00	7.180637e+02	2.505240e+02
1.419352e+00	1.307818e+00	3.115992e+02	1.574264e+03
1.463183e+00	1.269268e+00	6.428805e+02	8.679577e+02
1.494284e+00	1.243757e+00	1.313055e+01	9.526063e+02
1.395850e+00	1.329493e+00	3.584764e+02	1.405755e+01
1.503602e+00	1.236302e+00	6.104050e+01	6.764170e+02
1.445765e+00	1.284175e+00	4.549027e+02	2.051561e+01
1.593175e+00	1.170104e+00	1.900065e+02	2.114450e+02
1.450221e+00	1.280388e+00	1.294784e+02	2.804501e+02
1.501303e+00	1.238279e+00	9.455885e+02	1.677902e+02
1.605587e+00	1.161660e+00	7.006327e+01	5.677489e+02
1.545410e+00	1.204442e+00	5.745846e+02	1.629151e+02
1.512374e+00	1.229637e+00	6.393416e+02	9.874290e+02
1.453097e+00	1.277793e+00	3.878182e+02	6.968150e+01
1.465300e+00	1.267697e+00	6.050058e+02	1.167858e+03
1.396642e+00	1.328637e+00	2.683729e+02	4.066868e+02
1.511672e+00	1.230150e+00	4.998983e+02	1.255108e+03
1.501033e+00	1.238491e+00	7.045995e+02	1.817881e+02
1.395298e+00	1.329889e+00	2.025356e+02	2.658880e+02
1.482336e+00	1.253403e+00	3.582767e+01	5.546640e+02
1.556855e+00	1.195819e+00	1.010470e+02	5.246195e+02
1.380170e+00	1.344495e+00	4.882005e+02	2.868987e+02
1.489314e+00	1.247601e+00	5.911427e+01	6.316508e+02
1.661590e+00	1.125229e+00	1.692746e+02	2.806626e+02
1.534252e+00	1.212625e+00	4.466913e+01	1.377176e+03
1.469075e+00	1.264490e+00	2.586301e+02	1.660809e+03
1.587957e+00	1.173915e+00	1.099573e+02	6.460056e+02
1.499034e+00	1.240045e+00	4.667280e+01	9.040512e+02
1.614144e+00	1.155963e+00	5.167441e+02	1.430421e+01
1.658304e+00	1.127332e+00	2.273792e+01	6.668322e+02
1.510440e+00	1.230966e+00	7.741706e+01	1.623172e+03
1.482794e+00	1.252938e+00	3.763074e+02	1.345878e+01
1.604331e+00	1.162272e+00	2.747748e+00	1.190747e+01
1.364991e+00	1.359505e+00	1.707942e+03	7.524615e+01
1.563515e+00	1.191162e+00	3.764341e+02	1.872803e+01
1.369307e+00	1.355253e+00	1.758469e+03	2.968625e+02
1.366235e+00	1.357858e+00	1.757606e+02	2.597353e+02
1.378112e+00	1.346363e+00	3.006673e+02	1.623226e+02
1.482529e+00	1.253444e+00	9.668530e+02	3.584908e+01
1.379225e+00	1.345314e+00	4.110989e+02	8.082948e+02
1.535699e+00	1.211673e+00	1.569418e+02	1.094299e+03
1.451564e+00	1.279301e+00	9.535312e+02	2.633761e+02
1.395210e+00	1.329972e+00	2.992942e+02	3.860021e+02
1.416767e+00	1.310077e+00	3.422129e+02	1.486197e+03
1.534579e+00	1.212371e+00	9.341322e+01	5.107832e+02
1.558482e+00	1.194568e+00	1.386002e+02	1.778062e+02
1.399514e+00	1.325913e+00	5.280657e+01	5.674404e+02
1.409215e+00	1.316750e+00	1.317184e+02	3.400750e+02
1.411873e+00	1.314378e+00	1.811227e+02	2.395889e+02
1.541479e+00	1.207128e+00	2.923969e+02	2.853728e+01
1.518745e+00	1.224508e+00	2.384760e+02	3.403274e+02
1.668462e+00	1.120889e+00	1.135541e+02	2.074229e+02
1.620279e+00	1.151701e+00	7.270729e+01	4.302509e+02
1.446902e+00	1.283212e+00	2.135890e+02	5.196091e+02
1.472103e+00	1.261985e+00	3.777723e+01	1.525433e+03
1.390010e+00	1.335018e+00	9.265142e+02	2.977266e+02
1.492348e+00	1.245356e+00	5.431769e+02	1.173672e+03
1.599097e+00	1.166143e+00	4.593726e+01	6.684567e+02
1.380847e+00	1.343927e+00	6.638436e+02	2.047397e+02
1.514914e+00	1.227722e+00	4.632228e+02	1.046211e+03
1.502976e+00	1.236698e+00	1.867223e+02	4.742624e+02
1.423942e+00	1.303684e+00	7.834341e+02	4.208787e+02
1.402925e+00	1.322455e+00	1.362395e+02	2.806709e+02
1.452241e+00	1.278562e+00	2.938727e+01	6.210884e+02
1.510673e+00	1.230744e+00	1.139052e+02	6.462774e+02
1.393800e+00	1.331623e+00	1.961192e+02	1.534460e+03
1.508692e+00	1.232180e+00	1.732198e+01	5.358052e+02
1.519724e+00	1.224041e+00	5.918309e+01	2.907515e+03
1.496943e+00	1.241563e+00	7.531249e+01	3.788606e+02
1.451912e+00	1.279026e+00	6.572597e+02	5.692031e+02
1.548026e+00	1.202354e+00	6.558126e+02	3.232778e+02
1.480382e+00	1.254785e+00	3.136755e+01	1.925246e+02
1.423731e+00	1.303600e+00	6.503565e+02	4.777399e+02
1.493328e+00	1.244694e+00	5.786412e+01	2.356589e+03
1.379335e+00	1.345069e+00	4.788597e-01	4.361523e+02
1.381660e+00	1.342823e+00	1.251513e+02	2.292250e+02
1.554069e+00	1.198025e+00	1.145051e+02	3.584863e+02
1.421731e+00	1.305547e+00	2.765272e+02	8.288600e+02
1.432917e+00	1.295448e+00	2.657839e+02	1.996231e+02
1.556106e+00	1.196293e+00	5.728108e+01	1.953252e+02
1.540119e+00	1.208416e+00	9.818562e+02	3.532927e+02
1.459964e+00	1.272043e+00	5.004766e+02	1.156590e+02
1.390227e+00	1.334740e+00	5.705709e+02	7.659328e+02
1.574854e+00	1.183069e+00	8.955611e+01	2.341626e+02
1.578595e+00	1.180264e+00	5.695364e+01	8.244880e+02
1.413649e+00	1.312960e+00	6.727173e+02	1.401054e+02
1.575165e+00	1.182984e+00	5.909697e+02	1.027548e+03
1.435806e+00	1.292845e+00	1.896563e+02	2.074075e+02
1.538040e+00	1.209757e+00	1.693553e+02	2.297581e+02
1.610689e+00	1.158011e+00	1.142036e+02	1.395947e+02
1.540750e+00	1.207908e+00	3.045390e+02	1.594512e+03
1.487626e+00	1.249351e+00	6.173385e+02	3.651324e+02
1.368647e+00	1.355808e+00	3.192146e+02	4.599425e+02
1.485025e+00	1.251176e+00	2.137162e+02	1.036435e+03
1.469392e+00	1.264268e+00	5.090366e+02	2.932564e+02
1.398636e+00	1.326763e+00	3.155811e+02	2.225271e+02
1.563842e+00	1.190733e+00	1.035045e+02	4.169602e+02
1.554467e+00	1.197567e+00	1.588187e+01	4.735201e+02
1.384056e+00	1.340783e+00	3.180954e+02	1.291966e+03
1.581548e+00	1.178111e+00	1.678359e+02	8.830159e+02
1.550715e+00	1.200436e+00	1.980893e+02	1.240777e+03
1.516475e+00	1.226286e+00	6.186135e+02	2.346273e+02
1.379179e+00	1.345242e+00	1.083947e+02	4.520868e+02
1.440510e+00	1.288888e+00	7.576371e+02	6.479746e+02
1.396317e+00	1.329003e+00	7.488908e+02	7.200479e+02
1.393219e+00	1.331926e+00	2.407008e+02	2.190927e+03
1.518852e+00	1.224537e+00	1.217384e+02	3.490731e+02
1.521856e+00	1.222292e+00	5.726576e+02	1.408296e+03
1.674300e+00	1.117274e+00	3.604748e+02	7.185725e+02
1.383872e+00	1.340839e+00	4.180202e+02	6.242223e+02
1.421096e+00	1.305870e+00	2.243592e+02	2.257127e+02
1.409991e+00	1.315875e+00	5.883184e+01	3.431903e+02
1.599082e+00	1.166177e+00	4.683884e+02	8.722281e+02
1.370503e+00	1.354072e+00	8.219849e+02	9.112154e+02
1.413452e+00	1.312905e+00	4.047728e+02	1.241865e+02
1.388896e+00	1.335816e+00	2.412967e+02	7.624370e+01
1.530957e+00	1.215134e+00	3.714316e+02	1.468964e+02
1.556258e+00	1.196347e+00	4.275034e+01	5.491049e+02
1.572583e+00	1.184453e+00	1.710833e+02	2.585370e+02
1.375732e+00	1.348734e+00	6.017827e+02	3.348907e+01
1.379830e+00	1.344544e+00	1.102226e+02	2.712225e+02
1.510138e+00	1.231026e+00	1.108042e+02	7.649916e+02
1.594764e+00	1.168862e+00	2.183983e+01	1.764804e+02
1.504555e+00	1.235562e+00	3.741700e+01	5.466879e+02
1.413799e+00	1.313085e+00	5.758087e+01	2.504505e+03
1.455863e+00	1.275618e+00	1.516571e+02	1.126943e+03
1.407796e+00	1.318319e+00	3.063403e+02	9.537677e+02
1.492926e+00	1.244788e+00	2.520803e+02	7.234085e+01
1.663760e+00	1.123667e+00	1.843875e+02	1.717985e+02
1.408663e+00	1.317445e+00	7.240346e+02	2.414188e+01
1.389068e+00	1.335938e+00	3.563635e+02	4.492728e+02
1.429486e+00	1.298596e+00	2.784604e+02	1.046967e+03
1.485733e+00	1.250663e+00	6.134473e+02	5.169481e+02
1.409349e+00	1.316549e+00	2.997290e+02	2.743858e+02
1.470494e+00	1.263509e+00	3.779119e+02	6.871881e+02
1.593464e+00	1.169954e+00	5.878115e+01	7.180261e+02
1.479318e+00	1.255979e+00	7.350066e+02	4.044628e+01
1.405027e+00	1.320901e+00	1.250772e+03	5.455828e+02
1.391611e+00	1.333392e+00	2.917287e+02	8.106690e+02
1.536869e+00	1.210693e+00	2.379825e+01	1.512209e+03
1.474522e+00	1.260172e+00	7.446465e+02	1.013716e+03
1.368717e+00	1.355810e+00	2.152607e+02	1.576993e+03
1.402758e+00	1.323054e+00	5.024186e+02	6.010257e+01
1.494656e+00	1.243459e+00	2.327545e+02	4.135207e+02
1.514576e+00	1.227779e+00	4.424019e+02	9.539550e+01
1.367397e+00	1.356924e+00	2.011046e+02	1.084478e+03
1.371128e+00	1.353295e+00	1.992527e+02	1.021910e+03
1.539853e+00	1.208519e+00	9.774749e+00	1.173208e+03
1.442506e+00	1.287067e+00	1.281173e+01	5.912541e+02
1.459328e+00	1.272476e+00	4.115889e+02	5.369732e+02
1.459418e+00	1.272784e+00	1.135938e+03	6.773788e+02
1.404556e+00	1.321334e+00	6.834529e+02	3.667923e+02
1.406550e+00	1.319182e+00	8.767820e+01	3.533009e+02
1.439364e+00	1.289573e+00	4.501860e+02	8.513501e+01
1.406291e+00	1.319569e+00	2.561563e+02	7.698710e+02
1.381836e+00	1.342757e+00	3.268759e+02	1.981027e+02
1.508798e+00	1.232131e+00	1.373904e+02	3.496843e+02
1.530979e+00	1.215264e+00	6.871794e+02	4.792539e+02
1.392116e+00	1.332892e+00	4.880550e+02	5.317632e+02
1.480413e+00	1.254975e+00	4.017218e+02	2.009252e+01
1.414973e+00	1.311880e+00	2.858719e+02	1.402676e+03
1.385041e+00	1.339679e+00	1.226868e+03	3.525308e+01
1.452943e+00	1.277880e+00	3.798008e+02	4.789914e+02
1.388396e+00	1.336309e+00	4.140090e+02	6.039474e+02
1.525549e+00	1.219170e+00	2.681662e+02	1.890839e+02
1.514667e+00	1.227563e+00	2.674257e+02	2.652954e+01
1.602020e+00	1.164262e+00	1.544470e+02	8.308805e+02
1.563766e+00	1.191167e+00	1.663914e+01	1.793342e+03
1.465260e+00	1.267652e+00	2.425910e+01	6.243459e+02
1.436064e+00	1.292461e+00	1.562142e+02	3.763702e+02
1.649599e+00	1.132874e+00	2.435665e+01	1.142147e+03
1.438121e+00	1.290928e+00	2.306364e+02	3.545326e+02
1.516339e+00	1.226320e+00	1.576437e+00	8.667510e+02
1.526957e+00	1.218134e+00	1.004812e+02	2.794353e+02
1.401427e+00	1.323909e+00	2.434792e+02	7.842021e+02
1.581839e+00	1.177779e+00	2.574977e+01	2.884530e+02
1.465643e+00	1.267228e+00	5.527674e+02	1.248090e+02
1.572057e+00	1.185031e+00	4.532199e+02	9.520719e+02
1.602022e+00	1.164109e+00	2.352664e+02	2.985870e+02
1.440646e+00	1.288781e+00	9.695987e+02	7.983741e+01
1.501227e+00	1.238475e+00	6.047074e+02	7.932657e+02
1.432437e+00	1.296206e+00	7.940257e+02	4.975996e+02
1.548634e+00	1.202295e+00	5.047604e+02	1.738728e+03
1.403445e+00	1.322180e+00	2.286843e+02	5.721787e+02
1.430149e+00	1.298160e+00	1.036376e+03	6.290523e+02
1.446810e+00	1.283096e+00	4.010389e+02	2.565210e+01
1.528053e+00	1.217283e+00	2.702400e+02	1.913134e+02
1.368388e+00	1.355713e+00	1.413709e+02	3.711466e+02
1.471095e+00	1.262726e+00	4.675606e+02	5.813396e+02
1.562776e+00	1.191651e+00	2.527139e+02	1.826850e+02
1.426131e+00	1.301483e+00	5.084512e+00	3.094364e+02
1.450231e+00	1.280411e+00	3.007489e+02	1.190982e+03
1.436354e+00	1.292394e+00	4.821589e+01	4.225134e+02
1.536118e+00	1.211381e+00	4.504927e+01	1.038047e+03
1.396707e+00	1.328604e+00	1.731555e+02	3.053776e+02
1.415210e+00	1.311555e+00	4.729198e+02	2.230525e+02
1.370105e+00	1.354258e+00	5.108794e+02	1.719488e+02
1.364338e+00	1.360096e+00	6.336355e+02	7.406748e+02
1.459480e+00	1.272193e+00	1.377435e+02	5.622720e+02
1.524200e+00	1.220203e+00	8.609389e+02	3.948770e+02
1.466879e+00	1.266561e+00	3.110200e+02	1.013227e+03
1.460153e+00	1.271946e+00	1.046794e+02	9.057387e+02
1.541244e+00	1.207438e+00	4.133874e+02	1.062733e+03
1.492726e+00	1.245026e+00	7.664358e+02	8.219457e+01
1.367105e+00	1.356961e+00	1.566178e+02	2.760316e+02
1.420175e+00	1.306854e+00	2.846377e+02	8.354647e+02
1.415285e+00	1.311225e+00	3.614356e+02	2.013393e+02
1.677486e+00	1.115510e+00	4.512304e+02	2.654690e+02
1.463625e+00	1.268999e+00	3.916784e+00	1.408484e+03
1.603070e+00	1.163321e+00	3.167240e+02	1.479578e+02
1.492025e+00	1.245541e+00	7.245357e+02	1.927917e+02
1.545087e+00	1.204679e+00	4.433265e+02	1.236783e+03
1.405691e+00	1.320218e+00	4.628102e+02	7.885462e+02
1.415571e+00	1.310842e+00	2.079253e+02	4.293107e+02
1.534431e+00	1.212359e+00	1.438777e+02	7.515880e+01
1.362687e+00	1.361480e+00	2.689999e+01	5.979560e+02
1.405070e+00	1.320720e+00	3.039632e+02	2.059483e+02
1.460192e+00	1.271744e+00	4.860577e+02	5.052334e+02
1.559688e+00	1.193766e+00	2.001144e+02	5.544489e+02
1.383446e+00	1.341282e+00	1.110924e+02	1.105182e+03
1.472962e+00	1.261029e+00	9.449623e+01	3.883023e+02
1.420130e+00	1.307105e+00	2.159325e+02	5.248863e+02
1.544982e+00	1.204757e+00	4.710110e+01	9.899162e+02
1.454806e+00	1.276447e+00	1.021291e+03	5.792878e+01
1.554072e+00	1.197851e+00	9.140041e+01	1.586961e+03
1.396347e+00	1.329013e+00	1.062208e+03	1.610351e+02
1.369133e+00	1.355129e+00	5.617822e+02	1.789719e+02
1.454913e+00	1.276328e+00	2.969596e+02	8.585593e+01
1.479209e+00	1.255975e+00	1.268331e+02	4.003638e+02
1.471196e+00	1.262408e+00	4.120999e+02	5.053621e-01
1.389248e+00	1.335796e+00	7.186667e+02	5.637536e+02
1.412416e+00	1.314017e+00	6.032818e+02	5.371906e+02
1.385006e+00	1.339911e+00	4.648746e+02	8.534684e+02
1.539316e+00	1.209023e+00	3.634840e+02	6.303847e+02
1.550545e+00	1.200560e+00	3.818015e+02	4.956649e+02
1.529630e+00	1.216199e+00	2.490930e+02	2.119491e+02
1.378152e+00	1.346311e+00	8.796692e+01	1.485847e+03
1.469196e+00	1.264350e+00	1.582677e+01	7.203238e+02
1.512320e+00	1.229576e+00	1.951485e+02	3.656669e+02
1.535655e+00	1.211653e+00	4.912795e+02	5.355426e+01
1.405799e+00	1.319884e+00	6.983660e+01	5.303955e+02
1.496884e+00	1.241839e+00	2.659399e+02	1.986595e+03
1.623363e+00	1.149887e+00	6.053466e+01	1.685733e+03
1.364717e+00	1.359831e+00	2.612350e+02	4.618237e+02
1.419468e+00	1.307535e+00	2.002802e+02	2.651424e+02
1.499211e+00	1.239948e+00	1.156652e+02	1.238253e+03
1.366583e+00	1.357819e+00	9.738878e+02	4.471883e+02
1.519341e+00	1.224024e+00	2.107718e+02	1.609768e+02
1.511104e+00	1.230407e+00	1.508889e+02	4.735310e+02
1.420031e+00	1.307104e+00	4.633476e+02	7.079233e+02
1.577877e+00	1.180700e+00	6.296743e+01	5.527799e+02
1.579121e+00	1.180059e+00	1.865331e+02	1.547944e+03
1.514088e+00	1.227935e+00	2.566001e+02	2.016739e+02
1.389086e+00	1.335870e+00	2.646307e+02	1.004266e+03
1.373621e+00	1.350772e+00	3.089945e+02	7.637650e+02
1.424016e+00	1.303454e+00	6.651625e+02	3.968600e+02
1.432502e+00	1.295995e+00	7.250281e+02	3.612323e+02
1.428746e+00	1.299146e+00	7.597494e+02	6.882432e+02
1.382035e+00	1.342540e+00	5.569949e+02	1.593742e+02
1.419451e+00	1.307555e+00	3.002847e+02	1.735076e+02
1.364862e+00	1.359375e+00	2.437958e+02	3.281999e+02
1.490593e+00	1.246990e+00	4.441460e+02	9.985469e+02
1.626671e+00	1.147399e+00	5.093035e+02	1.755838e+02
1.572210e+00	1.185019e+00	5.808182e+01	9.402805e+02
1.535911e+00	1.211405e+00	4.668044e+02	1.455699e+02
1.490542e+00	1.246665e+00	5.691908e+02	9.985979e+02
1.471098e+00	1.262752e+00	4.711545e+02	1.152971e+03
1.384907e+00	1.339793e+00	3.909056e+02	9.612610e+01
1.563298e+00	1.191206e+00	5.744406e+01	6.456849e+02
1.517172e+00	1.225818e+00	4.139749e+02	8.609415e+02
1.457601e+00	1.274211e+00	6.904945e+02	5.031598e+02
1.589846e+00	1.172523e+00	2.338355e+02	2.743340e+02
1.394830e+00	1.330237e+00	1.517539e+03	1.092977e+02
1.362893e+00	1.361466e+00	6.242343e+02	5.426501e+02
1.530386e+00	1.215433e+00	1.329388e+02	1.517298e+02
1.462822e+00	1.269714e+00	7.217085e+02	1.294454e+02
1.433926e+00	1.294445e+00	9.998410e+02	4.841437e+02
1.457170e+00	1.274405e+00	2.312722e+01	8.528627e+02
1.505948e+00	1.234685e+00	4.163188e+02	1.023450e+03
1.384836e+00	1.339648e+00	1.623545e+02	9.325639e+00
1.419674e+00	1.307522e+00	3.292844e+02	1.030314e+03
1.385773e+00	1.338786e+00	2.404590e+02	2.566257e+02
1.440141e+00	1.288856e+00	2.197233e+02	1.549504e+02
1.486133e+00	1.250383e+00	4.956302e+02	1.400627e+02
1.521596e+00	1.222217e+00	4.944820e+02	2.138640e+02
1.512189e+00	1.229319e+00	1.230350e+02	4.316290e+02
1.418907e+00	1.307980e+00	1.696272e+02	8.691413e+02
1.466846e+00	1.266198e+00	1.454662e+02	4.796364e+02
1.500598e+00	1.238924e+00	2.248972e+02	1.849109e+03
1.513322e+00	1.228742e+00	1.094078e+02	1.517883e+03
1.522788e+00	1.221573e+00	1.181460e+02	1.158564e+03
1.517640e+00	1.225258e+00	1.755965e+02	1.098146e+03
1.569969e+00	1.186587e+00	9.422388e+01	6.982079e+02
1.409059e+00	1.317197e+00	1.214632e+03	4.443199e+02
1.497417e+00	1.241314e+00	3.392547e+02	9.846904e+02
1.452319e+00	1.278419e+00	1.680373e+02	1.412013e+02
1.473195e+00	1.261340e+00	3.237947e+02	1.555238e+03
1.635666e+00	1.141750e+00	3.384314e+01	8.579297e+02
1.580801e+00	1.178783e+00	2.546972e+02	3.201000e+01
1.447357e+00	1.282803e+00	1.754212e+02	2.065217e+02
1.437484e+00	1.291330e+00	3.319725e+02	7.544188e+02
1.484214e+00	1.252007e+00	1.778296e+02	3.575212e+02
1.477753e+00	1.257172e+00	4.759269e+00	6.873919e+02
1.388578e+00	1.336471e+00	3.604669e+02	1.082452e+03
1.506226e+00	1.234292e+00	6.979724e+02	2.868141e+02
1.442403e+00	1.287032e+00	5.317360e+01	4.575713e+02
1.473025e+00	1.260830e+00	1.622077e+02	1.796542e+02
1.426439e+00	1.301106e+00	4.560414e+01	2.492550e+02
1.389574e+00	1.335221e+00	3.895198e+02	6.010954e+02
1.469746e+00	1.263939e+00	1.253650e+01	5.510285e+02
1.435796e+00	1.293156e+00	5.684761e+02	1.307130e+03
1.386886e+00	1.338001e+00	1.457512e+02	1.651360e+03
1.498796e+00	1.240087e+00	5.731042e+02	2.317661e+02
1.551265e+00	1.199810e+00	1.838249e+01	5.630742e+02
1.427722e+00	1.300054e+00	4.380526e+02	1.907098e+02
1.472663e+00	1.261235e+00	2.589181e+01	2.336536e+02
1.484315e+00	1.251742e+00	1.580378e+02	1.101770e+02
1.484208e+00	1.251884e+00	1.515220e+02	3.002335e+02
1.491878e+00	1.245754e+00	5.909237e+02	1.334469e+03
1.439986e+00	1.289244e+00	3.126857e+02	3.252101e+02
1.579045e+00	1.179940e+00	4.261458e+02	5.304800e+02
1.552182e+00	1.199359e+00	4.683682e+02	2.948019e+02
1.442214e+00	1.287259e+00	7.301958e+02	2.229726e+02
1.438558e+00	1.290749e+00	6.761346e+01	1.494053e+03
1.447061e+00	1.283497e+00	1.081712e+03	5.450273e+02
1.425442e+00	1.302292e+00	1.194887e+03	3.166464e+02
1.434261e+00	1.294568e+00	3.799865e+02	1.009803e+03
1.446163e+00	1.283866e+00	1.138821e+02	3.270959e+02
1.430180e+00	1.298028e+00	7.078112e+02	5.671413e+02
1.445698e+00	1.284183e+00	2.895809e+02	1.280142e+02
1.385606e+00	1.339288e+00	1.347950e+03	2.242722e+02
1.431663e+00	1.296446e+00	3.332218e+02	1.755164e+02
1.389165e+00	1.335875e+00	1.062562e+03	5.437848e+02
1.469314e+00	1.264135e+00	1.148924e+02	3.775245e+02
1.455883e+00	1.275586e+00	3.665894e+02	3.281193e+01
1.498352e+00	1.240585e+00	8.643948e+01	6.508065e+02
1.644434e+00	1.136044e+00	2.545705e+02	2.167887e+02
1.473475e+00	1.260480e+00	1.396795e+02	1.150152e+02
1.583865e+00	1.176797e+00	4.136302e+02	5.178284e+02
1.480031e+00	1.255161e+00	7.738975e+00	8.880606e+02
1.590204e+00	1.172137e+00	8.552757e+01	3.832460e+02
1.522394e+00	1.221846e+00	3.626190e+02	7.121688e+02
1.376088e+00	1.348328e+00	4.050014e+02	1.047112e+03
1.511309e+00	1.230209e+00	1.356914e+02	2.022030e+02
1.382708e+00	1.341830e+00	5.445167e+01	1.293905e+03
1.553772e+00	1.198068e+00	9.390736e+01	1.307025e+03
1.563057e+00	1.191533e+00	2.252545e+02	9.708510e+01
1.584934e+00	1.175934e+00	1.303696e+02	4.027224e+02
1.541637e+00	1.207046e+00	6.688824e+01	4.568686e+02
1.471352e+00	1.262378e+00	1.326576e+02	1.651409e+02
1.381322e+00	1.343384e+00	1.179077e+03	7.231492e+01
1.395833e+00	1.329379e+00	1.252466e+02	3.250466e+02
1.471803e+00	1.262076e+00	1.600531e+02	3.923257e+02
1.503789e+00	1.236091e+00	7.986227e+02	8.123582e+02
1.627715e+00	1.146896e+00	2.572005e+02	1.642562e+02
1.556963e+00	1.196069e+00	5.174187e+02	1.211629e+03
1.678288e+00	1.114920e+00	9.960785e+01	5.221843e+02
1.601354e+00	1.164590e+00	1.062670e+02	5.396362e+02
1.507915e+00	1.232915e+00	4.058540e+01	1.496697e+03
1.425471e+00	1.302434e+00	1.276145e+03	4.420025e+02
1.493397e+00	1.244262e+00	2.608830e+02	7.543490e+01
1.464042e+00	1.268683e+00	4.467357e+02	5.973321e+01
1.459606e+00	1.272236e+00	2.119721e+02	4.121741e+02
1.529946e+00	1.215923e+00	1.301226e+02	1.055095e+03
1.369790e+00	1.354508e+00	3.306955e+02	2.094771e+02
1.429974e+00	1.298159e+00	3.546806e+02	8.091562e+02
1.399633e+00	1.326040e+00	9.176161e+02	5.530250e+02
1.656507e+00	1.128279e+00	9.834897e+00	1.248295e+03
1.436181e+00	1.292753e+00	7.237300e+02	8.018778e+02
1.413554e+00	1.312926e+00	2.116195e+02	4.538651e+02
1.411134e+00	1.315059e+00	2.347655e+02	3.424057e+02
1.376493e+00	1.347801e+00	5.102085e+02	1.625756e+02
1.617915e+00	1.153255e+00	4.477014e+01	1.912202e+02
1.505301e+00	1.234837e+00	2.727659e+02	7.854540e+00
1.398641e+00	1.326833e+00	6.668289e+02	4.065569e+02
1.502079e+00	1.237704e+00	2.161692e+02	3.716791e+02
1.366960e+00	1.357469e+00	1.176364e+03	3.051861e+02
1.366804e+00	1.357873e+00	6.155883e+02	6.507274e+02
1.469832e+00	1.263706e+00	1.336988e+02	7.259956e+02
1.509948e+00	1.231395e+00	4.767585e+02	5.168009e+02
1.435536e+00	1.293160e+00	6.097292e+01	6.440710e+02
1.457537e+00	1.273954e+00	1.767981e+02	4.338411e+02
1.439350e+00	1.289737e+00	6.415998e+01	1.076940e+03
1.494865e+00	1.243344e+00	3.448450e+02	1.353445e+02
1.503514e+00	1.236245e+00	1.607550e+02	2.904836e+02
1.551362e+00	1.199815e+00	8.522708e+00	6.459941e+02
1.412118e+00	1.314359e+00	1.062513e+03	1.192704e+02
1.692169e+00	1.106362e+00	4.179938e+02	2.417856e+02
1.369241e+00	1.354995e+00	4.496879e+02	4.570084e+01
1.492665e+00	1.244980e+00	3.366201e+02	7.891579e+02
1.427655e+00	1.300306e+00	9.798695e+02	3.437048e+02
1.423085e+00	1.304404e+00	6.013252e+02	3.497331e+02
1.390724e+00	1.334393e+00	6.250081e+02	3.065866e+02
1.374154e+00	1.350322e+00	2.576229e+02	4.417274e+02
1.519226e+00	1.224317e+00	4.954733e+02	1.355211e+01
1.509034e+00	1.232080e+00	2.849910e+01	1.947785e+03
1.646027e+00	1.135058e+00	2.824503e+02	1.267016e+02
1.651972e+00	1.131225e+00	2.878129e+02	2.230755e+02
1.464322e+00	1.268738e+00	1.108173e+02	2.095704e+03
1.455453e+00	1.275755e+00	3.260378e+02	4.995758e+01
1.477664e+00	1.257323e+00	9.622730e+01	1.833497e+03
1.362859e+00	1.361158e+00	3.027833e+02	7.981405e+01
1.488169e+00	1.248694e+00	1.064543e+03	1.145564e+02
1.659387e+00	1.126598e+00	1.878384e+02	4.622632e+02
1.454495e+00	1.276485e+00	3.489030e+01	3.062415e+02
1.372429e+00	1.352022e+00	1.537842e+03	5.917326e+02
1.492355e+00	1.245533e+00	2.231836e+02	1.641795e+03
1.378459e+00	1.346314e+00	6.770246e+02	2.358840e+03
1.374260e+00	1.350323e+00	6.476754e+02	7.942806e+02
1.500392e+00	1.238825e+00	1.812050e+02	4.457849e+02
1.548614e+00	1.201757e+00	2.002616e+02	7.016824e+02
1.465328e+00	1.267545e+00	8.775897e+02	5.928899e+02
1.412129e+00	1.314505e+00	1.586277e+03	9.598834e+01
1.379506e+00	1.344951e+00	1.902947e+02	2.189628e+02
1.551486e+00	1.199867e+00	5.130742e+02	4.629448e+02
1.453837e+00	1.277214e+00	1.052712e+02	2.995731e+02
1.414927e+00	1.311721e+00	3.770177e+02	2.234862e+02
1.678883e+00	1.114584e+00	1.690230e+02	1.233536e+03
1.412471e+00	1.314037e+00	1.893609e+03	2.306099e+02
1.410115e+00	1.316055e+00	1.604356e+02	2.137055e+02
1.599532e+00	1.165643e+00	1.272099e+02	1.833730e+02
1.368954e+00	1.355263e+00	1.141097e+02	2.527927e+02
1.467359e+00	1.265810e+00	6.187475e+02	1.563606e+02
1.383526e+00	1.341218e+00	3.465377e+02	8.569365e+02
1.578023e+00	1.180845e+00	2.806293e+02	5.430242e+02
1.578726e+00	1.180365e+00	4.079223e+02	2.888676e+02
1.448360e+00	1.281780e+00	1.270784e+02	3.016602e+01
1.469815e+00	1.263658e+00	1.872435e+02	2.001790e+02
1.694948e+00	1.104948e+00	1.885609e+01	1.020354e+03
1.451286e+00	1.279334e+00	1.587825e+02	2.826782e+02
1.644785e+00	1.135704e+00	5.092720e+01	1.438160e+02
1.555630e+00	1.196990e+00	5.309076e+02	1.501686e+02
1.393800e+00	1.331226e+00	8.938358e+01	8.950258e+02
1.414963e+00	1.311598e+00	3.983747e+01	5.482610e+02
1.374084e+00	1.350278e+00	4.105902e+02	3.308456e+02
1.627235e+00	1.147217e+00	1.699619e+01	4.271739e+02
1.668440e+00	1.120855e+00	7.239878e+01	4.853845e+02
1.367264e+00	1.356787e+00	3.590096e+02	1.569105e+02
1.407059e+00	1.318852e+00	5.058232e+02	4.275264e+02
1.382547e+00	1.342014e+00	6.517466e+02	2.598947e+02
1.737519e+00	1.080110e+00	7.044579e+01	5.404642e+02
1.417969e+00	1.308846e+00	2.685376e+02	8.516508e+02
1.457854e+00	1.273887e+00	3.473379e+02	2.666971e+02
1.457562e+00	1.274197e+00	5.013628e+02	7.585386e+00
1.363463e+00	1.361058e+00	1.540201e+03	1.123579e+03
1.485694e+00	1.250623e+00	1.720377e+02	1.835375e+02
1.378245e+00	1.346456e+00	3.385422e+02	1.909970e+03
1.470514e+00	1.263148e+00	6.416988e+02	7.335716e+02
1.371358e+00	1.352874e+00	8.141734e+02	1.331109e+02
1.487359e+00	1.249370e+00	1.055099e+03	2.288086e+02
1.432517e+00	1.295973e+00	4.065305e+02	7.361984e+02
1.416742e+00	1.309831e+00	4.288480e+02	6.010090e+01
1.396725e+00	1.328671e+00	3.075612e+02	1.239007e+03
1.487529e+00	1.249229e+00	4.357441e+02	1.007965e+03
1.495773e+00	1.242620e+00	2.178380e+02	2.753765e+02
1.363848e+00	1.360293e+00	3.474888e+02	2.410731e+01
1.440765e+00	1.288415e+00	3.573611e+02	3.442105e+01
1.529487e+00	1.216360e+00	2.466791e+02	4.462090e+02
1.688120e+00	1.108983e+00	1.962104e+02	1.148000e+01
1.507393e+00	1.233126e+00	2.637796e+02	3.752413e+01
1.388628e+00	1.336127e+00	7.064040e+01	3.636868e+02
1.593684e+00	1.169839e+00	1.486603e+02	3.389635e+02
1.387412e+00	1.337400e+00	2.807420e+01	6.985976e+02
1.543901e+00	1.205443e+00	4.084529e+02	6.636751e+02
1.458318e+00	1.273560e+00	9.809417e+01	1.498938e+03
1.393767e+00	1.331471e+00	5.639492e+01	1.528561e+03
1.494521e+00	1.243443e+00	2.860166e+01	5.267429e+02
1.409155e+00	1.316891e+00	2.551007e+02	1.929806e+02
1.615666e+00	1.154674e+00	1.659988e+02	8.189936e+02
1.380384e+00	1.344227e+00	3.463192e+02	1.341275e+02
1.436911e+00	1.292202e+00	5.956413e+02	4.380213e+01
1.400274e+00	1.325123e+00	3.110395e+01	7.668483e+02
1.510092e+00	1.231291e+00	6.828642e+02	4.399067e+02
1.588445e+00	1.173251e+00	4.763363e+02	8.610480e+01
1.383949e+00	1.340571e+00	2.690149e+02	2.178479e+02
1.482577e+00	1.253312e+00	1.191887e+02	7.090048e+02
1.575973e+00	1.182422e+00	4.786533e+02	6.463562e+02
1.410258e+00	1.315953e+00	9.994197e+02	2.872626e+02
1.464554e+00	1.268208e+00	1.898855e+02	1.466753e+03
1.664827e+00	1.123239e+00	4.932906e+01	1.222167e+03
1.613037e+00	1.156626e+00	1.875068e+01	6.098985e+02
1.520216e+00	1.223545e+00	8.449788e+01	2.405316e+03
1.518219e+00	1.224935e+00	2.450549e+02	3.234245e+02
1.510895e+00	1.230470e+00	5.209658e+01	8.636912e+02
1.425546e+00	1.302014e+00	1.323525e+02	3.484420e+02
1.516946e+00	1.226068e+00	2.151090e+02	1.395414e+03
1.374141e+00	1.350292e+00	1.841977e+02	7.896482e+02
1.547029e+00	1.203343e+00	3.144914e+02	1.163859e+03
1.559546e+00	1.193905e+00	6.462924e+02	4.041252e+01
1.572778e+00	1.184459e+00	8.193091e+01	5.890426e+02
1.510788e+00	1.230987e+00	1.310515e+02	1.551282e+03
1.406870e+00	1.318906e+00	4.521695e+02	2.213474e+01
1.542364e+00	1.206563e+00	4.250899e+01	5.711301e+02
1.547450e+00	1.202723e+00	1.061968e+02	1.082909e+03
1.523399e+00	1.220903e+00	1.906847e+02	7.743498e+02
1.570625e+00	1.186033e+00	2.725256e+02	2.201200e+02
1.519562e+00	1.223831e+00	2.883686e+01	1.453117e+03
1.377462e+00	1.347152e+00	6.440075e+02	1.949940e+02
1.412305e+00	1.313924e+00	1.334495e+01	3.589186e+02
1.483803e+00	1.251990e+00	1.111291e+02	1.387159e+02
1.375204e+00	1.349125e+00	8.082875e+02	1.423614e+02
1.561265e+00	1.192637e+00	1.658115e+02	8.251508e+01
1.489316e+00	1.247979e+00	8.513588e+02	7.476491e+02
1.441405e+00	1.287754e+00	4.338797e+02	1.891347e+02
1.477390e+00	1.257702e+00	3.169204e+02	2.456864e+02
1.363946e+00	1.360444e+00	2.214716e+00	1.161683e+03
1.472973e+00	1.261061e+00	5.487380e+01	9.139829e+02
1.574888e+00	1.183017e+00	5.073053e+01	4.059548e+02
1.371068e+00	1.353174e+00	2.128887e+01	3.498270e+02
1.515851e+00	1.226916e+00	3.208585e+02	2.884924e+02
1.465428e+00	1.267382e+00	7.504463e+02	1.819984e+02
1.379117e+00	1.345369e+00	3.920661e+02	1.750621e+02
1.445390e+00	1.284351e+00	6.804441e+01	2.861984e+02
1.396890e+00	1.328286e+00	4.396160e+02	1.027439e+02
1.375376e+00	1.348995e+00	8.981823e+02	6.124983e+02
1.431228e+00	1.297100e+00	1.142954e+03	3.446573e+02
1.367840e+00	1.356617e+00	1.960645e+03	7.312123e+02
1.366493e+00	1.357595e+00	2.008888e+02	1.027451e+02
1.548540e+00	1.201909e+00	4.884934e+02	9.303637e+02
1.480012e+00	1.255428e+00	5.703674e+01	1.678505e+03
1.414325e+00	1.312184e+00	6.501810e+02	8.507412e+01
1.470273e+00	1.263651e+00	4.384818e+02	7.691019e+02
1.388751e+00	1.336053e+00	2.772931e+02	2.548248e+02
1.409676e+00	1.316498e+00	3.983760e+01	1.621662e+03
1.653420e+00	1.130422e+00	4.596217e+01	3.116494e+02
1.378658e+00	1.345878e+00	4.277198e+02	6.919073e+02
1.568655e+00	1.187449e+00	3.270733e+02	2.361944e+02
1.427983e+00	1.299903e+00	5.771237e+01	4.967657e+02
1.540409e+00	1.208105e+00	2.747632e+02	1.896481e+02
1.514888e+00	1.227450e+00	6.495923e+02	7.103835e+02
1.420093e+00	1.306850e+00	3.318868e+02	2.248373e+02
1.369516e+00	1.354703e+00	1.396461e+01	4.527853e+02
1.486785e+00	1.249924e+00	9.607026e+01	4.505132e+02
1.611184e+00	1.158096e+00	2.694216e+02	1.194751e+03
1.477601e+00	1.257323e+00	1.984098e+02	7.021707e+02
1.467023e+00	1.265991e+00	2.644460e+02	2.232492e+02
1.555539e+00	1.197001e+00	6.413739e+02	1.384964e+03
1.611886e+00	1.157280e+00	1.230671e+02	5.040510e+02
1.462602e+00	1.269781e+00	7.939473e+02	1.889775e+02
1.431734e+00	1.296571e+00	2.719664e+02	7.838418e+02
1.415541e+00	1.311138e+00	6.116195e+02	8.170811e+01
1.565965e+00	1.189499e+00	3.643131e+02	9.524015e+00
1.667835e+00	1.121324e+00	3.355047e+02	2.877763e+02
1.379052e+00	1.345374e+00	3.095437e+01	2.811510e+02
1.613257e+00	1.156631e+00	3.842079e+02	1.090198e+03
1.543927e+00	1.205419e+00	1.300099e+02	1.132170e+03
1.531539e+00	1.214682e+00	5.159605e+01	1.349150e+03
1.386025e+00	1.338686e+00	4.761297e+02	3.620353e+02
1.409121e+00	1.316949e+00	3.738838e+02	4.787268e+02
1.426160e+00	1.301615e+00	1.168567e+03	7.997704e+01
1.440918e+00	1.288724e+00	1.116961e+03	7.046840e+02
1.483674e+00	1.252190e+00	1.397922e+02	5.716335e+02
1.582623e+00	1.177729e+00	5.121015e+02	6.188119e+02
1.607545e+00	1.160430e+00	4.184113e+02	7.132559e+02
1.431710e+00	1.296423e+00	2.654295e+02	8.093803e+02
1.515353e+00	1.227237e+00	3.790616e+01	5.184271e+02
1.442389e+00	1.286974e+00	1.523976e+02	5.041536e+02
1.402189e+00	1.323419e+00	1.005647e+03	4.000251e+02
1.420134e+00	1.307089e+00	6.402805e+01	1.687783e+03
1.622163e+00	1.150448e+00	1.670035e+01	7.828446e+02
1.486286e+00	1.250528e+00	1.610362e+03	1.112164e+03
1.593281e+00	1.170046e+00	2.435714e+02	7.622455e+02
1.386169e+00	1.338795e+00	1.404959e+03	1.710029e+02
1.628974e+00	1.145991e+00	6.059573e+01	6.133343e+02
1.527358e+00	1.218005e+00	1.647467e+02	7.074291e+02
1.387161e+00	1.337721e+00	7.216349e+02	6.910487e+02
1.455974e+00	1.275556e+00	6.704087e+02	5.346962e+02
1.429846e+00	1.298471e+00	1.479547e+03	3.383955e+01
1.375900e+00	1.348583e+00	8.744943e+01	6.391232e+02
1.496467e+00	1.241968e+00	2.277712e+02	2.285831e+02
1.366381e+00	1.358035e+00	9.252721e+02	3.393426e+02
1.398069e+00	1.327202e+00	4.367215e+02	8.099557e+00
1.401659e+00	1.324239e+00	1.659147e+02	1.781293e+03
1.418639e+00	1.307909e+00	1.880003e+01	4.308956e+02
1.501288e+00	1.238490e+00	6.791803e+02	1.935411e+03
1.453423e+00	1.277789e+00	1.333514e+03	4.231482e+02
1.381353e+00	1.343368e+00	1.394791e+03	2.763818e+02
1.372631e+00	1.351551e+00	5.536559e+02	1.158581e+02
1.467362e+00	1.265949e+00	2.785126e+02	3.762619e+02
1.525534e+00	1.219391e+00	2.601852e+02	2.483309e+02
1.530388e+00	1.215534e+00	4.539837e+02	9.937374e+01
1.458636e+00	1.273225e+00	2.584436e+01	1.533270e+03
1.375055e+00	1.349305e+00	6.753772e+02	5.264545e+02
1.459776e+00	1.272160e+00	2.382669e+02	4.094396e+02
1.492897e+00	1.245040e+00	5.191908e+02	6.625450e+02
1.532643e+00	1.213587e+00	2.008060e+02	1.414693e+02
1.599459e+00	1.165852e+00	1.948439e+02	1.389211e+03
1.439140e+00	1.290018e+00	1.180822e+02	5.982912e+02
1.484336e+00	1.252001e+00	1.577228e+02	5.210109e+02
1.547698e+00	1.202689e+00	1.007651e+02	9.435357e+02
1.553620e+00	1.198408e+00	2.713019e+02	4.924690e+02
1.496193e+00	1.242268e+00	2.152853e+02	1.207503e+03
1.514693e+00	1.227929e+00	9.346444e+01	9.476281e+02
1.439164e+00	1.289911e+00	1.094056e+02	3.812218e+02
1.418172e+00	1.308869e+00	3.001184e+02	1.011674e+03
1.490988e+00	1.246621e+00	4.629253e+02	1.337316e+03
1.449737e+00	1.280819e+00	4.807195e+01	1.351600e+03
1.593517e+00	1.169806e+00	6.097120e+01	3.454439e+02
1.507393e+00	1.233285e+00	1.668511e+02	3.432524e+02
1.437234e+00	1.291700e+00	5.001415e+02	4.116757e+02
1.751752e+00	1.072105e+00	2.608250e+01	7.355673e+02
1.388848e+00	1.336234e+00	1.246541e+03	1.927976e+02
1.382611e+00	1.342076e+00	3.145587e+02	1.107062e+02
1.592974e+00	1.170253e+00	2.034255e+02	2.555255e+02
1.482449e+00	1.253155e+00	3.314091e+02	2.403566e+01
1.447751e+00	1.282572e+00	6.605046e+02	3.865445e+02
1.428174e+00	1.299676e+00	1.123361e+02	2.639590e+02
1.491897e+00	1.245848e+00	5.698739e+01	6.796305e+02
1.565090e+00	1.189943e+00	5.863266e+02	2.616023e+02
1.458429e+00	1.273306e+00	8.431778e+01	4.723656e+02
1.507022e+00	1.233763e+00	5.817271e+02	2.226995e+02
1.665988e+00	1.122222e+00	3.725167e+01	2.342311e+02
1.440141e+00	1.288925e+00	3.333026e+01	6.808097e+02
1.390441e+00	1.334422e+00	4.175104e+02	8.438326e+01
1.582864e+00	1.177262e+00	6.000453e+01	1.878416e+01
1.601145e+00	1.164494e+00	2.708836e+01	5.043805e+02
1.537743e+00	1.210034e+00	6.320746e+02	1.975525e+02
1.437468e+00	1.291579e+00	7.055414e+02	6.441086e+02
1.559722e+00	1.193964e+00	1.066162e+03	4.384727e+02
1.446617e+00	1.283260e+00	1.511647e+02	2.370551e+02
1.492695e+00	1.245060e+00	7.313640e+01	5.078722e+02
1.456514e+00	1.275046e+00	3.487768e+02	5.382360e+02
1.398251e+00	1.326964e+00	9.622105e+02	1.014431e+01
1.471730e+00	1.262396e+00	6.364900e+02	7.769460e+02
1.420810e+00	1.306357e+00	4.459205e+02	3.608134e+02
1.426994e+00	1.300879e+00	8.308087e+02	2.622833e+01
1.540454e+00	1.208173e+00	4.556708e+01	6.449001e+02
1.546948e+00	1.203318e+00	7.047745e+02	3.698836e+02
1.487874e+00	1.248869e+00	1.771918e+02	1.839107e+02
1.372220e+00	1.352473e+00	2.191926e+03	1.043439e+02
1.414881e+00	1.311848e+00	1.722920e+02	5.231425e+02
1.425378e+00	1.302245e+00	5.367660e+02	4.536842e+02
1.420358e+00	1.306563e+00	6.912447e+02	1.741391e+01
1.410470e+00	1.315716e+00	5.251798e+02	1.344533e+02
1.385964e+00	1.338763e+00	1.527002e+03	6.680745e+01
1.495990e+00	1.242253e+00	3.195191e+01	4.226986e+02
1.472911e+00	1.261193e+00	2.322493e+02	1.848709e+02
1.524726e+00	1.219866e+00	1.277185e+02	3.332479e+02
1.420081e+00	1.306825e+00	4.569719e+02	5.941887e+01
1.390563e+00	1.334575e+00	1.233539e+03	4.887660e+02
1.402369e+00	1.323331e+00	6.018355e+02	8.771677e+00
1.531079e+00	1.214851e+00	1.360573e+02	1.151505e+01
1.383191e+00	1.341449e+00	1.894609e+02	4.942922e+02
1.508176e+00	1.232565e+00	1.530249e+01	2.651354e+02
1.437309e+00	1.291708e+00	1.045381e+03	3.059323e+02
1.502984e+00	1.236681e+00	4.092752e+02	3.102908e+02
1.378042e+00	1.346382e+00	8.469761e+01	2.041498e+03
1.583013e+00	1.177323e+00	4.959930e+01	5.874283e+02
1.369834e+00	1.354568e+00	5.126265e+02	9.573767e+01
1.512851e+00	1.229203e+00	7.661653e+01	8.545516e+02
1.407964e+00	1.317954e+00	8.939161e+01	2.636655e+02
1.481442e+00	1.254017e+00	3.414841e+01	5.664277e+02
1.406754e+00	1.319216e+00	1.666722e+02	5.948224e+02
1.577191e+00	1.181392e+00	1.375272e+02	3.748792e+02
1.422408e+00	1.304592e+00	2.430468e+02	2.387333e+01
1.449217e+00	1.281313e+00	8.127282e+02	7.845102e+01
1.417353e+00	1.309400e+00	8.152589e+01	8.978937e+02
1.628508e+00	1.146592e+00	9.963917e+01	1.660977e+03
1.391252e+00	1.333758e+00	1.027865e+03	1.928000e+02
1.542993e+00	1.206042e+00	3.612147e+02	1.011886e+03
1.489850e+00	1.247241e+00	7.892938e+01	1.801386e+02
1.541649e+00	1.207149e+00	1.191337e+02	3.413135e+02
1.678330e+00	1.114936e+00	3.961906e+02	1.416264e+03
1.428062e+00	1.299974e+00	9.510138e+02	4.855425e+02
1.588220e+00	1.173709e+00	1.028233e+02	5.904099e+02
1.412710e+00	1.313717e+00	3.737844e+02	1.099090e+03
1.510784e+00	1.230591e+00	1.097836e+02	6.168297e+02
1.450338e+00	1.280392e+00	1.110627e+03	5.734979e+01
1.551720e+00	1.199728e+00	9.787836e+00	7.599878e+02
1.470911e+00	1.262689e+00	3.133415e+02	9.598422e+01
1.387317e+00	1.337556e+00	1.055560e+03	1.187482e+02
1.428928e+00	1.299164e+00	8.535434e+02	7.927304e+02
1.526308e+00	1.218641e+00	1.855857e+02	4.977791e+01
1.449030e+00	1.281125e+00	9.511118e+01	3.309469e+02
1.472268e+00	1.261904e+00	2.214928e+02	1.843766e+03
1.518328e+00	1.224745e+00	1.344270e+02	2.688567e+02
1.472268e+00	1.261489e+00	2.341465e+02	5.697375e+01
1.430081e+00	1.297947e+00	9.712637e+01	3.275486e+02
1.507848e+00	1.232962e+00	9.975935e+01	1.524377e+03
1.535139e+00	1.212366e+00	5.350139e+02	1.005346e+03
1.509313e+00	1.231825e+00	3.286020e+02	2.067639e+02
1.512030e+00	1.229641e+00	1.302974e+02	1.878763e+02
1.453173e+00	1.277908e+00	6.247106e+02	2.417855e+02
1.581371e+00	1.178557e+00	7.528754e+01	1.672999e+03
1.479678e+00	1.255656e+00	5.528767e+02	3.009917e+02
1.447993e+00	1.282280e+00	1.075725e+03	5.858204e+02
1.454535e+00	1.276754e+00	6.547393e+01	1.927771e+02
1.414505e+00	1.311999e+00	2.862022e+02	4.479241e+01
1.434638e+00	1.294075e+00	2.439130e+01	7.988548e+02
1.452947e+00	1.278196e+00	1.327203e+02	1.990551e+03
1.403373e+00	1.322272e+00	2.009208e+02	9.945806e+02
1.401405e+00	1.324282e+00	8.514202e+02	5.827706e+02
1.404268e+00	1.321417e+00	3.580870e+02	1.631541e+02
1.397541e+00	1.327802e+00	1.402362e+02	2.291992e+02
1.524508e+00	1.220040e+00	1.859896e+02	6.038651e+02
1.471886e+00	1.262029e+00	2.166271e+02	1.180246e+03
1.399632e+00	1.325748e+00	1.962571e+02	2.398362e+02
1.446671e+00	1.283505e+00	7.154476e+02	3.656630e+02
1.558968e+00	1.194501e+00	8.518876e+01	1.778914e+03
1.564724e+00	1.190484e+00	2.122662e+02	1.008068e+03
1.425420e+00	1.302086e+00	3.141399e+02	1.421391e+03
1.405989e+00	1.319868e+00	1.440058e+02	4.393118e+02
1.450525e+00	1.280331e+00	1.073878e+03	1.324469e+02
1.489314e+00	1.247738e+00	1.480984e+02	4.952136e+02
1.485299e+00	1.251221e+00	2.675022e+02	8.402594e+02
1.486174e+00	1.250434e+00	9.604617e+02	3.434350e+01
1.484908e+00	1.251195e+00	2.549009e+02	2.200622e+00
1.463038e+00	1.269965e+00	2.140241e+03	1.656119e+02
1.470944e+00	1.262858e+00	3.450282e+02	1.314390e+02
1.549612e+00	1.201081e+00	1.179227e+02	6.744644e+00
1.523563e+00	1.221005e+00	6.726275e+01	2.017196e+03
1.410700e+00	1.315534e+00	2.225711e+02	4.753053e+02
1.421464e+00	1.305740e+00	4.556455e+02	2.822002e+02
1.576963e+00	1.181517e+00	3.645889e+02	3.836513e+02
1.463806e+00	1.268702e+00	3.487843e+02	2.372534e+02
1.464774e+00	1.267887e+00	6.746009e+02	6.722000e+01
1.367455e+00	1.356632e+00	5.600355e+01	1.018381e+03
1.363998e+00	1.360260e+00	4.091081e+02	4.444778e+02
1.449851e+00	1.280627e+00	2.158824e+02	5.929909e+00
1.583126e+00	1.177012e+00	5.993825e+01	4.723669e+02
1.442866e+00	1.286606e+00	4.704735e+01	2.973267e+02
1.382788e+00	1.342037e+00	1.671463e+02	1.078399e+03
1.372398e+00	1.352157e+00	9.397387e+02	1.411186e+02
1.435415e+00	1.293246e+00	6.128338e+02	7.072320e+02
1.437693e+00	1.291239e+00	1.201755e+02	1.018973e+03
1.460543e+00	1.271485e+00	6.387050e+02	2.599958e+02
1.379502e+00	1.345077e+00	1.098654e+03	4.384294e+02
1.499209e+00	1.240023e+00	5.550867e+02	5.636053e+02
1.415789e+00	1.310967e+00	2.357673e+02	1.529031e+03
1.374525e+00	1.349893e+00	3.452125e+02	4.865157e+02
1.447867e+00	1.282221e+00	2.015817e+02	6.354558e+01
1.426061e+00	1.301851e+00	8.989504e+02	1.020857e+03
1.541246e+00	1.207420e+00	2.346348e+02	1.071054e+03
1.461125e+00	1.271330e+00	3.840813e+02	3.058416e+03
1.511155e+00	1.230326e+00	2.170085e+02	4.954844e+02
1.386855e+00	1.337786e+00	3.785098e+02	1.031237e+02
1.542285e+00	1.206896e+00	1.493844e+03	3.366380e+02
1.431443e+00	1.296827e+00	8.667439e+01	1.229626e+03
1.415001e+00	1.311680e+00	7.728704e+02	5.536137e+02
1.549039e+00	1.201718e+00	2.386709e+02	1.052931e+03
1.611513e+00	1.157626e+00	1.621623e+02	2.289826e+02
1.487468e+00	1.249352e+00	4.754471e+02	5.814390e+02
1.444845e+00	1.284868e+00	8.707513e+01	5.050682e+02
1.442624e+00	1.286897e+00	1.130319e+02	2.159234e+02
1.405597e+00	1.320348e+00	7.702892e+02	4.237222e+02
1.365279e+00	1.358720e+00	5.710055e+02	1.997509e+01
1.529070e+00	1.216689e+00	4.057556e+02	6.300647e+02
1.628618e+00	1.146598e+00	9.665207e+02	4.014088e+02
1.430483e+00	1.297694e+00	9.836258e+01	1.268998e+03
1.487077e+00	1.249458e+00	2.018775e+02	1.712193e+02
1.549467e+00	1.201455e+00	5.033776e+02	4.756899e+02
1.549414e+00	1.201617e+00	1.789069e+02	1.132870e+03
1.599756e+00	1.165860e+00	6.882538e+02	6.686129e+01
1.433234e+00	1.295270e+00	6.156411e+02	8.418002e+01
1.386091e+00	1.338840e+00	3.292373e+02	3.649477e+02
1.456582e+00	1.274640e+00	5.444938e+01	2.473419e+02
1.363165e+00	1.361105e+00	1.130728e+03	8.437292e+01
1.490769e+00	1.246798e+00	8.238384e+02	1.510933e+03
1.376873e+00	1.347628e+00	2.188109e+01	4.613924e+02
1.482073e+00	1.253668e+00	3.296193e+02	1.432020e+03
1.496566e+00	1.241985e+00	1.792475e+02	9.749427e+02
1.550663e+00	1.200374e+00	9.178281e+00	1.429925e+03
1.443452e+00	1.286240e+00	3.705154e+02	1.371455e+03
1.378196e+00	1.346323e+00	1.255744e+03	9.253626e+01
1.394504e+00	1.330661e+00	2.988505e+02	1.077496e+03
1.371799e+00	1.352402e+00	3.176750e+02	3.628934e+02
1.446606e+00	1.283384e+00	1.435965e+02	8.606893e+01
1.581390e+00	1.178468e+00	2.873156e+02	7.121048e+02
1.374491e+00	1.350010e+00	6.934435e+02	5.207591e+02
1.373281e+00	1.350811e+00	1.922565e+01	6.508530e+02
1.445963e+00	1.284288e+00	4.364354e+02	1.086476e+03
1.367037e+00	1.357173e+00	7.108706e+02	2.025995e+02
1.513659e+00	1.228352e+00	7.554579e+00	1.550058e+03
1.496392e+00	1.242039e+00	2.677669e+02	1.601275e+02
1.534684e+00	1.212244e+00	6.130520e+02	7.887427e+01
1.430136e+00	1.297927e+00	7.713824e+02	2.143254e+02
1.578572e+00	1.180398e+00	4.407646e+02	3.730633e+02
1.390411e+00	1.334420e+00	3.138351e+02	2.140461e+02
1.478915e+00	1.256097e+00	2.365414e+02	2.092480e+02
1.471645e+00	1.262278e+00	1.107387e+02	6.632253e+02
1.500529e+00	1.239106e+00	5.442510e+02	2.414631e+03
1.661697e+00	1.125014e+00	4.358259e+01	6.542206e+02
1.513306e+00	1.228577e+00	1.760352e+02	1.121433e+03
1.373844e+00	1.350571e+00	3.025673e+02	3.048503e+02
1.457451e+00	1.274201e+00	2.655769e+02	9.663682e+02
1.578081e+00	1.180720e+00	6.302692e+02	3.400748e+02
1.454782e+00	1.276893e+00	1.294577e+02	2.328488e+03
1.628462e+00	1.146546e+00	2.715121e+02	1.209249e+03
1.686734e+00	1.109631e+00	5.258598e+01	4.193882e+02
1.415377e+00	1.311431e+00	2.986279e+02	1.416536e+03
1.494166e+00	1.243784e+00	2.886215e+02	7.438589e+01
1.531027e+00	1.215293e+00	2.214689e+02	1.155345e+03
1.502920e+00	1.236791e+00	1.779816e+02	2.219485e+02
1.433649e+00	1.294708e+00	1.877449e+02	1.858850e+02
1.471892e+00	1.262058e+00	9.768695e+02	4.656114e+02
1.509887e+00	1.231634e+00	4.832145e+02	1.093616e+03
1.366618e+00	1.357570e+00	3.525711e+02	3.441328e+01
1.394370e+00	1.330728e+00	8.121577e+01	3.430179e+02
1.570952e+00	1.185529e+00	6.691923e+01	2.700096e+02
1.540206e+00	1.208099e+00	2.427646e+02	1.438261e+02
1.540871e+00	1.207778e+00	6.155119e+01	6.554737e+02
1.417281e+00	1.309689e+00	3.397109e+02	2.757685e+02
1.585888e+00	1.175249e+00	3.016912e+02	1.091413e+02
1.460832e+00	1.271385e+00	3.999915e+02	5.003970e+01
1.481988e+00	1.253731e+00	8.655935e+01	4.494569e+02
1.396670e+00	1.328449e+00	5.540926e+02	6.032552e+02
1.436146e+00	1.292570e+00	4.331377e+02	5.062420e+02
1.467377e+00	1.265878e+00	1.465451e+02	1.417982e+03
1.380773e+00	1.343997e+00	6.504920e+02	7.327183e+02
1.434667e+00	1.293915e+00	4.146202e+02	8.933254e+02
1.483790e+00	1.252073e+00	4.056555e+01	9.737444e+00
1.572104e+00	1.184954e+00	1.902343e+02	1.741375e+02
1.640962e+00	1.138065e+00	5.092322e+01	4.715904e+02
1.593548e+00	1.169819e+00	1.048032e+01	5.500551e+02
1.469953e+00	1.263752e+00	4.886248e+02	1.167834e+01
1.400975e+00	1.324623e+00	1.597295e+02	7.254707e+02
1.398638e+00	1.326854e+00	2.025173e+02	1.637365e+02
1.383576e+00	1.341377e+00	1.816889e+03	5.696276e+02
1.409388e+00	1.316687e+00	5.779522e+02	4.653982e+01
1.381698e+00	1.342596e+00	5.110047e+01	2.468755e+02
1.448057e+00	1.282330e+00	4.932532e+02	6.317064e+02
1.378578e+00	1.345718e+00	3.086178e+01	7.380577e+02
1.447269e+00	1.282864e+00	6.754764e+02	4.169558e+02
1.556190e+00	1.196492e+00	4.505790e+02	6.516810e+02
1.481294e+00	1.254137e+00	4.694992e+02	9.883559e+01
1.448244e+00	1.282104e+00	1.215278e+02	4.241657e+02
1.510758e+00	1.230610e+00	2.960509e+02	1.099847e+02
1.409250e+00	1.316688e+00	2.366642e+02	1.494112e+02
1.490330e+00	1.247012e+00	2.648465e+02	1.427318e+02
1.527971e+00	1.217297e+00	2.119590e+02	2.259354e+02
1.395161e+00	1.330207e+00	1.073637e+03	4.093925e+02
1.493106e+00	1.244915e+00	1.196760e+03	2.166172e+02
1.413410e+00	1.313048e+00	1.586923e+02	2.421533e+02
1.436320e+00	1.292279e+00	1.339647e+02	3.896416e+02
1.557333e+00	1.195456e+00	2.087428e+02	1.315015e+02
1.437617e+00	1.291614e+00	1.249243e+02	1.580653e+03
1.495736e+00	1.242519e+00	1.762619e+02	5.539009e+02
1.432519e+00	1.295838e+00	4.989161e+01	5.100804e+02
1.493727e+00	1.244132e+00	6.669492e+01	6.446224e+02
1.546469e+00	1.203472e+00	1.518625e+02	5.863658e+01
1.391107e+00	1.333937e+00	4.518383e+01	9.666367e+02
1.410618e+00	1.315805e+00	3.725845e+02	1.112428e+03
1.525377e+00	1.219280e+00	9.790327e+01	2.823501e+02
1.484586e+00	1.251724e+00	3.479483e+01	9.361830e+02
1.395778e+00	1.329490e+00	1.142171e+03	1.203272e+02
1.521046e+00	1.222485e+00	4.616632e+01	5.097472e+02
1.392157e+00	1.332870e+00	6.951772e+02	2.144282e+02
1.559505e+00	1.194166e+00	2.114924e+02	1.137085e+03
1.534623e+00	1.212476e+00	3.200795e+02	1.218257e+02
1.376537e+00	1.348015e+00	2.955642e+02	8.105841e+02
1.683831e+00	1.111609e+00	1.671560e+02	4.581801e+02
1.481414e+00	1.254205e+00	1.599490e+02	6.259929e+02
1.532332e+00	1.214200e+00	1.205130e+02	2.890968e+02
1.401957e+00	1.323479e+00	2.022605e+02	6.648630e+01
1.548240e+00	1.202307e+00	7.655399e+01	7.140795e+02
1.426414e+00	1.301488e+00	4.061293e+02	2.589272e+02
1.371459e+00	1.353064e+00	2.995768e+02	8.760945e+02
1.559970e+00	1.193919e+00	6.284238e+02	7.938212e+02
1.393363e+00	1.331975e+00	1.363643e+02	8.793899e+02
1.428617e+00	1.299304e+00	2.036948e+02	1.094605e+03
1.470394e+00	1.263337e+00	5.572315e+02	4.062343e+02
1.584155e+00	1.176510e+00	1.695496e+01	8.644564e+02
1.616266e+00	1.154451e+00	7.325720e+01	6.582076e+02
1.609158e+00	1.159227e+00	2.089974e+02	5.056791e+02
1.537328e+00	1.210759e+00	1.702321e+02	1.960426e+03
1.552383e+00	1.199234e+00	3.000807e+02	6.243914e+02
1.494522e+00	1.243462e+00	3.857615e+02	9.617986e+01
1.372814e+00	1.351558e+00	5.068294e+02	1.813140e+02
1.670179e+00	1.119884e+00	1.534716e+02	2.209747e+02
1.494673e+00	1.243414e+00	3.637013e+02	8.902660e+02
1.484098e+00	1.251911e+00	4.087524e+02	4.437453e+02
1.494887e+00	1.243006e+00	2.031425e+02	1.931443e+02
1.507974e+00	1.233010e+00	5.322848e+02	7.249293e+02
1.429013e+00	1.299006e+00	1.807034e+02	2.498064e+02
1.640092e+00	1.138937e+00	1.466287e+02	1.666365e+03
1.651993e+00	1.131278e+00	3.386121e+02	2.343456e+02
1.462833e+00	1.269913e+00	2.622523e+02	1.359205e+03
1.420796e+00	1.306093e+00	1.945022e+02	1.479806e+02
1.550743e+00	1.200412e+00	3.420649e+02	2.839588e+01
1.535907e+00	1.211217e+00	4.708815e+02	1.200157e+02
1.362282e+00	1.362160e+00	4.860327e+02	2.615552e+03
1.451507e+00	1.279140e+00	1.185831e+02	2.182767e+02
1.479113e+00	1.255980e+00	2.796001e+02	3.394942e+02
1.661713e+00	1.125153e+00	6.791753e+01	1.109628e+03
1.531071e+00	1.214940e+00	3.006451e+02	2.124592e+01
1.549779e+00	1.201203e+00	1.654692e+02	1.041439e+03
1.441457e+00	1.287616e+00	2.805212e+02	3.056506e+02
1.415982e+00	1.310843e+00	4.601173e+02	8.203339e+01
1.402996e+00	1.322309e+00	1.292422e+02	2.004368e+02
1.661244e+00	1.125387e+00	5.968439e+01	4.390462e+01
1.468007e+00	1.265485e+00	2.248378e+02	6.108776e+02
1.471989e+00	1.262025e+00	6.090091e+02	4.189919e+02
1.447932e+00	1.282511e+00	5.753457e+02	9.324502e+01
1.417693e+00	1.309136e+00	9.069159e+01	4.400128e+02
1.427375e+00	1.300317e+00	3.986389e+02	6.079034e+02
1.458205e+00	1.273755e+00	6.617834e+02	1.000111e+03
1.413052e+00	1.313382e+00	2.131777e+02	9.827743e+02
1.430024e+00	1.298334e+00	6.908652e+02	3.970111e+02
1.536574e+00	1.211119e+00	3.818186e+02	8.227370e+01
1.447511e+00	1.282782e+00	4.933432e+01	1.657783e+03
1.399678e+00	1.325859e+00	1.279373e+02	1.153007e+03
1.524221e+00	1.220470e+00	2.877159e+01	9.358791e+02
1.514287e+00	1.227978e+00	5.066125e+02	9.868860e+02
1.381455e+00	1.343229e+00	1.153969e+03	5.351323e+02
1.611168e+00	1.157749e+00	3.687584e+02	6.218437e+02
1.390586e+00	1.334506e+00	1.081238e+02	1.255679e+03
1.366989e+00	1.357456e+00	1.923069e+03	6.631473e+02
1.456672e+00	1.274755e+00	2.563414e+02	2.275931e+02
1.477275e+00	1.257539e+00	4.378035e+02	6.678098e+02
1.426069e+00	1.301928e+00	1.735844e+02	1.292281e+03
1.387204e+00	1.337643e+00	1.035402e+03	3.196179e+02
1.392658e+00	1.332322e+00	1.278940e+02	7.894042e+02
1.579954e+00	1.179478e+00	1.781502e+01	1.388124e+03
1.478320e+00	1.256640e+00	6.071790e+02	6.441674e+02
1.525199e+00	1.219704e+00	3.389582e+01	1.103278e+03
1.372731e+00	1.351601e+00	2.482204e+02	6.485908e+02
1.370936e+00	1.353340e+00	6.098828e+02	1.105937e+03
1.504126e+00	1.236125e+00	8.801447e+02	1.067740e+00
1.536927e+00	1.210710e+00	3.351670e+02	1.843574e+02
1.494909e+00	1.243065e+00	2.099323e+02	1.259383e+02
1.506414e+00	1.234449e+00	2.787043e+02	2.248026e+03
1.381015e+00	1.343529e+00	3.109965e+02	9.132065e+02
1.439837e+00	1.289449e+00	1.106867e+03	1.137846e+03
1.724771e+00	1.087410e+00	2.773268e+02	9.448661e+02
1.451058e+00	1.279622e+00	2.535980e+02	1.923002e+02
1.362571e+00	1.361343e+00	1.574553e+02	4.212287e+02
1.508868e+00	1.232101e+00	2.024480e+02	1.618325e+02
1.372934e+00	1.351400e+00	9.466078e+02	1.059848e+02
1.365827e+00	1.358453e+00	2.859750e+02	8.600284e+02
1.400843e+00	1.324494e+00	2.063414e+02	4.161821e+01
1.491047e+00	1.246407e+00	5.612052e+01	5.717927e+02
1.607398e+00	1.160611e+00	4.151092e+02	7.425622e+01
1.557583e+00	1.195210e+00	1.640885e+02	7.135122e+02
1.469295e+00	1.264180e+00	1.461430e+02	4.389989e+02
1.497178e+00	1.241602e+00	2.964681e+02	1.119781e+03
1.387934e+00	1.336736e+00	4.951018e+02	4.205802e+02
1.378616e+00	1.345831e+00	2.114276e+02	1.089593e+02
1.387164e+00	1.337964e+00	1.298587e+03	4.051703e+02
1.498406e+00	1.240538e+00	9.032317e+01	6.710277e+02
1.462974e+00	1.269552e+00	3.994489e+02	4.826158e+01
1.517330e+00	1.225709e+00	4.857805e+02	2.502919e+02
1.432102e+00	1.296230e+00	3.277510e+02	1.223400e+02
1.480504e+00	1.254974e+00	4.374505e+01	9.695266e+02
1.557787e+00	1.195193e+00	4.640186e+01	6.163728e+02
1.439661e+00	1.289360e+00	3.162638e+02	1.040748e+02
1.486138e+00	1.250552e+00	1.302838e+02	6.540212e+02
1.557601e+00	1.195247e+00	1.831406e+02	4.517610e+02
1.478609e+00	1.256505e+00	4.944090e+01	7.365633e+02
1.445782e+00	1.284258e+00	4.448540e+02	1.357678e+03
1.520883e+00	1.222927e+00	3.132874e+02	2.505589e+02
1.499681e+00	1.239585e+00	4.577081e+02	9.760359e+02
1.447404e+00	1.282733e+00	1.615602e+02	1.408130e+02
1.473034e+00	1.261032e+00	2.185046e+01	6.262121e+02
1.362365e+00	1.361776e+00	1.110157e+03	7.176010e+01
1.489226e+00	1.247877e+00	2.184085e+02	5.537856e+01
1.481521e+00	1.254107e+00	6.982976e+02	3.896896e+02
1.585588e+00	1.175546e+00	3.997094e+01	7.963474e+02
1.393983e+00	1.331098e+00	6.940623e+02	3.662049e+01
1.420948e+00	1.306277e+00	8.853622e+01	1.464936e+03
1.372891e+00	1.351579e+00	6.123982e+02	5.485742e+02
1.416197e+00	1.310408e+00	4.238773e+02	1.773780e+01
1.395380e+00	1.330024e+00	1.047651e+03	1.729148e+02
1.386818e+00	1.338190e+00	6.287152e+02	2.429996e+02
1.598941e+00	1.166185e+00	1.911713e+01	4.713121e+02
1.515372e+00	1.227255e+00	2.646633e+02	1.026192e+03
1.589546e+00	1.172559e+00	1.856907e+02	1.246065e+02
1.514675e+00	1.227888e+00	2.925833e+02	9.754431e+02
1.519354e+00	1.224042e+00	3.514497e+02	1.075455e+03
1.446853e+00	1.283504e+00	1.522662e+02	1.554989e+03
1.499499e+00	1.239674e+00	1.835451e+02	1.146070e+03
1.634079e+00	1.142874e+00	3.437875e+01	4.234967e+02
1.626989e+00	1.147487e+00	9.946761e+01	6.119836e+02
1.538015e+00	1.209809e+00	3.083282e+02	6.498761e+01
1.384177e+00	1.340442e+00	1.118633e+03	2.364658e+02
1.371711e+00	1.352857e+00	1.573486e+03	1.927037e+02
1.546893e+00	1.203294e+00	1.500308e+02	1.613382e+03
1.394219e+00	1.331036e+00	2.441522e+02	1.336695e+03
1.479296e+00	1.256100e+00	1.328394e+03	8.273019e+02
1.579861e+00	1.179531e+00	2.032089e+02	2.109134e+03
1.629088e+00	1.146097e+00	8.424120e+01	1.389482e+03
1.661309e+00	1.125474e+00	5.056663e+02	6.452379e+02
1.551243e+00	1.199943e+00	5.966522e+02	2.441150e+02
1.413701e+00	1.312999e+00	1.638019e+03	1.826628e+02
1.428647e+00	1.299232e+00	3.568029e+02	3.963539e+01
1.551102e+00	1.200052e+00	3.526946e+02	1.936583e+01
1.380210e+00	1.344343e+00	4.101353e+02	3.658484e+02
1.524335e+00	1.219971e+00	5.514610e+01	3.500969e+02
1.374878e+00	1.349416e+00	6.181230e+02	5.313832e+02
1.412733e+00	1.313544e+00	1.067452e+02	4.093494e+02
1.529350e+00	1.216328e+00	7.067862e+01	6.259581e+02
1.461837e+00	1.270660e+00	1.584243e+01	7.298509e+02
1.524593e+00	1.220040e+00	7.494035e+02	1.159203e+02
1.422341e+00	1.305023e+00	1.410729e+02	6.233921e+02
1.632412e+00	1.143785e+00	3.332043e+01	6.545352e+02
1.436780e+00	1.292062e+00	4.922096e+01	6.835153e+02
1.402068e+00	1.323343e+00	2.342543e+02	2.946422e+02
1.444153e+00	1.285771e+00	1.036932e+03	5.287635e+02
1.478068e+00	1.256807e+00	5.980145e+02	7.507176e+00
1.431742e+00	1.296670e+00	2.172250e+02	1.511367e+03
1.402048e+00	1.323358e+00	3.587289e+02	6.758555e+01
1.471783e+00	1.262291e+00	2.928956e+02	3.937733e+02
1.572917e+00	1.184374e+00	6.010469e+02	3.829149e+01
1.622906e+00	1.150155e+00	1.774472e+02	4.569466e+02
1.531490e+00	1.214882e+00	6.200390e+02	1.077291e+02
1.454966e+00	1.276344e+00	6.888105e+01	5.090785e+02
1.469537e+00	1.264036e+00	4.485793e+02	1.300932e+03
1.427710e+00	1.300032e+00	6.689799e+02	4.632328e+02
1.681066e+00	1.113304e+00	5.132735e+02	1.682671e+02
1.681487e+00	1.113089e+00	2.312688e+01	2.256941e+03
1.634602e+00	1.142623e+00	6.051995e+02	1.995817e+02
1.536930e+00	1.210853e+00	3.803215e+02	8.609959e+02
1.397263e+00	1.328068e+00	3.410295e+02	2.119213e+02
1.388763e+00	1.336331e+00	4.494530e+02	8.869346e+02
1.579581e+00	1.179714e+00	2.011123e+02	7.133421e+02
1.470420e+00	1.263459e+00	1.734150e+01	1.960857e+03
1.369399e+00	1.354792e+00	1.229706e+02	5.419534e+02
1.378447e+00	1.345967e+00	7.924211e+02	1.258671e+02
1.393385e+00	1.331817e+00	5.778317e+01	5.366070e+02
1.560735e+00	1.193100e+00	6.297894e+01	1.301275e+03
1.441616e+00	1.287701e+00	5.606662e+02	5.649829e+02
1.409972e+00	1.316349e+00	4.570212e+02	6.327522e+01
1.534469e+00	1.212606e+00	3.855292e+02	1.038709e+03
1.385751e+00	1.338791e+00	5.230112e+02	2.741699e+02
1.488223e+00	1.248540e+00	2.525166e+02	2.134115e+02
1.635281e+00	1.141999e+00	9.697904e+01	1.835141e+02
1.516987e+00	1.225790e+00	3.392938e+02	6.886966e+01
1.409237e+00	1.316808e+00	6.349097e+01	3.778659e+02
1.420794e+00	1.306215e+00	2.962669e+02	1.176357e+02
1.473877e+00	1.260432e+00	5.627733e+00	6.947124e+02
1.508371e+00	1.232624e+00	2.434344e+02	1.209850e+02
1.370350e+00	1.354091e+00	1.373628e+03	2.196878e+02
1.366605e+00	1.357663e+00	2.944062e+02	8.858853e+02
1.537692e+00	1.210033e+00	4.296777e+02	6.911496e+02
1.429747e+00	1.298348e+00	5.281795e+02	1.918434e+02
1.390309e+00	1.334588e+00	3.494430e+01	4.764511e+02
1.442629e+00	1.287047e+00	5.031777e+02	3.741647e+02
1.446199e+00	1.283624e+00	8.695947e+01	2.519476e+02
1.514547e+00	1.227671e+00	1.134825e+02	1.024029e+03
1.378556e+00	1.345923e+00	5.175626e+01	8.172625e+02
1.478938e+00	1.256190e+00	3.432995e+01	1.309159e+03
1.366288e+00	1.357964e+00	6.648459e+02	8.759346e+01
1.445164e+00	1.284812e+00	8.451409e+02	1.237795e+03
1.521047e+00	1.222869e+00	1.564561e+02	5.840274e+02
1.461157e+00	1.270952e+00	2.467642e+02	2.370122e+02
1.478461e+00	1.256547e+00	1.832618e+02	1.118007e+03
1.500401e+00	1.238787e+00	2.416614e+02	1.883067e+02
1.657291e+00	1.127886e+00	2.643958e+02	7.321488e+02
1.520208e+00	1.223263e+00	2.223284e+02	9.804403e+02
1.503948e+00	1.236104e+00	2.042340e+02	4.890980e+02
1.435805e+00	1.293290e+00	1.310923e+03	3.390019e+02
1.463002e+00	1.269654e+00	4.699506e+02	9.137770e+02
1.494358e+00	1.243670e+00	5.003444e+02	3.635666e+02
1.406222e+00	1.319359e+00	1.049072e+02	2.008536e+02
1.501749e+00	1.237800e+00	7.018642e+02	1.302439e+02
1.439767e+00	1.289598e+00	6.279983e+02	4.375903e+02
1.484941e+00	1.251420e+00	6.860034e+02	2.109491e+02
1.373251e+00	1.350904e+00	1.709076e+02	3.305650e+02
1.504652e+00	1.235530e+00	5.902118e+02	6.293711e+02
1.565956e+00	1.189500e+00	1.612281e+02	1.815407e+03
1.410640e+00	1.315706e+00	5.794344e+02	5.901339e+02
1.518257e+00	1.225100e+00	8.910897e+02	5.717115e+02
1.468512e+00	1.264840e+00	1.075556e+02	3.072824e+02
1.541019e+00	1.207555e+00	2.395332e+02	2.675917e+01
1.508879e+00	1.231973e+00	6.314338e+00	6.393917e+02
1.472774e+00	1.261441e+00	5.904579e+02	4.716493e+02
1.587281e+00	1.174114e+00	1.013581e+02	1.990859e+02
1.430021e+00	1.298094e+00	7.547727e+02	8.575357e+01
1.485834e+00	1.250692e+00	8.025053e+01	1.934931e+03
1.609735e+00	1.159099e+00	6.940699e+02	3.123652e+02
1.544697e+00	1.204974e+00	4.287150e+02	1.088954e+03
1.390869e+00	1.333886e+00	1.173041e+02	4.149369e+02
1.440145e+00	1.289438e+00	6.896274e+01	2.112379e+03
1.416072e+00	1.310494e+00	4.532692e+02	2.353307e+02
1.376385e+00	1.348014e+00	6.780890e+02	4.740127e+02
1.371649e+00	1.353083e+00	1.109363e+03	2.034308e+02
1.482155e+00	1.253445e+00	2.308610e+02	2.929278e+02
1.575057e+00	1.183202e+00	3.782318e+02	1.776772e+03
1.467360e+00	1.265881e+00	1.040295e+03	3.208753e+01
1.416367e+00	1.310404e+00	2.884493e+02	1.545882e+02
1.516586e+00	1.226077e+00	2.676301e+01	6.218932e+02
1.464721e+00	1.268097e+00	2.227642e+02	1.232847e+03
1.372070e+00	1.352014e+00	9.780635e+01	3.097907e+02
1.406360e+00	1.319513e+00	1.430156e+02	1.082944e+03
1.374945e+00	1.349415e+00	8.004394e+02	1.678742e+02
1.449972e+00	1.280661e+00	7.095085e+01	4.647046e+02
1.501995e+00	1.237435e+00	3.255691e+02	8.111057e+00
1.449492e+00	1.280801e+00	2.174591e+02	5.280081e+02
1.520914e+00	1.222879e+00	1.690608e+02	9.467437e+02
1.510104e+00	1.231294e+00	1.281693e+02	1.109610e+03
1.422974e+00	1.304503e+00	7.577699e+02	4.457569e+02
1.523559e+00	1.220983e+00	6.074309e+02	5.472867e+00
1.395850e+00	1.329369e+00	1.925561e+01	3.818152e+02
1.398188e+00	1.326973e+00	3.606800e+02	4.363378e+00
1.485990e+00	1.250287e+00	1.246282e+02	3.415851e+02
1.497687e+00	1.240891e+00	2.716342e+02	2.850790e+02
1.388940e+00	1.335844e+00	2.307892e+00	9.440697e+02
1.367602e+00	1.356677e+00	2.303715e+02	1.575200e+02
1.544801e+00	1.204880e+00	8.762110e+02	5.231924e+01
1.485426e+00	1.251028e+00	8.580200e+02	3.743091e+01
1.375101e+00	1.349304e+00	6.771054e+02	1.372258e+03
1.411047e+00	1.315450e+00	1.457046e+03	1.990265e+02
1.471459e+00	1.262339e+00	4.098373e+02	3.492045e+02
1.514463e+00	1.227874e+00	1.182811e+02	1.326955e+03
1.707189e+00	1.097442e+00	5.055650e+00	1.309201e+03
1.447690e+00	1.282575e+00	1.971832e+01	4.188158e+02
1.437390e+00	1.291491e+00	7.769856e+01	5.632350e+02
1.496105e+00	1.242527e+00	2.295630e+02	8.109010e+02
1.376179e+00	1.348261e+00	2.520361e+02	7.463141e+02
1.370843e+00	1.353423e+00	5.875635e+01	5.974407e+02
1.505236e+00	1.235148e+00	5.543725e+02	5.119795e+02
1.422049e+00	1.305014e+00	1.116560e+01	1.119812e+03
1.408148e+00	1.317748e+00	2.206323e+02	4.119449e+02
1.383337e+00	1.341183e+00	2.732088e+01	5.423211e+02
1.447206e+00	1.283244e+00	6.379822e+02	6.219985e+02
1.526986e+00	1.217933e+00	4.440364e+02	7.429077e+01
1.424630e+00	1.302849e+00	6.688230e+02	6.703560e+00
1.469904e+00	1.263554e+00	3.835499e+02	5.501349e+02
1.495512e+00	1.243039e+00	6.288228e+02	1.016835e+03
1.412082e+00	1.314512e+00	2.655997e+02	1.464819e+03
1.576299e+00	1.182003e+00	2.410701e+02	3.100954e+02
1.374334e+00	1.350103e+00	1.174972e+02	8.588566e+02
1.560581e+00	1.193279e+00	4.505548e+02	1.765917e+02
1.434998e+00	1.293473e+00	1.035263e+02	3.718793e+02
1.420526e+00	1.306926e+00	9.523811e+02	5.809987e+02
1.396789e+00	1.328441e+00	7.796706e+02	5.960481e+02
1.544526e+00	1.204981e+00	4.297358e+02	4.801104e+02
1.526162e+00	1.218620e+00	3.708625e+02	1.001538e+03
1.543598e+00	1.205595e+00	1.820064e+02	2.136401e+02
1.564131e+00	1.190749e+00	2.038677e+02	1.278661e+03
1.520778e+00	1.222816e+00	1.940538e+02	1.010074e+02
1.515908e+00	1.226774e+00	5.272964e+02	5.442499e+02
1.367415e+00	1.357005e+00	1.138670e+03	5.667374e+02
1.444319e+00	1.285449e+00	7.994986e+02	3.292467e+02
1.535112e+00	1.212123e+00	5.142487e+02	7.640471e+02
1.366266e+00	1.358325e+00	1.309889e+03	3.913837e+02
1.543452e+00	1.205634e+00	3.317487e+02	2.234798e+02
1.542976e+00	1.206311e+00	1.442696e+02	1.989956e+03
1.370783e+00	1.353526e+00	4.102967e+01	3.731656e+02
1.388191e+00	1.336466e+00	1.285991e+00	7.071973e+02
1.419642e+00	1.307223e+00	4.471376e+01	6.004329e+02
1.413362e+00	1.313201e+00	5.387749e+02	1.110977e+03
1.363916e+00	1.360422e+00	5.471325e+02	2.258660e+02
1.392030e+00	1.333225e+00	9.988831e+02	7.667520e+01
1.606703e+00	1.160889e+00	1.021982e+02	1.521649e+02
1.519095e+00	1.224363e+00	7.459354e+02	3.209404e+01
1.519115e+00	1.224454e+00	5.050805e+02	1.464432e+01
1.563367e+00	1.191166e+00	3.815210e+02	2.195017e+02
1.493712e+00	1.244318e+00	1.630148e+02	6.963179e+02
1.408230e+00	1.317817e+00	3.654684e+02	5.994798e+02
1.376234e+00	1.348142e+00	1.169340e+03	2.485644e+02
1.584973e+00	1.175624e+00	2.762332e+02	8.414754e+01
1.536275e+00	1.210847e+00	2.794774e+01	1.512695e+02
1.580442e+00	1.179127e+00	6.035236e+01	2.297875e+03
1.372735e+00	1.351643e+00	3.339376e+02	2.201255e+02
1.383653e+00	1.340902e+00	3.139002e+02	6.841102e+02
1.454571e+00	1.276760e+00	3.675937e+02	1.639094e+02
1.438906e+00	1.289843e+00	1.755739e+02	2.666767e+01
1.477954e+00	1.257102e+00	4.660365e+02	8.690327e+02
1.606974e+00	1.160865e+00	9.574393e+01	1.528266e+03
1.473622e+00	1.260649e+00	2.567676e+02	2.649051e+02
1.433682e+00	1.294738e+00	2.829101e+02	6.416368e+02
1.516316e+00	1.226561e+00	3.844890e+02	1.355020e+03
1.419503e+00	1.307343e+00	2.942051e+02	1.395145e+02
1.460974e+00	1.271323e+00	2.117706e+02	1.282933e+03
1.374003e+00	1.350483e+00	4.798082e+02	3.779681e+01
1.436191e+00	1.292691e+00	5.329885e+02	5.545765e+02
1.564691e+00	1.190119e+00	8.315675e+01	4.565952e+02
1.369035e+00	1.354949e+00	7.128606e+01	3.176567e+02
1.610282e+00	1.158589e+00	1.451194e+02	6.980354e+02
1.688389e+00	1.108640e+00	2.192792e+02	2.052190e+02
1.459949e+00	1.271858e+00	2.043183e+02	1.884034e+01
1.380383e+00	1.343988e+00	1.453030e+02	2.789222e+02
1.379288e+00	1.345199e+00	4.945000e+02	9.626689e+01
1.384378e+00	1.340205e+00	7.109766e+02	7.975999e+02
1.461854e+00	1.270651e+00	1.279823e+03	4.097004e+02
1.450857e+00	1.279740e+00	6.536662e+02	3.225904e+02
1.513442e+00	1.228820e+00	8.279646e+02	6.858704e+02
1.398065e+00	1.327448e+00	8.598455e+02	6.959984e+02
1.487445e+00	1.249251e+00	2.326245e+02	7.931865e+01
1.596764e+00	1.167995e+00	8.289564e+02	2.925688e+02
1.433255e+00	1.295393e+00	1.158585e+03	1.219517e+03
1.538237e+00	1.209574e+00	9.115385e+01	4.255302e+02
1.743484e+00	1.076665e+00	8.686805e+01	3.146741e+02
1.446371e+00	1.283466e+00	3.069464e+02	1.023575e+02
1.598037e+00	1.166916e+00	3.884886e+02	9.829706e+02
1.552641e+00	1.199051e+00	1.351218e+02	6.209709e+02
1.800625e+00	1.045887e+00	1.437279e+02	6.950139e+01
1.427302e+00	1.300409e+00	3.933818e+02	1.841329e+02
1.523799e+00	1.220621e+00	9.986214e+01	1.329719e+03
1.385955e+00	1.338691e+00	7.307237e+02	1.300343e+03
1.471677e+00	1.262394e+00	8.311030e+02	5.735004e+01
1.518458e+00	1.224854e+00	1.302031e+02	2.919715e+03
1.492398e+00	1.245303e+00	2.192683e+02	3.618575e+02
1.364913e+00	1.359265e+00	5.514093e+02	2.289466e+01
1.559403e+00	1.194385e+00	7.896117e+01	3.735917e+03
1.484943e+00	1.251248e+00	3.840874e+01	2.242315e+02
1.448609e+00	1.281775e+00	1.582315e+02	3.458390e+02
1.456475e+00	1.275006e+00	1.088359e+02	3.561309e+02
1.366384e+00	1.358106e+00	2.278771e+02	1.168925e+03
1.370216e+00	1.354358e+00	5.618198e+01	1.271743e+03
1.436541e+00	1.292225e+00	3.212625e+02	8.608063e+02
1.736200e+00	1.080683e+00	5.410503e+01	5.822938e+02
1.402377e+00	1.323061e+00	6.780838e+01	2.043837e+02
1.525926e+00	1.218894e+00	1.092786e+02	2.903940e+02
1.621914e+00	1.150702e+00	3.613855e+02	1.071541e+03
1.375988e+00	1.348341e+00	7.174051e+01	4.546240e+02
1.536290e+00	1.210887e+00	1.874081e+02	1.714343e+01
1.391115e+00	1.333734e+00	9.361867e+01	1.071460e+03
1.490184e+00	1.247248e+00	1.776039e+02	1.435290e+03
1.425282e+00	1.302231e+00	3.647291e+02	1.391288e+02
1.452887e+00	1.278063e+00	4.223070e+02	7.800413e+01
1.411656e+00	1.314556e+00	2.990956e+02	1.528154e+02
1.438097e+00	1.290880e+00	5.816213e+02	9.866354e+02
1.383290e+00	1.341480e+00	6.268168e+02	1.820057e+02
1.392676e+00	1.332301e+00	3.388669e+02	1.611542e+01
1.457782e+00	1.273769e+00	3.507844e+02	8.719289e+02
1.647253e+00	1.134470e+00	6.210446e+02	2.721639e+02
1.530103e+00	1.215877e+00	4.555222e+02	8.620313e+02
1.363669e+00	1.360515e+00	4.359693e+01	2.044431e+02
1.440338e+00	1.289289e+00	9.634089e+02	6.102265e+02
1.532801e+00	1.213582e+00	5.863497e+01	1.033853e+03
1.398207e+00	1.327518e+00	2.416213e+03	4.786551e+02
1.431073e+00	1.297195e+00	2.766173e+02	2.446547e+02
1.537039e+00	1.210542e+00	8.385993e+01	2.499755e+02
1.496210e+00	1.242332e+00	5.308132e+02	2.340527e+02
1.381557e+00	1.342897e+00	1.831290e+02	4.358234e+02
1.418476e+00	1.308549e+00	7.120853e+02	8.435221e+02
1.527648e+00	1.217631e+00	1.456469e+01	1.436398e+03
1.405623e+00	1.320239e+00	5.868692e+02	4.717047e+02
1.524210e+00	1.220515e+00	3.208089e+02	1.416207e+03
1.383809e+00	1.340781e+00	2.926335e+02	1.272855e+02
1.464567e+00	1.268229e+00	6.057920e+02	4.410564e+02
1.469071e+00	1.264292e+00	1.738049e+02	3.840026e+02
1.485614e+00	1.250965e+00	6.876315e+02	5.089399e+02
1.483804e+00	1.252195e+00	4.047941e+01	6.669439e+02
1.527354e+00	1.217803e+00	3.860571e+01	4.909463e+02
1.396077e+00	1.329055e+00	4.564824e+02	4.441784e-01
1.494773e+00	1.243305e+00	4.317598e+02	7.378927e+02
1.604081e+00	1.162790e+00	2.624635e+02	1.094132e+03
1.423957e+00	1.303500e+00	1.951824e+02	9.732518e+02
1.487004e+00	1.249802e+00	7.564161e+02	1.844538e+02
1.507205e+00	1.233533e+00	3.299080e+02	5.245601e+01
1.437483e+00	1.291467e+00	4.157227e+02	3.958527e+02
1.439655e+00	1.290047e+00	3.761771e+02	3.278516e+03
1.381059e+00	1.343478e+00	3.953667e+02	3.379608e+02
1.490768e+00	1.246590e+00	5.754256e+01	6.072782e+02
1.608247e+00	1.159909e+00	3.490452e+01	8.071708e+02
1.702137e+00	1.100525e+00	1.707888e+01	9.569736e+02
1.434835e+00	1.293827e+00	7.634668e+02	6.312430e+01
1.405736e+00	1.320020e+00	5.397038e+01	4.262281e+02
1.415716e+00	1.310965e+00	5.189598e+02	5.780423e+02
1.434597e+00	1.294196e+00	1.057258e+03	4.162939e+00
1.378648e+00	1.345655e+00	3.680192e+02	1.796111e+02
1.421221e+00	1.305913e+00	3.376137e+02	6.746638e+02
1.396419e+00	1.328663e+00	1.344137e+01	4.061006e+02
1.433065e+00	1.295299e+00	5.444936e+01	2.562879e+02
1.509269e+00	1.231829e+00	3.956123e+02	1.857060e+01
1.537449e+00	1.210128e+00	7.380195e+01	1.998001e+02
1.462783e+00	1.269696e+00	3.716906e+01	4.401827e+02
1.506390e+00	1.234198e+00	1.034094e+03	6.673851e+01
1.611499e+00	1.158045e+00	7.105967e+02	7.736641e+02
1.426055e+00	1.301566e+00	4.158379e+02	1.629471e+03
1.602772e+00	1.163613e+00	1.737002e+02	9.525969e+01
1.364315e+00	1.359980e+00	2.300287e+02	3.677853e+02
1.363112e+00	1.361060e+00	2.089211e+02	5.282503e+02
1.487564e+00	1.249088e+00	1.574423e+02	3.911577e+02
1.380543e+00	1.343997e+00	8.469778e+02	4.056655e+02
1.577406e+00	1.181357e+00	4.534351e+02	5.256474e+02
1.563328e+00	1.191169e+00	1.184786e+02	2.460773e+02
1.449184e+00	1.281038e+00	1.532291e+02	3.444303e+02
1.523909e+00	1.220521e+00	6.482344e+01	5.612346e+02
1.389267e+00	1.335451e+00	6.057838e+01	3.220889e+02
1.486410e+00	1.250149e+00	2.020717e+02	1.529473e+03
1.426156e+00	1.301333e+00	7.980598e-01	9.017193e+02
1.455608e+00	1.275675e+00	4.773297e+01	6.328661e+02
1.499913e+00	1.239263e+00	6.969130e+02	1.147138e+02
1.460243e+00	1.271643e+00	2.520513e+02	3.541280e+02
1.581393e+00	1.178256e+00	3.500445e+01	3.893442e+02
1.491658e+00	1.246097e+00	5.061344e+02	7.606148e+02
1.527985e+00	1.217345e+00	1.987450e+02	2.431129e+02
1.472767e+00	1.261396e+00	1.770485e+01	5.159959e+02
1.365268e+00	1.358996e+00	4.544742e+02	2.925112e+02
1.532936e+00	1.213887e+00	6.392085e+02	9.911863e+02
1.491273e+00	1.246082e+00	2.295481e+02	5.080612e+01
1.439676e+00	1.289599e+00	6.613330e+01	1.519777e+03
1.581058e+00	1.178684e+00	9.955532e+01	4.438499e+02
1.447207e+00	1.283012e+00	4.552404e+01	1.502033e+03
1.488972e+00	1.248142e+00	1.130656e+03	1.597618e+02
1.373684e+00	1.350789e+00	5.969186e+01	9.971825e+02
1.634817e+00	1.142244e+00	6.883014e+01	1.260292e+03
1.735784e+00	1.081125e+00	1.084508e+02	2.928703e+03
1.482981e+00	1.252718e+00	2.863180e+02	6.083985e+01
1.427775e+00	1.299958e+00	5.064106e+02	1.944544e+02
1.364944e+00	1.359222e+00	9.598729e+02	5.775778e+02
1.405206e+00	1.320714e+00	8.574020e+02	8.453670e+02
1.441474e+00	1.288010e+00	2.585645e+02	4.312628e+02
1.497149e+00	1.241548e+00	2.468154e+02	5.024100e+02
1.423161e+00	1.304117e+00	3.875184e+02	8.235380e+00
1.374473e+00	1.350042e+00	8.599035e+02	3.093600e+02
1.409299e+00	1.316651e+00	2.040453e+02	8.094275e+01
1.459888e+00	1.272141e+00	4.925403e+02	5.761008e+01
1.424956e+00	1.302644e+00	5.368820e+01	5.841552e+02
1.479183e+00	1.256131e+00	5.467087e+02	1.072079e+03
1.481932e+00	1.253777e+00	7.341367e+01	1.401459e+03
1.524792e+00	1.219704e+00	1.391926e+02	4.914542e+02
1.585270e+00	1.175735e+00	2.056938e+02	1.048092e+03
1.476384e+00	1.258168e+00	1.651467e+02	2.790766e+02
1.657767e+00	1.127507e+00	1.454443e+02	4.223284e+02
1.465193e+00	1.267610e+00	3.939455e+02	3.739557e+01
1.403771e+00	1.322071e+00	3.548181e+02	7.737985e+01
1.452574e+00	1.278407e+00	8.089914e+01	8.782702e+02
1.449563e+00	1.281062e+00	3.840212e+02	2.563067e+03
1.508080e+00	1.232881e+00	6.638903e+02	5.793327e+02
1.509792e+00	1.231444e+00	7.897647e+01	7.545555e+02
1.403362e+00	1.321893e+00	1.199897e+02	1.530821e+01
1.481020e+00	1.254481e+00	3.582235e+02	2.136951e+02
1.589023e+00	1.172932e+00	3.462922e+02	7.564359e+01
1.520593e+00	1.223062e+00	6.650143e+02	1.603244e+02
1.451537e+00	1.279365e+00	1.725661e+02	1.268557e+03
1.560241e+00	1.193570e+00	5.034659e+02	3.003190e+02
1.406196e+00	1.319675e+00	3.981468e+02	3.061805e+01
1.432052e+00	1.296327e+00	2.164140e+02	1.065718e+03
1.389928e+00	1.335107e+00	9.852644e+02	2.228152e+02
1.411165e+00	1.315129e+00	4.651369e+02	1.435320e+02
1.425917e+00	1.301653e+00	9.473017e+02	2.991689e+02
1.509188e+00	1.231913e+00	4.469108e+01	4.528159e+02
1.423782e+00	1.303585e+00	3.559977e+02	3.895947e+02
1.462940e+00	1.269523e+00	1.326394e+02	6.301150e+02
1.510822e+00	1.230725e+00	8.890886e+01	6.014155e+02
1.463650e+00	1.268775e+00	2.221735e+02	1.046744e+03
1.445277e+00	1.284637e+00	1.922121e+02	1.120348e+02
1.508081e+00	1.232799e+00	8.789321e+01	2.263464e+02
1.381312e+00	1.343549e+00	1.288035e+02	1.020795e+03
1.498235e+00	1.240681e+00	8.658763e+01	6.039185e+02
1.472991e+00	1.261215e+00	6.326606e+01	4.393792e+02
1.398980e+00	1.326453e+00	3.217556e+01	1.253583e+03
1.522486e+00	1.221648e+00	1.220041e+02	4.168794e+02
1.657533e+00	1.127720e+00	2.167299e+01	5.344749e+02
1.437231e+00	1.291451e+00	1.843747e+01	2.486113e+02
1.480965e+00	1.254519e+00	4.889919e+01	1.011030e+03
1.481044e+00	1.254541e+00	6.420495e+01	7.449658e+02
1.508800e+00	1.232340e+00	6.117763e+02	1.243787e+03
1.394825e+00	1.330461e+00	2.400427e+01	1.678236e+03
1.429961e+00	1.298078e+00	8.943047e+02	5.954724e+02
1.529477e+00	1.216276e+00	1.984420e+02	8.686154e+02
1.414060e+00	1.312560e+00	4.172724e+01	7.223228e+02
1.382194e+00	1.342584e+00	6.624197e+02	2.205544e+02
1.424587e+00	1.302831e+00	1.381086e+02	8.273161e+02
1.633925e+00	1.142827e+00	4.026442e+01	5.525220e+02
1.610928e+00	1.158259e+00	4.490422e+02	1.065319e+02
1.580863e+00	1.178865e+00	2.302380e+02	1.038639e+03
1.603333e+00	1.163175e+00	1.632843e+02	1.249881e+02
1.549764e+00	1.201083e+00	4.020107e+02	9.043832e+02
1.611965e+00	1.157289e+00	1.082066e+01	7.003989e+02
1.538671e+00	1.209360e+00	2.929081e+02	1.372018e+02
1.439075e+00	1.290097e+00	5.074142e+02	2.855032e+02
1.536292e+00	1.211008e+00	3.665426e+02	1.024344e+03
1.421164e+00	1.306088e+00	1.176671e+03	4.834809e+02
1.549511e+00	1.201187e+00	3.937345e+02	9.231989e+00
1.417146e+00	1.309707e+00	9.076744e+01	5.412241e+02
1.425438e+00	1.302222e+00	2.453899e+02	4.806091e+02
1.544014e+00	1.205313e+00	1.195404e+02	1.188363e+03
1.486118e+00	1.250324e+00	9.264936e+02	3.792049e+02
1.463398e+00	1.269269e+00	5.805360e+02	4.680435e+02
1.415043e+00	1.311687e+00	4.813785e+01	6.464713e+02
1.507458e+00	1.233321e+00	6.616786e+02	2.821754e+02
1.494997e+00	1.243051e+00	8.250876e+01	9.540801e+02
1.388003e+00	1.336853e+00	4.756342e+02	8.398354e+02
1.419745e+00	1.307359e+00	2.840755e+02	2.506252e+02
1.397580e+00	1.327746e+00	9.374759e+01	3.998435e+02
1.362638e+00	1.361477e+00	6.323867e+01	4.361011e+02
1.622578e+00	1.150337e+00	3.258700e+01	7.335889e+02
1.390929e+00	1.333830e+00	2.391667e+02	2.221968e+01
1.552822e+00	1.198851e+00	3.358819e+02	7.662642e+01
1.483131e+00	1.252706e+00	2.817397e+02	3.183734e+02
1.416094e+00	1.310492e+00	1.393150e+02	3.297418e+02
1.369043e+00	1.355149e+00	2.761160e+02	8.059213e+02
1.370221e+00	1.353824e+00	2.408085e+02	1.814322e+02
1.367405e+00	1.356704e+00	7.988282e+01	5.060466e+02
1.414952e+00	1.311505e+00	4.492167e+02	3.122934e+02
1.553723e+00	1.198331e+00	2.002526e+02	1.471953e+03
1.480470e+00	1.254726e+00	7.733228e+01	3.944728e+02
1.484012e+00	1.251776e+00	2.811296e+01	5.686502e+02
1.384951e+00	1.339926e+00	4.247912e+02	1.334668e+03
1.456153e+00	1.275383e+00	2.762004e+01	7.718819e+02
1.490577e+00	1.246780e+00	1.388768e+02	7.213764e+02
1.447823e+00	1.282517e+00	5.341725e+02	5.692566e+02
1.396131e+00	1.328897e+00	2.164419e+02	1.827385e+02
1.428698e+00	1.299403e+00	4.206139e+02	1.746751e+03
1.506392e+00	1.234044e+00	2.953294e+02	1.709834e+02
1.470780e+00	1.262772e+00	9.441832e+01	2.180162e+02
1.463959e+00	1.268750e+00	6.190886e+02	1.323423e+02
1.673073e+00	1.118088e+00	1.023634e+02	4.828374e+02
1.756905e+00	1.069210e+00	1.348462e+02	1.953042e+01
1.435545e+00	1.293228e+00	1.610287e+02	1.462992e+03
1.411001e+00	1.315270e+00	3.305443e+02	8.142400e+02
1.415062e+00	1.311423e+00	2.246398e+02	2.088448e+02
1.399578e+00	1.326041e+00	8.204324e+02	6.998911e+02
1.655904e+00	1.128932e+00	4.289120e+02	9.732106e+02
1.362569e+00	1.361644e+00	4.471626e+02	3.015270e+01
1.507144e+00	1.233508e+00	3.257286e+02	9.091936e+01
1.446171e+00	1.283939e+00	7.494955e+02	1.037798e+03
1.494263e+00	1.243812e+00	2.328068e+02	1.662358e+02
1.366579e+00	1.357818e+00	1.901658e+02	1.640122e+03
1.385859e+00	1.338961e+00	2.530991e+01	1.162753e+03
1.478678e+00	1.256453e+00	3.859353e+02	2.982095e+02
1.659756e+00	1.126557e+00	7.668854e+01	1.855948e+03
1.482694e+00	1.253140e+00	4.942049e+02	7.845658e+02
1.423640e+00	1.303653e+00	1.786657e+02	2.120165e+02
1.566587e+00	1.188991e+00	3.566104e+02	7.679523e+02
1.512589e+00	1.229338e+00	6.086149e+02	3.854544e+02
1.388113e+00	1.336796e+00	8.499850e+02	2.473349e+03
1.403306e+00	1.322567e+00	1.114103e+03	2.982181e+02
1.393593e+00	1.331409e+00	2.390431e+02	6.186360e+02
1.548589e+00	1.201873e+00	1.384731e+02	2.287098e+02
1.497394e+00	1.241162e+00	1.324971e+02	4.454329e+02
1.438051e+00	1.290928e+00	8.312178e+02	9.553587e+01
1.581763e+00	1.178426e+00	7.540160e+02	5.277947e+02
1.453556e+00	1.277553e+00	2.792621e+02	8.289110e+01
1.385980e+00	1.338864e+00	1.819996e+03	3.641428e+01
1.514421e+00	1.228031e+00	1.029649e+03	8.221115e+01
1.465264e+00	1.267460e+00	4.485132e+02	3.961281e+02
1.451147e+00	1.279738e+00	8.166737e+02	3.148901e+02
1.478578e+00	1.256482e+00	6.236799e+01	5.825375e+02
1.544555e+00	1.205175e+00	3.958095e+02	9.618794e+02
1.443059e+00	1.286560e+00	4.860386e+02	4.509026e+02
1.613466e+00	1.156452e+00	3.308557e+02	6.713708e+02
1.450820e+00	1.279844e+00	2.395656e+02	4.034678e+02
1.691737e+00	1.106708e+00	2.027355e+02	1.381837e+02
1.559498e+00	1.193861e+00	1.567242e+02	5.387764e+01
1.446317e+00	1.283754e+00	1.700762e+02	2.022385e+02
1.496497e+00	1.242232e+00	4.799343e+02	1.444906e+03
1.363490e+00	1.361104e+00	9.708535e+02	1.660010e+03
1.367159e+00	1.357153e+00	4.390509e+02	4.499589e+02
1.391717e+00	1.333177e+00	1.637197e+03	7.574959e+01
1.499163e+00	1.239795e+00	4.155696e+01	4.829803e+02
1.378861e+00	1.345900e+00	1.133275e+02	1.749903e+03
1.432999e+00	1.295413e+00	3.016389e+02	6.873367e+02
1.444309e+00	1.285452e+00	8.621839e+02	3.280037e+02
1.366113e+00	1.358031e+00	1.017255e+02	7.703542e+02
1.368645e+00	1.355445e+00	3.088967e+02	1.648496e+02
1.555364e+00	1.196947e+00	2.925830e+02	7.050540e+01
1.385243e+00	1.339147e+00	1.837845e+02	5.181390e+01
1.489252e+00	1.247967e+00	1.029612e+03	4.349493e+02
1.552054e+00	1.199548e+00	1.045060e+03	1.004293e+02
1.515222e+00	1.227165e+00	6.321882e+02	6.678747e+01
1.673397e+00	1.117783e+00	2.476508e+02	3.738138e+01
1.375770e+00	1.348707e+00	9.652562e+02	1.276956e+02
1.611814e+00	1.157423e+00	1.560429e+02	4.031902e+02
1.647380e+00	1.134133e+00	2.557379e+02	1.123380e+03
1.473929e+00	1.260397e+00	1.669127e+02	1.008164e+03
1.470146e+00	1.263533e+00	2.063601e+02	4.550176e+02
1.444600e+00	1.285207e+00	1.682553e+02	3.122181e+02
1.454139e+00	1.277107e+00	1.195322e+03	8.016540e+01
1.397155e+00	1.328213e+00	7.818152e+01	1.221013e+03
1.560015e+00	1.193564e+00	2.323952e+02	1.117719e+03
1.470069e+00	1.263658e+00	5.243311e+02	6.075950e+00
1.461674e+00	1.270727e+00	9.559349e+02	5.204171e+02
1.499843e+00	1.239466e+00	6.166894e+02	5.950177e+02
1.499443e+00	1.239534e+00	1.701038e+02	3.570152e+02
1.379568e+00	1.344820e+00	5.596265e+02	1.275487e+02
1.485096e+00	1.251118e+00	2.112378e+01	6.145502e+02
1.460031e+00	1.271819e+00	4.207602e+02	3.454626e+01
1.404112e+00	1.321530e+00	3.929369e+02	6.601206e+01
1.374022e+00	1.350506e+00	2.115738e+02	1.374184e+03
1.529639e+00	1.216137e+00	1.021162e+03	3.262079e+02
1.531988e+00	1.214217e+00	9.649219e+01	2.832048e+02
1.568503e+00	1.187544e+00	1.178583e+01	2.510067e+03
1.606662e+00	1.160744e+00	2.022353e+02	1.038243e+03
1.415221e+00	1.311410e+00	4.208270e+02	7.850264e+02
1.505155e+00	1.235122e+00	3.477338e+02	8.234468e+01
1.422642e+00	1.304772e+00	7.232392e+02	2.927213e+01
1.392401e+00	1.332759e+00	4.181492e+02	9.678992e+02
1.400409e+00	1.325239e+00	4.742363e+02	1.366149e+01
1.463840e+00	1.269019e+00	2.753483e+01	2.017232e+03
1.574699e+00	1.183320e+00	2.825240e+01	2.095114e+03
1.567966e+00	1.187812e+00	2.639709e+02	8.828633e+02
1.430132e+00	1.297810e+00	4.358730e+01	3.449434e+02
1.491652e+00	1.245871e+00	1.431840e+02	2.733536e+02
1.401159e+00	1.324573e+00	6.761190e+02	1.636840e+01
1.576820e+00	1.181580e+00	2.965220e+02	7.908701e+02
1.521280e+00	1.222589e+00	3.103307e+02	5.634068e+02
1.504578e+00	1.235589e+00	4.681170e+02	7.772381e+02
1.512090e+00	1.229771e+00	5.438400e+02	2.084188e+02
1.432933e+00	1.295776e+00	1.149140e+03	2.068596e+03
1.433401e+00	1.294923e+00	1.818300e+02	8.652847e+02
1.529269e+00	1.216564e+00	4.983137e+02	7.967559e+02
1.426703e+00	1.301134e+00	9.336263e+02	6.438229e+02
1.406236e+00	1.319627e+00	1.646762e+02	3.818682e+02
1.431786e+00	1.296527e+00	4.041431e+02	1.259015e+03
1.565794e+00	1.189627e+00	2.866102e+02	1.867859e+02
1.392098e+00	1.332845e+00	1.406383e+02	4.479405e+02
1.602749e+00	1.163760e+00	5.317183e+02	6.814963e+02
1.493871e+00	1.243999e+00	4.315985e+01	5.901426e+02
1.592358e+00	1.171014e+00	9.361707e+02	6.064293e+02
1.542673e+00	1.206151e+00	1.049826e+02	2.026807e+02
1.393384e+00	1.331836e+00	1.174942e+03	7.862992e+01
1.616059e+00	1.154503e+00	9.147643e+01	3.655588e+01
1.443822e+00	1.285921e+00	2.648228e+02	3.018299e+02
1.374343e+00	1.350157e+00	9.241645e+02	3.831455e+02
1.423873e+00	1.303675e+00	1.476688e+02	1.638741e+03
1.589040e+00	1.173181e+00	1.739993e+02	6.394581e+02
1.382568e+00	1.342442e+00	6.841130e+02	4.157460e+02
1.424128e+00	1.303289e+00	1.643824e+02	2.855423e+02
1.404920e+00	1.321124e+00	3.001837e+02	1.238240e+03
1.580449e+00	1.179008e+00	4.469124e+01	5.629243e+01
1.488091e+00	1.248856e+00	1.871583e+02	3.975277e+02
1.621458e+00	1.150987e+00	1.176772e+02	4.416095e+02
1.538926e+00	1.209166e+00	3.654765e+02	1.633840e+02
1.603814e+00	1.163234e+00	1.860806e+02	2.097212e+03
1.468052e+00	1.265433e+00	3.072394e+02	1.133878e+03
1.598147e+00	1.166829e+00	5.690110e+01	4.117066e+02
1.458444e+00	1.273416e+00	7.465772e+02	7.230525e+01
1.509239e+00	1.232014e+00	9.448889e+02	1.032537e+02
1.588458e+00	1.173453e+00	2.580828e+02	3.617078e+02
1.407520e+00	1.318525e+00	5.018175e+02	5.438352e+02
1.392869e+00	1.332312e+00	3.563523e+00	1.578473e+03
1.379467e+00	1.344885e+00	2.108445e+02	7.206727e+02
1.422049e+00	1.305102e+00	3.305597e+02	2.152733e+01
1.436210e+00	1.292502e+00	3.148300e+02	1.762725e+01
1.603429e+00	1.163280e+00	1.831694e+02	2.820823e+02
1.478623e+00	1.256547e+00	5.402218e+01	5.523269e+02
1.616679e+00	1.154064e+00	2.450605e+02	1.517637e+02
1.591376e+00	1.171515e+00	3.934508e+01	7.331679e+02
1.508247e+00	1.232671e+00	6.221413e+02	8.303198e+02
1.557292e+00	1.195808e+00	4.089776e+02	4.492892e+00
1.542965e+00	1.206114e+00	7.365438e+01	2.182275e+03
1.597263e+00	1.167491e+00	7.536451e+00	7.099663e+02
1.395022e+00	1.329857e+00	2.202816e+02	6.514316e+01
1.547244e+00	1.202958e+00	3.444961e+02	1.134627e+02
1.493067e+00	1.244662e+00	2.240110e-01	6.167631e+02
1.454383e+00	1.276830e+00	4.431551e+02	1.536035e+02
1.365208e+00	1.358908e+00	3.966874e+02	1.136624e+02
1.378969e+00	1.345572e+00	8.376655e+02	8.936970e+02
1.491386e+00	1.246137e+00	6.957592e+02	5.200588e+02
1.368541e+00	1.355722e+00	6.347537e+02	1.557394e+03
1.379355e+00	1.344978e+00	5.813021e+01	3.097735e+02
1.503811e+00	1.236389e+00	5.012172e+02	7.818174e+01
1.383178e+00	1.341506e+00	2.223970e+02	9.290861e+02
1.471219e+00	1.262522e+00	1.588272e+02	4.133487e+02
1.365375e+00	1.359035e+00	7.582131e+02	3.083074e+01
1.660493e+00	1.125885e+00	9.393348e+01	1.511793e+03
1.521630e+00	1.222288e+00	4.193755e+02	3.420784e+02
1.526067e+00	1.218813e+00	3.033160e+02	1.682657e+02
1.451657e+00	1.278953e+00	2.480173e+01	2.413173e+02
1.365366e+00	1.359064e+00	9.053280e+02	5.752735e+02
1.451980e+00	1.278836e+00	6.044852e+02	7.895528e+02
1.480693e+00	1.254967e+00	2.747135e+02	3.546483e+02
1.483113e+00	1.252630e+00	4.560223e+02	4.511516e+01
1.555853e+00	1.196673e+00	9.653209e+01	2.321860e+03
1.459221e+00	1.272820e+00	5.053065e+02	1.242559e+03
1.542286e+00	1.206919e+00	3.495733e+02	1.115384e+03
1.424768e+00	1.302445e+00	6.205378e+01	2.394569e+02
1.449944e+00	1.280530e+00	1.394468e+02	4.189665e+02
1.433392e+00	1.294835e+00	1.101662e+01	4.293979e+02
1.384166e+00	1.340532e+00	3.070364e+01	1.152505e+03
1.591519e+00	1.171386e+00	3.088034e+02	9.030108e+00
1.495854e+00	1.242570e+00	9.080246e+02	3.489726e+02
1.584344e+00	1.176010e+00	7.325722e+01	4.918562e+00
1.432306e+00	1.295915e+00	2.294018e+02	7.072320e+01
1.563447e+00	1.191243e+00	1.470063e+02	7.402028e+02
1.438583e+00	1.290369e+00	7.254156e+02	6.557363e+02
1.473620e+00	1.260547e+00	4.916578e+01	4.264292e+02
1.413179e+00	1.313045e+00	7.616186e+01	4.421963e+02
1.652016e+00	1.131374e+00	4.567273e+02	1.543145e+02
1.485136e+00	1.250883e+00	1.753320e+02	3.782232e+02
1.399873e+00	1.325732e+00	3.826563e+02	4.745001e+01
1.454878e+00	1.276257e+00	1.646450e+01	8.063253e+02
1.393651e+00	1.331805e+00	1.049740e+03	1.156509e+03
1.385483e+00	1.339281e+00	2.985520e+02	8.643693e+02
1.377641e+00	1.346809e+00	3.681041e+01	4.670476e+02
1.400763e+00	1.324772e+00	5.657693e+02	9.872037e+01
1.539467e+00	1.208715e+00	3.403871e+02	9.826415e+02
1.510008e+00	1.231164e+00	2.591895e+02	7.307081e+01
1.664081e+00	1.123595e+00	2.287769e+02	2.672483e+02
1.507721e+00	1.233248e+00	4.568335e+02	8.591178e+02
1.410823e+00	1.315636e+00	1.837245e+02	1.136006e+03
1.599982e+00	1.165435e+00	5.192495e+02	2.407078e+02
1.430183e+00	1.297897e+00	4.414946e+02	1.671498e+02
1.424797e+00	1.302564e+00	4.424144e+02	2.251010e+01
1.564295e+00	1.190447e+00	4.270219e+01	7.242398e+02
1.452548e+00	1.278290e+00	4.147481e+02	9.960666e+01
1.459612e+00	1.272609e+00	3.425038e+01	1.609946e+03
1.479860e+00	1.255637e+00	1.157228e+03	1.307809e+02
1.496123e+00	1.242228e+00	6.033167e+02	2.246664e+02
1.390065e+00	1.335087e+00	4.755325e+01	2.357739e+03
1.475550e+00	1.259049e+00	8.039423e+01	1.895438e+03
1.486649e+00	1.249791e+00	1.128529e+02	4.587374e+02
1.534144e+00	1.212921e+00	1.749760e+02	6.665317e+02
1.379684e+00	1.344934e+00	1.426620e+03	3.247079e+02
1.515528e+00	1.226928e+00	6.416153e+01	1.046292e+03
1.535943e+00	1.211549e+00	2.277935e+02	1.903215e+03
1.427926e+00	1.299927e+00	3.276572e+02	3.631918e+02
1.424705e+00	1.302610e+00	2.102188e+02	1.351055e+02
1.469117e+00	1.264346e+00	1.318964e+02	5.021095e+02
1.436939e+00	1.291801e+00	2.958453e+02	2.990447e+02
1.492007e+00	1.245762e+00	3.602807e+02	1.014488e+03
1.526803e+00	1.218232e+00	1.997738e+02	2.407799e+02
1.497020e+00	1.241603e+00	1.953418e+02	2.609499e+02
1.550590e+00	1.200676e+00	1.133773e+03	2.856967e+02
1.566915e+00	1.188792e+00	9.293455e+00	1.505622e+03
1.421728e+00	1.305330e+00	1.237444e+02	1.066959e+03
1.576776e+00	1.181418e+00	1.539855e+02	1.749845e+02
1.426194e+00	1.301365e+00	1.738442e+02	1.309660e+02
1.545132e+00	1.204613e+00	1.499214e+02	7.063598e+02
1.453484e+00	1.277506e+00	6.392545e+02	3.972653e+02
1.466211e+00	1.266520e+00	1.662980e+02	1.303356e+00
1.594839e+00	1.169013e+00	5.107050e+02	1.540341e+03
1.411131e+00	1.314988e+00	2.429833e+02	4.042981e+01
1.668783e+00	1.120789e+00	1.714740e+02	3.979185e+01
1.433992e+00	1.294666e+00	4.194362e+02	8.182881e+02
1.521388e+00	1.222504e+00	3.822156e+02	7.331836e+02
1.438561e+00	1.290300e+00	1.903328e+02	1.023580e+02
1.532110e+00	1.214302e+00	9.385476e+01	6.049825e+02
1.654675e+00	1.129576e+00	2.000610e+02	3.148885e+02
1.399541e+00	1.325843e+00	5.486054e+02	1.590515e+01
1.363774e+00	1.360672e+00	6.672117e+02	7.632941e+02
1.456568e+00	1.275362e+00	2.507351e+02	1.674489e+03
1.509292e+00	1.231668e+00	5.420871e+02	2.746489e+02
1.395249e+00	1.330019e+00	2.223180e+02	4.670037e+02
1.366318e+00	1.357951e+00	7.079979e+02	3.786125e+02
1.398155e+00	1.327273e+00	3.903623e+02	4.782755e+02
1.490346e+00	1.246835e+00	1.260968e+02	2.372660e+02
1.578144e+00	1.180662e+00	7.378240e+01	1.221815e+03
1.467892e+00	1.265664e+00	7.440579e+02	5.697282e+02
1.441235e+00	1.288199e+00	7.263966e+02	4.249856e+02
1.365662e+00	1.358715e+00	4.202853e+02	3.849033e+02
1.497697e+00	1.240936e+00	5.826709e+01	3.844709e+02
1.439440e+00	1.289681e+00	7.377830e+01	7.066928e+02
1.425055e+00	1.302711e+00	1.590074e+02	1.671373e+03
1.534975e+00	1.212204e+00	3.127162e+02	2.645928e+02
1.401766e+00	1.323739e+00	3.210154e+02	2.421632e+02
1.531600e+00	1.214461e+00	2.576122e+01	1.647184e+02
1.515619e+00	1.226990e+00	4.745919e+01	1.779316e+03
1.567174e+00	1.188515e+00	2.855711e+02	1.283627e+02
1.568389e+00	1.187848e+00	8.035970e+01	1.362913e+03
1.387616e+00	1.337034e+00	2.807885e+02	3.620474e+01
1.507341e+00	1.233506e+00	1.261460e+03	1.511942e+02
1.414009e+00	1.312331e+00	5.082724e+02	3.769563e+02
1.397206e+00	1.328284e+00	7.483916e+02	5.080468e+02
1.592044e+00	1.171225e+00	5.856236e+02	1.185011e+03
1.477155e+00	1.257532e+00	1.765555e+02	8.558191e+02
1.559212e+00	1.194266e+00	2.262032e+02	1.167660e+03
1.447637e+00	1.282613e+00	7.272023e+02	3.327416e+02
1.407618e+00	1.318660e+00	1.088423e+03	6.741229e+02
1.503777e+00	1.236400e+00	5.883147e+02	1.564546e+03
1.362359e+00	1.361913e+00	1.349381e+01	2.571329e+02
1.526982e+00	1.218210e+00	5.213751e+01	1.201902e+03
1.435862e+00	1.292988e+00	1.332562e+01	1.104710e+03
1.524891e+00	1.219814e+00	2.438538e+01	1.405378e+03
1.421839e+00	1.305187e+00	4.674751e+01	3.248407e+02
1.412816e+00	1.313428e+00	5.441226e+02	7.905914e+02
1.479154e+00	1.256258e+00	2.563031e+02	1.755354e+03
1.589775e+00	1.172411e+00	2.529949e+02	9.597213e+02
1.495247e+00	1.242795e+00	1.950959e+02	6.432429e+01
1.391452e+00	1.333332e+00	5.439178e+01	3.408392e+02
1.375935e+00	1.348474e+00	5.266304e+01	5.852832e+02
1.428227e+00	1.299412e+00	1.117595e+02	2.865962e+02
1.507572e+00	1.233379e+00	3.353912e+02	7.399576e+02
1.373700e+00	1.350604e+00	4.183419e+01	1.448563e+03
1.469550e+00	1.264060e+00	5.119585e+02	6.627971e+02
1.533225e+00	1.213546e+00	3.230579e+02	1.658658e+02
1.540368e+00	1.207870e+00	8.351124e+01	4.184269e+02
1.487272e+00	1.249479e+00	3.467129e+02	7.916959e+01
1.369045e+00	1.354954e+00	2.607770e+02	3.402462e+01
1.391850e+00	1.332981e+00	2.012637e+02	4.273597e+02
1.420432e+00	1.306723e+00	8.140849e+02	3.356795e+02
1.439120e+00	1.289944e+00	2.404381e+02	1.503304e+02
1.399573e+00	1.325885e+00	5.393444e+01	1.213583e+03
1.442480e+00	1.286878e+00	2.769237e+02	2.850595e+02
1.509547e+00	1.231649e+00	1.534480e+02	1.700365e+02
1.365683e+00	1.358637e+00	3.018641e+02	8.944096e+02
1.653374e+00	1.130301e+00	1.628676e+01	1.171050e+02
1.462293e+00	1.270183e+00	5.900150e+01	8.206240e+02
1.392220e+00	1.332607e+00	2.707839e+02	1.816812e+02
1.589429e+00	1.173075e+00	4.216437e+01	3.022903e+03
1.609875e+00	1.158835e+00	1.375929e+01	6.251018e+02
1.548773e+00	1.201862e+00	1.356829e+02	9.500067e+02
1.472992e+00	1.261061e+00	4.396224e+02	8.254904e+02
1.364259e+00	1.359798e+00	3.283153e+02	2.650445e+02
1.380802e+00	1.343949e+00	3.740304e+02	1.479286e+03
1.481730e+00	1.253996e+00	2.110128e+02	1.353884e+03
1.515059e+00	1.227393e+00	3.329894e+02	1.183249e+02
1.484074e+00	1.252007e+00	5.593656e+02	4.711502e+02
1.487243e+00	1.249289e+00	1.698330e+02	7.448010e+02
1.494239e+00	1.243648e+00	1.388124e+02	4.021728e+02
1.424959e+00	1.302551e+00	2.364845e+02	2.047654e+02
1.395220e+00	1.330116e+00	8.937802e+00	1.318476e+03
1.500893e+00	1.238456e+00	1.320531e+02	1.272387e+03
1.387236e+00	1.337494e+00	3.921968e+02	2.105100e+01
1.463573e+00	1.268978e+00	6.247046e+02	1.370143e+02
1.527184e+00	1.218006e+00	2.171640e+02	6.980836e+01
1.477556e+00	1.257413e+00	1.183200e+02	1.084712e+03
1.423458e+00	1.303884e+00	2.481351e+02	1.302941e+02
1.601773e+00	1.164399e+00	2.348222e+02	6.606930e+02
1.388355e+00	1.336655e+00	5.987327e+02	3.224204e+01
1.433545e+00	1.294815e+00	1.297094e+01	2.837366e+02
1.529690e+00	1.215924e+00	2.321478e+02	1.787012e+02
1.497031e+00	1.241489e+00	5.364485e+01	6.511279e+02
1.597409e+00	1.167329e+00	5.954548e+02	7.900046e+02
1.392948e+00	1.332046e+00	6.468562e+02	3.984973e+02
1.417452e+00	1.309573e+00	7.134553e+02	7.163319e+02
1.504520e+00	1.235803e+00	7.460463e+02	2.096547e+02
1.409492e+00	1.316446e+00	1.145592e+02	1.790006e+02
1.574285e+00	1.183406e+00	8.134923e+01	1.000676e+03
1.536124e+00	1.211338e+00	1.994066e+01	1.827348e+03
1.367660e+00	1.356498e+00	1.642614e+01	4.987493e+02
1.403649e+00	1.322174e+00	8.970361e+02	1.966226e+02
1.421149e+00	1.306000e+00	4.630450e+01	6.971133e+02
1.364214e+00	1.360341e+00	1.509808e+03	6.969315e+02
1.371075e+00	1.353100e+00	3.518773e+02	2.210927e+02
1.594379e+00	1.169206e+00	1.838605e+02	3.715662e+01
1.378468e+00	1.346167e+00	1.809545e+01	5.695300e+02
1.427707e+00	1.300307e+00	8.970123e+02	1.366362e+02
1.383450e+00	1.341117e+00	5.604454e+02	5.370490e+02
1.467405e+00	1.265960e+00	7.103098e+02	8.986091e+02
1.382464e+00	1.342234e+00	9.667457e+02	1.628165e+02
1.549665e+00	1.201146e+00	2.018123e+02	7.784790e+01
1.544573e+00	1.204832e+00	2.569874e+02	3.750622e+01
1.472024e+00	1.261770e+00	4.373271e+02	4.647359e+02
1.511139e+00	1.230440e+00	8.025873e+01	1.739160e+03
1.465397e+00	1.267535e+00	5.592683e+01	6.637095e+02
1.392196e+00	1.332780e+00	1.429893e+03	2.483519e+01
1.437966e+00	1.291323e+00	5.584088e+02	1.084720e+03
1.411243e+00	1.315066e+00	1.005028e+02	9.226612e+02
1.448352e+00	1.282285e+00	5.994156e+02	1.005662e+03
1.370282e+00	1.354117e+00	1.340811e+03	2.341820e+02
1.404218e+00	1.321403e+00	5.704049e+01	5.047545e+02
1.430233e+00	1.298066e+00	1.133516e+03	1.051438e+03
1.543536e+00	1.205885e+00	9.485276e+02	3.170397e+02
1.451291e+00	1.279357e+00	9.037684e+01	1.010502e+03
1.496919e+00	1.241620e+00	3.494852e+02	6.451228e+00
1.395937e+00	1.329319e+00	7.655825e+01	2.826026e+02
1.405412e+00	1.320283e+00	2.245605e+01	3.653859e+02
1.495060e+00	1.243210e+00	6.424646e+02	3.116224e+02
1.552733e+00	1.198823e+00	2.973669e+02	2.590806e+01
1.437094e+00	1.291915e+00	7.608278e+01	1.242856e+03
1.517165e+00	1.225453e+00	3.167406e+02	1.228001e+01
1.389572e+00	1.335468e+00	1.445364e+03	1.204358e+02
1.446587e+00	1.283376e+00	2.524930e+02	1.772011e+02
1.573061e+00	1.184323e+00	2.530055e+02	8.035031e+02
1.389977e+00	1.334858e+00	9.667699e+01	4.329115e+02
1.456759e+00	1.274654e+00	1.167949e+02	1.205914e+03
1.599917e+00	1.165450e+00	5.481000e+01	3.973463e+02
1.677611e+00	1.115198e+00	7.713677e+01	7.408707e+02
1.499882e+00	1.239159e+00	3.937677e+00	7.452069e+02
1.394175e+00	1.330955e+00	1.149648e+02	4.969466e+02
1.370890e+00	1.353621e+00	6.740775e+02	6.373262e+02
1.508934e+00	1.231939e+00	6.462842e+01	4.304038e+02
1.555126e+00	1.197227e+00	5.865229e+02	1.001550e+03
1.388812e+00	1.336031e+00	9.447049e+02	1.633898e+02
1.465764e+00	1.267048e+00	2.780148e+02	1.705757e+01
1.624906e+00	1.148972e+00	1.800769e+02	5.646108e+02
1.363521e+00	1.360784e+00	3.362868e+02	1.827725e+02
1.428891e+00	1.298884e+00	1.830086e+02	1.984025e+02
1.374129e+00	1.350124e+00	1.207563e+02	6.341718e+02
1.395373e+00	1.330028e+00	2.881895e+02	1.655335e+03
1.624373e+00	1.149298e+00	1.918038e+02	1.340079e+03
1.399770e+00	1.325836e+00	2.399374e+02	2.376197e+02
1.407116e+00	1.318962e+00	2.120039e+02	1.084468e+03
1.486142e+00	1.250474e+00	7.323047e+02	4.103579e+02
1.366850e+00	1.357361e+00	5.222667e+01	1.767167e+02
1.504856e+00	1.235116e+00	1.056946e+02	7.663226e+01
1.416137e+00	1.310451e+00	3.883618e+02	1.974477e+02
1.488648e+00	1.248294e+00	4.145388e+02	1.200394e+01
1.374148e+00	1.350517e+00	4.390859e+02	7.028910e+02
1.401145e+00	1.324219e+00	8.211016e+01	2.911579e+02
1.401720e+00	1.323976e+00	1.915777e+02	1.099295e+03
1.487104e+00	1.249444e+00	3.143377e+02	6.184313e+02
1.485914e+00	1.250585e+00	7.379925e+02	4.178617e+02
1.447757e+00	1.282565e+00	7.723940e+02	1.557531e+02
1.592418e+00	1.170639e+00	1.517084e+02	4.476831e+02
1.421683e+00	1.305513e+00	1.623009e+01	6.647202e+02
1.451676e+00	1.279095e+00	2.000768e+02	1.035458e+03
1.402837e+00	1.322751e+00	1.796639e+02	2.898679e+02
1.625348e+00	1.148392e+00	1.707267e+02	2.334057e+01
1.519334e+00	1.223870e+00	5.189261e+02	3.951369e+02
1.430895e+00	1.297003e+00	4.765239e+02	5.450797e+02
1.430364e+00	1.297811e+00	2.640019e+02	2.893169e+02
1.411766e+00	1.314456e+00	1.568146e+02	2.491993e+02
1.476983e+00	1.257736e+00	7.914191e+02	1.579814e+02
1.611891e+00	1.157655e+00	6.111995e+01	1.765849e+03
1.372643e+00	1.351778e+00	5.617350e+02	1.592784e+02
1.526015e+00	1.218819e+00	4.692244e+02	2.094091e+02
1.597424e+00	1.167257e+00	6.209262e+02	2.189532e+00
1.388455e+00	1.336561e+00	7.017971e+02	8.573825e+02
1.519365e+00	1.224186e+00	3.139987e+02	9.582945e+02
1.558942e+00	1.194391e+00	7.951260e+01	1.838981e+02
1.558431e+00	1.194651e+00	2.111217e+02	2.408809e+02
1.541925e+00	1.207101e+00	6.097660e+02	5.549418e+02
1.509459e+00	1.231776e+00	8.941371e+01	9.275376e+02
1.592436e+00	1.170671e+00	1.794438e+02	7.306130e+02
1.571946e+00	1.184827e+00	1.643660e+02	4.078298e+01
1.476836e+00	1.258212e+00	6.717353e+02	6.740341e+02
1.464183e+00	1.268541e+00	2.374081e+01	4.774499e+02
1.419740e+00	1.307178e+00	1.920735e+02	7.498926e+01
1.470138e+00	1.263371e+00	2.379298e+02	6.813587e+01
1.540373e+00	1.208094e+00	7.133573e+02	2.998239e+02
1.433974e+00	1.294537e+00	6.741324e+02	1.752353e+02
1.417950e+00	1.308901e+00	4.622470e+02	6.377085e+01
1.653188e+00	1.130577e+00	4.432971e+01	6.185452e+02
1.451030e+00	1.279863e+00	8.191350e+02	8.500648e+02
1.374232e+00	1.350232e+00	6.876934e+02	5.876103e+02
1.495069e+00	1.243269e+00	5.827419e+02	5.655961e+02
1.525350e+00	1.219508e+00	1.082175e+02	1.759488e+02
1.534284e+00	1.212760e+00	3.521186e+02	7.082870e+02
1.473152e+00	1.260920e+00	5.004648e+02	4.932521e+02
1.370385e+00	1.353942e+00	1.405374e+02	1.675626e+03
1.396657e+00	1.328673e+00	5.190575e+02	4.505313e+02
1.466675e+00	1.266216e+00	2.443340e+02	7.741713e+01
1.575668e+00	1.182331e+00	2.112698e+02	1.856329e+02
1.598614e+00	1.166528e+00	3.220688e+02	9.070992e+02
1.512562e+00	1.229338e+00	7.560558e+02	5.493695e+02
1.582249e+00	1.177695e+00	2.437699e+02	4.079459e+02
1.541178e+00	1.207561e+00	2.347062e+02	6.957133e+02
1.636806e+00	1.140874e+00	6.133006e+01	6.784305e+01
1.401274e+00	1.324231e+00	8.040800e+01	1.091720e+03
1.505542e+00	1.234802e+00	1.145146e+02	4.039240e+02
1.475554e+00	1.259103e+00	2.708094e+02	3.962929e+02
1.459023e+00	1.273002e+00	8.259398e+02	2.312105e+02
1.428256e+00	1.299627e+00	6.545126e+02	5.542064e+02
1.364522e+00	1.359832e+00	1.235546e+03	7.034496e+02
1.423373e+00	1.304046e+00	2.471572e+00	9.185576e+02
1.412258e+00	1.314213e+00	3.571959e+02	8.526041e+02
1.623117e+00	1.149941e+00	1.568025e+02	1.229894e+03
1.387909e+00	1.337255e+00	1.601225e+03	1.252985e+03
1.535727e+00	1.211689e+00	3.859583e+02	1.126332e+03
1.448026e+00	1.282513e+00	5.585984e+02	1.033409e+03
1.480266e+00	1.255109e+00	3.511901e+02	4.055770e+02
1.464292e+00	1.268649e+00	1.459986e+02	7.182653e+02
1.638279e+00	1.139819e+00	1.174775e+02	1.764400e+02
1.596396e+00	1.167946e+00	2.638058e+02	1.362239e+03
1.371805e+00	1.352465e+00	2.300904e+02	9.234865e+02
1.367107e+00	1.357068e+00	4.177719e+02	1.626755e+02
1.461585e+00	1.270822e+00	2.468629e+02	1.124493e+03
1.409115e+00	1.316972e+00	6.679795e+02	2.281640e+02
1.465389e+00	1.267287e+00	1.705875e+02	3.015649e+02
1.642774e+00	1.137251e+00	6.378287e+02	5.438695e+01
1.634166e+00	1.142755e+00	1.324268e+02	3.769791e+02
1.425264e+00	1.302276e+00	5.042659e+02	8.267840e+02
1.425896e+00	1.301905e+00	9.069674e+02	6.929371e+02
1.549856e+00	1.201155e+00	1.673877e+02	2.020986e+02
1.565512e+00	1.189748e+00	2.061208e+02	8.438193e+01
1.376175e+00	1.348425e+00	7.873595e+02	8.931917e+02
1.386657e+00	1.338167e+00	9.681063e+02	2.353122e+02
1.543301e+00	1.205992e+00	6.166530e+02	3.480783e+02
1.421098e+00	1.306114e+00	4.334575e+02	1.420629e+02
1.383952e+00	1.340952e+00	1.557612e+03	4.653180e+02
1.428749e+00	1.299320e+00	8.843031e+02	8.753028e+02
1.588349e+00	1.173695e+00	7.192130e+02	5.981760e+02
1.481913e+00	1.253822e+00	8.346671e+00	1.557755e+03
1.469517e+00	1.264112e+00	3.077840e+02	4.724117e+02
1.447834e+00	1.282559e+00	5.534708e+02	4.926600e+02
1.553977e+00	1.198158e+00	7.824865e+00	1.668174e+03
1.506277e+00	1.234340e+00	1.557055e+02	1.496190e+03
1.476203e+00	1.258380e+00	1.363505e+02	4.291875e+02
1.394118e+00	1.331096e+00	1.245170e+03	2.043564e+02
1.435053e+00	1.293488e+00	4.216817e+02	2.802332e+02
1.543019e+00	1.206057e+00	2.135654e+02	1.507318e+02
1.377136e+00	1.347360e+00	1.061757e+03	1.695370e+02
1.445400e+00	1.284512e+00	8.634907e+02	1.745607e+02
1.437060e+00	1.292077e+00	6.637535e+02	5.506781e+02
1.449422e+00	1.280958e+00	2.324424e+02	1.637247e+02
1.406147e+00	1.319767e+00	2.364119e+02	7.942590e+02
1.404131e+00	1.321457e+00	4.490683e+02	5.529836e+02
1.404525e+00	1.321242e+00	8.536959e+02	2.667303e+02
1.581903e+00	1.178022e+00	2.858849e+02	3.473873e+01
1.379309e+00	1.345092e+00	4.934530e+02	5.385643e+01
1.487163e+00	1.249902e+00	1.602742e+02	2.004271e+03
1.500762e+00	1.238371e+00	1.363753e+02	9.872101e+01
1.570595e+00	1.185858e+00	9.585033e+01	1.184977e+02
1.427691e+00	1.300206e+00	2.873524e+02	1.017508e+03
1.475586e+00	1.259167e+00	7.655568e+02	7.429106e+02
1.409145e+00	1.317147e+00	3.038371e+02	1.187203e+03
1.389700e+00	1.335341e+00	1.289323e+01	8.879342e+02
1.552453e+00	1.199008e+00	4.530285e+01	3.058501e+02
1.381594e+00	1.343026e+00	1.979747e+02	9.899718e+02
1.568885e+00	1.187020e+00	5.944775e+01	2.148794e+02
1.377424e+00	1.347127e+00	5.464527e+02	7.759671e+02
1.426168e+00	1.301464e+00	4.932866e+02	8.600054e+01
1.527922e+00	1.217302e+00	8.627074e+01	2.036533e+02
1.418975e+00	1.307840e+00	2.941674e+02	6.712942e+02
1.484133e+00	1.252004e+00	8.952461e+02	4.052739e+01
1.431977e+00	1.296418e+00	9.022153e+02	4.713131e+02
1.527745e+00	1.217498e+00	4.472845e+01	1.235983e+03
1.526963e+00	1.218010e+00	1.070983e+02	2.456928e+02
1.482848e+00	1.253070e+00	4.228378e+02	2.795440e+02
1.463771e+00	1.268671e+00	5.099055e+02	4.893047e+02
1.387672e+00	1.336717e+00	3.655972e+01	7.202985e+01
1.498917e+00	1.240156e+00	6.200568e+01	6.623691e+02
1.531071e+00	1.215077e+00	7.481811e+02	7.111400e+02
1.464275e+00	1.268440e+00	1.348217e+02	4.090764e+02
1.366534e+00	1.357600e+00	4.016732e+01	4.246604e+02
1.642097e+00	1.137553e+00	2.080884e+02	1.918365e+02
1.574063e+00	1.183526e+00	2.806056e+02	2.202484e+02
1.468986e+00	1.264562e+00	1.543848e+02	7.261118e+02
1.461830e+00	1.270505e+00	1.475436e+02	5.631856e+02
1.367896e+00	1.356284e+00	1.337166e+03	3.441990e+02
1.488952e+00	1.248033e+00	2.826409e+02	1.058386e+03
1.457840e+00	1.273984e+00	4.432270e+02	4.667680e+02
1.408470e+00	1.317862e+00	9.132669e+01	2.075258e+03
1.473854e+00	1.260485e+00	6.142226e+02	6.347833e+02
1.415110e+00	1.311701e+00	1.019481e+03	5.515637e+01
1.364915e+00	1.359239e+00	2.322130e+02	7.328626e+01
1.447643e+00	1.282877e+00	8.313657e+02	5.887465e+02
1.518202e+00	1.224857e+00	2.778057e+02	3.327840e+02
1.445711e+00	1.284269e+00	5.183720e+02	2.176923e+02
1.548297e+00	1.202266e+00	5.690530e+01	8.703058e+02
1.681180e+00	1.113284e+00	4.679213e+01	4.129879e+02
1.608359e+00	1.159703e+00	3.599265e+01	5.796511e+02
1.570700e+00	1.186067e+00	4.352694e+02	1.470123e+03
1.511395e+00	1.230137e+00	2.342539e+02	8.125052e+02
1.381563e+00	1.342946e+00	4.836502e+01	6.470748e+02
1.525399e+00	1.219317e+00	2.308663e+02	1.612209e+02
1.626616e+00	1.147702e+00	6.576488e+00	2.361466e+03
1.483447e+00	1.252651e+00	1.056213e+03	3.496383e+02
1.492296e+00	1.245523e+00	1.592035e+02	4.703077e+02
1.493220e+00	1.244731e+00	1.858204e+02	1.536797e+03
1.432877e+00	1.295642e+00	7.253742e+02	5.872403e+02
1.404101e+00	1.321535e+00	1.115982e+02	5.164351e+02
1.497425e+00	1.241363e+00	8.125117e+02	2.863317e+02
1.378897e+00	1.345523e+00	1.048097e+02	5.182460e+02
1.472340e+00	1.261840e+00	6.673803e+02	1.268672e+02
1.451397e+00	1.279370e+00	6.936325e+02	5.353314e+02
1.418033e+00	1.308855e+00	3.840016e+01	5.232218e+02
1.485699e+00	1.250691e+00	1.530886e+03	6.713870e+01
1.560805e+00	1.193036e+00	1.153591e+02	3.457139e+02
1.393665e+00	1.331182e+00	2.355571e+02	4.132277e+02
1.410466e+00	1.315717e+00	4.925464e+02	1.377895e+02
1.556566e+00	1.196251e+00	3.802205e+02	7.056970e+02
1.520426e+00	1.223226e+00	3.033157e+02	2.763724e+02
1.555868e+00	1.196632e+00	2.201197e+02	1.922169e+03
1.377174e+00	1.347271e+00	7.867119e+02	1.445001e+02
1.597373e+00	1.167300e+00	6.037981e+02	6.141846e+02
1.421436e+00	1.305917e+00	5.660116e+02	5.849239e+02
1.517446e+00	1.225294e+00	6.921544e+01	1.442866e+02
1.554304e+00	1.197959e+00	7.602637e+02	3.234324e+02
1.555153e+00	1.197491e+00	1.179437e+03	4.058430e+02
1.371131e+00	1.353170e+00	4.964780e+02	2.010404e+02
1.405548e+00	1.320233e+00	3.886293e+02	2.279175e+02
1.518796e+00	1.224554e+00	3.623234e+02	1.946758e+02
1.396846e+00	1.328841e+00	2.404078e+02	1.775930e+03
1.381502e+00	1.342869e+00	5.584211e+02	8.073878e+01
1.384557e+00	1.340115e+00	8.059794e+01	1.375253e+03
1.527159e+00	1.217933e+00	1.557155e+02	5.948570e+02
1.442002e+00	1.287176e+00	4.350366e+01	1.959055e+02
1.486494e+00	1.250043e+00	1.133022e+02	3.311405e+02
1.513353e+00	1.228734e+00	1.404710e+02	3.628847e+02
1.373532e+00	1.350955e+00	5.950286e+02	4.100105e+02
1.409687e+00	1.316715e+00	1.022965e+02	4.736226e+02
1.543119e+00	1.206100e+00	5.965958e+02	3.206716e+02
1.377198e+00	1.347330e+00	4.411920e+02	1.658796e+02
1.514839e+00	1.227500e+00	3.959652e+02	7.153530e+00
1.407220e+00	1.319003e+00	7.243615e+02	8.894446e+02
1.402767e+00	1.322825e+00	6.556780e+01	1.182741e+03
1.402532e+00	1.323071e+00	1.747328e+02	1.800859e+02
1.384269e+00	1.340575e+00	1.677233e+02	6.503555e+02
1.561913e+00	1.192254e+00	2.001816e+02	3.943331e+02
1.689898e+00	1.107685e+00	1.008052e+02	1.239266e+03
1.393896e+00	1.331257e+00	5.539576e+02	3.358041e+02
1.554177e+00	1.197771e+00	2.246780e+02	9.458311e+02
1.572666e+00	1.184412e+00	1.236525e+02	2.558833e+02
1.501908e+00	1.237775e+00	5.441145e+02	1.113263e+03
1.596745e+00	1.167691e+00	3.256751e+02	6.497656e+02
1.564038e+00	1.190574e+00	3.531690e+02	5.988207e+02
1.494901e+00	1.243481e+00	3.497309e+02	1.107343e+03
1.423316e+00	1.304043e+00	7.393507e+02	4.144147e+02
1.489497e+00	1.247543e+00	1.038594e+02	4.854606e+02
1.401915e+00	1.323983e+00	1.660149e+02	1.632096e+03
1.483595e+00	1.252361e+00	4.317503e+02	6.280318e+02
1.481535e+00	1.254243e+00	5.742495e+00	6.346487e+02
1.365886e+00	1.358657e+00	1.583780e+02	1.036125e+03
1.401559e+00	1.324040e+00	5.813675e+01	5.882419e+02
1.571591e+00	1.185347e+00	5.693617e+02	4.058192e+02
1.373967e+00	1.350565e+00	4.173424e+02	1.252333e+03
1.455918e+00	1.275192e+00	4.065287e+02	3.943585e+02
1.471552e+00	1.262409e+00	4.806053e+02	5.639344e+02
1.480274e+00	1.255355e+00	6.163828e+01	8.991204e+02
1.519758e+00	1.223598e+00	1.996707e+02	1.168610e+02
1.402619e+00	1.323066e+00	6.115979e+02	3.752886e+02
1.373928e+00	1.350948e+00	2.009073e+03	5.931512e+02
1.395524e+00	1.329840e+00	5.227227e+02	8.343880e+02
1.476564e+00	1.258062e+00	6.409295e+01	1.233902e+03
1.363488e+00	1.360668e+00	8.302461e+01	1.073895e+03
1.372881e+00	1.351536e+00	3.222999e+02	8.799802e+02
1.410307e+00	1.315840e+00	1.657612e+02	3.976421e+02
1.535982e+00	1.211459e+00	4.069878e+02	6.998461e+02
1.368580e+00	1.355719e+00	2.451448e+02	2.780089e+02
1.367288e+00	1.357041e+00	5.921860e+02	9.372387e+02
1.409088e+00	1.316981e+00	7.394798e+02	1.504632e+02
1.458736e+00	1.273187e+00	1.595011e+02	1.560764e+03
1.528653e+00	1.217176e+00	5.462669e+02	1.835964e+01
1.479948e+00	1.255306e+00	1.294240e+02	4.270491e+02
1.436282e+00	1.292369e+00	1.840681e+02	1.500507e+02
1.369890e+00	1.354395e+00	7.274993e+02	1.748595e+02
1.506935e+00	1.233711e+00	7.211398e+01	8.077392e+02
1.539888e+00	1.208521e+00	1.240146e+01	2.110060e+03
1.516918e+00	1.225979e+00	2.082912e+02	1.611064e+02
1.607456e+00	1.160368e+00	2.748551e+01	5.341938e+02
1.526922e+00	1.218185e+00	1.885783e+02	2.793786e+02
1.373313e+00	1.351231e+00	3.580941e+02	1.301585e+03
1.562715e+00	1.191902e+00	7.965380e+02	8.015072e+02
1.492625e+00	1.245078e+00	1.460258e+02	8.153980e+02
1.390919e+00	1.333964e+00	5.674943e+00	5.495618e+02
1.614529e+00	1.156035e+00	1.018811e+02	3.652280e+03
1.363540e+00	1.361032e+00	2.368742e+03	1.581835e+02
1.455420e+00	1.276172e+00	6.884460e+02	1.159266e+03
1.400147e+00	1.325268e+00	6.191275e+01	6.288197e+02
1.374519e+00	1.350061e+00	2.824346e+02	1.264959e+03
1.459075e+00	1.272686e+00	1.544827e+02	4.496111e+01
1.578252e+00	1.180515e+00	3.068233e+02	9.592360e+02
1.382082e+00	1.342501e+00	4.993755e+01	3.967135e+02
1.369763e+00	1.354545e+00	6.061042e+01	1.161706e+03
1.532079e+00	1.214453e+00	6.759526e+02	2.385235e+02
1.593098e+00	1.170512e+00	2.738223e+02	4.369080e+02
1.366153e+00	1.358009e+00	4.601261e+02	1.437568e+02
1.497728e+00	1.241396e+00	1.193949e+03	3.545025e+02
1.424657e+00	1.303018e+00	2.692804e+02	3.697543e+02
1.424305e+00	1.303493e+00	6.479689e+02	1.388879e+03
1.471574e+00	1.262386e+00	9.021461e+02	9.996519e+01
1.472733e+00	1.261234e+00	2.502372e+01	5.161845e+02
1.492522e+00	1.245314e+00	6.740860e+02	3.300446e+02
1.526583e+00	1.218411e+00	2.503412e+02	3.222227e+01
1.675863e+00	1.116188e+00	2.336879e+02	6.617626e+02
1.526119e+00	1.218765e+00	5.648515e+02	4.316447e+02
1.394573e+00	1.330547e+00	2.813269e+02	3.638014e+02
1.560932e+00	1.193120e+00	1.320130e+03	1.286461e+02
1.409842e+00	1.316146e+00	1.825391e+02	3.173588e+02
1.432064e+00	1.296173e+00	2.118204e+02	1.831446e+01
1.543061e+00	1.206011e+00	9.687257e+01	1.647997e+01
1.508333e+00	1.232509e+00	2.733060e+01	3.340620e+02
1.450400e+00	1.280413e+00	8.709340e+02	4.437813e+02
1.371882e+00	1.352420e+00	3.180823e+02	1.969355e+02
1.517453e+00	1.225410e+00	5.448725e+01	5.703002e+02
1.615521e+00	1.154863e+00	9.837237e+01	3.994138e+02
1.566237e+00	1.189356e+00	1.470582e+01	3.010298e+03
1.413142e+00	1.313410e+00	1.067695e+03	4.529130e+02
1.495694e+00	1.242876e+00	6.297414e+02	1.446841e+03
1.656534e+00	1.128462e+00	2.995045e+02	2.535781e+02
1.593485e+00	1.170111e+00	4.440809e+02	1.037355e+03
1.366341e+00	1.358015e+00	1.016039e+03	2.306653e+02
1.532767e+00	1.213885e+00	9.553134e+01	1.444458e+03
1.382309e+00	1.342569e+00	9.965399e+02	5.997916e+02
1.439063e+00	1.290100e+00	3.175569e+02	2.512478e+02
1.395419e+00	1.330142e+00	7.512228e+02	1.333967e+03
1.390066e+00	1.334962e+00	4.855204e+02	1.060485e+03
1.542945e+00	1.206007e+00	2.081106e+02	1.929668e+02
1.536370e+00	1.210910e+00	1.959605e+02	3.125978e+02
1.425625e+00	1.301973e+00	3.043920e+02	1.163089e+01
1.393286e+00	1.331950e+00	1.312404e+03	1.714937e+02
1.486155e+00	1.250121e+00	5.661093e+01	1.499128e+03
1.471992e+00	1.261922e+00	4.991839e+01	5.403238e+02
1.503797e+00	1.236608e+00	1.241912e+03	3.160932e+02
1.464989e+00	1.267937e+00	4.680302e+02	7.315482e+02
1.524491e+00	1.220023e+00	1.268114e+02	5.143042e+02
1.467604e+00	1.265813e+00	2.145129e+02	1.253252e+03
1.501198e+00	1.238028e+00	6.739172e+01	2.093971e+02
1.373958e+00	1.350346e+00	1.687823e+02	4.593492e+02
1.443903e+00	1.285854e+00	2.958687e+02	1.052596e+03
1.371613e+00	1.352799e+00	1.515653e+02	1.050993e+03
1.363020e+00	1.360962e+00	1.360503e+02	2.616366e+02
1.526445e+00	1.218609e+00	2.571706e+02	6.957852e+02
1.508354e+00	1.232376e+00	1.201535e+02	1.846357e+02
1.390849e+00	1.334170e+00	1.027124e+03	2.685755e+02
1.672411e+00	1.118234e+00	3.971477e+01	1.912071e+02
1.639431e+00	1.139231e+00	2.127266e+02	6.633186e+02
1.416978e+00	1.309813e+00	1.689321e+03	1.921140e+02
1.569204e+00	1.187191e+00	4.988498e+02	2.703205e+02
1.397306e+00	1.327909e+00	1.309020e+02	7.399119e+02
1.530633e+00	1.215354e+00	1.458130e+01	6.670317e+02
1.445385e+00	1.284729e+00	8.985275e+01	1.508017e+03
1.628815e+00	1.146322e+00	1.255356e+02	7.135039e+02
1.530515e+00	1.215407e+00	5.905786e+01	4.919595e+02
1.458960e+00	1.272749e+00	3.443199e+01	5.211434e+02
1.520816e+00	1.222973e+00	6.406443e+01	1.320475e+03
1.494572e+00	1.243366e+00	4.317126e+01	4.960200e+02
1.481659e+00	1.253870e+00	3.023327e+02	1.358345e+02
1.439677e+00	1.289519e+00	5.932447e+01	1.593802e+03
1.539021e+00	1.209070e+00	3.616774e+02	9.859835e+02
1.422724e+00	1.304752e+00	5.632165e+02	1.933104e+02
1.370537e+00	1.353775e+00	3.444225e+02	9.039677e+02
1.435420e+00	1.293361e+00	1.255964e+02	1.281045e+03
1.374664e+00	1.349995e+00	1.217176e+03	4.855868e+02
1.449844e+00	1.280657e+00	7.745700e+01	1.075703e+03
1.377650e+00	1.346724e+00	3.110389e+02	7.308390e+01
1.548947e+00	1.201533e+00	5.449932e+01	2.086729e+02
1.519969e+00	1.223658e+00	3.551317e+02	1.541688e+03
1.409382e+00	1.316675e+00	3.215210e+02	2.354468e+02
1.514890e+00	1.227779e+00	7.799853e+02	6.515300e+02
1.573514e+00	1.184046e+00	6.653636e+02	3.099072e+02
1.481416e+00	1.254164e+00	4.390259e+02	1.275327e+03
1.509207e+00	1.231856e+00	1.888812e+02	1.739967e+02
1.410256e+00	1.315745e+00	6.245769e+02	2.304962e+02
1.492094e+00	1.245735e+00	7.307975e+02	1.395086e+02
1.414881e+00	1.311907e+00	2.262864e+02	1.499044e+03
1.545443e+00	1.204446e+00	6.943283e+02	4.887140e+02
1.417012e+00	1.309793e+00	2.191051e+02	1.320451e+03
1.435599e+00	1.293257e+00	1.250584e+03	1.679771e+03
1.517811e+00	1.225036e+00	1.554406e+02	3.028060e+02
1.426466e+00	1.301372e+00	1.335946e+03	1.695366e+02
1.524150e+00	1.220231e+00	2.752156e+02	6.538857e+02
1.428388e+00	1.299508e+00	9.240618e+02	1.355106e+02
1.629027e+00	1.146072e+00	2.426493e+02	1.015203e+03
1.619397e+00	1.152347e+00	1.651571e+02	3.903224e+02
1.397351e+00	1.327893e+00	3.121655e+02	5.644505e+02
1.597276e+00	1.167412e+00	5.801950e+02	8.600150e+01
1.406362e+00	1.319412e+00	8.585942e+01	1.175430e+03
1.480290e+00	1.255210e+00	8.118752e+02	2.954978e+01
1.476804e+00	1.258026e+00	9.105363e-02	5.221601e+02
1.453849e+00	1.277320e+00	2.751906e+02	7.198742e+02
1.614322e+00	1.155789e+00	3.187637e+02	6.646309e+01
1.490341e+00	1.246965e+00	2.880494e+02	1.142435e+03
1.532277e+00	1.214134e+00	8.583441e+01	2.812146e+02
1.414280e+00	1.312321e+00	4.784658e+02	6.411692e+01
1.452633e+00	1.278407e+00	2.331738e+02	3.715434e+02
1.619880e+00	1.151997e+00	1.087268e+02	1.932183e+02
1.508791e+00	1.232145e+00	1.278442e+02	6.550827e+02
1.390662e+00	1.334201e+00	7.003821e+02	1.753729e+02
1.374204e+00	1.350582e+00	5.157677e+02	1.230292e+03
1.489415e+00	1.247740e+00	2.822059e+02	1.444658e+03
1.478078e+00	1.256875e+00	5.261844e+01	4.033636e+02
1.540311e+00	1.208042e+00	8.486594e+01	7.574432e+01
1.466758e+00	1.266230e+00	1.086408e+02	2.861097e+02
1.645940e+00	1.134939e+00	1.986533e+01	4.683527e+02
1.452893e+00	1.278020e+00	2.566442e+02	9.288456e+02
1.546474e+00	1.203555e+00	2.328482e+02	1.090503e+03
1.558779e+00	1.194592e+00	2.024466e+02	2.085118e+03
1.370692e+00	1.353635e+00	8.061675e+01	9.221693e+02
1.465451e+00	1.267358e+00	3.230821e+02	7.333593e+02
1.375198e+00	1.349230e+00	1.596211e+02	9.598066e+02
1.608898e+00	1.159209e+00	1.702245e+02	2.363601e+01
1.410387e+00	1.316073e+00	1.081153e+03	5.311681e+01
1.388753e+00	1.336228e+00	7.136600e+02	5.601480e+02
1.505985e+00	1.234304e+00	4.682575e+01	3.233972e+02
1.416940e+00	1.309738e+00	1.750130e+02	3.375154e+02
1.468026e+00	1.265367e+00	1.073129e+03	6.025806e+01
1.461160e+00	1.271081e+00	8.388811e+02	4.054120e+02
1.488133e+00	1.248678e+00	3.499687e+02	1.511655e+02
1.556195e+00	1.196335e+00	2.200673e+02	2.104599e+02
1.661034e+00	1.125513e+00	2.588866e+02	3.445949e+00
1.537058e+00	1.210391e+00	3.149352e+02	2.595427e+02
1.455983e+00	1.275392e+00	2.265984e+02	1.990958e+02
1.507105e+00	1.233635e+00	1.925076e+02	3.985166e+02
1.508972e+00	1.232067e+00	2.343688e+02	4.191978e+01
1.530645e+00	1.215649e+00	9.382979e+01	2.120666e+03
1.529634e+00	1.216128e+00	1.148722e+02	5.478649e+02
1.487990e+00	1.248771e+00	2.862343e+02	2.632526e+02
1.595214e+00	1.168840e+00	1.335933e+01	5.542011e+02
1.418577e+00	1.308369e+00	2.576045e+02	6.188388e+02
1.512401e+00	1.229420e+00	1.096862e+02	6.306747e+02
1.553101e+00	1.198782e+00	5.936947e+02	4.425769e+02
1.384109e+00	1.340575e+00	3.488911e+02	2.739495e+02
1.452038e+00	1.279043e+00	5.410391e+02	6.217516e+02
1.382962e+00	1.341711e+00	1.228494e+02	2.823101e+02
1.406449e+00	1.319326e+00	6.603197e+00	1.523814e+02
1.547861e+00	1.202574e+00	4.462478e+01	6.341324e+02
1.539901e+00	1.208533e+00	6.548174e+02	5.490449e+02
1.388328e+00	1.336454e+00	1.456151e+02	8.640394e+02
1.556203e+00	1.196583e+00	6.801954e+02	8.348818e+02
1.482579e+00	1.253537e+00	1.356401e+03	3.483540e+02
1.366401e+00	1.357994e+00	4.681366e+02	7.748150e+02
1.418423e+00	1.308561e+00	1.026899e+03	9.671685e+02
1.380188e+00	1.344185e+00	8.207513e+02	3.904960e+02
1.467020e+00	1.266022e+00	5.986174e+02	5.666454e+02
1.391725e+00	1.333504e+00	8.475166e+02	8.134977e+02
1.499413e+00	1.239949e+00	1.105482e+03	4.462147e+02
1.374944e+00	1.349266e+00	7.865207e+02	3.950477e+00
1.507501e+00	1.233218e+00	1.807577e+02	1.002034e+03
1.455823e+00	1.275459e+00	3.161773e+01	4.672913e+02
1.484213e+00	1.251852e+00	4.064066e+02	2.286206e+02
1.372009e+00	1.352049e+00	1.549931e+02	2.849249e+02
1.605921e+00	1.161601e+00	6.451622e+01	1.048810e+03
1.413675e+00	1.312718e+00	4.170760e+02	1.891630e+02
1.488399e+00	1.248659e+00	1.342368e+01	1.736390e+03
1.371568e+00	1.352798e+00	3.654387e+02	7.511327e+02
1.634757e+00	1.142401e+00	1.602101e+02	8.039194e+02
1.545296e+00	1.204600e+00	3.862239e+01	1.552588e+03
1.567835e+00	1.187913e+00	2.188345e+02	3.805304e+02
1.381511e+00	1.343152e+00	3.406764e+00	9.887190e+02
1.566195e+00	1.189067e+00	2.456622e+02	7.568749e+01
1.429586e+00	1.298312e+00	3.526691e+02	9.872351e+01
1.465995e+00	1.266767e+00	2.594230e+02	2.102588e+01
1.484956e+00	1.251252e+00	9.638847e+00	5.144505e+02
1.402813e+00	1.322875e+00	7.880788e+02	2.599518e+02
1.502802e+00	1.236937e+00	1.237103e+02	5.150197e+02
1.552855e+00	1.198815e+00	2.007723e+02	1.685610e+03
1.369559e+00	1.354696e+00	1.608022e+02	5.032193e+02
1.383563e+00	1.341205e+00	6.020926e+02	9.156168e+02
1.385197e+00	1.339800e+00	2.339450e+02	1.239088e+03
1.631022e+00	1.144643e+00	4.896251e+01	7.197375e+02
1.697597e+00	1.103252e+00	9.595171e+01	1.848200e+02
1.427418e+00	1.300799e+00	8.335472e+02	1.699700e+03
1.373237e+00	1.351063e+00	2.872958e+02	3.463236e+02
1.438898e+00	1.290349e+00	7.562072e+02	5.296384e+02
1.488381e+00	1.248440e+00	5.204171e+01	4.469089e+02
1.665664e+00	1.122729e+00	1.354666e+02	2.852141e+02
1.415935e+00	1.310642e+00	4.120625e+02	5.249907e+02
1.510271e+00	1.231035e+00	6.583611e+02	2.727381e+02
1.482680e+00	1.253060e+00	1.807760e+02	3.804194e+02
1.570291e+00	1.186450e+00	3.291040e+02	1.745969e+03
1.376965e+00	1.347162e+00	8.191072e+02	1.469617e+02
1.466147e+00	1.266688e+00	6.619704e+02	8.587548e+02
1.379591e+00	1.344905e+00	9.902907e+02	5.180193e+02
1.635717e+00	1.141613e+00	4.026462e+01	9.164558e+02
1.461469e+00	1.270782e+00	1.480444e+02	1.280642e+03
1.446731e+00	1.283642e+00	9.930980e+01	8.067386e+02
1.388988e+00	1.336113e+00	1.010956e+03	1.162158e+02
1.464422e+00	1.268278e+00	3.041588e+02	1.427372e+01
1.471255e+00	1.262449e+00	1.160247e+02	2.355719e+02
1.480516e+00	1.254996e+00	6.297971e+02	6.948785e+02
1.371969e+00	1.352257e+00	3.529511e+02	6.989011e+01
1.511347e+00	1.230306e+00	4.602260e+02	6.448341e+02
1.557122e+00	1.196002e+00	1.083967e+03	3.807082e+02
1.577816e+00	1.180916e+00	2.033812e+02	2.722132e+02
1.426949e+00	1.300683e+00	1.560403e+02	7.470521e+02
1.508523e+00	1.232341e+00	2.297453e+02	7.293516e+01
1.478161e+00	1.256938e+00	2.226131e+02	6.470968e+02
1.504884e+00	1.235378e+00	6.137455e+02	5.597496e+02
1.448442e+00	1.282009e+00	3.478888e+02	6.355806e+02
1.479626e+00	1.255539e+00	1.343583e+02	2.563565e+02
1.449647e+00	1.280789e+00	6.514701e+02	4.735202e+02
1.392069e+00	1.332818e+00	2.095351e+02	8.368294e+02
1.390080e+00	1.334692e+00	5.018904e+02	5.555011e+02
1.422917e+00	1.304560e+00	8.538612e+02	9.735982e+02
1.428340e+00	1.299286e+00	5.102626e+01	3.057894e+02
1.572303e+00	1.184991e+00	3.853864e+02	4.820307e+01
1.539102e+00	1.209151e+00	2.913968e+02	3.071254e+02
1.368878e+00	1.355521e+00	1.060577e+03	5.936176e+02
1.505504e+00	1.235042e+00	1.158757e+03	2.838986e+02
1.531510e+00	1.214643e+00	1.503379e+02	4.363593e+02
1.473115e+00	1.261116e+00	2.321471e+02	4.032920e+02
1.389005e+00	1.335918e+00	6.682334e+02	6.430443e+02
1.374527e+00	1.349680e+00	3.120218e+02	5.391632e+00
1.391046e+00	1.333974e+00	3.422869e+02	1.798325e+02
1.455556e+00	1.275766e+00	4.072480e+02	2.180054e+00
1.557564e+00	1.195441e+00	3.651763e+02	1.098535e+02
1.437884e+00	1.291106e+00	5.815984e+02	2.236734e+02
1.526201e+00	1.218729e+00	2.071776e+02	2.233031e+02
1.566747e+00	1.188949e+00	4.477765e+02	4.491992e+02
1.555723e+00	1.196447e+00	1.725051e+02	8.377379e+01
1.531488e+00	1.214673e+00	6.912399e+01	3.187016e+02
1.368263e+00	1.355792e+00	5.146221e+01	6.635002e+02
1.719460e+00	1.090296e+00	1.272643e+01	1.497192e+03
1.491236e+00	1.246159e+00	2.383654e+02	1.863081e+02
1.605019e+00	1.162035e+00	1.443262e+01	7.561258e+02
1.417369e+00	1.309288e+00	2.597391e+02	7.745049e+01
1.387189e+00	1.337636e+00	2.175180e+02	1.206444e+03
1.469587e+00	1.264148e+00	1.158946e+03	5.879555e+02
1.609277e+00	1.159316e+00	5.981106e+01	6.324667e+02
1.545575e+00	1.204060e+00	1.528704e+02	6.863701e+01
1.591569e+00	1.171399e+00	3.542053e+01	8.569383e+02
1.582393e+00	1.177815e+00	6.334573e+00	1.965786e+03
1.422003e+00	1.305131e+00	1.331693e+02	4.904557e+02
1.478466e+00	1.256717e+00	8.372314e+02	5.430801e+01
1.505276e+00	1.235035e+00	8.833851e+01	5.147463e+02
1.498204e+00	1.240500e+00	5.788682e+01	2.614745e+02
1.486553e+00	1.250115e+00	2.994096e+02	7.820816e+02
1.559785e+00	1.193977e+00	1.106634e+03	1.423728e+03
1.570738e+00	1.185720e+00	1.921291e+02	1.465705e+02
1.543357e+00	1.205806e+00	5.913607e+02	1.104242e+03
1.375771e+00	1.348601e+00	3.546798e+02	5.903412e+02
1.439763e+00	1.289522e+00	6.794058e+01	2.828541e+03
1.505095e+00	1.235123e+00	7.621014e+01	5.819135e+02
1.498498e+00	1.240478e+00	3.911813e+01	1.879377e+03
1.440612e+00	1.288662e+00	3.966749e+02	4.931327e+02
1.388209e+00	1.336606e+00	1.216360e+03	7.873016e+01
1.371957e+00	1.352458e+00	4.432249e+02	4.624273e+02
1.549425e+00	1.201415e+00	2.357252e+02	1.249685e+03
1.443025e+00	1.286944e+00	4.021162e+02	9.147190e+02
1.370834e+00	1.353256e+00	2.640844e+02	5.757632e+01
1.409646e+00	1.316337e+00	2.754194e+02	1.021527e+02
1.473566e+00	1.261117e+00	7.081614e+02	1.130983e+03
1.526961e+00	1.218179e+00	5.575737e+02	4.517759e+01
1.479742e+00	1.255853e+00	4.981242e+02	7.205916e+02
1.488828e+00	1.248202e+00	2.643672e+02	2.562222e+02
1.519817e+00	1.223513e+00	4.833071e+02	2.718856e+02
1.568868e+00	1.187188e+00	1.105036e+01	6.783137e+02
1.582778e+00	1.177382e+00	3.986959e+01	4.859974e+02
1.566324e+00	1.188992e+00	4.296424e+01	2.888650e+02
1.531454e+00	1.214744e+00	1.434530e+01	1.252518e+03
1.495973e+00	1.242304e+00	6.841109e+02	3.082317e+02
1.483721e+00	1.252176e+00	3.982703e+01	2.228900e+02
1.450663e+00	1.279889e+00	1.431694e+02	2.304097e+02
1.469486e+00	1.264037e+00	2.823604e+02	2.751000e+02
1.426863e+00	1.300914e+00	2.899729e+02	1.958714e+02
1.412112e+00	1.314239e+00	6.003308e+02	6.107095e+02
1.474735e+00	1.259609e+00	1.938262e+02	2.553059e+02
1.411797e+00	1.314567e+00	4.417264e+02	4.209387e+02
1.572476e+00	1.184780e+00	1.950311e+02	1.141778e+03
1.510102e+00	1.231380e+00	8.006388e+02	5.623447e+02
1.508878e+00	1.231921e+00	3.363097e+01	4.280094e+02
1.466698e+00	1.266507e+00	7.563519e+02	7.230791e+02
1.646191e+00	1.135119e+00	3.493441e+02	1.964914e+02
1.394270e+00	1.330743e+00	2.517035e+02	9.145179e+01
1.663887e+00	1.123756e+00	8.769400e+01	5.666039e+01
1.466595e+00	1.266540e+00	1.919108e+02	2.832834e+02
1.441221e+00	1.288194e+00	4.837427e+02	1.802698e+02
1.562471e+00	1.192111e+00	1.302750e+03	1.740229e+03
1.673146e+00	1.117975e+00	5.365910e+02	1.356029e+02
1.529197e+00	1.216412e+00	1.237360e+02	5.574434e+02
1.585803e+00	1.175392e+00	8.437546e+02	5.302671e+02
1.393825e+00	1.331106e+00	2.877167e+02	2.669818e+02
1.391919e+00	1.333084e+00	1.516752e+02	4.647914e+02
1.504231e+00	1.236141e+00	3.175113e+02	9.588079e+02
1.387818e+00	1.337070e+00	9.870427e+02	2.508998e+02
1.476363e+00	1.258383e+00	7.156165e+02	7.368805e+02
1.574843e+00	1.183045e+00	1.934169e+01	1.066702e+03
1.456893e+00	1.274675e+00	2.691096e+02	2.767690e+02
1.374764e+00	1.349977e+00	6.799249e+01	1.616753e+03
1.631224e+00	1.144900e+00	3.360172e+02	1.332011e+03
1.473170e+00	1.261031e+00	1.218787e+02	1.493141e+03
1.631065e+00	1.144841e+00	5.639746e+01	7.553924e+02
1.542673e+00	1.206442e+00	2.781162e+02	1.037007e+03
1.549870e+00	1.201078e+00	1.072695e+02	1.682528e+03
1.362351e+00	1.361995e+00	4.733286e+02	9.153224e+02
1.407039e+00	1.318889e+00	6.231391e+02	3.156206e+01
1.550628e+00	1.200530e+00	5.907406e+02	1.387741e+02
1.430376e+00	1.297755e+00	2.689269e+02	2.911019e+01
1.392628e+00	1.332722e+00	1.195028e+03	9.702681e+01
1.607230e+00	1.160519e+00	5.217467e+02	5.659801e+02
1.456957e+00	1.274491e+00	3.954550e+02	2.596504e+02
1.466163e+00	1.267122e+00	5.921260e+02	1.903475e+03
1.578361e+00	1.180824e+00	2.101987e+01	2.975100e+03
1.504057e+00	1.235866e+00	2.386553e+02	1.185961e+02
1.446767e+00	1.283188e+00	3.007924e+02	1.855896e+02
1.408593e+00	1.317432e+00	8.804380e+01	4.508471e+02
1.533439e+00	1.213446e+00	7.317365e+02	3.724478e+02
1.428038e+00	1.299917e+00	7.734478e+02	2.281228e+02
1.407641e+00	1.318362e+00	5.633391e+02	7.500187e+02
1.515858e+00	1.226825e+00	2.648198e+02	1.428721e+03
1.384583e+00	1.339990e+00	2.791066e+01	6.826126e+02
1.443926e+00	1.285590e+00	7.181595e+01	3.473151e+02
1.586961e+00	1.174533e+00	1.829618e+02	1.310698e+02
1.365171e+00	1.359236e+00	2.996981e+02	1.392872e+03
1.503838e+00	1.236309e+00	4.480114e+01	2.706934e+03
1.610917e+00	1.158222e+00	1.363353e+02	4.965553e+02
1.378590e+00	1.345978e+00	1.581295e+02	5.471877e+02
1.432797e+00	1.295611e+00	2.689407e+02	2.377067e+02
1.499564e+00	1.239404e+00	1.602430e+02	8.517282e+02
1.409607e+00	1.316486e+00	1.050891e+01	5.883254e+02
1.537793e+00	1.209800e+00	3.115069e+01	3.484583e+02
1.645433e+00	1.135579e+00	8.737114e+02	1.331045e+02
1.482261e+00	1.253298e+00	1.639306e+02	9.199671e+02
1.448084e+00	1.282050e+00	7.044698e+01	4.756164e+02
1.522251e+00	1.221613e+00	9.584198e+01	3.702352e+02
1.603479e+00	1.163145e+00	4.757723e+02	3.965440e+02
1.363572e+00	1.360561e+00	1.181366e+02	1.005536e+03
1.390478e+00	1.334331e+00	1.335483e+02	2.724477e+02
1.558953e+00	1.194459e+00	4.068465e+02	2.160419e+01
1.405459e+00	1.320238e+00	6.567369e+01	6.833061e+02
1.500595e+00	1.238616e+00	4.806492e+02	3.436752e+02
1.572291e+00	1.184722e+00	1.075809e+02	2.180678e+02
1.496818e+00	1.241671e+00	4.308300e+02	6.704155e+01
1.493007e+00	1.244813e+00	7.736398e+02	4.013442e+02
1.373473e+00	1.351075e+00	8.336210e+02	3.240928e+02
1.528529e+00	1.216831e+00	4.915102e+01	3.620251e+02
1.441545e+00	1.287874e+00	8.107215e+02	3.672431e+02
1.622417e+00	1.150331e+00	1.430422e+02	4.081151e+02
1.374891e+00	1.349397e+00	3.319796e+02	2.620615e+02
1.410106e+00	1.316336e+00	1.492923e+02	1.508872e+03
1.575367e+00	1.182580e+00	3.397061e+02	1.900815e+02
1.390535e+00	1.334374e+00	1.227613e+03	3.102319e+02
1.466506e+00	1.266755e+00	8.440035e+02	5.227465e+02
1.398015e+00	1.327403e+00	1.875807e+02	7.499817e+02
1.437740e+00	1.291340e+00	3.704335e+02	1.053560e+03
1.442210e+00	1.287382e+00	4.338798e+02	8.015202e+02
1.503351e+00	1.236346e+00	3.188846e+02	7.190828e+02
1.419132e+00	1.308057e+00	1.179991e+03	5.689137e+02
1.526422e+00	1.218452e+00	2.414695e+02	3.851740e+01
1.405600e+00	1.320172e+00	3.338972e+02	3.774702e+02
1.388176e+00	1.336853e+00	8.274798e+02	6.470318e+02
1.417277e+00	1.309466e+00	2.336871e+02	7.516102e+02
1.572413e+00	1.184899e+00	5.059774e+02	1.063569e+03
1.499216e+00	1.239880e+00	2.228431e+02	2.951854e+02
1.444331e+00	1.285365e+00	2.057308e+02	3.784630e+01
1.407016e+00	1.318898e+00	2.622323e+02	9.369207e+01
1.408650e+00	1.317173e+00	3.765619e+01	3.619507e+02
1.454324e+00	1.277130e+00	6.737374e+02	1.630789e+03
1.504726e+00	1.235704e+00	1.045818e+03	4.936734e+02
1.447316e+00	1.283022e+00	3.918707e+02	7.738027e+02
1.593466e+00	1.170108e+00	2.900193e+02	4.178862e+02
1.369473e+00	1.355007e+00	1.599497e+02	9.434596e+02
1.455663e+00	1.275489e+00	3.453287e+02	1.276684e+03
1.520663e+00	1.223250e+00	1.932992e+02	1.474685e+03
1.390763e+00	1.334338e+00	2.989929e+02	1.034925e+03
1.427077e+00	1.300728e+00	1.083513e+02	2.897688e+02
1.539780e+00	1.208371e+00	1.989168e+01	6.981203e+02
1.642597e+00	1.137141e+00	2.682719e+02	8.794474e+02
1.634745e+00	1.142277e+00	4.110079e+00	5.359777e+02
1.430807e+00	1.297228e+00	2.477564e+02	1.791474e+02
1.538556e+00	1.209567e+00	8.280830e+01	1.465605e+03
1.528468e+00	1.216923e+00	9.993682e+01	2.860430e+02
1.455029e+00	1.276376e+00	7.363174e+02	7.259267e+02
1.554611e+00	1.197506e+00	6.479829e+01	3.521622e+02
1.469977e+00	1.263848e+00	5.655974e+02	9.742429e+00
1.484810e+00	1.251387e+00	7.410793e+02	4.434419e+02
1.460516e+00	1.271524e+00	4.783910e+01	7.196134e+02
1.455409e+00	1.275939e+00	4.479022e+02	4.255134e+02
1.577151e+00	1.181465e+00	2.703097e+02	1.224736e+03
1.496074e+00	1.242264e+00	2.724840e+02	1.141143e+02
1.383513e+00	1.341294e+00	1.162380e+03	2.291771e+02
1.471435e+00	1.262541e+00	1.794478e+02	8.448562e+02
1.453153e+00	1.277995e+00	3.013660e+02	1.873885e+03
1.396084e+00	1.329352e+00	5.434306e+01	1.820367e+03
1.558801e+00	1.194529e+00	2.765630e-01	5.966604e+02
1.419825e+00	1.307231e+00	2.244213e+02	3.263360e+02
1.603386e+00	1.163156e+00	3.350258e+02	6.648265e+02
1.412731e+00	1.313597e+00	1.393436e+02	3.408822e+02
1.508914e+00	1.232114e+00	1.867581e+02	8.316526e+01
1.520424e+00	1.223274e+00	1.741362e+02	2.639820e+02
1.510274e+00	1.231181e+00	5.912773e+02	2.805530e+02
1.515631e+00	1.226948e+00	1.363652e+02	1.104241e+03
1.505735e+00	1.234665e+00	2.886368e+02	2.292868e+02
1.576011e+00	1.182111e+00	2.009740e+02	5.774254e+02
1.506528e+00	1.234203e+00	4.622349e+02	1.000723e+03
1.409750e+00	1.316670e+00	2.711160e+02	1.027852e+03
1.551825e+00	1.199408e+00	1.672409e+02	3.886650e+02
1.363795e+00	1.360564e+00	3.437911e+02	9.770109e+02
1.669996e+00	1.120035e+00	1.608927e+02	6.293894e+02
1.472098e+00	1.261883e+00	1.507198e+02	1.003961e+03
1.366768e+00	1.357831e+00	4.068676e+02	6.267958e+02
1.490815e+00	1.246619e+00	3.537086e+02	3.165141e+02
1.366890e+00	1.357692e+00	1.658039e+03	1.129936e+02
1.488565e+00	1.248339e+00	1.178044e+02	5.139187e+02
1.486725e+00	1.249730e+00	2.096768e+02	5.662352e+01
1.589055e+00	1.172953e+00	7.177163e+01	6.056184e+02
1.604982e+00	1.162129e+00	1.659607e+02	4.712531e+02
1.474321e+00	1.259749e+00	2.498230e+02	2.544426e+02
1.453741e+00	1.277423e+00	3.492447e+02	9.406867e+02
1.381761e+00	1.342752e+00	4.116341e+02	1.010383e+02
1.491793e+00	1.245801e+00	6.032637e+02	1.144458e+02
1.400464e+00	1.325265e+00	5.179568e+02	6.729213e+02
1.402380e+00	1.323321e+00	2.502481e+02	9.956419e+02
1.421721e+00	1.305370e+00	3.376920e+01	4.690993e+02
1.363850e+00	1.360517e+00	5.304375e+02	9.376804e+02
1.549453e+00	1.201453e+00	5.641767e+02	1.013139e+03
1.443572e+00	1.286218e+00	2.439568e+02	1.897375e+02
1.366926e+00	1.357614e+00	9.445906e+01	1.972404e+03
1.645687e+00	1.135420e+00	1.627247e+02	6.936529e+02
1.514007e+00	1.228373e+00	2.379743e+02	7.134821e+02
1.390862e+00	1.334021e+00	1.884410e+02	6.394435e+00
1.550607e+00	1.200433e+00	6.211275e+01	4.562332e+02
1.424314e+00	1.303256e+00	9.334040e+02	3.138918e+02
1.412551e+00	1.313943e+00	1.402748e+03	3.349922e+02
1.519426e+00	1.223963e+00	3.436306e-03	5.705836e+02
1.512003e+00	1.229829e+00	4.116590e+02	1.414601e+03
1.381076e+00	1.343586e+00	9.159969e+02	1.496454e+02
1.417464e+00	1.309363e+00	1.224202e+02	9.818181e+02
1.512448e+00	1.229195e+00	3.389062e+01	6.303558e+02
1.658195e+00	1.127316e+00	3.023914e+02	9.423343e+00
1.490107e+00	1.247067e+00	2.316880e+02	9.070027e+01
1.407829e+00	1.318315e+00	1.269318e+03	2.409336e+02
1.566634e+00	1.188999e+00	7.851048e+02	6.265805e+02
1.561611e+00	1.192426e+00	4.753902e+02	2.720362e+02
1.531846e+00	1.214411e+00	2.536388e+02	2.647955e+02
1.571870e+00	1.185171e+00	3.003514e+02	9.522685e+02
1.527737e+00	1.217641e+00	1.885021e+02	2.416946e+02
1.526458e+00	1.218458e+00	1.822448e+02	2.609076e+02
1.451846e+00	1.278844e+00	2.851302e+02	7.442452e+02
1.368624e+00	1.355820e+00	6.694723e+02	4.442206e+02
1.580409e+00	1.179394e+00	3.573412e+02	1.065608e+03
1.482388e+00	1.253341e+00	1.193584e+02	1.828082e+02
1.456310e+00	1.275005e+00	1.568398e+02	3.349320e+02
1.486076e+00	1.250254e+00	2.355198e+02	6.472888e+01
1.505900e+00	1.234679e+00	5.106147e+02	4.071073e+02
1.372152e+00	1.352356e+00	4.160409e+02	2.637859e+02
1.424472e+00	1.303080e+00	3.065121e+00	1.482223e+03
1.419164e+00	1.308104e+00	1.193026e+03	1.248721e+03
1.367829e+00	1.356463e+00	5.191781e+02	4.970312e+02
1.415784e+00	1.311015e+00	9.798379e+01	1.060537e+03
1.613762e+00	1.156363e+00	5.890603e+02	2.441233e+00
1.373180e+00	1.351277e+00	1.699921e+02	9.761371e+02
1.414141e+00	1.312354e+00	5.120883e+01	2.438060e+02
1.579001e+00	1.180047e+00	6.926017e+00	4.716341e+02
1.559919e+00	1.193718e+00	2.560074e+02	2.191991e+02
1.582440e+00	1.177712e+00	4.428666e+01	8.087384e+02
1.587003e+00	1.174453e+00	5.219851e+02	2.557581e+02
1.597943e+00	1.167141e+00	7.108591e+02	1.566475e+01
1.487794e+00	1.248971e+00	3.038724e+01	1.534694e+03
1.483730e+00	1.252320e+00	1.004979e+02	9.813933e+02
1.477190e+00	1.257882e+00	1.395352e+03	2.944268e+01
1.433789e+00	1.294957e+00	7.639996e+02	1.662404e+03
1.564531e+00	1.190442e+00	5.344470e+02	9.331044e+01
1.429047e+00	1.298932e+00	4.037301e+02	4.225069e+02
1.468662e+00	1.264581e+00	1.121914e+02	1.080353e+02
1.426399e+00	1.301351e+00	8.240509e+02	4.258143e+02
1.410135e+00	1.315959e+00	6.633608e+02	1.027441e+03
1.572008e+00	1.185076e+00	1.110136e+02	3.003841e+02
1.482447e+00	1.253409e+00	2.398773e+02	8.866212e+02
1.641888e+00	1.137662e+00	8.615259e+01	6.390726e+02
1.381673e+00	1.342789e+00	2.718967e+02	3.037772e+02
1.439824e+00	1.289440e+00	2.426215e+02	4.929653e+02
1.643189e+00	1.136868e+00	8.456932e+01	1.058195e+03
1.404240e+00	1.321409e+00	6.229934e+02	7.076417e+02
1.513065e+00	1.228671e+00	1.270714e+02	2.661172e+02
1.381682e+00	1.342760e+00	3.891066e+02	3.402862e+02
1.503099e+00	1.236581e+00	1.989006e+02	1.086520e+02
1.511458e+00	1.230193e+00	2.840876e+02	6.342271e+02
1.737597e+00	1.080010e+00	8.231049e+01	5.263215e+02
1.612687e+00	1.157034e+00	5.869188e+02	1.787025e+03
1.363310e+00	1.360881e+00	1.388881e+02	9.311606e+02
1.492775e+00	1.245002e+00	8.087652e+02	2.788591e+02
1.589348e+00	1.172707e+00	3.409945e+02	1.972135e+01
1.415800e+00	1.311149e+00	1.490206e+03	1.923722e+02
1.480422e+00	1.254809e+00	2.589817e+02	2.299464e+02
1.539671e+00	1.208542e+00	1.779842e+02	2.399258e+01
1.478174e+00	1.256813e+00	4.796271e+01	3.142793e+02
1.402549e+00	1.323042e+00	6.141944e+01	3.792327e+02
1.400230e+00	1.325388e+00	6.109661e+02	4.085671e+02
1.549814e+00	1.201173e+00	7.225879e+02	1.176751e+02
1.442589e+00	1.286908e+00	4.231551e+01	5.896133e+02
1.478787e+00	1.256354e+00	1.298468e+02	8.640536e+02
1.544674e+00	1.204779e+00	3.539618e+02	7.534478e+02
1.523090e+00	1.221144e+00	6.722715e+02	3.166311e+02
1.564184e+00	1.190695e+00	1.391928e+02	4.775781e+02
1.580037e+00	1.179402e+00	2.697253e+01	7.061983e+02
1.438123e+00	1.291042e+00	6.264104e+02	1.349313e+03
1.439931e+00	1.289127e+00	1.175151e+02	3.738735e+02
1.528666e+00	1.217136e+00	2.841219e+02	8.408066e+02
1.432977e+00	1.295581e+00	2.727739e+02	1.022978e+03
1.579758e+00	1.179503e+00	6.321622e+01	3.291822e+02
1.659237e+00	1.126669e+00	4.167450e+01	5.840803e+02
1.455731e+00	1.276049e+00	5.117610e+02	1.534316e+03
1.447477e+00	1.282683e+00	4.237633e+02	4.116217e+01
1.405362e+00	1.320722e+00	8.264377e+02	3.373863e+02
1.442819e+00	1.286640e+00	2.082861e+02	9.978518e+02
1.600153e+00	1.165461e+00	1.531581e+02	4.003486e+02
1.462949e+00	1.269662e+00	1.780720e+02	1.635218e+03
1.476956e+00	1.257970e+00	4.802439e+02	9.628109e+02
1.570920e+00	1.185744e+00	9.256533e+01	3.703019e+02
1.590069e+00	1.172465e+00	2.288054e+02	1.341219e+03
1.436467e+00	1.292356e+00	1.581819e+02	6.153836e+02
1.456784e+00	1.274536e+00	1.945068e+02	3.377891e+01
1.407040e+00	1.319015e+00	5.605292e+02	1.614454e+03
1.392918e+00	1.332153e+00	9.552440e+01	5.779180e+02
1.498869e+00	1.239983e+00	8.877947e+01	3.950616e+02
1.466097e+00	1.267112e+00	1.035411e+02	1.954922e+03
1.390338e+00	1.334723e+00	2.421225e+02	7.706335e+02
1.415635e+00	1.311028e+00	4.068373e+02	6.715943e+02
1.499290e+00	1.239773e+00	1.012695e+02	7.287989e+02
1.634890e+00	1.142276e+00	2.684080e+02	6.293759e+01
1.562001e+00	1.192322e+00	6.410492e+01	1.622913e+03
1.445702e+00	1.284348e+00	1.938140e+02	5.185553e+02
1.505252e+00	1.235256e+00	7.297969e+02	2.500071e+02
1.442963e+00	1.286755e+00	2.008913e+02	5.381522e+02
1.510119e+00	1.231154e+00	3.740631e+02	1.601588e+02
1.533838e+00	1.212977e+00	3.255762e+02	1.611804e+03
1.449005e+00	1.281310e+00	2.313569e+02	9.820857e+01
1.445423e+00	1.284457e+00	1.057903e+02	5.958835e+02
1.391919e+00	1.333071e+00	4.381771e+02	1.948709e+02
1.632752e+00	1.143783e+00	8.705537e+02	1.953701e+02
1.445136e+00	1.284907e+00	7.146898e+02	3.313644e+02
1.368717e+00	1.355690e+00	2.150921e+03	3.943094e+02
1.392900e+00	1.332315e+00	7.085791e+02	4.831860e+02
1.517524e+00	1.225603e+00	5.606447e+02	1.342841e+03
1.378124e+00	1.346486e+00	8.266937e+02	2.881763e+02
1.680277e+00	1.113530e+00	3.116060e+02	5.420606e+02
1.558383e+00	1.194843e+00	1.028840e+02	5.612987e+02
1.451002e+00	1.279924e+00	6.925195e+02	5.827725e+02
1.378257e+00	1.346441e+00	8.428437e+02	9.788997e+02
1.498931e+00	1.240171e+00	1.837959e+02	1.127137e+03
1.417679e+00	1.309485e+00	7.063241e+02	1.542907e+03
1.407778e+00	1.318279e+00	1.980255e+01	1.231380e+03
1.441178e+00	1.288108e+00	1.032121e+02	4.656987e+02
1.512455e+00	1.229343e+00	1.502287e+02	1.146204e+03
1.419628e+00	1.307393e+00	2.021517e+02	1.489571e+02
1.567313e+00	1.188332e+00	2.049537e+02	2.627321e+02
1.571664e+00	1.185161e+00	1.117410e+02	5.549613e+02
1.394657e+00	1.330539e+00	1.735725e+03	4.407413e+02
1.367694e+00	1.356255e+00	1.608176e+02	1.509401e+02
1.427950e+00	1.299744e+00	3.471797e+02	1.522496e+02
1.533635e+00	1.212880e+00	1.201887e+02	3.136448e+02
1.531025e+00	1.215067e+00	2.484594e+02	1.441881e+03
1.608800e+00	1.159509e+00	5.151952e+02	1.105972e+01
1.430866e+00	1.297422e+00	5.808316e+02	8.478035e+02
1.550880e+00	1.200226e+00	7.721877e+01	6.025072e+02
1.387378e+00	1.337706e+00	5.204863e+02	8.465873e+02
1.498118e+00	1.240452e+00	1.527233e+02	1.295825e+02
1.393424e+00	1.331574e+00	2.654797e+02	1.584512e+02
1.433617e+00	1.294714e+00	1.849147e+02	2.638943e+02
1.539274e+00	1.208863e+00	9.267314e+00	5.726343e+02
1.447582e+00	1.282454e+00	1.973861e+01	4.316112e+02
1.406430e+00	1.319536e+00	2.684417e+02	4.917445e+02
1.430369e+00	1.297849e+00	1.261435e+02	1.086567e+03
1.479724e+00	1.255639e+00	3.926338e+02	6.626055e+01
1.426485e+00	1.301206e+00	3.773517e+02	9.662343e+02
1.566590e+00	1.188915e+00	4.123964e+01	3.388691e+02
1.406984e+00	1.319001e+00	3.106373e+02	9.243639e+02
1.612223e+00	1.157085e+00	3.982185e+02	1.463510e+02
1.381487e+00	1.343166e+00	1.790071e+02	1.409728e+03
1.536921e+00	1.210622e+00	3.640753e+02	8.361734e+01
1.443812e+00	1.285899e+00	4.831425e+02	1.004505e+02
1.535979e+00	1.211403e+00	3.302249e+02	1.046939e+02
1.387384e+00	1.337486e+00	3.166231e+02	4.351000e+02
1.444789e+00	1.285069e+00	4.917408e+02	1.657175e+02
1.459855e+00	1.272051e+00	5.114145e+02	4.649357e+02
1.440667e+00	1.288757e+00	7.113128e+02	1.724250e+03
1.468862e+00	1.264562e+00	8.896107e+02	1.618328e+03
1.578918e+00	1.180133e+00	2.169612e+02	2.268048e+02
1.377316e+00	1.347305e+00	5.390755e+02	1.318932e+03
1.383507e+00	1.341206e+00	1.081536e+03	4.733685e+02
1.485559e+00	1.250659e+00	2.600977e+01	4.852561e+02
1.517764e+00	1.225240e+00	3.029856e+02	3.869492e+01
1.427846e+00	1.300030e+00	9.665703e+01	1.679720e+03
1.457048e+00	1.274321e+00	1.608639e+02	1.192292e+02
1.591921e+00	1.170996e+00	9.204241e+01	6.710604e+02
1.556393e+00	1.196485e+00	5.630698e+01	1.467226e+03
1.586989e+00	1.174442e+00	1.472670e+02	3.694140e+01
1.502173e+00	1.237297e+00	2.120009e+02	6.601255e+01
1.389800e+00	1.335180e+00	4.395814e+02	2.569952e+02
1.555018e+00	1.197220e+00	4.521912e+02	4.366246e+02
1.475556e+00	1.258997e+00	1.133247e+02	4.217118e+02
1.658846e+00	1.126830e+00	1.126343e+02	4.835700e+02
1.456838e+00	1.274592e+00	6.527558e+02	4.283052e+02
1.364992e+00	1.359425e+00	7.127205e+02	7.063999e+02
1.401408e+00	1.324270e+00	3.328395e+02	3.806380e+02
1.441768e+00	1.287788e+00	2.353508e+02	6.487799e+02
1.616835e+00	1.154349e+00	3.850951e+01	1.795062e+03
1.643244e+00	1.136947e+00	1.649004e+02	1.484219e+03
1.574495e+00	1.183266e+00	1.258422e+02	4.419288e+02
1.496861e+00	1.241811e+00	1.895076e+02	1.280294e+03
1.409986e+00	1.316395e+00	6.969419e+02	1.097674e+03
1.459087e+00	1.272777e+00	8.755576e+02	1.354957e+02
1.491195e+00	1.246405e+00	7.423143e+02	4.771228e+02
1.520414e+00	1.223368e+00	6.750506e+02	1.565843e+02
1.457598e+00	1.274018e+00	1.291900e+02	1.979431e+02
1.440478e+00	1.288738e+00	7.013059e+02	1.074322e+02
1.451034e+00	1.279736e+00	1.450909e+02	1.776710e+03
1.417303e+00	1.309618e+00	2.921532e+02	5.055484e+02
1.440095e+00	1.289388e+00	3.900959e+02	1.563660e+03
1.419911e+00	1.307162e+00	2.147243e+02	1.575023e+03
1.374916e+00	1.349277e+00	5.022331e+02	3.627763e+02
1.503040e+00	1.236536e+00	2.113076e+02	1.147162e+02
1.636625e+00	1.141036e+00	3.131859e+01	6.313545e+02
1.443181e+00	1.286422e+00	1.611483e+02	1.438989e+02
1.568809e+00	1.187153e+00	3.990239e+01	3.458892e+02
1.472491e+00	1.261550e+00	8.776004e+01	4.785892e+02
1.435665e+00	1.293091e+00	5.845975e+02	5.951005e+02
1.504397e+00	1.235856e+00	6.144016e+01	7.883646e+02
1.559554e+00	1.193806e+00	1.389011e+02	1.430776e+02
1.387920e+00	1.337015e+00	3.699498e+02	1.330649e+03
1.365635e+00	1.358775e+00	4.709761e+02	5.209518e+02
1.369794e+00	1.354434e+00	3.594775e+01	1.150343e+03
1.444759e+00	1.284945e+00	5.478334e+02	4.435816e+02
1.462730e+00	1.269524e+00	1.597412e+02	7.272725e+01
1.448496e+00	1.281899e+00	4.623782e+02	5.544946e+02
1.374783e+00	1.349551e+00	4.212207e+02	3.480118e+01
1.488896e+00	1.247909e+00	7.746262e+01	4.459385e+02
1.392537e+00	1.332599e+00	6.030151e+02	5.858467e+01
1.393507e+00	1.331667e+00	9.331715e+02	6.283568e+02
1.480715e+00	1.254720e+00	2.771757e+02	8.802932e+01
1.446244e+00	1.283797e+00	2.457392e+02	6.481974e+01
1.400760e+00	1.324808e+00	1.071603e+02	9.948336e+02
1.556574e+00	1.196087e+00	2.403258e+02	1.156609e+03
1.424333e+00	1.303145e+00	3.668807e+02	1.951963e+02
1.425497e+00	1.302167e+00	5.437803e+02	8.178200e+02
1.363559e+00	1.360624e+00	2.855252e+02	1.058308e+03
1.477160e+00	1.258001e+00	7.439217e+02	1.323284e+03
1.377243e+00	1.347047e+00	5.371143e+02	1.829373e+02
1.379443e+00	1.344917e+00	1.366823e+01	4.289547e+02
1.555765e+00	1.196858e+00	3.650704e+02	2.072336e+01
1.446731e+00	1.283368e+00	2.039577e+02	1.233894e+03
1.441341e+00	1.288077e+00	2.128864e+02	1.199022e+03
1.496298e+00	1.242285e+00	3.044977e+02	3.731615e+02
1.422075e+00	1.305347e+00	6.676179e+02	7.020966e+02
1.426792e+00	1.301054e+00	2.108907e+02	1.056415e+03
1.665701e+00	1.122588e+00	2.283927e+01	6.784832e+02
1.484464e+00	1.251710e+00	6.321209e+02	5.139376e+02
1.507256e+00	1.233259e+00	2.894188e+02	6.331547e+01
1.490573e+00	1.246932e+00	7.134168e+02	4.400512e+02
1.462553e+00	1.270013e+00	1.165269e+03	1.923429e+02
1.630824e+00	1.144781e+00	2.244618e+01	3.795199e+02
1.441006e+00	1.288505e+00	7.954804e+01	1.024438e+03
1.420851e+00	1.306276e+00	5.297865e+02	1.045288e+03
1.398987e+00	1.326314e+00	1.137348e+02	4.347658e+02
1.428214e+00	1.299664e+00	1.907303e+02	6.560233e+02
1.528947e+00	1.216631e+00	3.891568e+02	1.370268e+03
1.567537e+00	1.188097e+00	5.994681e+01	3.722888e+02
1.559802e+00	1.193684e+00	2.275981e+02	3.520858e+02
1.445529e+00	1.284551e+00	6.629513e+01	4.855142e+02
1.444029e+00	1.285676e+00	3.896603e+01	1.486362e+03
1.558991e+00	1.194327e+00	3.623601e+01	3.867440e+02
1.443868e+00	1.285907e+00	1.959247e+02	4.107802e+02
1.488036e+00	1.248691e+00	5.847677e+02	4.894658e+02
1.469040e+00	1.264358e+00	2.477002e+01	1.150781e+03
1.372730e+00	1.351774e+00	1.187602e+03	8.861170e+02
1.373073e+00	1.351351e+00	5.987636e+02	5.558244e+02
1.491181e+00	1.246241e+00	2.508965e+02	1.053993e+02
1.375721e+00	1.348750e+00	6.543898e+02	9.498326e+02
1.379082e+00	1.345429e+00	5.148095e+02	5.909645e+02
1.536372e+00	1.211031e+00	2.182273e+01	6.629187e+02
1.398343e+00	1.327003e+00	4.353006e+02	1.614120e+02
1.491296e+00	1.246231e+00	4.222139e+02	1.451165e+01
1.617864e+00	1.153493e+00	1.747026e+02	3.167138e+02
1.499888e+00	1.239497e+00	1.569485e+02	1.408258e+03
1.428194e+00	1.299722e+00	1.016909e+02	3.971717e+02
1.424549e+00	1.303195e+00	1.265733e+02	1.834158e+03
1.533367e+00	1.213222e+00	2.397690e+02	9.552614e+01
1.409817e+00	1.316286e+00	3.051977e+02	4.002794e+02
1.445500e+00	1.284729e+00	4.020397e+02	9.398595e+02
1.409703e+00	1.316317e+00	4.261177e+02	4.382417e+01
1.461624e+00	1.270675e+00	5.044574e+01	8.282737e+02
1.528539e+00	1.217165e+00	4.786119e+02	5.910083e+02
1.499828e+00	1.239089e+00	1.851141e+02	2.260851e+01
1.524806e+00	1.219850e+00	8.171354e+01	8.034040e+02
1.387619e+00	1.337290e+00	2.607507e+01	1.271346e+03
1.476737e+00	1.257846e+00	2.120833e+02	5.240788e+02
1.644097e+00	1.136231e+00	2.338824e+01	4.153675e+02
1.558675e+00	1.194499e+00	9.291416e+01	2.162790e+02
1.452519e+00	1.278386e+00	3.304116e+02	9.534760e+02
1.401089e+00	1.324560e+00	7.418175e+01	4.966612e+02
1.468722e+00	1.264672e+00	8.104267e+02	1.478783e+02
1.555578e+00	1.196614e+00	9.808610e+01	1.427620e+02
1.438083e+00	1.291125e+00	7.237998e+02	4.333970e+02
1.736277e+00	1.080825e+00	8.590993e+01	5.647396e+02
1.375254e+00	1.349251e+00	6.651799e+02	4.424668e+02
1.407390e+00	1.318678e+00	3.794322e+01	2.717369e+03
1.419319e+00	1.307731e+00	5.924224e+02	8.524178e+02
1.474373e+00	1.259957e+00	6.225945e+02	1.204947e+02
1.555328e+00	1.196889e+00	9.774151e+00	3.079886e+02
1.388099e+00	1.336897e+00	1.156269e+03	6.442978e+02
1.482314e+00	1.253586e+00	9.477930e+02	4.231666e+02
1.600827e+00	1.165019e+00	9.230004e+01	8.845122e+02
1.471277e+00	1.262483e+00	9.313667e+01	3.992763e+02
1.494856e+00	1.243369e+00	2.373639e+02	1.401956e+03
1.448962e+00	1.281589e+00	1.014463e+03	1.054423e+02
1.373362e+00	1.351032e+00	6.871384e+02	4.195408e+01
1.489600e+00	1.247601e+00	3.361746e+02	6.613576e+02
1.434615e+00	1.294190e+00	4.215020e+02	1.323051e+03
1.478355e+00	1.257017e+00	1.087120e+03	4.313608e+02
1.544866e+00	1.204929e+00	1.402178e+02	1.810622e+03
1.444564e+00	1.285289e+00	3.370545e+02	8.992591e+02
1.425311e+00	1.302517e+00	9.407925e+02	1.292400e+02
1.362961e+00	1.361345e+00	4.927956e+02	7.578287e+02
1.432761e+00	1.295854e+00	6.512481e+02	6.117799e+02
1.614080e+00	1.156164e+00	1.613041e+01	3.171444e+03
1.366612e+00	1.357689e+00	1.579341e+02	2.973609e+02
1.410937e+00	1.315282e+00	8.967487e+02	3.739302e+02
1.529761e+00	1.216296e+00	6.614776e+02	7.941155e+00
1.439125e+00	1.290129e+00	1.703578e+02	6.053738e+02
1.566068e+00	1.189362e+00	1.254989e+02	4.595049e+02
1.480709e+00	1.254940e+00	7.535674e+02	6.902540e+02
1.476064e+00	1.258869e+00	1.526014e+01	2.953452e+03
1.463681e+00	1.268742e+00	2.362663e+02	1.464430e+02
1.668652e+00	1.120866e+00	7.825888e+01	6.518234e+02
1.487726e+00	1.248819e+00	2.209715e+02	1.485430e+02
1.443451e+00	1.286334e+00	4.004426e+02	2.064447e+02
1.396508e+00	1.328980e+00	3.018811e+02	5.475294e+02
1.392150e+00	1.332931e+00	6.013471e+02	5.241777e+02
1.458946e+00	1.273010e+00	8.302713e+02	5.651112e+01
1.379176e+00	1.345618e+00	8.111783e+02	1.198151e+03
1.380534e+00	1.344189e+00	1.497488e+03	1.558164e+02
1.439644e+00	1.289716e+00	5.708195e+02	2.666246e+02
1.376688e+00	1.347872e+00	1.014673e+02	1.049295e+03
1.519977e+00	1.223626e+00	1.559597e+02	1.004753e+03
1.400164e+00	1.325499e+00	9.396522e+02	1.823706e+02
1.579563e+00	1.179688e+00	1.091380e+02	5.511540e+02
1.494236e+00	1.243768e+00	6.207585e+01	5.975802e+02
1.372032e+00	1.352417e+00	4.922109e+02	1.184775e+02
1.400721e+00	1.324682e+00	2.951550e+02	1.399984e+03
1.406593e+00	1.319489e+00	4.016021e+02	6.951355e+02
1.365227e+00	1.359129e+00	1.404303e+03	2.963552e+02
1.439284e+00	1.290050e+00	8.676151e+02	4.212379e+02
1.429054e+00	1.298729e+00	2.813881e+02	2.946081e+02
1.519753e+00	1.223752e+00	3.466457e+02	6.643892e+02
1.416126e+00	1.310580e+00	3.623113e+02	2.407184e+02
1.412049e+00	1.314355e+00	7.528236e+02	1.317557e+02
1.503782e+00	1.236409e+00	3.002263e+02	2.538657e+02
1.379133e+00	1.345410e+00	1.103677e+03	6.221230e+01
1.466441e+00	1.266490e+00	4.706735e+02	8.061965e+00
1.440163e+00	1.289067e+00	1.128237e+03	5.852970e+00
1.423213e+00	1.304099e+00	3.855565e+02	1.768444e+02
1.437583e+00	1.291836e+00	2.166268e+03	1.476257e+02
1.373744e+00	1.350459e+00	1.086657e+02	3.598319e+02
1.423443e+00	1.304039e+00	3.300772e+02	1.355499e+03
1.369914e+00	1.354366e+00	2.912903e+02	7.599592e+02
1.398610e+00	1.326705e+00	5.815331e+02	9.493482e+02
1.391310e+00	1.333502e+00	2.040223e+00	3.942233e+02
1.577123e+00	1.181591e+00	5.646442e+02	3.673918e+02
1.373997e+00	1.350222e+00	5.832816e+02	1.411480e+01
1.592811e+00	1.170288e+00	2.061778e+01	2.106725e+02
1.408728e+00	1.317530e+00	7.087909e+02	5.151892e+02
1.369830e+00	1.354625e+00	6.689548e+02	3.321940e+02
1.503517e+00	1.236379e+00	5.747435e+02	4.409978e+02
1.501012e+00	1.238509e+00	6.008920e+02	3.660771e+02
1.478122e+00	1.257087e+00	1.180647e+03	2.762008e+02
1.528360e+00	1.217094e+00	1.419616e+02	3.553006e+02
1.463337e+00	1.269350e+00	1.385627e+01	1.430053e+03
1.396692e+00	1.328226e+00	1.486499e+02	9.269240e+01
1.431130e+00	1.296869e+00	8.281090e+02	2.858791e+02
1.487916e+00	1.249069e+00	8.384030e+02	7.410021e+02
1.378935e+00	1.345587e+00	4.128126e+02	6.655123e+02
1.430911e+00	1.297352e+00	4.110437e+02	1.089081e+02
1.382191e+00	1.342457e+00	8.449094e+02	8.421623e+02
1.467154e+00	1.266112e+00	2.001368e+02	5.082890e+02
1.521703e+00	1.222252e+00	3.101219e+02	1.035130e+03
1.523480e+00	1.220868e+00	4.440246e+02	1.232200e+03
1.428718e+00	1.299222e+00	2.162286e+02	4.266258e+02
1.401356e+00	1.324261e+00	1.702714e+02	9.535313e+02
1.452168e+00	1.278649e+00	3.322865e+02	2.153952e+02
1.556747e+00	1.196010e+00	3.000882e+02	1.229828e+03
1.600831e+00	1.164867e+00	1.976857e+02	1.666833e+02
1.410989e+00	1.315546e+00	4.072997e+02	1.311426e+03
1.516550e+00	1.226079e+00	2.126023e+02	8.270082e+01
1.560885e+00	1.193197e+00	1.629847e+00	2.193794e+03
1.497026e+00	1.241666e+00	7.351735e+02	9.128213e+02
1.768623e+00	1.062758e+00	2.059235e+01	5.665251e+02
1.538639e+00	1.209213e+00	2.478557e+02	9.482661e+01
1.670324e+00	1.119752e+00	1.805898e+02	3.028692e+02
1.510495e+00	1.230959e+00	6.638404e+02	3.140513e+02
1.419743e+00	1.307274e+00	3.957649e+02	4.393960e+02
1.596611e+00	1.168145e+00	1.071614e+03	1.295719e+03
1.363643e+00	1.360569e+00	4.228288e+02	1.331648e+02
1.484241e+00	1.251838e+00	2.125802e+01	1.258712e+03
1.456790e+00	1.274861e+00	4.108491e+02	5.959212e+02
1.644637e+00	1.135979e+00	1.361277e+01	7.319021e+02
1.514910e+00	1.227441e+00	2.848504e+02	8.048646e+02
1.411455e+00	1.315064e+00	3.126776e+02	1.640153e+03
1.448290e+00	1.282059e+00	2.158173e+02	7.249802e+02
1.444252e+00	1.285506e+00	9.064731e+01	2.557918e+02
1.443013e+00	1.286458e+00	6.032595e+00	5.270257e+02
1.396303e+00	1.328864e+00	2.457474e+02	1.414282e+02
1.424986e+00	1.302728e+00	1.374485e+02	6.207018e+02
1.408036e+00	1.317719e+00	1.188224e+02	4.132137e+02
1.457599e+00	1.273982e+00	2.131758e+02	2.393965e+02
1.581334e+00	1.178249e+00	2.439801e+01	3.045964e+02
1.608355e+00	1.159649e+00	1.100570e+02	6.312167e+01
1.636728e+00	1.141018e+00	2.467454e+02	1.285066e+02
1.524496e+00	1.220219e+00	3.561003e+02	1.562116e+03
1.408497e+00	1.317614e+00	7.836850e+01	1.534890e+03
1.434348e+00	1.294121e+00	5.111289e+02	1.045156e+02
1.616891e+00	1.154321e+00	9.686763e+02	1.328172e+03
1.647579e+00	1.134045e+00	1.226989e+00	9.347199e+02
1.548244e+00	1.202234e+00	3.070159e+02	9.747384e+02
1.368774e+00	1.355564e+00	4.984436e+02	1.966990e+02
1.518211e+00	1.225107e+00	3.430748e+02	7.850374e+01
1.563473e+00	1.191107e+00	1.958454e+02	2.576881e+02
1.471979e+00	1.261802e+00	1.826117e+02	6.688418e+02
1.398655e+00	1.326887e+00	6.294936e+02	1.263474e+03
1.393065e+00	1.332046e+00	2.139076e+02	1.043753e+03
1.673080e+00	1.118352e+00	4.672878e+01	2.944955e+03
1.517086e+00	1.225695e+00	4.108992e+01	6.784980e+02
1.467963e+00	1.265327e+00	1.096973e+03	4.546375e+02
1.522617e+00	1.221518e+00	2.349293e+02	6.724785e+02
1.395635e+00	1.329734e+00	6.005722e+02	7.692485e+02
1.410133e+00	1.316009e+00	4.627968e+02	6.385143e+02
1.441327e+00	1.288056e+00	5.566325e+02	5.404547e+02
1.586286e+00	1.174947e+00	9.302395e+01	6.713146e+02
1.444240e+00	1.285510e+00	2.786816e+02	4.468443e+02
1.381348e+00	1.343210e+00	2.350451e+03	1.044973e+02
1.384435e+00	1.340045e+00	3.748370e+02	1.820654e+02
1.436072e+00	1.292705e+00	2.281144e+02	6.476496e+02
1.444588e+00	1.285210e+00	2.320046e+02	7.014954e+01
1.443133e+00	1.286603e+00	1.589897e+02	9.299338e+02
1.548760e+00	1.201810e+00	4.318927e+02	6.630839e+02
1.398642e+00	1.326587e+00	5.385087e+01	9.958891e+02
1.385867e+00	1.338969e+00	4.791753e+01	7.201447e+02
1.423296e+00	1.303977e+00	4.341877e+02	1.643001e+02
1.417767e+00	1.309302e+00	1.391685e+02	7.359973e+02
1.362550e+00	1.361722e+00	1.199178e+03	2.589001e+01
1.622646e+00	1.150126e+00	2.686912e+01	3.407251e+02
1.477552e+00	1.257278e+00	3.942652e+02	2.837163e+01
1.401073e+00	1.324651e+00	6.167922e+02	1.104978e+03
1.484180e+00	1.252061e+00	2.925844e+02	1.035829e+03
1.459947e+00	1.272177e+00	8.535218e+02	5.327725e+02
1.469283e+00	1.264167e+00	1.829600e+02	6.003105e+02
1.428248e+00	1.299665e+00	5.212707e+01	1.098950e+02
1.514543e+00	1.227856e+00	1.308844e+01	1.262046e+03
1.400206e+00	1.325540e+00	3.832242e+02	1.950781e+03
1.374203e+00	1.349961e+00	3.811370e+02	2.044349e+02
1.485924e+00	1.250432e+00	1.834082e+02	3.218483e+02
1.372673e+00	1.351613e+00	4.056100e+02	6.316704e+02
1.693957e+00	1.105312e+00	2.677028e+00	2.511362e+02
1.437497e+00	1.291412e+00	3.995381e+02	4.903304e+02
1.597375e+00	1.167244e+00	5.510938e+01	2.868149e+02
1.431064e+00	1.297103e+00	2.586951e+02	2.075163e+02
1.388522e+00	1.336029e+00	2.838967e+02	8.508516e+02
1.414536e+00	1.311938e+00	2.712543e+02	2.759330e+02
1.362286e+00	1.361755e+00	8.992302e-01	4.792383e+02
1.423611e+00	1.303881e+00	5.502160e+02	1.860317e+02
1.454364e+00	1.276703e+00	3.866169e+02	1.576378e+01
1.383634e+00	1.341190e+00	1.830771e+03	2.247473e+02
1.534243e+00	1.212914e+00	8.254913e+02	1.151720e+02
1.522798e+00	1.221050e+00	1.208497e+01	4.186267e+02
1.445773e+00	1.284221e+00	7.885113e+01	6.770748e+02
1.386308e+00	1.338827e+00	3.097915e+02	1.234959e+03
1.440457e+00	1.288839e+00	1.201771e+02	9.681892e+02
1.513171e+00	1.229046e+00	9.167745e+01	1.564443e+03
1.606702e+00	1.160823e+00	2.312771e+01	5.549135e+02
1.376148e+00	1.347928e+00	2.048385e+02	8.285069e+01
1.433626e+00	1.294906e+00	1.281058e+02	4.775899e+02
1.415957e+00	1.310678e+00	7.356456e+01	7.019151e+02
1.478508e+00	1.256607e+00	1.337836e+02	6.228480e+02
1.439379e+00	1.289898e+00	5.216387e+02	1.646798e+02
1.595035e+00	1.168957e+00	1.691615e+02	4.148544e+02
1.481918e+00	1.253814e+00	5.211635e+02	9.064340e+02
1.428112e+00	1.299560e+00	2.427773e+02	4.355303e+01
1.408237e+00	1.317785e+00	2.378195e+02	2.134086e+02
1.478758e+00	1.256490e+00	4.537353e+02	2.081639e+02
1.434524e+00	1.293988e+00	1.312597e+02	3.764136e+02
1.515675e+00	1.226946e+00	4.451207e+02	6.526729e+02
1.642127e+00	1.137578e+00	1.280651e+02	6.066285e+02
1.456832e+00	1.274482e+00	6.957895e+01	1.075565e+03
1.391814e+00	1.333216e+00	2.333471e+02	1.193431e+03
1.404238e+00	1.321624e+00	1.293503e+02	3.331911e+02
1.426061e+00	1.301597e+00	3.804421e+02	4.337198e+02
1.566539e+00	1.188972e+00	6.391432e+02	2.469992e+02
1.452621e+00	1.278585e+00	4.080655e+02	1.623985e+03
1.446774e+00	1.283357e+00	1.166762e+02	1.083220e+03
1.402208e+00	1.323318e+00	3.617752e+02	5.373551e+01
1.438329e+00	1.290575e+00	3.961010e+01	4.062130e+02
1.539351e+00	1.208912e+00	4.229838e+02	6.613892e+01
1.461982e+00	1.270312e+00	8.195125e+02	1.540517e+02
1.620189e+00	1.152192e+00	1.745490e+02	1.718184e+03
1.489796e+00	1.247494e+00	5.103493e+02	7.649284e+02
1.593214e+00	1.170072e+00	1.317609e+02	3.824656e+02
1.376370e+00	1.347895e+00	3.107315e+02	7.511251e+02
1.413202e+00	1.313361e+00	2.676873e+02	1.062255e+03
1.520285e+00	1.223405e+00	2.770595e+01	8.036031e+02
1.541339e+00	1.207416e+00	4.014960e+02	3.872554e+02
1.487448e+00	1.249308e+00	1.738923e+02	1.467557e+03
1.403542e+00	1.322105e+00	5.423132e+02	5.271044e+02
1.392432e+00	1.332558e+00	7.810869e+02	1.649468e+02
1.523137e+00	1.221011e+00	9.592651e+01	6.246669e+02
1.474817e+00	1.259712e+00	4.613047e+02	2.840109e+02
1.450426e+00	1.280176e+00	3.282713e+02	8.576248e+01
1.438515e+00	1.290560e+00	3.849371e+02	2.361814e+02
1.365127e+00	1.359131e+00	5.792864e+02	6.074966e+02
1.558162e+00	1.194987e+00	4.681449e+01	6.019151e+02
1.395564e+00	1.329700e+00	1.537520e+02	7.280661e+02
1.452487e+00	1.278535e+00	4.554753e+02	7.508081e+01
1.441757e+00	1.287639e+00	4.096804e+02	3.228519e+02
1.390611e+00	1.334338e+00	4.445665e+02	2.967232e+01
1.474117e+00	1.260339e+00	9.039876e+02	2.977255e+02
1.473389e+00	1.260804e+00	4.864576e+02	5.357122e+02
1.441529e+00	1.287862e+00	6.551263e+02	2.699932e+02
1.460540e+00	1.271819e+00	1.735631e+03	1.778929e+02
1.551077e+00	1.200033e+00	2.775330e+02	1.723956e+02
1.579622e+00	1.179527e+00	1.064086e+02	2.935415e+02
1.447687e+00	1.282551e+00	3.326637e+02	5.752509e+02
1.456215e+00	1.275189e+00	2.133763e+02	2.826657e+02
1.618136e+00	1.153164e+00	1.061792e+02	1.272649e+03
1.482787e+00	1.253338e+00	9.189780e+02	1.630786e+02
1.484650e+00	1.251502e+00	4.619097e+02	4.451455e+01
1.440550e+00	1.288456e+00	1.576057e+02	8.240113e+01
1.526764e+00	1.218489e+00	3.815694e+01	4.968962e+02
1.569828e+00	1.186783e+00	3.790552e+02	8.498191e+02
1.472623e+00	1.261350e+00	4.383498e+02	7.031397e+02
1.430090e+00	1.297981e+00	3.307729e+02	2.503305e+02
1.647388e+00	1.134139e+00	1.364721e+02	5.945150e+01
1.498852e+00	1.240086e+00	3.474704e+02	2.727050e+01
1.495113e+00	1.242939e+00	2.142998e+02	1.482668e+02
1.405830e+00	1.320105e+00	1.325019e+02	6.500253e+02
1.480177e+00	1.255442e+00	3.298093e+01	2.535765e+03
1.395153e+00	1.330051e+00	7.680200e+02	2.518476e+02
1.586940e+00	1.174583e+00	1.764307e+01	7.098639e+02
1.448477e+00	1.281890e+00	1.173422e+02	7.589631e+02
1.558350e+00	1.194950e+00	2.218317e+02	1.968725e+03
1.379798e+00	1.344679e+00	4.637881e+00	6.290198e+02
1.432560e+00	1.295973e+00	1.380896e+02	8.204719e+02
1.434018e+00	1.294518e+00	2.314120e+02	3.218970e+02
1.381565e+00	1.342907e+00	6.409589e+01	6.114822e+02
1.586557e+00	1.174597e+00	4.014727e+01	1.650323e+02
1.459361e+00	1.272427e+00	1.952058e+02	1.263294e+03
1.460047e+00	1.272082e+00	4.832769e+01	6.213506e+02
1.535282e+00	1.211792e+00	4.527331e+02	2.904532e+02
1.451292e+00	1.279327e+00	1.369908e+02	3.587113e+02
1.484339e+00	1.251806e+00	2.539514e+02	1.108077e+03
1.498923e+00	1.239922e+00	2.064032e+02	1.318407e+02
1.416686e+00	1.310034e+00	4.407593e+02	5.318655e+02
1.547591e+00	1.202728e+00	5.729386e+02	5.176929e+02
1.581793e+00	1.178111e+00	4.607756e+02	3.875447e+02
1.392056e+00	1.333285e+00	1.896139e+02	1.605802e+03
1.553226e+00	1.198588e+00	3.491728e+02	9.493539e+02
1.362709e+00	1.361547e+00	2.913451e+02	5.714398e+01
1.489205e+00	1.247734e+00	4.876112e+00	6.028066e+02
1.396082e+00	1.329448e+00	3.886795e+02	2.470140e+03
1.449843e+00	1.280844e+00	8.272440e+02	1.038953e+03
1.584252e+00	1.176354e+00	2.019565e+02	1.626738e+02
1.394175e+00	1.330868e+00	6.728781e+01	9.356893e+01
1.577256e+00	1.181672e+00	2.619736e+02	1.487853e+03
1.395210e+00	1.330170e+00	9.786205e+02	6.018697e+02
1.537850e+00	1.209975e+00	4.686761e+02	5.668438e+02
1.431558e+00	1.296481e+00	1.559575e+02	1.188789e+02
1.453411e+00	1.277679e+00	5.918586e+01	1.378919e+03
1.425133e+00	1.302518e+00	1.750664e+02	1.277301e+03
1.384939e+00	1.339800e+00	3.910123e+02	1.182355e+03
1.395681e+00	1.329665e+00	3.507141e+02	1.389065e+03
1.549124e+00	1.201746e+00	8.235178e+02	5.089030e+02
1.474285e+00	1.260147e+00	7.051682e+02	9.910980e+02
1.496703e+00	1.241629e+00	9.128976e+01	6.071451e+02
1.382471e+00	1.342091e+00	5.498554e+02	3.746818e+01
1.483056e+00	1.252684e+00	2.261134e+02	3.218342e+02
1.381786e+00	1.342947e+00	3.538383e+02	1.330389e+03
1.398756e+00	1.326554e+00	5.738802e+02	5.137965e+01
1.497977e+00	1.240986e+00	4.141895e+02	1.310358e+03
1.424257e+00	1.303124e+00	1.347707e+02	2.244036e+01
1.572239e+00	1.184876e+00	3.352525e+02	7.538552e+02
1.394314e+00	1.330677e+00	2.327169e+02	1.189716e+02
1.506033e+00	1.234248e+00	1.427211e+02	1.147263e+02
1.446294e+00	1.283621e+00	5.971379e+02	4.869546e+02
1.417886e+00	1.308885e+00	6.167694e+02	2.138887e+02
1.587548e+00	1.174087e+00	2.877821e+02	2.799833e+02
1.377040e+00	1.347261e+00	1.570981e+02	2.390690e+02
1.583096e+00	1.177353e+00	9.440048e+02	3.490118e+02
1.521076e+00	1.222661e+00	3.677376e+01	6.864880e+02
1.417082e+00	1.309763e+00	3.617835e+02	6.446942e+00
1.564486e+00	1.190430e+00	3.453875e+02	8.199991e+02
1.394116e+00	1.330944e+00	2.685502e+02	3.742587e+00
1.515468e+00	1.227075e+00	8.763397e+01	5.303690e+02
1.458926e+00	1.272766e+00	9.970551e+01	1.589124e+02
1.588777e+00	1.172938e+00	1.037615e+02	1.084615e+02
1.465666e+00	1.266996e+00	7.187070e+01	2.869792e+02
1.397939e+00	1.327511e+00	1.091869e+03	4.194922e+01
1.372769e+00	1.351638e+00	3.315157e+02	7.963026e+02
1.424678e+00	1.302572e+00	5.123953e+02	3.166083e+01
1.496447e+00	1.242503e+00	1.188791e+03	6.888890e+02
1.563633e+00	1.191136e+00	6.545998e+02	2.643068e+02
1.567304e+00	1.188472e+00	2.396608e+02	5.272865e+02
1.550367e+00	1.200678e+00	1.915044e+02	2.372005e+02
1.462705e+00	1.269591e+00	7.392152e+02	1.923028e+01
1.496255e+00	1.242240e+00	1.667217e+01	1.018961e+03
1.404810e+00	1.320978e+00	1.819987e+02	4.759770e+02
1.555901e+00	1.196689e+00	1.363234e+02	1.332075e+02
1.508598e+00	1.232361e+00	3.684207e+02	6.141253e+02
1.483294e+00	1.252619e+00	1.564850e+01	5.251796e+02
1.447601e+00	1.282515e+00	5.747176e+02	2.612502e+02
1.560976e+00	1.192884e+00	9.305129e+01	3.831991e+02
1.510134e+00	1.231040e+00	1.014659e+02	3.519437e+02
1.391927e+00	1.333060e+00	2.086399e+02	3.554361e+02
1.399927e+00	1.325785e+00	7.309999e+02	9.381656e+02
1.438291e+00	1.290598e+00	7.432003e+02	4.733574e+02
1.427002e+00	1.300724e+00	2.493847e+02	1.198833e+02
1.414074e+00	1.312219e+00	2.410763e+02	2.539657e+02
1.520544e+00	1.223170e+00	1.705762e+01	5.597676e+02
1.401037e+00	1.324800e+00	1.558437e+03	3.948267e+02
1.376618e+00	1.347968e+00	4.784404e+02	2.457882e+02
1.498128e+00	1.240802e+00	8.609669e+02	1.625983e+03
1.601000e+00	1.164670e+00	2.128603e+02	1.422367e+02
1.530119e+00	1.215794e+00	2.088864e+01	7.705369e+02
1.404511e+00	1.321103e+00	3.993525e+02	6.369331e+01
1.374364e+00	1.350186e+00	5.947326e+02	8.014393e+02
1.426122e+00	1.301742e+00	9.882328e+02	5.140823e+02
1.416177e+00	1.310452e+00	2.668953e+02	4.235747e+02
1.371624e+00	1.353113e+00	1.926014e+03	7.295590e+02
1.594468e+00	1.169219e+00	5.000564e+01	9.381525e+02
1.484537e+00	1.251866e+00	1.120616e+03	7.791769e+02
1.454479e+00	1.276925e+00	3.791755e+02	5.487488e+02
1.490610e+00	1.246617e+00	3.882553e+01	4.534191e+02
1.392634e+00	1.332634e+00	1.855087e+03	8.498714e+02
1.537887e+00	1.210065e+00	4.526517e+01	1.453958e+03
1.393369e+00	1.331636e+00	1.115272e+02	2.760178e+02
1.539193e+00	1.208890e+00	1.206098e+02	1.460301e+02
1.489846e+00	1.247246e+00	2.836031e+02	1.343037e+03
1.401600e+00	1.323833e+00	4.500697e+02	2.114951e+01
1.652819e+00	1.130597e+00	1.885829e+02	7.332368e+00
1.454109e+00	1.276956e+00	1.392327e+02	4.426388e+02
1.495267e+00	1.242883e+00	1.758499e+02	4.545977e+02
1.552237e+00	1.199068e+00	6.248430e+01	7.876760e+01
1.535927e+00	1.211286e+00	4.987852e+01	6.036906e+02
1.436295e+00	1.292691e+00	4.804740e+01	9.006552e+02
1.421646e+00	1.305518e+00	5.180097e+02	8.794911e+02
1.429134e+00	1.298766e+00	2.982299e+02	2.189662e+02
1.518291e+00	1.225225e+00	6.892888e+02	2.826884e+03
1.558166e+00	1.195007e+00	3.258271e+02	3.939946e+02
1.450682e+00	1.279953e+00	5.807432e+01	4.648170e+02
1.548533e+00	1.201847e+00	6.610535e+01	5.099612e+01
1.478512e+00	1.256482e+00	9.573085e+01	5.632342e+02
1.427061e+00	1.300393e+00	1.650259e+01	6.097848e+01
1.514735e+00	1.227647e+00	7.942825e+01	1.768858e+02
1.456792e+00	1.274735e+00	1.476059e+02	2.489182e+02
1.568538e+00	1.187651e+00	9.119005e+02	3.855872e+02
1.484121e+00	1.251799e+00	6.475259e+01	6.376072e+02
1.495307e+00	1.242895e+00	1.053032e+02	4.305177e+02
1.402558e+00	1.322985e+00	1.568150e+02	2.458566e+02
1.363169e+00	1.361124e+00	7.554835e+01	7.513165e+02
1.480255e+00	1.255147e+00	1.443554e+02	5.947207e+02
1.454797e+00	1.276531e+00	1.746910e+02	9.822651e+02
1.446266e+00	1.283747e+00	1.462542e+02	6.051839e+02
1.565166e+00	1.190021e+00	6.840745e+02	3.151768e+02
1.564208e+00	1.190359e+00	9.376067e+01	2.372077e+02
1.388789e+00	1.336199e+00	8.484560e+02	8.533815e+02
1.479556e+00	1.255804e+00	4.183251e+02	6.409430e+02
1.388106e+00	1.336893e+00	1.703947e+02	6.213787e+02
1.402966e+00	1.322701e+00	6.978676e+01	9.707175e+02
1.416071e+00	1.310677e+00	3.975270e+02	1.007278e+03
1.389077e+00	1.336000e+00	7.209623e+02	5.001995e+02
1.469283e+00	1.264037e+00	1.476880e+02	2.576778e+01
1.559146e+00	1.194169e+00	1.482467e+01	3.251360e+02
1.507894e+00	1.233153e+00	4.178277e+02	1.267387e+03
1.421883e+00	1.305602e+00	2.211695e+02	3.701419e+02
1.403042e+00	1.322296e+00	1.914824e+02	4.007558e+02
1.556065e+00	1.196674e+00	3.198760e+02	1.923746e+02
1.467046e+00	1.266229e+00	4.328428e+02	9.713463e+02
1.583022e+00	1.177343e+00	3.896851e+02	1.287413e+03
1.535525e+00	1.211841e+00	2.493118e+02	6.634225e+00
1.379107e+00	1.345489e+00	5.272933e+01	8.250405e+02
1.538321e+00	1.209743e+00	7.489966e+02	2.125821e+02
1.386251e+00	1.338634e+00	3.315461e+02	1.159449e+03
1.622365e+00	1.150298e+00	1.380874e+02	8.290834e+02
1.426307e+00	1.301500e+00	6.207133e+02	8.288160e+02
1.378151e+00	1.346456e+00	5.059238e+02	4.521695e+02
1.632728e+00	1.143941e+00	5.412426e+02	5.245610e+02
1.461246e+00	1.270893e+00	1.713628e+02	8.773488e+02
1.464172e+00	1.268674e+00	3.834638e+02	1.613233e+03
1.378154e+00	1.346332e+00	1.290369e+02	4.313462e+02
1.419135e+00	1.307882e+00	3.069209e+02	1.011137e+03
1.625132e+00	1.148621e+00	1.262549e+02	7.076625e+02
1.453333e+00	1.277428e+00	1.671011e+02	1.169305e+02
1.467203e+00	1.265834e+00	1.575778e+02	1.675552e+02
1.432287e+00	1.295934e+00	2.638604e+02	3.894809e+02
1.529840e+00	1.216021e+00	4.024173e+02	7.779234e+02
1.393390e+00	1.331844e+00	7.184143e+01	1.007289e+03
1.385180e+00	1.339479e+00	3.022616e+02	4.312402e+02
1.374255e+00	1.350357e+00	2.980545e+02	1.366420e+03
1.373940e+00	1.350542e+00	4.348685e+02	6.825344e+02
1.452667e+00	1.278279e+00	1.703050e+02	7.081343e+02
1.654943e+00	1.129620e+00	4.604385e+02	7.642928e+02
1.441617e+00	1.287682e+00	2.398696e+02	5.948853e+01
1.414597e+00	1.312027e+00	2.190425e+02	4.317159e+02
1.398585e+00	1.326776e+00	2.509789e+01	1.099930e+03
1.512023e+00	1.229733e+00	6.173899e+02	7.977685e+02
1.367351e+00	1.356906e+00	3.506706e+02	1.048485e+02
1.365326e+00	1.358971e+00	1.186959e+03	2.263892e+02
1.491502e+00	1.246052e+00	3.226731e+02	4.251602e+02
1.401045e+00	1.324421e+00	8.647344e+02	1.141937e+02
1.445730e+00	1.283938e+00	2.524513e+01	5.105744e+02
1.450986e+00	1.279704e+00	1.288490e+02	1.141707e+03
1.402680e+00	1.323066e+00	2.572958e+02	1.765659e+03
1.411239e+00	1.315011e+00	5.814050e+02	4.533912e+02
1.421421e+00	1.305817e+00	2.109114e+02	1.607456e+03
1.406543e+00	1.319454e+00	1.672368e+02	4.931261e+02
1.392319e+00	1.332552e+00	5.857117e+02	3.688681e+02
1.368924e+00	1.355492e+00	1.057407e+02	5.749860e+02
1.414091e+00	1.312579e+00	1.800172e+03	6.780281e+02
1.379061e+00	1.345610e+00	1.173198e+03	5.733960e+02
1.431404e+00	1.297180e+00	6.637694e+02	8.302746e+02
1.564854e+00	1.190194e+00	6.922786e+02	2.419794e+01
1.448162e+00	1.282188e+00	2.933966e+02	1.925443e+02
1.430202e+00	1.297894e+00	1.248111e+01	7.325140e+02
1.394507e+00	1.330570e+00	1.948479e+02	3.922989e+02
1.408274e+00	1.317766e+00	5.583197e+02	6.516394e+02
1.496580e+00	1.242062e+00	4.533684e+02	1.611720e+03
1.467494e+00	1.265618e+00	3.207640e+02	1.213283e+03
1.377258e+00	1.347131e+00	5.912667e+02	2.228708e+01
1.503721e+00	1.236267e+00	4.934344e+02	7.228030e+02
1.391648e+00	1.333401e+00	1.769563e+02	5.710402e+02
1.542949e+00	1.205985e+00	2.286895e+02	1.459606e+01
1.488541e+00	1.248449e+00	5.368174e+02	8.666672e+02
1.531693e+00	1.214678e+00	1.389279e+02	1.661637e+03
1.376524e+00	1.347755e+00	3.692887e+01	1.129461e+03
1.388653e+00	1.336437e+00	1.348417e+03	1.149448e+03
1.502979e+00	1.237146e+00	4.775139e+02	1.499116e+03
1.375507e+00	1.349115e+00	4.412218e+01	1.213439e+03
1.406602e+00	1.319324e+00	6.504916e+02	1.704088e+02
1.473204e+00	1.260934e+00	4.877674e+01	1.438721e+03
1.468906e+00	1.264810e+00	8.879126e+02	9.707997e+02
1.363208e+00	1.360850e+00	3.499984e+02	9.438309e+01
1.590181e+00	1.172327e+00	7.732133e+01	5.157991e+02
1.495051e+00	1.243047e+00	1.624313e+01	4.098069e+02
1.473021e+00	1.261286e+00	8.332965e+02	4.066484e+02
1.395355e+00	1.329512e+00	3.157286e+02	2.363030e+02
1.498802e+00	1.240192e+00	3.356778e+02	7.780393e+02
1.431476e+00	1.296483e+00	5.201272e+00	3.223867e+02
1.565885e+00	1.189233e+00	3.275784e+01	5.015326e+02
1.529376e+00	1.216521e+00	1.500470e+02	8.149007e+02
1.563586e+00	1.191159e+00	1.516953e+01	1.705282e+03
1.574162e+00	1.183513e+00	3.853930e+02	7.521028e+02
1.547035e+00	1.203127e+00	2.475576e+02	1.952572e+02
1.506545e+00	1.234054e+00	3.429092e+02	1.231442e+03
1.484965e+00	1.251155e+00	2.037071e+01	3.680328e+02
1.491036e+00	1.246402e+00	3.942583e+02	1.431586e+01
1.564229e+00	1.190464e+00	4.567616e+02	1.383880e+02
1.533569e+00	1.213261e+00	1.638761e+02	2.606877e+02
1.425549e+00	1.302353e+00	1.271183e+03	3.276029e+02
1.622160e+00	1.150610e+00	4.793477e+01	5.660574e+02
1.377383e+00	1.347007e+00	4.395523e+02	1.500010e+02
1.455578e+00	1.275630e+00	3.543298e+02	3.796495e+02
1.482935e+00	1.253152e+00	3.286422e+02	2.156777e+02
1.458028e+00	1.273908e+00	1.012346e+03	2.284714e+02
1.392668e+00	1.332408e+00	6.633456e+02	1.443912e+02
1.379258e+00	1.345461e+00	3.295984e+02	9.953914e+02
1.460779e+00	1.271454e+00	2.254057e+02	8.541197e+02
1.440991e+00	1.288345e+00	2.214448e+02	3.836870e+02
1.503775e+00	1.236114e+00	4.937542e+01	5.034452e+02
1.586652e+00	1.174525e+00	5.726535e+01	4.066446e+02
1.495037e+00	1.243059e+00	3.642338e+02	1.952793e+02
1.574104e+00	1.183565e+00	1.993867e+02	4.545699e+02
1.411915e+00	1.314304e+00	9.168311e+02	1.915886e+02
1.553070e+00	1.198700e+00	1.217929e+02	1.229755e+03
1.516710e+00	1.226100e+00	3.582970e+02	9.335354e+02
1.421875e+00	1.305526e+00	5.962346e+02	8.621739e+02
1.541247e+00	1.207309e+00	3.272188e+02	5.197860e+01
1.486411e+00	1.250287e+00	8.513341e+02	3.986221e+02
1.492575e+00	1.245215e+00	2.389236e+02	6.121312e+02
1.557639e+00	1.195174e+00	1.770292e+02	2.145042e+02
1.511295e+00	1.230664e+00	4.499331e+02	1.798344e+03
1.536004e+00	1.211324e+00	1.550905e+01	7.160446e+02
1.392086e+00	1.332950e+00	1.120843e+03	3.140459e+02
1.463394e+00	1.269247e+00	6.796244e+02	2.051519e+02
1.543881e+00	1.205229e+00	1.318351e+01	1.088544e+03
1.435986e+00	1.292674e+00	1.036620e+03	1.911047e+02
1.445110e+00	1.285024e+00	2.102460e+02	1.930977e+03
1.603005e+00	1.163436e+00	1.059602e+02	4.053468e+02
1.675813e+00	1.116523e+00	1.874166e+02	2.455738e+02
1.386425e+00	1.338323e+00	5.250993e+02	3.081037e+02
1.512855e+00	1.229022e+00	4.627655e+02	1.468635e+02
1.365650e+00	1.358730e+00	1.630719e+02	4.638781e+02
1.583085e+00	1.177251e+00	1.653663e+02	7.982779e+02
1.398494e+00	1.327179e+00	2.356159e+01	1.834884e+03
1.377589e+00	1.346646e+00	5.152873e+02	9.148382e+00
1.417514e+00	1.309328e+00	9.084833e+02	2.134539e+02
1.545214e+00	1.204706e+00	1.247959e+02	7.451934e+02
1.400592e+00	1.324962e+00	5.658723e+02	6.283838e+02
1.650850e+00	1.132046e+00	1.631808e+02	2.158202e+02
1.522777e+00	1.221363e+00	1.221629e+01	6.048136e+02
1.454816e+00	1.276383e+00	3.332419e+02	1.838789e+02
1.474353e+00	1.260068e+00	4.366054e+02	4.176481e+01
1.425399e+00	1.302154e+00	8.437081e+02	6.184681e+02
1.588927e+00	1.173451e+00	6.270523e+01	1.482817e+03
1.567264e+00	1.188419e+00	2.368569e+02	1.964095e+02
1.499071e+00	1.239842e+00	2.284236e+02	5.324569e+02
1.564860e+00	1.190216e+00	5.632760e+02	8.616402e+02
1.363552e+00	1.360617e+00	3.557765e+02	2.164851e+01
1.433892e+00	1.294685e+00	7.773577e+02	8.090803e+02
1.388811e+00	1.336054e+00	9.867989e+02	5.524806e+01
1.535928e+00	1.211466e+00	3.318937e+02	1.497728e+01
1.554424e+00	1.197575e+00	1.909578e+02	2.616168e+02
1.388692e+00	1.335849e+00	1.382409e+02	2.669477e+02
1.445380e+00	1.284728e+00	6.687702e+01	1.438468e+03
1.596269e+00	1.168013e+00	2.438487e+02	1.418732e+02
1.565011e+00	1.190135e+00	1.122541e+00	8.740406e+02
1.505000e+00	1.235334e+00	1.112099e+00	1.142734e+03
1.448724e+00	1.281800e+00	3.758526e+02	1.260847e+02
1.420766e+00	1.306368e+00	1.622461e+02	4.330732e+02
1.481837e+00	1.253896e+00	9.984595e+02	2.267700e+02
1.416720e+00	1.310258e+00	8.507933e+02	9.212425e+02
1.437642e+00	1.291340e+00	2.887565e+02	2.557771e+02
1.486337e+00	1.250283e+00	8.790630e+02	9.905103e+00
1.551544e+00	1.199654e+00	1.532959e+02	1.177097e+02
1.477570e+00	1.257291e+00	8.784261e+01	1.341604e+03
1.406199e+00	1.319769e+00	1.623409e+02	1.345255e+03
1.513928e+00	1.228439e+00	1.594265e+02	1.412402e+03
1.501202e+00	1.238232e+00	8.885151e+01	5.580616e+02
1.511485e+00	1.230079e+00	1.482215e+02	4.826357e+02
1.490007e+00	1.247013e+00	2.696140e+01	2.269376e+02
1.474667e+00	1.259846e+00	3.580134e+02	9.879290e+02
1.380816e+00	1.343637e+00	4.850751e+01	9.504180e+02
1.443463e+00	1.286440e+00	7.371448e+02	3.770638e+02
1.381548e+00	1.343147e+00	3.248038e+02	3.960198e+02
1.459308e+00	1.272650e+00	2.660517e+02	4.588105e+02
1.438303e+00	1.290576e+00	2.679172e+02	1.185579e+02
1.404115e+00	1.321635e+00	2.770273e+02	1.363757e+02
1.371277e+00	1.352961e+00	3.200223e+02	8.792091e+02
1.534591e+00	1.212355e+00	5.029467e+02	4.077644e+01
1.474673e+00	1.259644e+00	2.520038e+02	1.698856e+01
1.457548e+00	1.274019e+00	2.372748e+02	1.143324e+02
1.522517e+00	1.221510e+00	2.044755e+01	4.107653e+02
1.552385e+00	1.199250e+00	1.467219e+02	1.232675e+03
1.444213e+00	1.285626e+00	1.653531e+02	1.260518e+03
1.477995e+00	1.256873e+00	2.311072e+02	7.167058e+02
1.585187e+00	1.175608e+00	2.738549e+01	5.038255e+02
1.423962e+00	1.303688e+00	8.761362e+02	2.313419e+02
1.380692e+00	1.343923e+00	8.794842e+02	2.336597e+02
1.461013e+00	1.271276e+00	4.316725e+02	7.562930e+02
1.380222e+00	1.344282e+00	1.753264e+02	5.793765e+02
1.530970e+00	1.215390e+00	4.300486e+02	9.612944e+02
1.401830e+00	1.323436e+00	1.264810e+02	1.786699e+02
1.506613e+00	1.233923e+00	7.392406e+01	4.979657e+02
1.591097e+00	1.171506e+00	7.869474e+01	4.409065e+02
1.589156e+00	1.173181e+00	1.097845e+02	1.109653e+03
1.403326e+00	1.322469e+00	1.095762e+03	5.958495e+00
1.494684e+00	1.243439e+00	4.039749e+02	5.267472e+01
1.545372e+00	1.204323e+00	7.084683e+01	6.994203e+02
1.515947e+00	1.226638e+00	3.041741e+02	5.488282e+02
1.540792e+00	1.207788e+00	5.765828e+02	1.487084e+02
1.533480e+00	1.213219e+00	1.101148e+02	3.578272e+02
1.465328e+00	1.267396e+00	2.187973e+02	1.781439e+02
1.411759e+00	1.314525e+00	8.483294e+02	1.815213e+02
1.371571e+00	1.352815e+00	8.364276e+02	2.766838e+02
1.411307e+00	1.314889e+00	4.383681e+02	2.121611e+02
1.474959e+00	1.259471e+00	1.336869e+02	4.187887e+02
1.623402e+00	1.149750e+00	8.975472e-01	6.367547e+02
1.436923e+00	1.291924e+00	1.138069e+02	1.353282e+03
1.362568e+00	1.361587e+00	2.656046e+02	7.796857e+02
1.489410e+00	1.247780e+00	2.102802e+02	4.084845e+02
1.478093e+00	1.256687e+00	8.832221e+01	2.417813e+02
1.479576e+00	1.255594e+00	1.031393e+03	7.029450e+01
1.462109e+00	1.270286e+00	2.634887e+02	5.593551e+02
1.503254e+00	1.236680e+00	1.779401e+01	8.446338e+02
1.422515e+00	1.304764e+00	6.697513e+01	6.346304e+02
1.386694e+00	1.338093e+00	1.006208e+03	1.760347e+02
1.500432e+00	1.239173e+00	1.008128e+03	1.881447e+02
1.391131e+00	1.333767e+00	5.246056e+02	1.967175e+01
1.410325e+00	1.316109e+00	7.050818e+02	1.092413e+03
1.551708e+00	1.199804e+00	5.426993e+02	9.638616e+02
1.371979e+00	1.352399e+00	1.496682e+02	1.017765e+03
1.446937e+00	1.283271e+00	9.752294e+02	5.943711e+00
1.662272e+00	1.124900e+00	3.987373e+02	1.160545e+03
1.455400e+00	1.276077e+00	3.688990e+01	1.880535e+03
1.392851e+00	1.332217e+00	3.504509e+01	1.210410e+03
1.603838e+00	1.163045e+00	5.136837e+02	4.316425e+02
1.539721e+00	1.208476e+00	1.439128e+02	3.943544e+02
1.575510e+00	1.182422e+00	1.880826e+02	9.987715e+02
1.566094e+00	1.189239e+00	2.321711e+02	2.983832e+02
1.496502e+00	1.242200e+00	1.456119e+02	1.954069e+03
1.453293e+00	1.277659e+00	3.870570e+02	9.849639e+02
1.484515e+00	1.251946e+00	5.464021e+02	9.656918e+02
1.461979e+00	1.270477e+00	7.791441e+02	2.478426e+01
1.557691e+00	1.195324e+00	2.987999e+01	6.704021e+02
1.369860e+00	1.354236e+00	1.199017e+02	2.431926e+02
1.599338e+00	1.166065e+00	2.751020e+02	5.836843e+02
1.434554e+00	1.293781e+00	1.719607e+02	2.074822e+02
1.463553e+00	1.269066e+00	2.406830e+02	3.487619e+02
1.520464e+00	1.223519e+00	1.987944e+02	1.568042e+03
1.532972e+00	1.213511e+00	1.053155e+01	6.436928e+02
1.376947e+00	1.347307e+00	4.491500e+01	2.082710e+02
1.460487e+00	1.271568e+00	3.469643e+02	1.608554e+02
1.451880e+00	1.279162e+00	8.906620e+02	1.500385e+03
1.503526e+00	1.236495e+00	7.999290e+02	4.576779e+01
1.662722e+00	1.124576e+00	2.166611e+02	1.314006e+02
1.557127e+00	1.195747e+00	1.566778e+02	3.694201e+02
1.387633e+00	1.337191e+00	3.474405e+02	4.669478e+02
1.516774e+00	1.225954e+00	4.235594e+02	2.881847e+02
1.417257e+00	1.309449e+00	6.047603e+02	2.526270e+02
1.560768e+00	1.193044e+00	3.775922e+02	1.112797e+03
1.451643e+00	1.279030e+00	1.221206e+02	4.053370e+02
1.404162e+00	1.321633e+00	2.177961e+02	1.019028e+03
1.535993e+00	1.211511e+00	3.526432e+02	9.397215e+02
1.381947e+00	1.342794e+00	3.883156e+02	2.437508e+02
1.404029e+00	1.321851e+00	4.445826e+02	2.247198e+02
1.472985e+00	1.261206e+00	1.148913e+03	1.678772e+02
1.457560e+00	1.273978e+00	3.452043e+02	6.334233e+02
1.418159e+00	1.308677e+00	1.445341e+01	6.340260e+02
1.470134e+00	1.263312e+00	1.614586e+02	3.374834e+02
1.532178e+00	1.214278e+00	4.239108e+01	8.845337e+02
1.561236e+00	1.192739e+00	2.404337e+02	3.916192e+02
1.362688e+00	1.361322e+00	2.457288e+02	3.199258e+02
1.429230e+00	1.298766e+00	3.133509e+02	1.500336e+02
1.570649e+00	1.186053e+00	3.020371e+01	7.214795e+02
1.377424e+00	1.347006e+00	5.074466e+01	4.874746e+02
1.459905e+00	1.272208e+00	5.111274e+02	1.356740e+03
1.471540e+00	1.262325e+00	4.088620e+01	1.880560e+03
1.451388e+00	1.279381e+00	9.313016e+02	3.120327e+02
1.459554e+00	1.272575e+00	5.514016e+02	2.611850e+02
1.587160e+00	1.174078e+00	2.228595e+02	1.890782e+02
1.560566e+00	1.193299e+00	5.288543e+02	4.160587e+02
1.505689e+00	1.234502e+00	1.360108e+02	5.492834e+02
1.381362e+00	1.343154e+00	4.001318e+02	1.140524e+03
1.470849e+00	1.263019e+00	1.058560e+02	7.054915e+02
1.486093e+00	1.250554e+00	6.098292e+02	4.711583e+02
1.477374e+00	1.257615e+00	6.523518e+02	2.109019e+02
1.372951e+00	1.351376e+00	1.088357e+03	1.194272e+02
1.401207e+00	1.324415e+00	9.000370e+02	3.701447e+02
1.502644e+00	1.236992e+00	3.328235e+02	8.470554e+02
1.465513e+00	1.267302e+00	2.897730e+02	2.771602e+01
1.364272e+00	1.359716e+00	2.019386e+01	2.440921e+02
1.543059e+00	1.206277e+00	3.640160e+02	7.754271e+02
1.480688e+00	1.254832e+00	8.042158e+02	3.395152e+02
1.507705e+00	1.233093e+00	3.165237e+02	2.177640e+01
1.507223e+00	1.233529e+00	4.137746e+01	6.428264e+02
1.403347e+00	1.322553e+00	8.029846e+02	5.521482e+02
1.546953e+00	1.203191e+00	2.044198e+02	3.524738e+02
1.614003e+00	1.155866e+00	1.166164e+02	6.496267e+02
1.466466e+00	1.266690e+00	5.428725e+02	7.748154e+02
1.449420e+00	1.281236e+00	8.117394e+02	4.037636e+02
1.581180e+00	1.178670e+00	1.805527e+02	3.296007e+02
1.433926e+00	1.294538e+00	1.361151e+03	2.258584e+02
1.612318e+00	1.157173e+00	9.976525e+01	1.929662e+03
1.499906e+00	1.239322e+00	2.362258e+02	8.877717e+02
1.609254e+00	1.159207e+00	1.806944e+02	7.359207e+02
1.527579e+00	1.218178e+00	3.799525e+02	2.198819e+03
1.397629e+00	1.327619e+00	3.869946e+02	1.204537e+02
1.526642e+00	1.218464e+00	2.133772e+02	1.294493e+02
1.499923e+00	1.239218e+00	2.591038e+01	1.450134e+03
1.486353e+00	1.250034e+00	2.345108e+02	2.514837e+02
1.384602e+00	1.340112e+00	5.309332e+02	4.168696e+01
1.598222e+00	1.166627e+00	2.531881e+02	2.205839e+02
1.533012e+00	1.213740e+00	4.557860e+01	5.000876e+02
1.506650e+00	1.233820e+00	3.290520e+02	6.539416e+02
1.534248e+00	1.212791e+00	1.249748e+02	1.272956e+03
1.494227e+00	1.243669e+00	4.802374e+02	6.032348e+02
1.543444e+00	1.205726e+00	1.357127e+02	7.664780e+02
1.518115e+00	1.225254e+00	3.970134e+02	4.962308e+02
1.544120e+00	1.205377e+00	1.094787e+02	1.380379e+03
1.410709e+00	1.315356e+00	5.785510e+02	5.160675e+02
1.368268e+00	1.355838e+00	8.640768e+02	1.910578e+02
1.447997e+00	1.282316e+00	4.036347e+02	4.520034e+02
1.365861e+00	1.358003e+00	3.378316e+02	2.822046e+01
1.543386e+00	1.205965e+00	9.094998e+01	6.639447e+02
1.451036e+00	1.279678e+00	5.259712e+01	1.787747e+03
1.493214e+00	1.244753e+00	9.832362e+01	5.390596e+02
1.529811e+00	1.216095e+00	8.776019e+01	2.094052e+02
1.439676e+00	1.289368e+00	1.129337e+02	4.860437e+02
1.560904e+00	1.193147e+00	2.983864e+02	9.463171e+02
1.378087e+00	1.346311e+00	3.622798e+02	1.581359e+03
1.491218e+00	1.246090e+00	1.604242e+02	3.818175e+02
1.399599e+00	1.325842e+00	7.020400e+02	2.618352e+02
1.453708e+00	1.277516e+00	3.201149e+02	7.019400e+01
1.459208e+00	1.272923e+00	1.577840e+02	1.255365e+03
1.578463e+00	1.180464e+00	6.076091e+02	2.921181e+02
1.526371e+00	1.218635e+00	2.285555e+02	4.701522e+02
1.488975e+00	1.247821e+00	2.466789e+02	7.774869e+00
1.540654e+00	1.207901e+00	3.689066e+02	8.241044e+01
1.450219e+00	1.280288e+00	3.540535e+02	1.474982e+02
1.434050e+00	1.294303e+00	3.641572e+02	8.757176e+01
1.465619e+00	1.267513e+00	1.872803e+02	4.276009e+02
1.449498e+00	1.281328e+00	1.616067e+03	1.768124e+02
1.600991e+00	1.165053e+00	2.098942e+02	1.934040e+03
1.531203e+00	1.215085e+00	1.911761e+02	2.153448e+02
1.553489e+00	1.198382e+00	5.307082e+01	1.781863e+03
1.370997e+00	1.353218e+00	2.382952e+02	2.558808e+02
1.513245e+00	1.228675e+00	3.830150e+02	4.687681e+00
1.377666e+00	1.346920e+00	9.752211e+02	5.583933e+02
1.371411e+00	1.352707e+00	2.580688e+02	1.680857e+01
1.403321e+00	1.322449e+00	6.737290e+00	6.690565e+02
1.484806e+00	1.251335e+00	1.047841e+02	4.460236e+02
1.412243e+00	1.314536e+00	9.180664e+02	2.292189e+03
1.397785e+00	1.327688e+00	3.684396e+02	9.807098e+02
1.382570e+00	1.341937e+00	5.332134e+02	5.194220e+02
1.435805e+00	1.292954e+00	6.448010e+02	2.373818e+02
1.366124e+00	1.358189e+00	2.633125e+02	1.298283e+03
1.397925e+00	1.327668e+00	7.012081e+02	1.769313e+03
1.403248e+00	1.322882e+00	4.046583e+00	3.193585e+03
1.507364e+00	1.233328e+00	7.861525e+01	6.203991e+02
1.443657e+00	1.286081e+00	4.143670e+02	7.943799e+01
1.605807e+00	1.161531e+00	2.202611e+02	2.641690e+02
1.489667e+00	1.247511e+00	2.871847e+02	2.175770e+03
1.413931e+00	1.312464e+00	1.746563e+02	1.984529e+02
1.429305e+00	1.298728e+00	3.540993e+02	1.412502e+03
1.577348e+00	1.181535e+00	1.884709e+02	1.424362e+03
1.509511e+00	1.231479e+00	2.475331e+02	3.155935e+01
1.370863e+00	1.353752e+00	7.376709e+02	1.707469e+02
1.387558e+00	1.337202e+00	2.171730e+02	3.041627e+02
1.555228e+00	1.197136e+00	1.517105e+02	3.286259e+02
1.588613e+00	1.173339e+00	2.046862e+02	1.314587e+02
1.434821e+00	1.294217e+00	9.741141e+01	2.801160e+03
1.370602e+00	1.353562e+00	7.467659e+01	6.130358e+02
1.583915e+00	1.176481e+00	2.107374e+01	7.046084e+02
1.400914e+00	1.324606e+00	2.329487e+01	5.169022e+02
1.483360e+00	1.252790e+00	3.558724e+02	2.776855e+02
1.405336e+00	1.320480e+00	3.076928e+02	9.590875e+02
1.366701e+00	1.357629e+00	2.204268e+02	4.676502e+02
1.554807e+00	1.197386e+00	1.075158e+02	3.060013e+02
1.547851e+00	1.202705e+00	5.361496e+02	3.502254e+02
1.457685e+00	1.273907e+00	4.539040e+02	4.361057e+02
1.406273e+00	1.319444e+00	2.137987e+01	3.930812e+02
1.404371e+00	1.321677e+00	9.076163e+02	9.049803e+02
1.472354e+00	1.261628e+00	1.698579e+02	5.082782e+02
1.489281e+00	1.247749e+00	3.442465e+02	7.483217e+02
1.507840e+00	1.232757e+00	9.007014e+01	3.577091e+02
1.406990e+00	1.319151e+00	4.244636e+02	6.418219e+02
1.516469e+00	1.226410e+00	1.086842e+02	6.781177e+02
1.500671e+00	1.238457e+00	2.657438e+02	2.499380e+02
1.512609e+00	1.229062e+00	1.940596e+02	3.407020e+01
1.386161e+00	1.338616e+00	7.782284e+02	3.037881e+02
1.371002e+00	1.353370e+00	5.464433e+02	2.431083e+02
1.397432e+00	1.328106e+00	6.155291e+02	4.059472e+02
1.370263e+00	1.354031e+00	3.391225e+01	3.631396e+02
1.473061e+00	1.261118e+00	3.316226e+02	2.393120e+02
1.562381e+00	1.191944e+00	4.135404e+02	3.693496e+02
1.420285e+00	1.306805e+00	6.721349e+02	5.212732e+02
1.488199e+00	1.248587e+00	2.311269e+02	7.372472e+02
1.441572e+00	1.288246e+00	3.241381e+02	2.899146e+03
1.445300e+00	1.284640e+00	1.033079e+02	6.404961e+02
1.427539e+00	1.300293e+00	3.946629e+02	1.476965e+02
1.427305e+00	1.300597e+00	6.453481e+02	4.476832e+02
1.662438e+00	1.124899e+00	3.324730e+02	1.482222e+02
1.381887e+00	1.342714e+00	1.487105e+02	2.792363e+02
1.414103e+00	1.312790e+00	1.503351e+03	2.734374e+02
1.543666e+00	1.205336e+00	1.605418e+02	1.102206e+02
1.372512e+00	1.352002e+00	2.847042e+01	1.037650e+03
1.466308e+00	1.266757e+00	3.632783e+02	1.143052e+02
1.457753e+00	1.274150e+00	3.991668e+02	1.365426e+03
1.400652e+00	1.324772e+00	2.167433e+02	2.565652e+02
1.368175e+00	1.355873e+00	9.625604e+01	4.918550e+02
1.571469e+00	1.185554e+00	3.825512e+02	7.519577e+02
1.371334e+00	1.353094e+00	4.629660e+02	1.424508e+03
1.480819e+00	1.254422e+00	7.497008e+01	3.836056e+02
1.493409e+00	1.244615e+00	1.267984e+03	1.948186e+01
1.582179e+00	1.177884e+00	7.923610e+02	1.635760e+02
1.402131e+00	1.323530e+00	6.254036e+02	2.842184e+02
1.592297e+00	1.170633e+00	1.129254e+02	6.202992e+02
1.524606e+00	1.219876e+00	1.085213e+02	3.628269e+02
1.544197e+00	1.205123e+00	2.294226e+02	2.122483e+02
1.417214e+00	1.309937e+00	6.403328e+02	6.691996e+02
1.421227e+00	1.306007e+00	1.478113e+03	1.173784e+02
1.506121e+00	1.234374e+00	5.467395e+01	6.016382e+02
1.542348e+00	1.206579e+00	5.170427e+00	1.857828e+03
1.457008e+00	1.274942e+00	3.916628e+02	1.226111e+03
1.463822e+00	1.268780e+00	5.956511e+02	4.220427e+02
1.477593e+00	1.257473e+00	1.049760e+03	5.251207e+02
1.534483e+00	1.212545e+00	3.312602e+01	5.108927e+02
1.474394e+00	1.259966e+00	3.450708e+02	1.950852e+01
1.579212e+00	1.179715e+00	1.271248e+01	6.152100e+02
1.436631e+00	1.292332e+00	9.247384e+02	6.324981e+02
1.474822e+00	1.259522e+00	9.040820e+01	6.923946e+02
1.398421e+00	1.327022e+00	6.441442e+01	1.572381e+03
1.389253e+00	1.335641e+00	2.952871e+02	3.106154e+01
1.367618e+00	1.356954e+00	1.098131e+03	1.880152e+03
1.634439e+00	1.142585e+00	3.534202e+02	1.004218e+03
1.521229e+00	1.222787e+00	1.094596e+02	1.265221e+03
1.424846e+00	1.302435e+00	1.205425e+02	1.040993e+02
1.572311e+00	1.184699e+00	9.435284e+01	3.202441e+02
1.734737e+00	1.081522e+00	2.205619e+01	6.955487e+02
1.394910e+00	1.330196e+00	1.458637e+02	6.241978e+02
1.435532e+00	1.293152e+00	1.428305e+02	6.724105e+02
1.452936e+00	1.277917e+00	3.298277e+02	5.470239e+01
1.435867e+00	1.292952e+00	6.893736e+02	2.424795e+02
1.521698e+00	1.222302e+00	2.338356e+02	3.746067e+02
1.532767e+00	1.213874e+00	5.399029e+02	3.714882e+02
1.508555e+00	1.232320e+00	7.397622e+01	6.281397e+02
1.395934e+00	1.329634e+00	1.759881e+03	4.006831e+02
1.522577e+00	1.221633e+00	3.726988e+01	7.916384e+02
1.562830e+00	1.191714e+00	8.812171e+02	8.273956e+02
1.458175e+00	1.273748e+00	1.385062e+02	1.731430e+03
1.393564e+00	1.331482e+00	3.045142e+02	3.667647e+02
1.410848e+00	1.315586e+00	3.366309e+01	1.438594e+03
1.433359e+00	1.295197e+00	1.184371e+03	2.813003e+02
1.560104e+00	1.193306e+00	8.577898e+01	1.914567e+02
1.403819e+00	1.322002e+00	5.482011e+02	2.769294e+01
1.492933e+00	1.244826e+00	7.566128e+02	9.074570e+01
1.513824e+00	1.228212e+00	7.270244e+00	3.414352e+02
1.421017e+00	1.305905e+00	5.050442e+01	1.695510e+02
1.503490e+00	1.236539e+00	5.854226e+02	4.604671e+02
1.470087e+00	1.263436e+00	3.669116e+02	4.704652e+02
1.368173e+00	1.356099e+00	1.984734e+02	2.721629e+02
1.483473e+00	1.252423e+00	9.019565e+01	5.574405e+02
1.362341e+00	1.362041e+00	5.404025e+02	8.762777e+02
1.405532e+00	1.320351e+00	8.102852e+01	6.637437e+02
1.695709e+00	1.104505e+00	3.627732e+02	5.013627e+02
1.625447e+00	1.148479e+00	4.953698e+01	6.141467e+02
1.575486e+00	1.182577e+00	2.206368e+02	9.167913e+02
1.555735e+00	1.196852e+00	2.303202e+02	1.321193e+03
1.378757e+00	1.345815e+00	1.378533e+02	9.237181e+02
1.511413e+00	1.230588e+00	4.904129e+02	1.556873e+03
1.373939e+00	1.350397e+00	5.981697e+01	8.148759e+02
1.362199e+00	1.362105e+00	1.415234e+03	1.797286e+02
1.480801e+00	1.254468e+00	7.383363e+01	5.915941e+02
1.523458e+00	1.220814e+00	7.822016e+02	6.342729e+02
1.388838e+00	1.335983e+00	1.253874e+03	6.988209e+01
1.569095e+00	1.186825e+00	5.961762e+01	7.776306e+01
1.576454e+00	1.182004e+00	5.973852e+02	4.583856e+02
1.441647e+00	1.287981e+00	1.263597e+03	3.643945e+02
1.558967e+00	1.194307e+00	5.778729e+01	3.160419e+02
1.473142e+00	1.261129e+00	4.948140e+02	1.007198e+03
1.426603e+00	1.301129e+00	4.748939e+02	1.326943e+02
1.467071e+00	1.266222e+00	6.710271e+02	6.779784e+02
1.578324e+00	1.180407e+00	3.102786e+01	2.880602e+02
1.464384e+00	1.268452e+00	4.242216e+01	1.208809e+03
1.391447e+00	1.333544e+00	2.063425e+02	2.264124e+02
1.458632e+00	1.273142e+00	5.373910e+02	6.264364e+02
1.421671e+00	1.305542e+00	8.076398e+02	2.090055e+02
1.515606e+00	1.226752e+00	1.107924e+02	3.974833e+02
1.446531e+00	1.283528e+00	2.684101e+02	1.831694e+02
1.485080e+00	1.251384e+00	8.033746e+02	1.419452e+02
1.658407e+00	1.127214e+00	1.845523e+02	9.041945e+01
1.518095e+00	1.224847e+00	1.277043e+02	7.118793e+02
1.571125e+00	1.185869e+00	8.381681e+02	1.841482e+03
1.529730e+00	1.216278e+00	4.665253e+02	8.227013e+01
1.528301e+00	1.217161e+00	1.925209e+02	3.335861e+02
1.374206e+00	1.350008e+00	5.321342e+02	5.504517e+02
1.362258e+00	1.362153e+00	8.327857e+02	9.949576e+01
1.364366e+00	1.359851e+00	2.893213e+02	1.696562e+02
1.463266e+00	1.269152e+00	6.721925e+02	3.384469e+02
1.389243e+00	1.335880e+00	9.090658e+02	2.997076e+02
1.481080e+00	1.254336e+00	2.647348e+02	3.322299e+02
1.418300e+00	1.308458e+00	2.532902e+02	2.306379e+02
1.378076e+00	1.346496e+00	4.376598e+02	8.253789e+02
1.460458e+00	1.271662e+00	3.000723e+02	1.900042e+02
1.420305e+00	1.306707e+00	5.458391e+01	2.824184e+02
1.604414e+00	1.162518e+00	2.189460e+02	3.134996e+02
1.471000e+00	1.262600e+00	7.381431e+02	8.484229e+01
1.454516e+00	1.277092e+00	6.349899e+02	2.051215e+03
1.411998e+00	1.314472e+00	2.937319e+02	3.903869e+02
1.657561e+00	1.127522e+00	1.991238e+02	1.310257e+02
1.666309e+00	1.122163e+00	8.225392e+01	7.883241e+01
1.418549e+00	1.308109e+00	2.466035e+02	3.164206e+02
1.509109e+00	1.231983e+00	1.424627e+02	3.588647e+02
1.565528e+00	1.189484e+00	1.716474e+02	2.523568e+01
1.524017e+00	1.220528e+00	5.273527e+02	1.667941e+02
1.549296e+00	1.201570e+00	6.791865e+02	1.726368e+02
1.473474e+00	1.260608e+00	2.008291e+01	5.962093e+02
1.374448e+00	1.349917e+00	5.585689e+02	8.801226e+02
1.366957e+00	1.357277e+00	3.587809e+02	6.771608e+02
1.614568e+00	1.155841e+00	8.181714e+02	1.881336e+03
1.479735e+00	1.255339e+00	2.819640e+01	4.563276e+02
1.470411e+00	1.263411e+00	3.456824e+02	6.047482e+02
1.405561e+00	1.320372e+00	9.254300e+02	6.175990e+02
1.369576e+00	1.354649e+00	5.056990e+02	1.536460e+02
1.379128e+00	1.345077e+00	2.249334e+02	2.550212e+01
1.606541e+00	1.161084e+00	2.826573e+01	4.249906e+02
1.388753e+00	1.336486e+00	1.326335e+03	4.059437e+01
1.402994e+00	1.322635e+00	2.497153e+02	5.962370e+02
1.564920e+00	1.190226e+00	3.588926e+02	7.174845e+02
1.462149e+00	1.270417e+00	2.679069e+02	8.956617e+02
1.639418e+00	1.139465e+00	3.456718e+02	5.855059e+02
1.525298e+00	1.219436e+00	5.129302e+01	5.018427e+02
1.582632e+00	1.177459e+00	5.226047e+01	2.952171e+02
1.449735e+00	1.280688e+00	1.368854e+02	6.332875e+02
1.440200e+00	1.289020e+00	4.033010e+02	6.135744e+02
1.434553e+00	1.294065e+00	2.693945e+02	6.885824e+02
1.400388e+00	1.325140e+00	6.198097e+02	6.047500e+02
1.424206e+00	1.303136e+00	3.199564e+02	1.511216e+02
1.405472e+00	1.320472e+00	3.358214e+02	9.437723e+02
1.453166e+00	1.277786e+00	3.536618e+01	6.559499e+02
1.440956e+00	1.288403e+00	8.273587e+02	8.661343e+00
1.477984e+00	1.257111e+00	3.550275e+02	5.685137e+01
1.481571e+00	1.254051e+00	3.671847e+02	1.166164e+02
1.498994e+00	1.240336e+00	8.317428e+01	1.752173e+03
1.428026e+00	1.299677e+00	2.447957e+02	3.605273e+00
1.407870e+00	1.318019e+00	2.093363e+02	6.609903e+01
1.524669e+00	1.220052e+00	1.758304e+02	4.347411e+02
1.537871e+00	1.210135e+00	8.181259e+02	1.296916e+02
1.451114e+00	1.279602e+00	4.701258e+01	7.969222e+02
1.430130e+00	1.297904e+00	9.364434e+02	7.965675e+01
1.419478e+00	1.307798e+00	1.017625e+03	2.011789e+02
1.594928e+00	1.168816e+00	4.103797e+01	5.842300e+02
1.522353e+00	1.221814e+00	4.565702e+02	2.148335e+03
1.430682e+00	1.297545e+00	9.996641e+02	7.843830e+01
1.362213e+00	1.361650e+00	4.449850e+01	3.125636e+02
1.534958e+00	1.212246e+00	3.849151e+02	9.204632e+02
1.375057e+00	1.349269e+00	5.931919e+02	5.180195e+02
1.435519e+00	1.293288e+00	1.227747e+01	6.826012e+02
1.390045e+00	1.334820e+00	4.231965e+02	1.762706e+02
1.539167e+00	1.209145e+00	5.353798e+02	6.324008e+02
1.514018e+00	1.228179e+00	5.254303e+02	7.367502e+02
1.434999e+00	1.293772e+00	3.089799e+02	1.086385e+03
1.412730e+00	1.313857e+00	7.437988e+02	6.245270e+02
1.499495e+00	1.239558e+00	4.138625e+02	1.913557e+02
1.477674e+00	1.257103e+00	1.320989e+02	2.233951e+02
1.494869e+00	1.243599e+00	4.633769e+01	1.677270e+03
1.509703e+00	1.231539e+00	1.034252e+02	4.936326e+02
1.424472e+00	1.302985e+00	3.629889e+02	9.553146e+02
1.424003e+00	1.303279e+00	1.728377e+02	2.704414e+02
1.378256e+00	1.346198e+00	9.156498e+01	5.656344e+02
1.412459e+00	1.313927e+00	8.806586e+01	1.289671e+03
1.491899e+00	1.245637e+00	1.103571e+02	1.267816e+03
1.376444e+00	1.347933e+00	7.210975e+01	3.488635e+02
1.687662e+00	1.109236e+00	6.234912e+00	1.140342e+03
1.386461e+00	1.338221e+00	3.432680e+02	2.114899e+02
1.459604e+00	1.272417e+00	4.687042e+02	5.175766e+01
1.432811e+00	1.295590e+00	4.396449e+02	1.178919e+03
1.395034e+00	1.330160e+00	3.010687e+00	6.177157e+02
1.460506e+00	1.271668e+00	4.666285e+02	3.140458e+02
1.477771e+00	1.257312e+00	5.934788e+02	9.894911e+02
1.428348e+00	1.299723e+00	2.207381e+02	1.597640e+03
1.369542e+00	1.354685e+00	4.049725e+02	7.756621e+01
1.424840e+00	1.302771e+00	3.554990e+01	1.240642e+03
1.676430e+00	1.116112e+00	9.482539e+01	2.388854e+02
1.386723e+00	1.337931e+00	8.789532e+01	8.381956e+02
1.366048e+00	1.358493e+00	2.441303e+02	1.419815e+03
1.632740e+00	1.143837e+00	2.547175e+02	9.252483e+02
1.406344e+00	1.319724e+00	5.415052e+02	7.732821e+02
1.502805e+00	1.236833e+00	1.490128e+01	2.846817e+02
1.433211e+00	1.295257e+00	4.888574e+01	1.175640e+03
1.459885e+00	1.271861e+00	2.019471e+01	1.389988e+02
1.448315e+00	1.282028e+00	8.017537e+02	2.359238e+02
1.484909e+00	1.251447e+00	6.445451e+02	3.735278e+02
1.439753e+00	1.289455e+00	1.323059e+01	8.863664e+02
1.468156e+00	1.265169e+00	2.854519e+02	3.740568e+02
1.392404e+00	1.332612e+00	6.311931e+02	4.758595e+02
1.442626e+00	1.287077e+00	4.613288e+02	2.470446e+02
1.606471e+00	1.161047e+00	1.021670e+02	1.934034e+02
1.368768e+00	1.355494e+00	1.417146e+02	3.452804e+02
1.461644e+00	1.270778e+00	6.823678e+02	1.221315e+02
1.501792e+00	1.237587e+00	8.138352e+01	2.820968e+02
1.590517e+00	1.172059e+00	5.661439e+02	8.429916e+02
1.453166e+00	1.278162e+00	8.914268e+01	9.406867e+02
1.473070e+00	1.261050e+00	1.059745e+02	1.606960e+03
1.474713e+00	1.259527e+00	2.274549e+02	3.260076e+02
1.377261e+00	1.347210e+00	4.956364e+02	4.561236e+02
1.529475e+00	1.216118e+00	9.352080e+01	2.915486e+02
1.383387e+00	1.341360e+00	3.653925e+02	3.518082e+02
1.453402e+00	1.277731e+00	6.535510e+02	3.752605e+02
1.530396e+00	1.215659e+00	3.428915e+02	7.939442e+02
1.519927e+00	1.223732e+00	2.802650e+02	2.291350e+02
1.422503e+00	1.304975e+00	1.123146e+03	2.066676e+02
1.522792e+00	1.221345e+00	1.910200e+02	9.708303e+02
1.460236e+00	1.271831e+00	7.176449e+02	3.261131e+02
1.533383e+00	1.213559e+00	1.866463e+02	1.236710e+03
1.448201e+00	1.282152e+00	6.457245e+02	1.123796e+02
1.374516e+00	1.349783e+00	2.168540e+02	2.403471e+02
1.471895e+00	1.262085e+00	5.241753e+02	1.058081e+02
1.406361e+00	1.319598e+00	3.477986e+02	1.066938e+03
1.405897e+00	1.319993e+00	2.642895e+02	4.098020e+02
1.558810e+00	1.194385e+00	2.288502e+02	1.391770e+01
1.377303e+00	1.347357e+00	2.582746e+02	1.080059e+03
1.600944e+00	1.165022e+00	2.673157e+02	1.241166e+02
1.627705e+00	1.146897e+00	1.905421e+02	9.608253e+01
1.615323e+00	1.155178e+00	2.631411e+01	1.971859e+03
1.497303e+00	1.241297e+00	1.474845e+02	5.309200e+01
1.498646e+00	1.240601e+00	1.200433e+03	1.293527e+03
1.402066e+00	1.323563e+00	1.736934e+02	9.337407e+02
1.387626e+00	1.337118e+00	2.900457e+02	8.428659e+02
1.398083e+00	1.327135e+00	5.648901e+01	2.262315e+02
1.510593e+00	1.231001e+00	5.361745e+02	1.605605e+03
1.415109e+00	1.311247e+00	2.908510e+01	2.159854e+02
1.503400e+00	1.236462e+00	8.875231e+01	1.354121e+03
1.406188e+00	1.319621e+00	3.759925e+02	1.884454e+02
1.372702e+00	1.351995e+00	7.908296e+02	4.796976e+02
1.683675e+00	1.111665e+00	1.307732e+02	3.751463e+00
1.503587e+00	1.236247e+00	3.659905e+02	2.576834e+00
1.584670e+00	1.175937e+00	3.566137e+02	9.264790e+00
1.436353e+00	1.292377e+00	4.745907e+02	4.361851e+01
1.392617e+00	1.332662e+00	1.263284e+03	4.883050e+02
1.380784e+00	1.343649e+00	4.632394e+02	1.797409e+02
1.433400e+00	1.295218e+00	4.216098e+02	9.868533e+02
1.404417e+00	1.321057e+00	7.133747e+01	5.956040e+02
1.465934e+00	1.267264e+00	1.012288e+02	1.334013e+03
1.568396e+00	1.187512e+00	1.290872e+02	5.752589e+02
1.615503e+00	1.155089e+00	1.949492e+02	1.490091e+02
1.468774e+00	1.264567e+00	1.119623e+02	1.830783e+02
1.503537e+00	1.236385e+00	2.406011e+02	3.662529e+02
1.538095e+00	1.209942e+00	6.682960e+02	8.311518e+02
1.405283e+00	1.320572e+00	7.740766e+02	1.817449e+02
1.560896e+00	1.192983e+00	1.437655e+02	1.492476e+03
1.429779e+00	1.298567e+00	6.730002e+02	7.958338e+02
1.397928e+00	1.327266e+00	3.233924e+02	2.480823e+02
1.455899e+00	1.275816e+00	2.210440e+02	1.555945e+03
1.431695e+00	1.296839e+00	8.422388e+01	1.467432e+03
1.530477e+00	1.215624e+00	4.202229e+02	1.840166e+02
1.434738e+00	1.294151e+00	6.789687e+02	5.516237e+02
1.398007e+00	1.327306e+00	2.775723e+02	9.557606e+01
1.541105e+00	1.207452e+00	1.723105e+02	3.351358e+01
1.432391e+00	1.295870e+00	3.008743e+02	3.083958e+02
1.405120e+00	1.321038e+00	1.417230e+03	2.868387e+02
1.410644e+00	1.315786e+00	7.751130e+02	4.217046e+02
1.519282e+00	1.224038e+00	3.616189e+02	1.689691e+02
1.486834e+00	1.249654e+00	3.534272e+02	1.277551e+02
1.383203e+00	1.341700e+00	4.043174e+02	1.080593e+03
1.489442e+00	1.247614e+00	7.967201e+01	7.658350e+02
1.450637e+00	1.279921e+00	1.222076e+01	4.517354e+02
1.393400e+00	1.331906e+00	9.054654e+01	1.700834e+03
1.576352e+00	1.182026e+00	1.707824e+02	8.276358e+02
1.516619e+00	1.226192e+00	3.137135e+01	8.126902e+02
1.453294e+00	1.277532e+00	1.633905e+01	3.541332e+02
1.368248e+00	1.356052e+00	1.093304e+03	4.507292e+01
1.443221e+00	1.286495e+00	4.092231e+02	4.883330e+01
1.428711e+00	1.299375e+00	2.028190e+02	1.400853e+03
1.553244e+00	1.198405e+00	1.313971e+02	8.677215e+01
1.487532e+00	1.249303e+00	6.334504e+02	1.070292e+03
1.505577e+00	1.234941e+00	7.642463e+02	2.574760e+02
1.480505e+00	1.255003e+00	2.202695e+02	9.346914e+02
1.444641e+00	1.285191e+00	1.098462e+03	1.098387e+01
1.417869e+00	1.308774e+00	3.158372e+02	1.058007e+02
1.602459e+00	1.163762e+00	1.970900e+02	1.800610e+03
1.431807e+00	1.296406e+00	2.418986e+02	2.799137e+02
1.491072e+00	1.246329e+00	4.235512e+02	5.693804e+02
1.419285e+00	1.307710e+00	2.364877e+02	1.427917e+03
1.440005e+00	1.289296e+00	8.911799e+02	6.900869e+02
1.403310e+00	1.322356e+00	1.536764e+01	3.186441e+02
1.369180e+00	1.355225e+00	4.661912e+00	1.331996e+03
1.501521e+00	1.238141e+00	1.531604e+02	1.270463e+03
1.591704e+00	1.171248e+00	6.183626e+01	1.791677e+03
1.400745e+00	1.324755e+00	4.182861e+02	8.878414e+02
1.581149e+00	1.178736e+00	9.677529e+02	1.725320e+03
1.370806e+00	1.353445e+00	1.455358e+02	3.096271e+02
1.647694e+00	1.133900e+00	8.204337e+01	4.864500e+02
1.447864e+00	1.282319e+00	1.603083e+02	2.459137e+02
1.423857e+00	1.303447e+00	2.708600e+02	3.704284e+02
1.557264e+00	1.195606e+00	5.120195e+02	8.617351e+01
1.439464e+00	1.290027e+00	5.364766e+02	5.886278e+02
1.462445e+00	1.269723e+00	2.817069e+02	5.186689e+01
1.600159e+00	1.165638e+00	1.338471e+01	1.667144e+03
1.394179e+00	1.330908e+00	2.157011e+02	3.012102e+02
1.376122e+00	1.348227e+00	4.735041e+02	9.558766e+00
1.525565e+00	1.219382e+00	3.326853e+02	3.629942e+02
1.367591e+00	1.356897e+00	2.686980e+02	8.114615e+02
1.504783e+00	1.235545e+00	6.987949e+02	2.820950e+02
1.366186e+00	1.357942e+00	2.900421e+02	1.224088e+02
1.479854e+00	1.255604e+00	6.224195e+02	1.121111e+03
1.419698e+00	1.307423e+00	6.309197e+02	1.072090e+03
1.378903e+00	1.345786e+00	7.902717e+02	1.076917e+03
1.484892e+00	1.251043e+00	1.818922e+02	5.424626e+01
1.379974e+00	1.344721e+00	1.011770e+02	1.499684e+03
1.502265e+00	1.237670e+00	5.179951e+02	6.234885e+02
1.368280e+00	1.355826e+00	6.849245e+02	1.994069e+02
1.376643e+00	1.347703e+00	3.279279e+02	6.260440e+01
1.586438e+00	1.175003e+00	3.182593e+02	2.817842e+01
1.442911e+00	1.286553e+00	2.571483e+02	2.290661e+02
1.483352e+00	1.252435e+00	3.113200e+02	2.197316e+02
1.387213e+00	1.337600e+00	2.729670e+02	5.062894e+02
1.450214e+00	1.280169e+00	7.319646e+02	9.183750e+00
1.487906e+00	1.249043e+00	3.987235e+01	6.959657e+02
1.394401e+00	1.330662e+00	1.407211e+02	4.649393e+02
1.594640e+00	1.169157e+00	1.630890e+02	5.027066e+01
1.614814e+00	1.155447e+00	5.370618e+02	3.357811e+02
1.661477e+00	1.125199e+00	2.923154e+02	1.036979e+02
1.539284e+00	1.209014e+00	3.015998e+02	3.428883e+02
1.549355e+00	1.201298e+00	3.962246e+02	4.559959e+02
1.435699e+00	1.293053e+00	1.395644e+02	4.094844e+02
1.455394e+00	1.275667e+00	7.925553e+01	4.849752e+02
1.487595e+00	1.249149e+00	1.967841e+02	3.515496e+02
1.409601e+00	1.316412e+00	1.800594e+02	1.566232e+02
1.388638e+00	1.336457e+00	2.175712e+03	1.909968e+02
1.524602e+00	1.220186e+00	2.328304e+02	1.348472e+03
1.611736e+00	1.157482e+00	2.954432e+01	7.540256e+02
1.377519e+00	1.346978e+00	4.007824e+02	6.540345e+01
1.483552e+00	1.252602e+00	4.581816e+02	1.390713e+03
1.543233e+00	1.205783e+00	4.630308e+01	1.985107e+02
1.410663e+00	1.315591e+00	2.256446e+02	6.297088e+02
1.468328e+00	1.265147e+00	4.792664e+02	1.395319e+03
1.444167e+00	1.285709e+00	2.582800e+02	8.386928e+02
1.473212e+00	1.260874e+00	1.555683e+02	5.206445e+02
1.402431e+00	1.323109e+00	1.670965e+02	3.191115e+02
1.621124e+00	1.151323e+00	1.092995e+03	5.945899e+02
1.472023e+00	1.261800e+00	1.328938e+02	1.771850e+02
1.539320e+00	1.209059e+00	8.820901e+01	2.644994e+03
1.400752e+00	1.324793e+00	9.378465e+01	3.795716e+02
1.509583e+00	1.231750e+00	2.325515e+02	1.044802e+03
1.561411e+00	1.192609e+00	9.300879e+01	1.847764e+03
1.369653e+00	1.355115e+00	1.469679e+03	1.283544e+03
1.486968e+00	1.249704e+00	2.114536e+01	5.132353e+02
1.411328e+00	1.314879e+00	5.822778e+02	5.816435e+02
1.436292e+00	1.292285e+00	1.833074e+02	3.486478e+02
1.551669e+00	1.199504e+00	2.746487e+02	8.684246e+01
1.372213e+00	1.352015e+00	1.089035e+02	3.519912e+02
1.444873e+00	1.284912e+00	6.115654e+01	3.719586e+02
1.421784e+00	1.305478e+00	2.815389e+02	2.548832e+02
1.422023e+00	1.305488e+00	9.343004e+02	1.201699e+02
1.567866e+00	1.188229e+00	3.074652e+02	1.956117e+03
1.470884e+00	1.262526e+00	5.753297e+01	2.888003e+02
1.488744e+00	1.248139e+00	1.682743e+02	1.515092e+02
1.446272e+00	1.283702e+00	2.190445e+02	6.685357e+02
1.475180e+00	1.259284e+00	3.237895e+02	4.663403e+02
1.676650e+00	1.115828e+00	7.103080e+01	3.532732e+02
1.420618e+00	1.306747e+00	9.728229e+02	1.935777e+02
1.415190e+00	1.311347e+00	7.074267e+01	6.105947e+02
1.646724e+00	1.134575e+00	7.057468e+01	7.863919e+02
1.405104e+00	1.320632e+00	9.167188e+01	3.088773e+02
1.443133e+00	1.286443e+00	7.452734e+02	5.376444e+02
1.541294e+00	1.207509e+00	5.454428e+01	1.321030e+03
1.474330e+00	1.260082e+00	1.016176e+03	4.063566e+02
1.471769e+00	1.262297e+00	5.744296e+02	2.569013e+02
1.527358e+00	1.217723e+00	1.970719e+02	3.154932e+02
1.373997e+00	1.350554e+00	4.962430e+02	2.826266e+03
1.430838e+00	1.297414e+00	5.951748e+02	5.815017e+02
1.372747e+00	1.351680e+00	1.073893e+03	2.065404e+01
1.480345e+00	1.254981e+00	1.783683e+02	3.698645e+02
1.423550e+00	1.303720e+00	3.590531e+02	7.023664e+02
1.367965e+00	1.355954e+00	2.548543e+02	8.014781e+01
1.395355e+00	1.329932e+00	1.098424e+03	1.248531e+00
1.423080e+00	1.304554e+00	4.093572e+02	9.836986e+02
1.544804e+00	1.204786e+00	2.151726e+02	9.029429e+02
1.521852e+00	1.221845e+00	3.479815e+01	1.376042e+02
1.438471e+00	1.290685e+00	1.420050e+02	4.944243e+02
1.458231e+00	1.273631e+00	3.997444e+02	4.575905e+02
1.388513e+00	1.336393e+00	7.866112e+02	4.730067e+02
1.379951e+00	1.344598e+00	6.559796e+02	2.377265e+02
1.440385e+00	1.289051e+00	7.786592e+02	3.809895e+02
1.576307e+00	1.182095e+00	3.300453e+02	6.075209e+02
1.411440e+00	1.314977e+00	1.512882e+03	1.419448e+02
1.406383e+00	1.319454e+00	3.967698e+02	8.120471e+01
1.520585e+00	1.223289e+00	4.910756e+02	1.633185e+03
1.384859e+00	1.339790e+00	9.028019e+01	1.063480e+03
1.575363e+00	1.182618e+00	5.890779e+02	4.195141e+02
1.372965e+00	1.351314e+00	6.838955e+02	8.658647e+02
1.539992e+00	1.208327e+00	4.278299e+02	1.162331e+02
1.462181e+00	1.270363e+00	1.249737e+02	1.824896e+03
1.418145e+00	1.308797e+00	3.252678e+02	6.803276e+02
1.486388e+00	1.250229e+00	5.053867e+02	1.495311e+02
1.461200e+00	1.271124e+00	2.357440e+02	1.939643e+02
1.517079e+00	1.225885e+00	1.140503e+02	1.297651e+03
1.495319e+00	1.243120e+00	1.914847e+03	7.066107e+01
1.577319e+00	1.181336e+00	2.290739e+02	2.929880e+02
1.596461e+00	1.167985e+00	2.556103e+02	4.698383e+02
1.516393e+00	1.226230e+00	4.449496e+02	1.326820e+03
1.505240e+00	1.235412e+00	5.712079e+01	3.002930e+03
1.440683e+00	1.288375e+00	2.625764e+02	9.539274e+01
1.504733e+00	1.235353e+00	4.650376e+02	1.297936e+01
1.389260e+00	1.335567e+00	7.536026e+02	1.099646e+02
1.429884e+00	1.298215e+00	2.411220e+02	2.005628e+02
1.501901e+00	1.237431e+00	1.120127e+02	8.707735e+01
1.572261e+00	1.185159e+00	8.354086e+02	1.450915e+03
1.421856e+00	1.305349e+00	3.381499e+02	3.351020e+02
1.366137e+00	1.358033e+00	6.544276e+02	1.282245e+02
1.380070e+00	1.344479e+00	1.988430e+02	9.776347e+02
1.635628e+00	1.141790e+00	4.859691e+01	1.525153e+03
1.574387e+00	1.183604e+00	3.929092e+02	1.213607e+03
1.427721e+00	1.300244e+00	6.173581e+02	1.195636e+03
1.419421e+00	1.307597e+00	3.756704e+02	2.333461e+02
1.445190e+00	1.284601e+00	1.557703e+02	2.475490e+02
1.531915e+00	1.214408e+00	1.096360e+02	8.326182e+02
1.513827e+00	1.228267e+00	9.220444e+02	5.557131e+01
1.425408e+00	1.302554e+00	1.181656e+03	3.514074e+02
1.390882e+00	1.334116e+00	1.287880e+03	2.769796e+02
1.576372e+00	1.181995e+00	5.762664e+02	4.849300e+02
1.376324e+00	1.348170e+00	4.193752e+02	4.681139e+01
1.508757e+00	1.232306e+00	7.967123e+02	3.679122e+01
1.623128e+00	1.149894e+00	5.944333e+01	4.073736e+02
1.611973e+00	1.157207e+00	1.415952e+02	2.252402e+02
1.507239e+00	1.233275e+00	1.648272e+02	4.315662e+02
1.561728e+00	1.192267e+00	1.234806e+02	3.282663e+02
1.377944e+00	1.346520e+00	7.133322e+01	1.116827e+03
1.434438e+00	1.294076e+00	1.269562e+03	1.592435e+02
1.372578e+00	1.351608e+00	4.041203e+02	1.197808e+02
1.377166e+00	1.347201e+00	3.245155e+02	3.133298e+02
1.579332e+00	1.179816e+00	4.143822e+02	6.349867e+02
1.423225e+00	1.304175e+00	1.197636e+02	1.372239e+02
1.483693e+00	1.252373e+00	5.065245e+02	1.152623e+03
1.459337e+00	1.272777e+00	1.137397e+02	1.859678e+03
1.373572e+00	1.350724e+00	4.562653e+02	1.688256e+02
1.401383e+00	1.324269e+00	5.511419e+02	5.117396e+02
1.388130e+00	1.336704e+00	1.722445e+01	1.009680e+03
1.581766e+00	1.177979e+00	6.152865e+01	1.944359e+02
1.528490e+00	1.217138e+00	5.862398e+02	8.872611e+02
1.460809e+00	1.271272e+00	8.334594e+02	3.282239e+01
1.610612e+00	1.158261e+00	3.035474e+01	8.981926e+02
1.367124e+00	1.357160e+00	4.058153e+02	8.802093e+01
1.437083e+00	1.291810e+00	1.459936e+02	8.601171e+02
1.541575e+00	1.207407e+00	8.438272e+01	1.753164e+03
1.381139e+00	1.343549e+00	1.003011e+03	6.816442e+02
1.603991e+00	1.162630e+00	9.091203e+01	9.603088e+02
1.395294e+00	1.329982e+00	1.221975e+02	1.137018e+03
1.423080e+00	1.304434e+00	5.529503e+02	4.622306e+01
1.459874e+00	1.272184e+00	4.983472e+01	1.397159e+03
1.521055e+00	1.222831e+00	4.028408e+02	4.343701e+02
1.540120e+00	1.208371e+00	4.383849e+02	6.651525e+02
1.501415e+00	1.238201e+00	7.955935e+02	1.302636e+02
1.545223e+00	1.204339e+00	1.179143e+01	1.282571e+02
1.428069e+00	1.299899e+00	9.853827e+02	1.919028e+00
1.594049e+00	1.169363e+00	5.941686e+01	5.143337e+02
1.456182e+00	1.275105e+00	2.140554e+02	1.611356e+02
1.475750e+00	1.258946e+00	3.382354e+02	1.101904e+03
1.440289e+00	1.289095e+00	1.062143e+03	2.189794e+02
1.429611e+00	1.298494e+00	2.577549e+02	5.557152e+02
1.576489e+00	1.181758e+00	4.211252e+02	3.214807e+01
1.395594e+00	1.329489e+00	7.528771e+02	3.180251e+02
1.553425e+00	1.198438e+00	3.995509e+02	6.759743e+02
1.524046e+00	1.220692e+00	3.316718e+02	1.442780e+03
1.453683e+00	1.277335e+00	3.251686e+02	4.554602e+02
1.369876e+00	1.354426e+00	3.524339e+01	1.816781e+02
1.442244e+00	1.287241e+00	3.674348e+02	6.830110e+02
1.436229e+00	1.292555e+00	2.715961e+02	3.987395e+02
1.409522e+00	1.316863e+00	7.608871e+02	7.426448e+02
1.467389e+00	1.265768e+00	4.143891e+01	6.036853e+02
1.397691e+00	1.327824e+00	7.681598e+02	7.580406e+02
1.497578e+00	1.241114e+00	2.398651e+02	1.376767e+02
1.402545e+00	1.322952e+00	1.089570e+02	1.958758e+02
1.461816e+00	1.270850e+00	7.084013e+02	4.003421e+02
1.381083e+00	1.343505e+00	5.006208e+02	4.491993e+02
1.629398e+00	1.145920e+00	2.865185e+01	5.580592e+02
1.389129e+00	1.335750e+00	2.940782e+02	7.924011e+02
1.503037e+00	1.236681e+00	7.792241e+01	5.678825e+02
1.532599e+00	1.213771e+00	5.369199e+01	9.734949e+01
1.499306e+00	1.239644e+00	1.132721e+02	6.999137e+02
1.371466e+00	1.352959e+00	2.980311e+02	8.291626e+02
1.419669e+00	1.307459e+00	1.469794e+03	1.016780e+02
1.385724e+00	1.338829e+00	1.474360e+02	2.480499e+02
1.381984e+00	1.342641e+00	6.262920e+02	4.588722e+02
1.537598e+00	1.210160e+00	1.918621e+02	1.259730e+03
1.496779e+00	1.242110e+00	5.688525e+02	2.390452e+03
1.420839e+00	1.306540e+00	3.187158e+02	1.632047e+03
1.507067e+00	1.233518e+00	1.856283e+02	2.605275e+02
1.474445e+00	1.260066e+00	2.253157e+02	1.216156e+03
1.424981e+00	1.302671e+00	5.162668e+02	2.959975e+01
1.419240e+00	1.307825e+00	3.136451e+02	7.002482e+02
1.491115e+00	1.246582e+00	9.104999e+01	1.627883e+03
1.513173e+00	1.228864e+00	5.016021e+02	1.610801e+02
1.384547e+00	1.340180e+00	7.654457e+02	4.592121e+02
1.410166e+00	1.316230e+00	1.345276e+02	1.128169e+03
1.433699e+00	1.294924e+00	2.260465e+01	7.198986e+02
1.384980e+00	1.339374e+00	1.011036e+02	1.150648e+02
1.403889e+00	1.321757e+00	3.772063e+02	2.117869e+02
1.423155e+00	1.304133e+00	1.230773e+02	6.301274e+02
1.378105e+00	1.346674e+00	1.653863e+03	1.272335e+03
1.487992e+00	1.249000e+00	9.016944e+02	1.685495e+01
1.476221e+00	1.258501e+00	2.890104e+02	1.163043e+02
1.637826e+00	1.140367e+00	3.777366e+01	1.951088e+03
1.501078e+00	1.238319e+00	1.063561e+02	3.828554e+02
1.378876e+00	1.345793e+00	6.309531e+02	9.976702e+02
1.381101e+00	1.343808e+00	5.239600e+02	1.304484e+03
1.523655e+00	1.220944e+00	6.973419e+02	5.701674e+02
1.647300e+00	1.134207e+00	4.477691e+01	7.078547e+02
1.633990e+00	1.142780e+00	1.552539e+02	4.349933e+02
1.443161e+00	1.286715e+00	6.401882e+02	6.451323e+02
1.573073e+00	1.184173e+00	1.116351e+02	3.971160e+02
1.528048e+00	1.217412e+00	1.259007e+02	1.208846e+03
1.595597e+00	1.168410e+00	7.160645e+01	2.508003e+02
1.482190e+00	1.253417e+00	9.066946e+01	9.061627e+02
1.600135e+00	1.165193e+00	1.133773e+02	2.001340e+02
1.487504e+00	1.249583e+00	1.787179e+03	1.172767e+02
1.461297e+00	1.271098e+00	1.017561e+02	2.290531e+03
1.681843e+00	1.112782e+00	5.869262e+00	6.577379e+02
1.634638e+00	1.142412e+00	1.219515e+02	4.541406e+02
1.444378e+00	1.285473e+00	1.894621e+02	1.131288e+03
1.555346e+00	1.197097e+00	2.788114e+02	1.483583e+03
1.520286e+00	1.223527e+00	1.103211e+03	1.387407e+02
1.380768e+00	1.343582e+00	2.464760e+01	2.984031e+02
1.451311e+00	1.279400e+00	7.624246e+00	5.959680e+02
1.407258e+00	1.318721e+00	7.786720e+02	1.118216e+02
1.380797e+00	1.343467e+00	7.871609e+02	1.567163e+02
1.445421e+00	1.284340e+00	3.695282e+01	5.353127e+02
1.425825e+00	1.301668e+00	7.258761e+01	3.179710e+02
1.509807e+00	1.231291e+00	4.318920e+00	6.459920e+02
1.456328e+00	1.275219e+00	6.448207e+02	5.766176e+02
1.372765e+00	1.351716e+00	1.460278e+02	1.349918e+03
1.551190e+00	1.200206e+00	2.054544e+02	3.175047e+02
1.452788e+00	1.278192e+00	2.381079e+02	2.648879e+03
1.435609e+00	1.293074e+00	2.671876e+02	8.215110e+01
1.525927e+00	1.219042e+00	1.863145e+02	7.397377e+02
1.454569e+00	1.276579e+00	2.514753e+02	4.754468e+02
1.574621e+00	1.183046e+00	5.454972e+02	1.864186e+02
1.559002e+00	1.194363e+00	3.903477e+02	1.630905e+02
1.479798e+00	1.255497e+00	7.206904e+02	1.733726e+02
1.563351e+00	1.191274e+00	9.757305e+01	5.756081e+02
1.612062e+00	1.157047e+00	1.036688e+02	2.932168e+02
1.396415e+00	1.328970e+00	8.591124e+02	4.345191e+02
1.620909e+00	1.151467e+00	2.944979e+02	1.679778e+02
1.428853e+00	1.299183e+00	5.166637e+02	6.954314e+02
1.466719e+00	1.266419e+00	6.134115e+02	4.560458e+02
1.387505e+00	1.337771e+00	1.190646e+03	7.035094e+02
1.390381e+00	1.334361e+00	4.702875e+01	3.827668e+02
1.614519e+00	1.155693e+00	2.096752e+02	8.154699e+02
1.449384e+00	1.281153e+00	5.039928e+02	2.599535e+02
1.442785e+00	1.286835e+00	2.641464e+02	1.066333e+03
1.404539e+00	1.321173e+00	2.718342e+02	3.464429e+02
1.560937e+00	1.192963e+00	2.206936e+02	4.251921e+02
1.458099e+00	1.273548e+00	5.546533e+01	4.385550e+02
1.512316e+00	1.229345e+00	2.931422e+02	1.303219e+02
1.470090e+00	1.263283e+00	3.065165e+02	1.839156e+02
1.590216e+00	1.172185e+00	5.285446e+02	4.032116e+02
1.414780e+00	1.311710e+00	3.393022e+02	1.549809e+02
1.504677e+00	1.235586e+00	6.182406e+02	6.753964e+02
1.498307e+00	1.240444e+00	2.364974e+02	1.084193e+03
1.602483e+00	1.163904e+00	1.484950e+02	2.467399e+02
1.364508e+00	1.359874e+00	1.563341e+02	5.071469e+02
1.524155e+00	1.220358e+00	2.969649e+01	5.400496e+02
1.380146e+00	1.344209e+00	3.144107e+02	3.374039e+01
1.413065e+00	1.313406e+00	5.236141e+02	2.745512e+01
1.495584e+00	1.242595e+00	6.469468e+02	2.986894e+02
1.375296e+00	1.349133e+00	5.015239e+02	1.166279e+02
1.555291e+00	1.197378e+00	1.092390e+02	8.989717e+02
1.445232e+00	1.284853e+00	9.194723e+02	2.355933e+02
1.531266e+00	1.215164e+00	6.603499e+02	5.261297e+02
1.566585e+00	1.188962e+00	1.121195e+02	1.344277e+03
1.363831e+00	1.360333e+00	7.902567e+02	2.078735e+02
1.410370e+00	1.315974e+00	5.814780e+02	5.619102e+01
1.531396e+00	1.214864e+00	3.961024e+02	1.552133e+02
1.439655e+00	1.289832e+00	4.947345e+02	7.849158e+02
1.393670e+00	1.331436e+00	2.981460e+02	4.615786e+02
1.369709e+00	1.354921e+00	7.649677e+02	3.401654e+02
1.437760e+00	1.291011e+00	4.100786e+01	6.176538e+02
1.417060e+00	1.309567e+00	7.223538e+01	4.287066e+02
1.455132e+00	1.276227e+00	8.800214e+02	1.749965e+02
1.428408e+00	1.299651e+00	2.826864e+02	4.294077e+02
1.485060e+00	1.251191e+00	4.023701e+02	5.755288e+01
1.584471e+00	1.176165e+00	2.026989e+02	1.253326e+03
1.397979e+00	1.327230e+00	2.358850e+02	8.267923e+01
1.373658e+00	1.350730e+00	6.687422e+02	5.339461e+02
1.453527e+00	1.277654e+00	4.231424e+02	5.840828e+01
1.396398e+00	1.328617e+00	8.763438e+01	3.465275e+02
1.413591e+00	1.313080e+00	8.272868e+02	4.527456e+02
1.404898e+00	1.320771e+00	5.513888e+02	2.348260e+02
1.438509e+00	1.290192e+00	1.307046e+02	3.989685e+01
1.364476e+00	1.359713e+00	2.407391e+02	3.501442e+02
1.465928e+00	1.267211e+00	6.813185e+02	2.424332e+02
1.405253e+00	1.320398e+00	1.007127e+01	9.808706e+02
1.632846e+00	1.143677e+00	3.428225e+01	1.694328e+03
1.381659e+00	1.342993e+00	4.169908e+02	1.852451e+02
1.486935e+00	1.249550e+00	3.203329e+02	1.107075e+03
1.414963e+00	1.311564e+00	5.287161e+01	5.206509e+02
1.548738e+00	1.201642e+00	1.848966e+01	3.270641e+02
1.463937e+00	1.268728e+00	1.292296e+02	6.762387e+02
1.413392e+00	1.312837e+00	2.251193e+02	2.327237e+02
1.476435e+00	1.258188e+00	2.271496e+02	2.527429e+02
1.602751e+00	1.163575e+00	7.264333e+01	6.275519e+02
1.470758e+00	1.262887e+00	3.355583e+02	3.254994e+01
1.440080e+00	1.289075e+00	6.932829e+01	1.372289e+03
1.472830e+00	1.261221e+00	3.650203e+02	4.077718e+01
1.381001e+00	1.343693e+00	5.332407e+02	5.300697e+02
1.438977e+00	1.290186e+00	1.788707e+02	2.802885e+02
1.405066e+00	1.320834e+00	8.503196e+02	1.829286e+01
1.384906e+00	1.340042e+00	9.532675e+02	7.932854e+02
1.577650e+00	1.180887e+00	1.280108e+02	7.205567e+01
1.397166e+00	1.328196e+00	6.105862e+02	4.150601e+02
1.488935e+00	1.248085e+00	2.659084e+02	2.046167e+02
1.529185e+00	1.216574e+00	3.724492e+02	2.725148e+01
1.596071e+00	1.168099e+00	2.520594e+02	1.210190e+02
1.563226e+00	1.191400e+00	2.734896e+02	3.662866e+02
1.577593e+00	1.181165e+00	2.829403e+02	1.138559e+03
1.412070e+00	1.314110e+00	9.491980e+01	2.198941e+02
1.517177e+00	1.225789e+00	3.720872e+02	5.708257e+02
1.373175e+00	1.351241e+00	1.806655e+02	1.131759e+03
1.381808e+00	1.342666e+00	2.745977e+02	1.075638e+02
1.463891e+00	1.268801e+00	1.103276e+03	6.422793e+01
1.455343e+00	1.276060e+00	3.962625e+02	7.863758e+02
1.491744e+00	1.245701e+00	5.332317e+02	3.931565e+02
1.404252e+00	1.321688e+00	2.685942e+01	6.189823e+02
1.403914e+00	1.322108e+00	2.972664e+02	1.686489e+03
1.394743e+00	1.330454e+00	3.858917e+02	1.371476e+03
1.576588e+00	1.181764e+00	1.012656e+02	3.255418e+02
1.646442e+00	1.134783e+00	2.054915e+01	5.702569e+02
1.601546e+00	1.164606e+00	1.784955e+02	1.258606e+03
1.389242e+00	1.335569e+00	7.568709e+02	2.365748e+02
1.401032e+00	1.324337e+00	7.964906e+01	3.033489e+02
1.701573e+00	1.100806e+00	2.003751e+02	2.849522e+01
1.512210e+00	1.229754e+00	4.457094e+01	2.159171e+03
1.471950e+00	1.261800e+00	6.015577e+02	7.377378e+01
1.453464e+00	1.277584e+00	2.110590e+01	1.460721e+03
1.395235e+00	1.330169e+00	3.651010e+02	1.231520e+03
1.606341e+00	1.160936e+00	2.265528e+01	2.420437e+02
1.390650e+00	1.334205e+00	8.680156e+01	4.173059e+02
1.466648e+00	1.266516e+00	2.690019e+02	2.555589e+02
1.430916e+00	1.297368e+00	4.386348e+02	5.614403e+02
1.451981e+00	1.278927e+00	4.693958e+02	6.220364e+02
1.460800e+00	1.271171e+00	1.119791e+02	2.453557e+02
1.507217e+00	1.233441e+00	1.922827e+02	1.684210e+02
1.519551e+00	1.224034e+00	2.045024e+02	4.060189e+02
1.632462e+00	1.143691e+00	1.121143e+02	1.770188e+02
1.476019e+00	1.258935e+00	1.799255e+03	2.655923e+02
1.458800e+00	1.272914e+00	6.692275e+02	1.076802e+02
1.470735e+00	1.262895e+00	2.237770e+02	3.672728e+01
1.369032e+00	1.355457e+00	2.069036e+02	1.150474e+03
1.622866e+00	1.150131e+00	4.546679e+01	6.083321e+02
1.501194e+00	1.238403e+00	1.240929e+02	1.323959e+03
1.443130e+00	1.286493e+00	3.832046e+01	7.490285e+02
1.539651e+00	1.208453e+00	5.435611e+02	1.834492e+02
1.400084e+00	1.325228e+00	1.189866e+02	2.530545e+02
1.428499e+00	1.299567e+00	1.880468e+02	1.622728e+03
1.550033e+00	1.200966e+00	1.804584e+02	2.773780e+02
1.422328e+00	1.304983e+00	6.973839e+01	9.487489e+02
1.364431e+00	1.359971e+00	9.615310e+02	6.383164e+02
1.380234e+00	1.344227e+00	1.007461e+02	5.858111e+02
1.580965e+00	1.178664e+00	3.236834e+02	1.095518e+02
1.605052e+00	1.162163e+00	2.101554e+02	4.739161e+02
1.427907e+00	1.300003e+00	3.339717e+02	9.292178e+02
1.506333e+00	1.234256e+00	3.384800e+02	1.060260e+03
1.463680e+00	1.269103e+00	9.171125e+02	1.248206e+02
1.533077e+00	1.213489e+00	8.563827e+01	1.083612e+03
1.632633e+00	1.143691e+00	6.654408e+02	5.310960e+02
1.454659e+00	1.276652e+00	7.815374e+02	8.382984e+02
1.443686e+00	1.285864e+00	1.424822e+02	3.684878e+02
1.466227e+00	1.266702e+00	3.313550e+02	3.440827e+02
1.494812e+00	1.243281e+00	2.952730e+01	1.066900e+03
1.370139e+00	1.354041e+00	2.310149e+02	1.619739e+02
1.422533e+00	1.304871e+00	4.338805e+01	1.760357e+03
1.470965e+00	1.262666e+00	5.115086e+02	1.166591e+02
1.455915e+00	1.275495e+00	1.138704e+03	2.575349e+02
1.465933e+00	1.266990e+00	9.145297e+02	9.849869e+01
1.541661e+00	1.207024e+00	1.099409e+02	2.329506e+02
1.370351e+00	1.353895e+00	3.353195e+02	2.268608e+02
1.609023e+00	1.159295e+00	1.717854e+02	1.663176e+02
1.477990e+00	1.256923e+00	1.602308e+02	8.469798e+02
1.467172e+00	1.266040e+00	4.851752e+02	6.325022e+02
1.464250e+00	1.268551e+00	4.938158e+02	1.185534e+03
1.512434e+00	1.229592e+00	1.002620e+03	4.215641e+02
1.385911e+00	1.338796e+00	6.130570e+02	7.110035e+02
1.407419e+00	1.318593e+00	3.736811e+02	1.156414e+03
1.596622e+00	1.167845e+00	1.286027e+02	1.714128e+03
1.377676e+00	1.346887e+00	4.608971e+02	2.918977e+01
1.389060e+00	1.335949e+00	4.292207e+02	1.053722e+03
1.589855e+00	1.172456e+00	1.344413e+02	4.994501e+02
1.383670e+00	1.341167e+00	1.082287e+03	4.182910e+01
1.497399e+00	1.241107e+00	2.870629e+02	2.111755e+02
1.559663e+00	1.194030e+00	3.003252e+02	3.643127e+02
1.386605e+00	1.338276e+00	9.853365e+02	1.058729e+02
1.487285e+00	1.249361e+00	2.125422e+02	3.486244e+02
1.402694e+00	1.322961e+00	3.875622e+02	2.876196e+02
1.413087e+00	1.313231e+00	9.658903e+01	5.114166e+02
1.442317e+00	1.287202e+00	1.089840e+02	5.224872e+02
1.387797e+00	1.337147e+00	1.147257e+02	4.003085e+02
1.389900e+00	1.335152e+00	7.379945e+02	7.938659e+02
1.481555e+00	1.254012e+00	6.336536e+02	2.135714e+02
1.544242e+00	1.205378e+00	1.149809e+02	1.683541e+03
1.498478e+00	1.240322e+00	4.261965e+02	2.042743e+02
1.465760e+00	1.267157e+00	1.177301e+02	2.199754e+02
1.705991e+00	1.098126e+00	1.119992e+02	4.608446e+01
1.474555e+00	1.260077e+00	7.545812e+02	8.906842e+02
1.435662e+00	1.293020e+00	2.738280e+02	2.549000e+02
1.530832e+00	1.215288e+00	4.191371e+02	9.941608e+02
1.485713e+00	1.250437e+00	2.924890e+01	9.451470e+01
1.416280e+00	1.310129e+00	6.512550e+00	2.914524e+02
1.439579e+00	1.289754e+00	2.493043e+02	1.749650e+03
1.429815e+00	1.298285e+00	1.263365e+02	1.310328e+03
1.517770e+00	1.225166e+00	1.773450e+02	7.105492e+02
1.430983e+00	1.297010e+00	2.360185e+02	1.024138e+03
1.366302e+00	1.357823e+00	6.808104e+02	2.313809e+02
1.394744e+00	1.330135e+00	1.085991e+02	4.837296e+02
1.476335e+00	1.258440e+00	7.000591e+02	1.806722e+02
1.603870e+00	1.162818e+00	1.370308e+02	2.844946e+02
1.423581e+00	1.303903e+00	5.056100e+02	5.983923e+01
1.516378e+00	1.226533e+00	6.126791e+02	6.029453e+02
1.421542e+00	1.305571e+00	6.289477e+02	4.809868e+02
1.524206e+00	1.220444e+00	5.937764e+02	7.359570e+01
1.362316e+00	1.361888e+00	4.831006e+02	1.069961e+02
1.578585e+00	1.180279e+00	2.145509e+02	1.776907e+02
1.455782e+00	1.275515e+00	2.049259e+02	4.964617e+01
1.389414e+00	1.335417e+00	2.052073e+02	3.163376e+02
1.389188e+00	1.335750e+00	8.348356e+01	4.016902e+02
1.397223e+00	1.327815e+00	2.056273e+02	1.976245e+02
1.488374e+00	1.248775e+00	1.104320e+03	1.062852e+02
1.404378e+00	1.321431e+00	8.671255e+01	4.499354e+02
1.595182e+00	1.168729e+00	2.137743e+02	1.474673e+03
1.405211e+00	1.320981e+00	3.969191e+01	3.247974e+03
1.485040e+00	1.251124e+00	2.077553e+02	3.095777e+02
1.551933e+00	1.199459e+00	1.430629e+02	1.882195e+02
1.376273e+00	1.348072e+00	3.267494e+02	1.452472e+02
1.367198e+00	1.357283e+00	1.041258e+03	3.223666e+02
1.616171e+00	1.154470e+00	6.584383e+01	6.059766e+02
1.508598e+00	1.232314e+00	3.162260e+01	2.843223e+02
