# mass_1_msun	mass_2_msun	lambda_1	lambda_2
2.018417e+00	1.453480e+00	8.644966e+02	3.425982e+03
2.442289e+00	1.224336e+00	8.855529e+02	3.782423e+03
1.851205e+00	1.578463e+00	9.046956e+02	1.202802e+03
2.749858e+00	1.104957e+00	9.191162e+01	7.122147e+03
2.002793e+00	1.464935e+00	1.572040e+02	3.287018e+03
2.517147e+00	1.191986e+00	4.043043e+02	1.466207e+03
2.134492e+00	1.379991e+00	4.860194e+01	1.402466e+03
2.255833e+00	1.312689e+00	1.622777e+02	4.165883e+03
2.164951e+00	1.363108e+00	1.007771e+03	2.608102e+03
1.751280e+00	1.666163e+00	3.417742e+02	8.299432e+02
2.262211e+00	1.309775e+00	9.846326e+02	2.646720e+03
1.922193e+00	1.521972e+00	1.516354e+03	6.293810e+02
3.030912e+00	1.021096e+00	8.079489e+00	9.638905e+03
2.736650e+00	1.110748e+00	2.021002e+03	2.169120e+03
1.961153e+00	1.494473e+00	3.008432e+03	3.524911e+03
2.029430e+00	1.446564e+00	3.411481e+02	4.680522e+03
2.171235e+00	1.358075e+00	1.526327e+02	3.686297e+03
2.545740e+00	1.181113e+00	5.554792e+02	4.055625e+03
1.897060e+00	1.541536e+00	8.608686e+02	1.529170e+02
2.602465e+00	1.159051e+00	1.721869e+02	6.079361e+03
2.523125e+00	1.189924e+00	3.894343e+01	2.243379e+03
2.190380e+00	1.348638e+00	9.167347e+02	7.462795e+03
2.740274e+00	1.109967e+00	2.472520e+02	5.247895e+03
2.526434e+00	1.188125e+00	2.070151e+02	5.355016e+03
1.947712e+00	1.502597e+00	1.443719e+03	4.704966e+02
2.412490e+00	1.236386e+00	2.704772e+02	5.284381e+03
1.994426e+00	1.471589e+00	2.893057e+03	2.954682e+02
1.889124e+00	1.547026e+00	3.411719e+02	1.707468e+02
2.087489e+00	1.409034e+00	2.430363e+03	1.773478e+02
1.862584e+00	1.569518e+00	6.204093e+02	3.405909e+03
2.063529e+00	1.424954e+00	1.962161e+03	1.505291e+03
2.138609e+00	1.378002e+00	9.241265e+02	1.147288e+03
1.890062e+00	1.547150e+00	8.571226e+01	5.868682e+02
2.035187e+00	1.443102e+00	2.520216e+03	2.148063e+03
1.956024e+00	1.497546e+00	6.877063e+02	1.410035e+03
2.029223e+00	1.445623e+00	2.092580e+02	1.963927e+03
2.239178e+00	1.321550e+00	6.801046e+02	2.024481e+03
1.982035e+00	1.479424e+00	1.251754e+03	6.013286e+03
1.920470e+00	1.523492e+00	6.105311e+02	2.688052e+02
1.876095e+00	1.557804e+00	5.497645e+02	3.075390e+02
1.722580e+00	1.693463e+00	1.307821e+02	1.593166e+00
2.057079e+00	1.428362e+00	1.030039e+03	4.479993e+03
2.556323e+00	1.176634e+00	3.039810e+02	4.146573e+03
1.862124e+00	1.568990e+00	2.105776e+02	2.002676e+02
2.669290e+00	1.133388e+00	1.281845e+02	7.807573e+03
1.722847e+00	1.692715e+00	1.663632e+03	8.624018e+02
2.408675e+00	1.238481e+00	7.067531e+02	4.082023e+03
1.831073e+00	1.595359e+00	6.416930e+02	4.155853e+02
1.911971e+00	1.529154e+00	1.401678e+03	1.747889e+02
2.379189e+00	1.251778e+00	3.493517e+01	4.728476e+02
2.482448e+00	1.206637e+00	2.427926e+02	2.518631e+03
2.695702e+00	1.124547e+00	7.604186e+01	9.408172e+03
2.261021e+00	1.310006e+00	2.161482e+02	3.833391e+02
2.602083e+00	1.158783e+00	1.237764e+02	7.353369e+03
2.584027e+00	1.165470e+00	1.815996e+02	7.305417e+03
1.763369e+00	1.655397e+00	2.308955e+03	2.649285e+02
2.122759e+00	1.387139e+00	7.691670e+02	4.697530e+03
2.303290e+00	1.288805e+00	7.924423e+02	4.568455e+03
2.198035e+00	1.344121e+00	7.130909e+00	7.487583e+03
2.495386e+00	1.200689e+00	9.035497e+02	1.567211e+03
1.920789e+00	1.522367e+00	1.523652e+03	2.356034e+02
2.068299e+00	1.421528e+00	1.481582e+03	3.949926e+02
1.890496e+00	1.545949e+00	2.490673e+02	2.933497e+03
2.623022e+00	1.150906e+00	1.194511e+02	6.555159e+03
2.661881e+00	1.136189e+00	3.055076e+02	6.779740e+03
2.484256e+00	1.205918e+00	2.488454e+02	8.814683e+03
1.950798e+00	1.500901e+00	7.697046e+02	9.891092e+01
1.997374e+00	1.467649e+00	2.235583e+02	1.565843e+03
2.295255e+00	1.294009e+00	4.803578e+02	4.875242e+03
1.976398e+00	1.482299e+00	2.560435e+03	6.795616e+03
2.025727e+00	1.447931e+00	1.228449e+02	1.396869e+03
2.548271e+00	1.179402e+00	2.714494e+02	3.880014e+03
2.491189e+00	1.202630e+00	1.893807e+02	3.620034e+03
2.416162e+00	1.235358e+00	4.928059e+02	1.960713e+03
1.950544e+00	1.501121e+00	2.823939e+02	3.960775e+03
2.153985e+00	1.368540e+00	6.220389e+02	1.497835e+03
2.583774e+00	1.166109e+00	4.891844e+02	3.262483e+03
2.652423e+00	1.139509e+00	1.685630e+02	7.051192e+03
1.848916e+00	1.579440e+00	5.357497e+02	1.884784e+03
2.216790e+00	1.332863e+00	1.193495e+01	1.173082e+03
2.436473e+00	1.226862e+00	2.528577e+01	2.692017e+03
2.699990e+00	1.122820e+00	3.800384e+01	8.068764e+03
1.725875e+00	1.690890e+00	5.479943e+02	4.586489e+02
2.096046e+00	1.403267e+00	3.695559e+02	1.165741e+03
2.286504e+00	1.296808e+00	1.311431e+01	7.024451e+02
2.613046e+00	1.155104e+00	6.473518e+02	5.080273e+03
1.957720e+00	1.496348e+00	1.666914e+03	3.504252e+03
1.724745e+00	1.692070e+00	1.382555e+03	1.528590e+03
2.748525e+00	1.106460e+00	7.789995e+02	1.333456e+03
2.485175e+00	1.205641e+00	6.516059e+02	1.266753e+03
2.534352e+00	1.184866e+00	1.350311e+02	5.219509e+02
2.514958e+00	1.192699e+00	5.973028e+02	1.848554e+03
2.475913e+00	1.209442e+00	1.577407e+02	2.007977e+03
2.434078e+00	1.226871e+00	1.343313e+03	8.275468e+03
2.060997e+00	1.425251e+00	3.654723e+02	3.150718e+02
1.982892e+00	1.477851e+00	2.682284e+03	3.708051e+02
1.920068e+00	1.523603e+00	6.740523e+02	1.677794e+03
2.500551e+00	1.198974e+00	2.532955e+01	3.222148e+03
2.162501e+00	1.363902e+00	7.773167e+02	5.708094e+03
2.033213e+00	1.444087e+00	2.113398e+02	6.567515e+03
2.057226e+00	1.428003e+00	2.911193e+02	3.075655e+02
2.371708e+00	1.255135e+00	5.402862e+02	2.137101e+03
2.424429e+00	1.231017e+00	6.695760e+01	5.353745e+03
2.254196e+00	1.313840e+00	2.495402e+02	4.028625e+03
2.558986e+00	1.175786e+00	1.017675e+03	2.477725e+03
1.753409e+00	1.663622e+00	1.787390e+01	5.638223e+02
1.782226e+00	1.637922e+00	3.968976e+02	2.720787e+03
1.924509e+00	1.520692e+00	4.213793e+00	1.416850e+03
1.942820e+00	1.507259e+00	1.371119e+03	1.239106e+03
1.953167e+00	1.498364e+00	1.239908e+03	6.623605e+02
2.199413e+00	1.343210e+00	2.757765e+02	7.327298e+02
1.853001e+00	1.576151e+00	1.265667e+02	4.645182e+02
2.080613e+00	1.413144e+00	8.191041e+02	2.006958e+02
2.435509e+00	1.228260e+00	2.602807e+03	5.878441e+03
2.138011e+00	1.379457e+00	3.875552e+02	6.382361e+03
2.285559e+00	1.297706e+00	5.215895e+02	2.974184e+03
1.870574e+00	1.561671e+00	8.298316e+02	2.029325e+02
1.734644e+00	1.681659e+00	1.959162e+02	4.135176e+02
2.174071e+00	1.358160e+00	6.972498e+02	8.849712e+03
1.963883e+00	1.490845e+00	4.938834e+02	8.702421e+01
2.380348e+00	1.251746e+00	2.320537e+01	2.415983e+03
2.138443e+00	1.379343e+00	8.665630e+02	6.493048e+03
2.729629e+00	1.112112e+00	2.204718e+01	6.251340e+03
2.271025e+00	1.305111e+00	2.928964e+01	3.904761e+03
2.472390e+00	1.210358e+00	2.118776e+02	3.869462e+03
1.934071e+00	1.512988e+00	1.168788e+01	8.444673e+02
1.713175e+00	1.703558e+00	8.559134e+02	2.227439e+03
2.279719e+00	1.301042e+00	9.016046e+02	2.961091e+03
2.475320e+00	1.209711e+00	6.858482e+01	3.107562e+03
1.768162e+00	1.651774e+00	2.596709e+03	1.407896e+03
2.048148e+00	1.434612e+00	1.888388e+03	3.557181e+00
2.555519e+00	1.177054e+00	1.249570e+02	5.500488e+03
2.143937e+00	1.374404e+00	2.730157e+02	1.443042e+01
2.238532e+00	1.322720e+00	8.251096e+02	2.984699e+03
1.875046e+00	1.559542e+00	7.379296e+02	3.397862e+03
1.887608e+00	1.549564e+00	6.330729e+02	3.127343e+03
2.298844e+00	1.291611e+00	9.878441e+02	1.886026e+03
2.502970e+00	1.198165e+00	7.301743e+01	2.750907e+03
1.939754e+00	1.509551e+00	2.439648e+02	1.389685e+03
2.096264e+00	1.404374e+00	2.565359e+01	6.848557e+03
2.013650e+00	1.457071e+00	6.255678e+02	4.100947e+03
1.968059e+00	1.488276e+00	5.720859e+02	2.747145e+02
2.028890e+00	1.447329e+00	1.338195e+02	2.124551e+03
1.997809e+00	1.468601e+00	1.060726e+03	5.309273e+03
1.827681e+00	1.597463e+00	3.010591e+02	2.703642e+03
2.281265e+00	1.299221e+00	2.247398e+02	8.849821e+01
2.493739e+00	1.201797e+00	2.638602e+02	4.415155e+03
1.746583e+00	1.670866e+00	3.994812e+02	4.937284e+02
2.284238e+00	1.298526e+00	1.059361e+03	6.123808e+02
1.926306e+00	1.518091e+00	4.540265e+02	3.650218e+02
2.107820e+00	1.396598e+00	1.233665e+03	2.027530e+03
2.525304e+00	1.188513e+00	1.014819e+02	5.580119e+02
2.183599e+00	1.352086e+00	7.993217e+01	6.892306e+02
2.071117e+00	1.419622e+00	2.171316e+03	2.186409e+03
1.741937e+00	1.675605e+00	8.487382e+02	2.285388e+03
1.825347e+00	1.599488e+00	1.207243e+03	8.446158e+01
2.029375e+00	1.447026e+00	1.450011e+03	9.937648e+02
2.120472e+00	1.389749e+00	2.596727e+02	2.168581e+03
2.685730e+00	1.128072e+00	9.011902e+00	6.823469e+03
2.083338e+00	1.411254e+00	3.833755e+02	4.132781e+03
2.423736e+00	1.231405e+00	1.078540e+02	4.624397e+00
2.435087e+00	1.226428e+00	7.711675e+01	1.448678e+02
2.147154e+00	1.373179e+00	1.193631e+03	2.890896e+03
2.470757e+00	1.211513e+00	9.567065e+01	3.114098e+03
1.955576e+00	1.498496e+00	4.944336e+01	5.195055e+03
1.903748e+00	1.536535e+00	9.854137e+02	1.002420e+03
2.517818e+00	1.191679e+00	5.394570e+02	8.650988e+03
2.593660e+00	1.162064e+00	3.327293e+02	7.543108e+03
2.009594e+00	1.459606e+00	3.933913e+02	7.203191e+01
2.497303e+00	1.200173e+00	4.361567e+02	4.240203e+03
1.809672e+00	1.613402e+00	3.092270e+02	4.540072e+02
2.590266e+00	1.163513e+00	5.447899e+02	9.457259e+03
1.946873e+00	1.503784e+00	6.212618e+02	5.123251e+02
1.985316e+00	1.476405e+00	4.604238e+02	6.070662e+02
1.834384e+00	1.591764e+00	3.798107e+02	2.735047e+02
2.067064e+00	1.421313e+00	3.264177e+02	4.790888e+02
2.655490e+00	1.139264e+00	8.852225e+02	3.177097e+03
1.841100e+00	1.587011e+00	6.472766e+02	8.024053e+02
2.701650e+00	1.122460e+00	1.139200e+02	1.030134e+03
1.712408e+00	1.703358e+00	2.308477e+02	1.023489e+02
2.650340e+00	1.141666e+00	1.251424e+03	8.067353e+02
2.556673e+00	1.176578e+00	5.442839e+02	9.344844e+03
2.697159e+00	1.123505e+00	1.368102e+02	8.010132e+03
2.030561e+00	1.444444e+00	1.207902e+01	2.394633e+03
2.013545e+00	1.456722e+00	2.094949e+02	9.586318e+02
2.528911e+00	1.187448e+00	2.267825e+02	8.565088e+03
1.754835e+00	1.662922e+00	1.130706e+03	7.559160e+02
2.605097e+00	1.157680e+00	4.342128e+02	4.281496e+03
2.141020e+00	1.376431e+00	7.017780e+02	4.400116e+03
2.581475e+00	1.166724e+00	3.114958e+02	4.333729e+03
2.555182e+00	1.177408e+00	1.464062e+02	7.485980e+03
1.853308e+00	1.577663e+00	2.529306e+03	2.700110e+03
1.813988e+00	1.609347e+00	1.923401e+02	5.687779e+02
1.772146e+00	1.646691e+00	2.601190e+02	1.666678e+02
2.094342e+00	1.404689e+00	9.726077e+02	3.271097e+02
1.980969e+00	1.479535e+00	8.986558e+01	3.318649e+03
3.066578e+00	1.011046e+00	1.033130e+01	4.692985e+03
2.668256e+00	1.133351e+00	1.494062e+02	6.230714e+03
1.884473e+00	1.550705e+00	2.495738e+00	1.354284e+03
2.522085e+00	1.190428e+00	2.318807e+01	7.747773e+03
2.636522e+00	1.145331e+00	2.039376e+02	7.291543e+03
2.068302e+00	1.420948e+00	7.918358e+02	3.260839e+03
1.931548e+00	1.515284e+00	2.956634e+02	3.164272e+02
2.333338e+00	1.273721e+00	9.553419e+01	8.748499e+02
2.211570e+00	1.336885e+00	1.972689e+02	7.304776e+03
1.999711e+00	1.467261e+00	1.454630e+03	6.041439e+03
2.328980e+00	1.276276e+00	2.901550e+02	3.909177e+03
2.133045e+00	1.382144e+00	1.002105e+03	1.115111e+02
2.336936e+00	1.271965e+00	7.832117e+02	2.157020e+03
2.319786e+00	1.280772e+00	7.862560e+02	3.105707e+03
2.582960e+00	1.166247e+00	7.167191e+00	6.756250e+03
2.637026e+00	1.144699e+00	2.545631e+02	6.573022e+03
1.864824e+00	1.566717e+00	8.071985e+02	1.871948e+03
1.983813e+00	1.477995e+00	2.112539e+03	5.163464e+03
1.946748e+00	1.503960e+00	1.970744e+03	3.909965e+02
1.792171e+00	1.628171e+00	6.231716e+01	9.377244e+02
1.729131e+00	1.687012e+00	1.739840e+02	3.936735e+02
1.912917e+00	1.529339e+00	1.087712e+03	9.194418e+03
1.967500e+00	1.488419e+00	3.700507e+02	4.459059e+02
1.996189e+00	1.469209e+00	2.285637e+03	3.216802e+02
1.877553e+00	1.556844e+00	7.760797e+02	1.931830e+03
2.012571e+00	1.457110e+00	3.893144e+02	3.056333e+03
2.568796e+00	1.171549e+00	3.153852e+02	4.139756e+03
3.022189e+00	1.023020e+00	5.754235e+02	1.113102e+03
1.956045e+00	1.496987e+00	1.262963e+02	9.969851e+02
1.824918e+00	1.599592e+00	3.061812e+02	6.513142e+02
2.600529e+00	1.159852e+00	6.627193e+02	4.713700e+03
2.597635e+00	1.160757e+00	8.686109e+02	6.445203e+03
2.279930e+00	1.300422e+00	1.369248e+03	4.870948e+03
1.844576e+00	1.583358e+00	2.663188e+03	8.458179e+02
2.091775e+00	1.406194e+00	6.910454e+02	3.709815e+03
2.543027e+00	1.181941e+00	4.192365e+02	2.554242e+03
1.740145e+00	1.676237e+00	8.631994e+02	2.281602e+02
1.904410e+00	1.536552e+00	1.557991e+03	9.492096e+02
2.034650e+00	1.442505e+00	1.682458e+01	1.259959e+03
2.475271e+00	1.209213e+00	6.526213e+02	1.041587e+03
2.229161e+00	1.326632e+00	7.787062e+01	1.793688e+03
2.192658e+00	1.346446e+00	2.646027e+02	3.531789e+02
2.492704e+00	1.201930e+00	6.274121e+00	3.959251e+02
1.927776e+00	1.518129e+00	8.285063e+02	3.437270e+03
2.124571e+00	1.386190e+00	3.505377e+02	3.723412e+03
1.722378e+00	1.693488e+00	3.070419e+02	4.418231e+02
2.132854e+00	1.381115e+00	6.413616e+02	3.129787e+03
1.761193e+00	1.656821e+00	4.995624e+02	1.137446e+03
2.018723e+00	1.453450e+00	4.071388e+01	1.044836e+03
1.861879e+00	1.569608e+00	3.144294e+02	2.811049e+03
2.461318e+00	1.214853e+00	1.387602e+02	4.914930e+03
2.120968e+00	1.388142e+00	4.293129e+02	1.172138e+03
1.870419e+00	1.562362e+00	1.309158e+02	3.233674e+02
1.969367e+00	1.488028e+00	2.695279e+03	3.037760e+03
2.401428e+00	1.242111e+00	4.521993e+02	3.991174e+03
2.343481e+00	1.268819e+00	2.240899e+02	6.077121e+02
2.494005e+00	1.201299e+00	3.374913e+01	8.341601e+02
2.295330e+00	1.292852e+00	3.424437e+02	5.554262e+03
1.945878e+00	1.503886e+00	7.184413e+02	3.130299e+02
2.683055e+00	1.128078e+00	4.126136e+02	6.612827e+03
2.393834e+00	1.245148e+00	2.398745e+02	3.621999e+03
2.630464e+00	1.147231e+00	3.354613e+02	5.168401e+03
2.606301e+00	1.157530e+00	1.332109e+02	8.180647e+03
2.539361e+00	1.183502e+00	2.789876e+02	3.034767e+03
1.741739e+00	1.675033e+00	6.059706e+02	1.262177e+03
2.274710e+00	1.302644e+00	9.403996e+01	1.932628e+01
1.970708e+00	1.486313e+00	1.332215e+03	1.086834e+02
2.310195e+00	1.285983e+00	2.009758e+03	1.154689e+03
1.848825e+00	1.579862e+00	5.946988e+02	7.452640e+02
1.861106e+00	1.569108e+00	6.334784e+02	6.079857e+01
2.283583e+00	1.298338e+00	1.183244e+01	6.005531e+03
2.173044e+00	1.357524e+00	2.742920e+02	2.534653e+02
2.016700e+00	1.453921e+00	2.141617e+02	1.959419e+03
2.038419e+00	1.440488e+00	2.825853e+02	4.133614e+02
1.837525e+00	1.590514e+00	8.923492e+02	2.337018e+02
1.823027e+00	1.602334e+00	1.983752e+03	7.679466e+02
2.468784e+00	1.212346e+00	1.856163e+02	1.710512e+03
2.148288e+00	1.370840e+00	2.432446e+02	2.521769e+03
2.644839e+00	1.142928e+00	2.519705e+02	8.929048e+03
2.296078e+00	1.292146e+00	2.809831e+01	2.112818e+03
1.740088e+00	1.677286e+00	1.926637e+03	1.603315e+03
2.495708e+00	1.200249e+00	2.302370e+02	1.132285e+03
1.930783e+00	1.514722e+00	1.459933e+03	8.002456e+01
1.845672e+00	1.582549e+00	7.151563e+02	1.128650e+03
2.111325e+00	1.394393e+00	3.280921e+02	4.892616e+03
2.372672e+00	1.255092e+00	2.812502e+02	1.646208e+03
2.479977e+00	1.207608e+00	5.081377e+02	8.666327e+03
2.022405e+00	1.450943e+00	4.094725e+01	4.109475e+03
1.935216e+00	1.512629e+00	7.573060e+02	2.470624e+03
1.880297e+00	1.553890e+00	7.819562e+02	1.006285e+03
2.423712e+00	1.231519e+00	7.696855e+01	1.417666e+03
1.973091e+00	1.485279e+00	9.298783e+02	3.796035e+03
1.838662e+00	1.589669e+00	1.078321e+02	9.444913e+03
2.027087e+00	1.448212e+00	1.239977e+03	3.289928e+03
1.848916e+00	1.579440e+00	5.357497e+02	1.884784e+03
2.412700e+00	1.237147e+00	1.548937e+02	8.292150e+02
1.911894e+00	1.531556e+00	3.859968e+03	6.830944e+03
2.192466e+00	1.347164e+00	8.904255e+02	1.955870e+03
2.565598e+00	1.173035e+00	6.412413e+02	3.314580e+03
2.477894e+00	1.208055e+00	5.915356e+02	2.923329e+02
2.161907e+00	1.364327e+00	1.276466e+01	1.334663e+02
1.815082e+00	1.609033e+00	1.583301e+03	1.616738e+03
1.871774e+00	1.561282e+00	1.435972e+01	1.208596e+03
1.965316e+00	1.488922e+00	8.305488e+01	1.847491e+03
2.540442e+00	1.182841e+00	1.206855e+03	3.804652e+03
1.835932e+00	1.591157e+00	9.413657e+02	1.213590e+03
1.938551e+00	1.510497e+00	1.666120e+03	4.390421e+03
1.822175e+00	1.603645e+00	1.766094e+02	4.493889e+03
2.418662e+00	1.235423e+00	1.014166e+03	5.582167e+03
2.317913e+00	1.280971e+00	3.296818e+02	3.246565e+03
2.448635e+00	1.222053e+00	2.383338e+02	6.785715e+03
2.152310e+00	1.369611e+00	2.696873e+02	4.579939e+03
2.125719e+00	1.385721e+00	1.100106e+03	8.167691e+02
2.093521e+00	1.405151e+00	2.737063e+02	4.396048e+03
1.916075e+00	1.526374e+00	1.172946e+03	1.803532e+03
1.793587e+00	1.627474e+00	1.981335e+03	1.240660e+02
2.522316e+00	1.190104e+00	4.795816e+02	4.837238e+03
2.698653e+00	1.122648e+00	3.162423e+01	8.992791e+03
2.631665e+00	1.148663e+00	6.545326e+01	4.869671e+03
1.847962e+00	1.581327e+00	1.040426e+02	8.101305e+02
1.788284e+00	1.632559e+00	2.273328e+02	1.042202e+03
2.254411e+00	1.314120e+00	1.393225e+02	8.563918e+02
2.014099e+00	1.455582e+00	1.137558e+02	2.281560e+03
1.994471e+00	1.469754e+00	2.241913e+02	2.023553e+03
2.671215e+00	1.132236e+00	2.865471e+02	4.896681e+01
2.512830e+00	1.193993e+00	7.463843e+02	8.549487e+03
1.976208e+00	1.482616e+00	9.577868e+02	1.145458e+03
2.027312e+00	1.447889e+00	1.387393e+03	2.740086e+03
1.922413e+00	1.521987e+00	5.167198e+02	1.898501e+03
1.879008e+00	1.555490e+00	7.734945e+02	2.959581e+02
2.638559e+00	1.145704e+00	8.005763e+02	1.307708e+03
2.043708e+00	1.437001e+00	2.742649e+02	3.633198e+03
2.593936e+00	1.161600e+00	1.441477e+02	3.869791e+03
1.993602e+00	1.470256e+00	1.283939e+02	3.793817e+03
2.541607e+00	1.182373e+00	9.556207e+02	4.938763e+03
2.412027e+00	1.238157e+00	8.364960e+02	1.648999e+03
1.856071e+00	1.574516e+00	4.513056e+01	5.983300e+02
2.065688e+00	1.422827e+00	6.771492e+01	2.426813e+03
2.674164e+00	1.131550e+00	5.761574e+01	7.374545e+03
1.938098e+00	1.510321e+00	3.371082e+02	1.307838e+02
2.473083e+00	1.209920e+00	2.013494e+02	6.266724e+02
1.975505e+00	1.483003e+00	1.247010e+03	1.945747e+03
2.055183e+00	1.429892e+00	1.388487e+03	5.282618e+03
2.200062e+00	1.342218e+00	3.369285e+02	2.095001e+02
1.823441e+00	1.603355e+00	9.112672e+01	3.897258e+03
1.743914e+00	1.672300e+00	6.768424e+02	1.310500e+03
2.010335e+00	1.459181e+00	2.836776e+02	7.488575e+02
2.200477e+00	1.342659e+00	2.657212e+02	2.820390e+03
2.524843e+00	1.189112e+00	6.604989e+02	8.441860e+03
2.192763e+00	1.346235e+00	4.457048e+01	6.844580e+02
2.591948e+00	1.162329e+00	3.643210e+01	2.203942e+03
2.015135e+00	1.456039e+00	5.159592e+01	3.249735e+03
2.136457e+00	1.379774e+00	1.774657e+03	1.439496e+03
1.898202e+00	1.539889e+00	2.861922e+02	3.394488e+02
1.957517e+00	1.496446e+00	3.584613e+02	3.825798e+03
1.766096e+00	1.654028e+00	2.521614e+03	8.004219e+02
1.867826e+00	1.565854e+00	3.010172e+02	3.988596e+03
1.779621e+00	1.640081e+00	2.991077e+01	6.207186e+02
2.036372e+00	1.442226e+00	5.105984e+01	4.744177e+03
2.287183e+00	1.297270e+00	4.606537e+02	8.888250e+03
1.722962e+00	1.692892e+00	2.492086e+01	5.930240e+02
1.853535e+00	1.575761e+00	5.305001e+02	1.882704e+03
2.346283e+00	1.267677e+00	4.575893e+01	7.250902e+02
2.429992e+00	1.229164e+00	4.179585e+02	3.477357e+03
1.720844e+00	1.695622e+00	3.435896e+02	9.693783e+02
1.963624e+00	1.492007e+00	1.192830e+02	1.746642e+03
2.621791e+00	1.151650e+00	6.464439e+02	3.635445e+03
2.452577e+00	1.219769e+00	1.682908e+03	6.431067e+02
2.682304e+00	1.130308e+00	1.072460e+02	5.826181e+03
2.221381e+00	1.330702e+00	9.196957e+01	2.708687e+02
1.915523e+00	1.527758e+00	1.586192e+03	3.276915e+03
2.026129e+00	1.447724e+00	3.618720e+00	4.554476e+02
2.501268e+00	1.199449e+00	4.394503e+02	4.136424e+03
2.624517e+00	1.150077e+00	3.514883e+02	5.122566e+03
2.412321e+00	1.236782e+00	1.106463e+01	1.169794e+03
2.603673e+00	1.158411e+00	1.687345e+03	6.846818e+03
1.829316e+00	1.596712e+00	2.748133e+03	2.202481e+03
2.457325e+00	1.216899e+00	1.650990e+02	2.462970e+02
1.846949e+00	1.581207e+00	8.704369e+02	1.336885e+03
2.479155e+00	1.208240e+00	1.546189e+01	9.753581e+03
2.667164e+00	1.134895e+00	1.464583e+02	3.055320e+03
2.769044e+00	1.098899e+00	2.069272e+02	1.290581e+03
1.800936e+00	1.621291e+00	2.178253e+02	5.733249e+02
2.137513e+00	1.378743e+00	1.288677e+03	4.535216e+02
2.186695e+00	1.350586e+00	1.394695e+03	1.499171e+02
2.579272e+00	1.168104e+00	1.026368e+03	3.511118e+03
1.873353e+00	1.560929e+00	1.805284e+03	7.084282e+02
1.992410e+00	1.472286e+00	2.562027e+03	1.973206e+03
2.254864e+00	1.314752e+00	2.188518e+03	3.831620e+02
1.898628e+00	1.540595e+00	1.457497e+03	1.619303e+03
2.113787e+00	1.392204e+00	2.804667e+01	3.567666e+02
2.149691e+00	1.372707e+00	7.948311e+02	4.247635e+03
1.964429e+00	1.492790e+00	1.376111e+03	6.568927e+03
2.324648e+00	1.278157e+00	3.058989e+02	4.947117e+03
2.611273e+00	1.155399e+00	1.551446e+02	5.990434e+03
2.126333e+00	1.385729e+00	1.355844e+03	5.045015e+03
2.214214e+00	1.335559e+00	2.339865e+03	6.701738e+03
2.600413e+00	1.159502e+00	2.667030e+02	7.976570e+03
1.922495e+00	1.522068e+00	2.070223e+02	2.116527e+02
2.479351e+00	1.207374e+00	1.455760e+01	8.050115e+02
2.691166e+00	1.126124e+00	1.028546e+02	6.372828e+03
1.935690e+00	1.511632e+00	9.711743e+01	7.188008e+02
2.637407e+00	1.144945e+00	1.070890e+02	2.772469e+03
2.344660e+00	1.268431e+00	7.389307e+02	2.256794e+03
2.628929e+00	1.147833e+00	5.059287e+01	1.073710e+03
2.560949e+00	1.174656e+00	8.286569e+02	3.042633e+03
2.110496e+00	1.394990e+00	1.311000e+03	2.082199e+03
2.319401e+00	1.280149e+00	1.558902e+02	1.017913e+02
2.259680e+00	1.310297e+00	3.407180e+02	3.902528e+02
2.739180e+00	1.109556e+00	3.997112e+02	4.255544e+03
1.876502e+00	1.558285e+00	3.505629e+03	4.357609e+01
1.841821e+00	1.585227e+00	7.328609e+02	2.565779e+02
1.799740e+00	1.622817e+00	1.244935e+03	1.173816e+03
2.520025e+00	1.191976e+00	3.160749e+00	5.698619e+03
2.306450e+00	1.287182e+00	1.265855e+02	7.979587e+03
2.301290e+00	1.289895e+00	2.348466e+02	5.224744e+03
2.381232e+00	1.251185e+00	1.632742e+02	4.735408e+03
1.743401e+00	1.673348e+00	3.554833e+02	5.366648e+02
2.269281e+00	1.306649e+00	1.217924e+03	4.876424e+03
1.893975e+00	1.543628e+00	5.202056e+02	2.643289e+03
2.298595e+00	1.290722e+00	1.380118e+02	1.256298e+03
2.514679e+00	1.193199e+00	1.292814e+02	3.698297e+03
1.753195e+00	1.664104e+00	6.271959e+02	1.260986e+03
2.525207e+00	1.188729e+00	2.102119e+02	1.364797e+03
1.777232e+00	1.643128e+00	1.957975e+03	4.535628e+02
2.180341e+00	1.353203e+00	2.310062e+01	2.321842e+02
1.935090e+00	1.512660e+00	8.832143e+02	2.739548e+03
1.829821e+00	1.595356e+00	2.776298e+02	7.433855e+02
2.257313e+00	1.311400e+00	9.987760e+01	2.999419e+03
2.039577e+00	1.439351e+00	7.226553e+02	2.161228e+03
1.919979e+00	1.524079e+00	1.895930e+03	3.838702e+02
2.086167e+00	1.409939e+00	2.135353e+03	1.309640e+03
2.450619e+00	1.220325e+00	5.958719e+02	2.071524e+03
2.389351e+00	1.247054e+00	1.316358e+02	9.722109e+03
1.959289e+00	1.494563e+00	3.446815e+02	3.598985e+01
2.557857e+00	1.176091e+00	2.661503e+02	5.845565e+03
2.628218e+00	1.148892e+00	7.273467e+01	2.454926e+03
1.954826e+00	1.497278e+00	3.765904e+02	2.792430e+02
2.796909e+00	1.091443e+00	3.833561e+02	5.750241e+03
2.402819e+00	1.240944e+00	5.134776e+02	1.236599e+03
2.592638e+00	1.162734e+00	3.574600e+01	2.528201e+03
1.956572e+00	1.496248e+00	3.848245e+02	3.776620e+01
1.808577e+00	1.613617e+00	7.530304e+01	6.296736e+02
1.870927e+00	1.563842e+00	4.004928e+03	8.493688e+02
1.903628e+00	1.536717e+00	4.269809e+02	6.065106e+02
1.882801e+00	1.555024e+00	3.081729e+03	5.566516e+02
2.393483e+00	1.245401e+00	2.961885e+02	4.695785e+03
1.878066e+00	1.556593e+00	2.882092e+02	3.621805e+02
2.044026e+00	1.436783e+00	8.497110e+01	1.845724e+03
2.698694e+00	1.123151e+00	9.884639e+01	8.057673e+03
2.479869e+00	1.207499e+00	4.949612e+02	1.623794e+02
1.714390e+00	1.702807e+00	2.934601e+03	1.741449e+03
1.783155e+00	1.637550e+00	1.728359e+03	1.430442e+03
2.476640e+00	1.209644e+00	1.711808e+03	8.471743e+02
2.045808e+00	1.435992e+00	2.564747e+03	1.541697e+03
1.938137e+00	1.510085e+00	4.181349e+01	1.962588e+03
1.834884e+00	1.591372e+00	7.016658e+02	1.383552e+02
2.178433e+00	1.354837e+00	5.580279e+02	2.823038e+03
2.049828e+00	1.432183e+00	1.849575e+02	1.467942e+03
1.885144e+00	1.550827e+00	5.270280e+02	6.978573e+02
2.010387e+00	1.459108e+00	8.143845e+02	8.226246e+01
2.372012e+00	1.255096e+00	4.465292e+02	3.584618e+03
1.985157e+00	1.477102e+00	2.852247e+03	2.452871e+02
1.938192e+00	1.510727e+00	1.143552e+03	2.870925e+02
2.059472e+00	1.426664e+00	4.815805e+02	3.797351e+03
2.389679e+00	1.247550e+00	3.429199e+02	3.640948e+03
2.475270e+00	1.210201e+00	4.741728e+02	1.274845e+03
2.394831e+00	1.244668e+00	3.976936e+02	4.811115e+03
2.041228e+00	1.439045e+00	5.500717e+02	3.864837e+03
1.966738e+00	1.489552e+00	3.531225e+01	2.403883e+03
2.588884e+00	1.164132e+00	2.775141e+01	9.738560e+03
2.581839e+00	1.166721e+00	2.854762e+02	1.855947e+03
1.910959e+00	1.531479e+00	1.959591e+02	7.409396e+03
1.935275e+00	1.512392e+00	6.117639e+02	5.898326e+02
2.093348e+00	1.405823e+00	7.377258e+02	3.094790e+03
1.910568e+00	1.530023e+00	2.340862e+02	8.055789e+02
2.141029e+00	1.376102e+00	1.010852e+02	6.468699e+02
2.132998e+00	1.380813e+00	2.123788e+02	5.374616e+02
1.853476e+00	1.576423e+00	1.832171e+03	3.320493e+03
1.742708e+00	1.673719e+00	1.521237e+02	2.834769e+02
2.232547e+00	1.325589e+00	1.233430e+03	1.447789e+03
2.758450e+00	1.102936e+00	2.325950e+01	9.061003e+03
2.688105e+00	1.127302e+00	9.704131e+01	8.001090e+03
2.042525e+00	1.437501e+00	1.346358e+02	4.190605e+03
1.927978e+00	1.519031e+00	2.682846e+02	2.415291e+03
2.412339e+00	1.236354e+00	2.560898e+02	4.003846e+02
2.318326e+00	1.282142e+00	5.760175e+02	2.549230e+03
1.837051e+00	1.589769e+00	1.283169e+02	1.437055e+03
2.460759e+00	1.215877e+00	7.534005e+02	9.241831e+02
2.294606e+00	1.293836e+00	6.571395e+02	3.728251e+03
1.873001e+00	1.559780e+00	1.534750e+02	1.139464e+02
1.812970e+00	1.611274e+00	2.384209e+03	5.412967e+02
2.067863e+00	1.421957e+00	1.626496e+03	5.479858e+02
2.608740e+00	1.156678e+00	2.497642e+02	5.730047e+03
2.213569e+00	1.335081e+00	2.739687e+02	9.605698e+02
1.756476e+00	1.661117e+00	5.462525e+02	8.310651e+02
2.608269e+00	1.156316e+00	6.455716e+02	4.200691e+03
2.010709e+00	1.458606e+00	1.804606e+02	3.799318e+03
2.435362e+00	1.225990e+00	9.452000e+01	8.310029e+03
2.535336e+00	1.184154e+00	3.233110e+02	5.055381e+03
1.983179e+00	1.477705e+00	1.188924e+03	1.503065e+03
1.890537e+00	1.546992e+00	3.961114e+02	5.073836e+02
1.772796e+00	1.645952e+00	6.872048e+02	3.204306e+02
1.816794e+00	1.606270e+00	9.306426e+02	1.436695e+03
2.119006e+00	1.389281e+00	1.090321e+02	1.331890e+03
2.609302e+00	1.156238e+00	6.463031e+01	6.092814e+03
2.017514e+00	1.454577e+00	1.093550e+02	4.259524e+03
2.406967e+00	1.239242e+00	2.013829e+02	3.549512e+03
1.720838e+00	1.695208e+00	2.333381e+02	1.951778e+02
1.930166e+00	1.516470e+00	6.868119e+02	2.434808e+02
1.898810e+00	1.540625e+00	2.058039e+03	1.067616e+03
2.410542e+00	1.237437e+00	4.667448e+01	7.030837e+02
1.924972e+00	1.520384e+00	1.752965e+03	6.304792e+02
1.856529e+00	1.573253e+00	1.593484e+03	3.369734e+03
1.722515e+00	1.693360e+00	9.595808e+02	1.049022e+03
2.257094e+00	1.312168e+00	4.205029e+01	5.625373e+03
2.575720e+00	1.168946e+00	2.760902e+02	5.176478e+03
1.953400e+00	1.499088e+00	2.114591e+03	4.088871e+02
2.600814e+00	1.159459e+00	4.209285e+02	4.501560e+03
2.982937e+00	1.034024e+00	2.384864e+02	8.604156e+02
1.888416e+00	1.547909e+00	5.776156e+01	1.169514e+03
1.768110e+00	1.651401e+00	1.889570e+03	1.312944e+03
2.014554e+00	1.456320e+00	5.301803e+02	8.095967e+02
2.035143e+00	1.442538e+00	1.672124e+03	5.977138e+02
1.882112e+00	1.553575e+00	1.624542e+03	3.652426e+03
2.308239e+00	1.287693e+00	1.597872e+03	3.874679e+03
2.185863e+00	1.351140e+00	2.788587e+02	6.335983e+03
2.333163e+00	1.274117e+00	2.298523e+02	1.367196e+03
1.793303e+00	1.628349e+00	2.680234e+03	1.207055e+03
1.881241e+00	1.553954e+00	4.433088e+02	7.501408e+02
1.832673e+00	1.594074e+00	2.940947e+03	1.514343e+03
1.981536e+00	1.480635e+00	1.724164e+03	6.500506e+03
2.394975e+00	1.244380e+00	9.818651e+01	4.985299e+03
2.256470e+00	1.313035e+00	1.421151e+03	3.245259e+03
2.347359e+00	1.268234e+00	2.632351e+02	9.523358e+03
1.900706e+00	1.539534e+00	8.068025e+02	3.391787e+03
2.202516e+00	1.342013e+00	9.518505e+02	2.829089e+03
2.219245e+00	1.333123e+00	1.132216e+03	1.963837e+03
1.973740e+00	1.484811e+00	9.022195e+02	2.758446e+03
2.304313e+00	1.288724e+00	2.426874e+02	3.849419e+03
1.876673e+00	1.557236e+00	7.646331e+02	2.055960e+03
2.068646e+00	1.420192e+00	4.324447e+02	4.988879e+00
1.960448e+00	1.493844e+00	1.135548e+03	2.276214e+03
2.258175e+00	1.311381e+00	1.128957e+02	1.056196e+03
2.047651e+00	1.433908e+00	5.386203e+02	3.170825e+03
2.541535e+00	1.182585e+00	1.312341e+02	1.897456e+03
2.216317e+00	1.333575e+00	2.191137e+02	1.551216e+03
1.772919e+00	1.646567e+00	3.130883e+02	3.666637e+02
1.861100e+00	1.570906e+00	1.024360e+03	2.674692e+03
2.468717e+00	1.212460e+00	2.242279e+02	1.607489e+03
2.297807e+00	1.291409e+00	1.672398e+02	7.135167e+02
2.035790e+00	1.442915e+00	7.042089e+02	6.249598e+03
2.017714e+00	1.453103e+00	1.045566e+02	1.608767e+03
2.374057e+00	1.255160e+00	3.628317e+01	2.899582e+03
2.555906e+00	1.177590e+00	7.130270e+02	2.511980e+03
2.489573e+00	1.203267e+00	1.724039e+02	2.074657e+02
2.695307e+00	1.125577e+00	2.997553e+02	4.779242e+03
2.467797e+00	1.212199e+00	3.512753e+02	1.519840e+02
1.932394e+00	1.513402e+00	3.529086e+02	1.219283e+02
2.111218e+00	1.394418e+00	1.027100e+03	3.733829e+03
2.308327e+00	1.287344e+00	9.330157e+02	5.984744e+03
1.866186e+00	1.565609e+00	1.291228e+02	2.618814e+03
2.207330e+00	1.338695e+00	7.958418e+01	4.608564e+03
2.456570e+00	1.217207e+00	1.890240e+02	1.850986e+02
2.446495e+00	1.221467e+00	7.378692e+02	4.047624e+03
1.951198e+00	1.500149e+00	2.536967e+02	9.658739e+02
2.433075e+00	1.228111e+00	3.963558e+01	4.679932e+03
1.817232e+00	1.607166e+00	4.669920e+02	7.668696e+02
1.965000e+00	1.491633e+00	4.053290e+02	3.819370e+03
2.651857e+00	1.140693e+00	8.695472e+02	4.008779e+03
1.808668e+00	1.613774e+00	2.592118e+02	9.910451e+02
2.413970e+00	1.237071e+00	1.765982e+02	2.149046e+03
2.500985e+00	1.198698e+00	2.768498e+02	3.782868e+03
1.926581e+00	1.519133e+00	4.112204e+02	6.992896e+02
2.668333e+00	1.134291e+00	1.333018e+01	7.337045e+03
2.609809e+00	1.155977e+00	6.740488e+02	7.174626e+03
2.054770e+00	1.429558e+00	4.142932e+02	2.568016e+03
1.967353e+00	1.490162e+00	1.955993e+03	5.177652e+03
2.179788e+00	1.353913e+00	9.638583e+02	9.725945e+02
2.494887e+00	1.200903e+00	6.593549e+02	2.035349e+03
1.965472e+00	1.490855e+00	1.325051e+03	9.632825e+02
2.530895e+00	1.186728e+00	4.923116e+02	1.752683e+03
2.501757e+00	1.198208e+00	1.599274e+02	5.646987e+02
1.847760e+00	1.582511e+00	2.697254e+03	3.676197e+03
1.928133e+00	1.517758e+00	3.600864e+02	2.600852e+03
2.486188e+00	1.204638e+00	2.121469e+01	3.988470e+02
2.215130e+00	1.334064e+00	4.632622e+01	3.977553e+03
2.472858e+00	1.210390e+00	1.579775e+02	3.647310e+02
2.072158e+00	1.418665e+00	2.045333e+03	1.222546e+02
2.600094e+00	1.159685e+00	6.849913e+01	8.573087e+03
1.847041e+00	1.582751e+00	2.104284e+03	4.349535e+02
1.971360e+00	1.486618e+00	3.265547e+03	2.658740e+03
1.764230e+00	1.654766e+00	1.058427e+03	2.420290e+03
2.473785e+00	1.210606e+00	1.225190e+02	2.518428e+03
2.156485e+00	1.367916e+00	1.187813e+03	1.448245e+03
2.477585e+00	1.208353e+00	4.565690e+01	1.018252e+02
2.159223e+00	1.364889e+00	3.290053e+02	1.377022e+03
1.725470e+00	1.690984e+00	1.503588e+03	1.467901e+03
2.541710e+00	1.182429e+00	3.235716e+02	8.005919e+03
2.051837e+00	1.431522e+00	7.373350e+02	2.680586e+03
2.581148e+00	1.166826e+00	4.038914e+02	6.703725e+03
1.799978e+00	1.622437e+00	1.893539e+03	3.337993e+03
2.235908e+00	1.324234e+00	9.254903e+02	3.660023e+03
1.792046e+00	1.629480e+00	6.321235e+02	2.768343e+02
2.225461e+00	1.329204e+00	1.073626e+02	4.755314e+02
1.898302e+00	1.540807e+00	6.251357e+02	1.433944e+03
2.430791e+00	1.229005e+00	1.374292e+01	2.942973e+03
1.762131e+00	1.655930e+00	2.315648e+02	8.732114e+02
1.986353e+00	1.476052e+00	2.823002e+02	5.929013e+03
2.573218e+00	1.169914e+00	3.381326e+02	7.933633e+03
2.114197e+00	1.391897e+00	4.755240e+02	2.944652e+02
1.937442e+00	1.510797e+00	5.890228e+02	3.339023e+02
2.249377e+00	1.316023e+00	1.463434e+02	7.292390e+02
2.322064e+00	1.279231e+00	2.804323e+02	4.272165e+03
2.398929e+00	1.243857e+00	5.919214e+02	1.810214e+03
2.063585e+00	1.424193e+00	6.335514e+02	2.361216e+03
2.601554e+00	1.158879e+00	1.274397e+02	5.466625e+03
2.080639e+00	1.413922e+00	4.582365e+01	5.765026e+03
2.444875e+00	1.222463e+00	1.145711e+03	2.797311e+03
2.322447e+00	1.278987e+00	4.520890e+02	3.358139e+03
1.773937e+00	1.644823e+00	1.917781e+02	4.681941e+02
2.519711e+00	1.191144e+00	3.929459e+02	1.968701e+03
1.843978e+00	1.584578e+00	9.820418e+02	9.537411e+02
1.892410e+00	1.544867e+00	1.631553e+03	7.361259e+01
2.311839e+00	1.284347e+00	2.512455e+02	1.674175e+03
2.067959e+00	1.421453e+00	6.335911e+02	3.856903e+03
2.330260e+00	1.274885e+00	1.645471e+02	7.683944e+02
2.213836e+00	1.336189e+00	5.731178e+02	1.586154e+03
1.968910e+00	1.489096e+00	1.840696e+03	5.439529e+03
2.552925e+00	1.177365e+00	6.862800e+02	2.074763e+03
2.034777e+00	1.441831e+00	8.233638e+01	2.413245e+03
2.542016e+00	1.182695e+00	3.827265e+01	5.963155e+03
2.169653e+00	1.360210e+00	5.313568e+02	1.268997e+02
1.994997e+00	1.471248e+00	1.238982e+03	6.690416e+03
2.312160e+00	1.284014e+00	9.282111e+01	2.574212e+03
2.364414e+00	1.259774e+00	5.057166e+02	3.463998e+03
2.739503e+00	1.110453e+00	1.873549e+02	5.982000e+03
2.271264e+00	1.304936e+00	3.118404e+02	5.455057e+02
1.907203e+00	1.534054e+00	1.197113e+03	7.714226e+02
2.220724e+00	1.332244e+00	3.431581e+02	5.831752e+03
2.225408e+00	1.329064e+00	1.203251e+02	4.135732e+03
1.767257e+00	1.651867e+00	2.344613e+03	5.923059e+01
2.237997e+00	1.322346e+00	9.984732e+02	1.561821e+03
1.910610e+00	1.532797e+00	2.103503e+03	9.265760e+03
2.697319e+00	1.123085e+00	4.516138e+01	7.742118e+03
1.934364e+00	1.512978e+00	8.493213e+02	2.313314e+03
2.219577e+00	1.331654e+00	2.568673e+02	7.664597e+01
2.426900e+00	1.230939e+00	4.776666e+02	3.818233e+03
2.378852e+00	1.252151e+00	3.342187e+01	1.729214e+03
2.626452e+00	1.149611e+00	1.762378e+02	1.241316e+02
2.401505e+00	1.242053e+00	4.281327e+02	2.259361e+03
2.271360e+00	1.305600e+00	6.554882e+02	4.381530e+03
1.973065e+00	1.484444e+00	2.946918e+00	5.547048e+02
1.861451e+00	1.569371e+00	1.256541e+03	1.394423e+02
2.533234e+00	1.185456e+00	1.576655e+02	5.543748e+03
1.906898e+00	1.533804e+00	1.137235e+03	1.066667e+03
1.907035e+00	1.533609e+00	3.365305e+02	6.843279e+02
2.526576e+00	1.188448e+00	4.967529e+02	8.654120e+03
2.564505e+00	1.173033e+00	7.010177e+01	2.618350e+03
2.550245e+00	1.178881e+00	1.878223e+02	8.738665e+03
2.555239e+00	1.177201e+00	1.497127e+02	8.570828e+03
2.327199e+00	1.277336e+00	7.502333e+02	2.656823e+03
1.903927e+00	1.534680e+00	1.007292e+02	1.650447e+03
2.137211e+00	1.378614e+00	5.555910e+02	1.607445e+03
1.844843e+00	1.583861e+00	1.614406e+03	2.218886e+03
2.787504e+00	1.092767e+00	3.579813e+01	5.836298e+03
2.521690e+00	1.190494e+00	1.386820e+02	2.852306e+03
2.130318e+00	1.383350e+00	8.490929e+02	7.471585e+02
1.708223e+00	1.707700e+00	1.771711e+03	1.162966e+03
2.014014e+00	1.456375e+00	3.465811e+02	1.127035e+03
1.737796e+00	1.679728e+00	5.361663e+02	3.588536e+03
1.975829e+00	1.483136e+00	5.915261e+02	3.037311e+03
1.920100e+00	1.524431e+00	1.820071e+02	1.324858e+03
1.720766e+00	1.695477e+00	5.458827e+02	6.520596e+02
2.611022e+00	1.155453e+00	5.861333e+02	4.065909e+03
2.575453e+00	1.168538e+00	4.654056e+01	3.313811e+03
2.322349e+00	1.279008e+00	1.145595e+02	3.364445e+02
2.098273e+00	1.402061e+00	1.612878e+02	2.221012e+03
1.741686e+00	1.674656e+00	3.096995e+02	1.467497e+02
2.485017e+00	1.205741e+00	1.373861e+02	2.123484e+03
2.622536e+00	1.151285e+00	3.123948e+02	4.761635e+03
2.111781e+00	1.393828e+00	5.032233e+02	2.993478e+03
2.042780e+00	1.437771e+00	1.421817e+02	5.427238e+03
1.764111e+00	1.654039e+00	9.489081e+01	7.873479e+02
2.134086e+00	1.380170e+00	3.017044e+02	1.101636e+02
2.556439e+00	1.176468e+00	6.777830e+02	5.056927e+03
2.455114e+00	1.218506e+00	4.420514e+02	9.698359e+02
1.869856e+00	1.562458e+00	9.190961e+02	6.153855e+01
2.266573e+00	1.307216e+00	2.215411e+02	7.596081e+02
2.253096e+00	1.314652e+00	7.392874e+00	3.025445e+03
2.410538e+00	1.237419e+00	9.195408e+00	2.563873e+02
2.573272e+00	1.171269e+00	2.356137e+03	3.650070e+03
2.070643e+00	1.420358e+00	2.028442e+03	1.328766e+03
1.826264e+00	1.598893e+00	8.454593e+02	2.402703e+03
2.631509e+00	1.146857e+00	3.297511e+02	6.418449e+03
2.366915e+00	1.257751e+00	5.768525e+01	1.420345e+03
2.567682e+00	1.172021e+00	3.842598e+01	3.035656e+03
2.072540e+00	1.418409e+00	3.240794e+02	4.626861e+03
2.756827e+00	1.103639e+00	3.586900e+02	2.086873e+03
1.971621e+00	1.486395e+00	4.396155e+01	1.289087e+03
2.012963e+00	1.457313e+00	6.195649e+02	3.315586e+02
2.011405e+00	1.458454e+00	7.854521e+02	2.467571e+03
1.965229e+00	1.490424e+00	1.624647e+03	3.998954e+02
1.836152e+00	1.590976e+00	1.185158e+03	9.970547e+02
2.199882e+00	1.343521e+00	2.749963e+02	8.140215e+03
2.672200e+00	1.132846e+00	2.598187e+02	6.802969e+03
1.992806e+00	1.471034e+00	1.037817e+03	1.747042e+03
1.733523e+00	1.683106e+00	2.486501e+03	1.009117e+03
1.843327e+00	1.586875e+00	3.321343e+03	3.216225e+03
2.217736e+00	1.333004e+00	3.071360e+02	3.016983e+03
1.923810e+00	1.521784e+00	1.807146e+03	2.065778e+03
1.875641e+00	1.557720e+00	5.776369e+01	5.930189e+02
1.836049e+00	1.591009e+00	3.110138e+01	8.206920e+02
2.659341e+00	1.137484e+00	9.483170e+01	8.119869e+03
1.959565e+00	1.495465e+00	1.315163e+02	6.235517e+03
2.201739e+00	1.342553e+00	2.257648e+03	2.496247e+02
2.054014e+00	1.429376e+00	2.045243e+02	3.132940e+02
2.172732e+00	1.358506e+00	9.738375e+02	6.203579e+03
2.492221e+00	1.202536e+00	2.463452e+02	1.333747e+03
1.775404e+00	1.644582e+00	1.830188e+03	3.175340e+03
2.188248e+00	1.349545e+00	3.089670e+02	2.190814e+03
2.531258e+00	1.186561e+00	2.228986e+02	2.950674e+03
2.661389e+00	1.137797e+00	4.485190e+01	5.559108e+03
2.281013e+00	1.300104e+00	1.287589e+03	1.781350e+03
2.506019e+00	1.196418e+00	1.295698e+02	3.098170e+03
2.483919e+00	1.205898e+00	4.274754e+02	6.386374e+03
2.188468e+00	1.349760e+00	1.127419e+03	2.706358e+03
2.535957e+00	1.184972e+00	5.529994e+02	4.910507e+03
1.980874e+00	1.479641e+00	1.479260e+03	3.874184e+02
1.764674e+00	1.654060e+00	1.208361e+03	1.396309e+03
2.408884e+00	1.237879e+00	4.921145e+01	6.329010e+02
2.027018e+00	1.448105e+00	4.244759e+02	1.323618e+03
1.919496e+00	1.524549e+00	6.891296e+02	1.315535e+03
2.401608e+00	1.241978e+00	1.437574e+01	1.166597e+03
2.477390e+00	1.208172e+00	1.693623e+02	5.260744e+03
1.764984e+00	1.653992e+00	2.988290e+03	2.556157e+02
1.963661e+00	1.490898e+00	2.854598e+02	5.894210e+02
1.949390e+00	1.503067e+00	1.902008e+02	6.267283e+03
2.470155e+00	1.211453e+00	1.071608e+01	1.136561e+03
2.499936e+00	1.200190e+00	1.059456e+03	1.293923e+03
1.715204e+00	1.699745e+00	2.559926e+03	2.808861e+02
1.907572e+00	1.534020e+00	1.133166e+03	2.792687e+03
2.466208e+00	1.212725e+00	1.024777e+02	1.250254e+02
1.923276e+00	1.520207e+00	7.658590e+01	2.181814e+02
1.877346e+00	1.556703e+00	1.402928e+03	5.467441e+02
2.595278e+00	1.161234e+00	3.521552e+02	1.909226e+03
2.080043e+00	1.413877e+00	8.672195e+02	2.989831e+03
2.125336e+00	1.385763e+00	5.036890e+02	2.806673e+03
2.226253e+00	1.328327e+00	1.718865e+02	1.570617e+02
2.076714e+00	1.415750e+00	5.028882e+02	4.919941e+03
2.334080e+00	1.273538e+00	5.686667e+02	3.198822e+03
2.039178e+00	1.439954e+00	5.114953e+02	3.962958e+03
1.854089e+00	1.574815e+00	5.790003e+01	3.402329e+02
2.613649e+00	1.154711e+00	3.278706e+02	3.798186e+03
2.565016e+00	1.173322e+00	1.648155e+02	4.964406e+03
2.230534e+00	1.326852e+00	1.535023e+03	1.427319e+03
2.440677e+00	1.224209e+00	5.295162e+02	4.150105e+03
2.067137e+00	1.422504e+00	2.285524e+02	7.166480e+03
2.380192e+00	1.253085e+00	2.703088e+02	7.375736e+03
1.975220e+00	1.482093e+00	3.601234e+02	2.776364e+03
2.021831e+00	1.451535e+00	1.074946e+03	4.184191e+03
2.608458e+00	1.157016e+00	2.089074e+01	4.363633e+03
2.524360e+00	1.188847e+00	6.141981e+00	9.060212e+02
1.745258e+00	1.671711e+00	6.887647e+02	4.406398e+02
1.728076e+00	1.688095e+00	2.336763e+02	2.128595e+02
3.003306e+00	1.028745e+00	8.476772e+02	6.546326e+03
1.719572e+00	1.696012e+00	2.096656e+03	2.201094e+02
2.556406e+00	1.177116e+00	6.882781e+01	1.514637e+03
2.009319e+00	1.458948e+00	1.104539e+03	9.310707e+02
1.932448e+00	1.514450e+00	1.594340e+03	7.428348e+02
1.986460e+00	1.475188e+00	2.570713e+02	1.671480e+03
2.241747e+00	1.321028e+00	8.100344e+02	5.938048e+03
2.665642e+00	1.135213e+00	2.676927e+02	4.523899e+03
1.886657e+00	1.550544e+00	4.358327e+03	1.992400e+02
2.561466e+00	1.174589e+00	1.777366e+02	6.988042e+03
2.299438e+00	1.290154e+00	8.383985e+01	1.140440e+03
2.647653e+00	1.142240e+00	1.095691e+03	3.905909e+03
2.009933e+00	1.459310e+00	4.608311e+02	2.070866e+03
2.142478e+00	1.375610e+00	5.308496e+02	6.203101e+03
2.707210e+00	1.120563e+00	6.185040e+02	4.385512e+03
1.780482e+00	1.640201e+00	2.028297e+03	3.526376e+03
2.421661e+00	1.234399e+00	8.783003e+02	4.973117e+03
1.817176e+00	1.606978e+00	5.710539e+01	4.868537e+02
2.436621e+00	1.226582e+00	4.358287e+02	5.791064e+03
1.834077e+00	1.592844e+00	2.201817e+03	2.202916e+02
2.296407e+00	1.291613e+00	1.657642e+02	9.667106e+02
2.456662e+00	1.216979e+00	1.431778e+01	1.659577e+03
1.984978e+00	1.476106e+00	8.912134e+01	6.013077e+02
2.154923e+00	1.369035e+00	5.322356e+02	3.662409e+03
1.772621e+00	1.646561e+00	1.122259e+02	5.034695e+02
1.865162e+00	1.568465e+00	4.024407e+03	1.466522e+02
2.272805e+00	1.304064e+00	4.149099e+02	3.210626e+03
2.039687e+00	1.439561e+00	2.737556e+02	2.750930e+03
1.857941e+00	1.572808e+00	1.164925e+02	7.832432e+02
1.975057e+00	1.483796e+00	4.677089e+02	6.290883e+03
2.419990e+00	1.233195e+00	3.085780e+02	3.220705e+02
2.513641e+00	1.193764e+00	1.236007e+03	3.657835e+03
1.951119e+00	1.501809e+00	2.104671e+03	2.230976e+03
2.599990e+00	1.159607e+00	3.063788e+01	7.101165e+03
2.031634e+00	1.444934e+00	2.088516e+01	3.345779e+03
2.554292e+00	1.178175e+00	9.621803e+02	4.937821e+02
1.934862e+00	1.513016e+00	1.327229e+00	1.487855e+03
2.110668e+00	1.394540e+00	1.014461e+03	3.900438e+03
1.811867e+00	1.612094e+00	2.755511e+03	3.664840e+02
2.111915e+00	1.393435e+00	7.140079e+02	2.165837e+03
2.497369e+00	1.200047e+00	1.583090e+01	2.998497e+03
1.927776e+00	1.517955e+00	7.456906e+02	9.167312e+01
1.732069e+00	1.684037e+00	1.782699e+02	6.893653e+02
2.497496e+00	1.200101e+00	1.400697e+03	7.691963e+03
2.187940e+00	1.350124e+00	4.485249e+02	9.501322e+03
2.819516e+00	1.083587e+00	1.844694e+02	1.730818e+03
2.036111e+00	1.442767e+00	7.834542e+02	6.467118e+03
2.363862e+00	1.258919e+00	2.310714e+01	2.583040e+02
1.883476e+00	1.552564e+00	5.473405e+02	6.561555e+02
1.941420e+00	1.507926e+00	1.730489e+03	3.184516e+03
1.865958e+00	1.567053e+00	2.307099e+02	3.644716e+03
2.197999e+00	1.343860e+00	9.861264e+01	3.183015e+03
2.286859e+00	1.296169e+00	8.205448e+02	1.506319e+02
2.878332e+00	1.065057e+00	1.699800e+02	6.005631e+03
1.921340e+00	1.523333e+00	1.091846e+03	1.772369e+02
2.121965e+00	1.387422e+00	3.625591e+02	1.955517e+02
1.803943e+00	1.617768e+00	4.443849e+02	6.164519e+02
2.166078e+00	1.361359e+00	2.462798e+02	4.463165e+03
2.562217e+00	1.174418e+00	4.427024e+02	4.255041e+03
1.878857e+00	1.555583e+00	2.193390e+02	9.082849e+02
2.435315e+00	1.226567e+00	3.129546e+02	5.453623e+03
1.834484e+00	1.593979e+00	2.153985e+03	8.126283e+03
2.116474e+00	1.391578e+00	5.496184e+02	3.715629e+03
2.205345e+00	1.339597e+00	3.627172e+01	1.121168e+03
1.965229e+00	1.490424e+00	1.624647e+03	3.998954e+02
2.424911e+00	1.230465e+00	1.060534e+00	6.527473e+02
2.446200e+00	1.221541e+00	7.108555e+00	5.508279e+02
2.597922e+00	1.160531e+00	1.504360e+02	4.612457e+03
2.457727e+00	1.217424e+00	2.981872e+02	8.858936e+03
2.637586e+00	1.145415e+00	9.573139e+01	5.889722e+03
2.590730e+00	1.162638e+00	1.120761e+02	4.496091e+03
1.866129e+00	1.566050e+00	6.107883e+02	2.808329e+03
1.800205e+00	1.621756e+00	8.772315e+02	1.684094e+03
2.327114e+00	1.277192e+00	7.839107e+02	3.187108e+03
1.833760e+00	1.593046e+00	2.176765e+03	3.414605e+02
1.907686e+00	1.533624e+00	5.453758e+02	5.030715e+03
2.228800e+00	1.327308e+00	2.530494e+02	3.247869e+03
2.018715e+00	1.453399e+00	2.183897e+03	7.801835e+02
2.641236e+00	1.144514e+00	3.295346e+02	2.643903e+03
2.455518e+00	1.218186e+00	8.109860e+02	7.772312e+02
2.228515e+00	1.327442e+00	2.959066e+02	4.607175e+03
1.858365e+00	1.572880e+00	1.770651e+03	5.918016e+02
2.478047e+00	1.208442e+00	7.948982e+01	1.564357e+03
2.593299e+00	1.162333e+00	4.568653e+02	4.852948e+03
2.529696e+00	1.187414e+00	6.096063e+01	7.066649e+03
1.716128e+00	1.699740e+00	6.253834e+02	2.406054e+02
2.622216e+00	1.152191e+00	3.426013e+01	5.221900e+03
1.926881e+00	1.517645e+00	3.403542e+02	1.795411e+03
1.957469e+00	1.496404e+00	2.244533e+02	1.664380e+03
2.249656e+00	1.315968e+00	2.418122e+00	8.960257e+02
2.601859e+00	1.159174e+00	8.815784e+02	6.300566e+03
2.379297e+00	1.251766e+00	1.105090e+02	3.713974e+02
1.769660e+00	1.649639e+00	4.173467e+02	1.879469e+02
2.395703e+00	1.244233e+00	4.096724e+02	3.923433e+03
2.044772e+00	1.437448e+00	2.804280e+03	7.428347e+02
2.209086e+00	1.337766e+00	7.647725e+02	3.710425e+03
2.155558e+00	1.369128e+00	7.564875e+02	2.374216e+03
2.018995e+00	1.454581e+00	1.660333e+03	5.982658e+03
2.625935e+00	1.150044e+00	3.517183e+02	4.158938e+03
2.639466e+00	1.143947e+00	2.238956e+02	8.924835e+03
1.804027e+00	1.618553e+00	2.825381e+02	2.428924e+03
1.925394e+00	1.520250e+00	1.291773e+03	4.262124e+03
2.202635e+00	1.341120e+00	1.300292e+02	4.336637e+02
2.540691e+00	1.183152e+00	9.585080e+01	5.721744e+03
2.150605e+00	1.371425e+00	3.590918e+02	1.774331e+03
2.599083e+00	1.159925e+00	9.810921e+01	7.699916e+03
2.328448e+00	1.277162e+00	5.981971e+02	2.128219e+03
2.377139e+00	1.253573e+00	2.217253e+02	2.021785e+03
2.259151e+00	1.311384e+00	2.358363e+02	9.379046e+02
1.922190e+00	1.523221e+00	3.312294e+03	2.847001e+02
2.049784e+00	1.432985e+00	4.249566e+02	3.275400e+03
2.207618e+00	1.338501e+00	4.369574e+02	5.353421e+03
2.055593e+00	1.429047e+00	3.659588e+02	3.578876e+03
2.006361e+00	1.461733e+00	5.896641e+02	3.712858e+02
2.150080e+00	1.371239e+00	1.152882e+03	7.800592e+01
2.711375e+00	1.119202e+00	9.639916e+01	7.865902e+03
2.075466e+00	1.417465e+00	9.378759e+02	2.631889e+03
1.725963e+00	1.692386e+00	2.142114e+03	2.805615e+03
1.824753e+00	1.601307e+00	1.505862e+03	5.239202e+02
2.668426e+00	1.135222e+00	5.399307e+01	4.953040e+03
1.783519e+00	1.638339e+00	4.187871e+03	1.250125e+03
2.188842e+00	1.348527e+00	4.064405e+02	3.614817e+03
2.007505e+00	1.462030e+00	2.806788e+03	2.091412e+02
2.476759e+00	1.208620e+00	8.690997e+02	1.710072e+03
2.157974e+00	1.366258e+00	6.266743e+01	1.847236e+02
2.071299e+00	1.419116e+00	4.872157e+02	2.098812e+03
1.836893e+00	1.589866e+00	1.985176e+02	1.375848e+03
2.188571e+00	1.350247e+00	6.608890e+02	6.933242e+03
2.085978e+00	1.411248e+00	9.416830e+02	6.139005e+02
2.459978e+00	1.215774e+00	6.409379e+01	5.704858e+02
1.992180e+00	1.471611e+00	7.527581e+02	1.682115e+03
1.921293e+00	1.522632e+00	1.609175e+02	1.921873e+03
1.988752e+00	1.472834e+00	1.229324e+02	2.909207e+03
2.395482e+00	1.244370e+00	5.889394e+01	2.376550e+03
1.895916e+00	1.542165e+00	1.529479e+03	4.433166e+02
2.138048e+00	1.378486e+00	9.933362e+02	2.578548e+03
2.131526e+00	1.382774e+00	7.638624e+02	3.358419e+03
1.847734e+00	1.580501e+00	8.029293e+01	5.286621e+02
2.818511e+00	1.083788e+00	6.101259e+02	6.265966e+03
1.927857e+00	1.518415e+00	1.457750e+03	7.991442e+02
1.877970e+00	1.556139e+00	2.549823e+02	2.999342e+03
1.886100e+00	1.549143e+00	1.800743e+03	1.142796e+03
1.724031e+00	1.692021e+00	1.325052e+03	2.576263e+01
1.848894e+00	1.580253e+00	9.914711e+02	4.841875e+02
2.536185e+00	1.184844e+00	1.632366e+02	5.808891e+03
1.991105e+00	1.471923e+00	1.771696e+03	2.353509e+02
1.923939e+00	1.520023e+00	2.107697e+03	2.493294e+03
2.522820e+00	1.189661e+00	8.649755e+01	1.406512e+03
2.144710e+00	1.373981e+00	2.342938e+01	1.298332e+03
2.530246e+00	1.187109e+00	4.108240e+01	7.596948e+03
2.297595e+00	1.291743e+00	6.798606e+02	1.433401e+03
1.817571e+00	1.605904e+00	1.165470e+02	5.839578e+02
1.803995e+00	1.619565e+00	1.315688e+03	1.071555e+03
3.047674e+00	1.016852e+00	5.455812e+02	7.398054e+03
1.937817e+00	1.511014e+00	1.273536e+03	4.206928e+03
1.907035e+00	1.533609e+00	3.365305e+02	6.843279e+02
2.319019e+00	1.280754e+00	1.118759e+03	2.512239e+03
1.829694e+00	1.597468e+00	1.066693e+03	3.147760e+03
1.880344e+00	1.555382e+00	3.231126e+02	5.894519e+03
2.392578e+00	1.246227e+00	1.617337e+02	4.596977e+03
1.725790e+00	1.691110e+00	1.311232e+03	1.335506e+03
1.846495e+00	1.582518e+00	1.035125e+03	2.052889e+03
2.462393e+00	1.214745e+00	7.019847e+01	8.371169e+03
2.614274e+00	1.153923e+00	3.925560e+00	2.785450e+03
2.556158e+00	1.177000e+00	6.016426e+02	1.931719e+03
2.315118e+00	1.283451e+00	5.029668e+02	3.386085e+03
2.091542e+00	1.406668e+00	4.310818e+02	4.253219e+03
1.917749e+00	1.525711e+00	1.485234e+02	2.749109e+03
2.492928e+00	1.203183e+00	1.155997e+03	7.035285e+03
2.630402e+00	1.147458e+00	6.928364e+01	6.502206e+03
2.225268e+00	1.328666e+00	1.737709e+02	4.312555e+02
2.096649e+00	1.403645e+00	1.225346e+03	4.013555e+02
2.213576e+00	1.335231e+00	3.253360e+01	4.714622e+02
2.203952e+00	1.341196e+00	8.360191e+02	3.112637e+03
2.498092e+00	1.199395e+00	1.409156e+02	5.066766e+02
2.596780e+00	1.160870e+00	1.193273e+02	3.595564e+03
2.446741e+00	1.222275e+00	1.248927e+02	7.120838e+02
2.106933e+00	1.396922e+00	1.154027e+02	6.875496e+03
2.004643e+00	1.463359e+00	5.230758e+01	3.995434e+03
2.307128e+00	1.288360e+00	1.630163e+03	2.859208e+03
1.964398e+00	1.491619e+00	2.265236e+03	1.573218e+03
2.537005e+00	1.184523e+00	5.707257e+01	5.885282e+03
2.007571e+00	1.460992e+00	5.444197e+02	2.098394e+03
2.071077e+00	1.419231e+00	3.360167e+02	3.810310e+03
1.726887e+00	1.689039e+00	2.496911e+02	1.818015e+02
1.932721e+00	1.513475e+00	9.639233e+02	1.017775e+02
2.201073e+00	1.341939e+00	3.809441e+02	1.301040e+02
2.505916e+00	1.196635e+00	3.604772e+02	4.023497e+03
1.945673e+00	1.505118e+00	8.779139e+02	1.133088e+03
1.708863e+00	1.707803e+00	5.524458e+02	1.009868e+03
1.847513e+00	1.581327e+00	3.428135e+02	1.952432e+03
1.959778e+00	1.493714e+00	5.451382e+02	3.627113e+02
2.388598e+00	1.248140e+00	1.640606e+02	1.754417e+03
1.912878e+00	1.530361e+00	3.049638e+03	1.337081e+03
1.724579e+00	1.693623e+00	2.259078e+03	9.079029e+02
2.086328e+00	1.409858e+00	2.399240e+02	3.228197e+03
2.365566e+00	1.257983e+00	2.671843e+02	3.713916e+02
2.085222e+00	1.409724e+00	4.166985e+01	8.660105e+02
2.584907e+00	1.165098e+00	3.488197e+02	5.447246e+03
2.088454e+00	1.407388e+00	2.044752e+02	1.355615e+03
2.552791e+00	1.178130e+00	5.810488e+02	5.058091e+03
2.230966e+00	1.325752e+00	2.313733e+02	6.612818e+03
2.062326e+00	1.425100e+00	1.011569e+03	5.941363e+02
2.468755e+00	1.212775e+00	1.967186e+02	7.671556e+03
2.109474e+00	1.395499e+00	1.540960e+03	2.002987e+03
2.523201e+00	1.190029e+00	3.343903e+02	9.558595e+03
2.177592e+00	1.355690e+00	8.374915e+02	1.449069e+03
1.884437e+00	1.552703e+00	2.699729e+03	6.720038e+01
2.456028e+00	1.217909e+00	1.537934e+00	6.406307e+03
2.280004e+00	1.299965e+00	1.226643e+02	8.125065e+02
1.991594e+00	1.473005e+00	3.156409e+03	1.530669e+03
1.860816e+00	1.570319e+00	1.292049e+03	9.729821e+01
2.311865e+00	1.283978e+00	3.582156e+02	1.388416e+01
2.108297e+00	1.396142e+00	8.994439e+02	3.155035e+03
2.217271e+00	1.333461e+00	6.474595e+02	2.156422e+03
2.046028e+00	1.434831e+00	3.347002e+02	3.208887e+03
1.850033e+00	1.579216e+00	1.566077e+03	1.079212e+03
2.663282e+00	1.135649e+00	7.393751e+01	7.602353e+03
2.143651e+00	1.374854e+00	2.595040e+02	9.623604e+02
1.723849e+00	1.692356e+00	4.077341e+02	1.815325e+03
2.181202e+00	1.352973e+00	1.348662e+02	1.194390e+03
2.256598e+00	1.311827e+00	2.449066e+02	7.991550e+02
2.614481e+00	1.154655e+00	7.787468e+02	4.910955e+03
1.912528e+00	1.530177e+00	1.432411e+03	2.414548e+02
2.190843e+00	1.348734e+00	4.230213e+02	5.446075e+03
2.596949e+00	1.160452e+00	2.655189e+02	4.877571e+03
1.731461e+00	1.685170e+00	7.354403e+02	9.354123e+02
2.450683e+00	1.219742e+00	2.298211e+02	4.159792e+03
2.069276e+00	1.418886e+00	1.882003e+02	9.931771e+01
2.495338e+00	1.200957e+00	5.990216e+02	7.960608e+03
1.857785e+00	1.573219e+00	1.350734e+02	8.449125e+02
2.602189e+00	1.158624e+00	6.006372e+01	2.020265e+03
2.558712e+00	1.175047e+00	5.927703e+01	6.530865e+02
2.595359e+00	1.161564e+00	9.678142e+02	4.596472e+03
2.526764e+00	1.189193e+00	3.151708e+02	7.063448e+03
2.470363e+00	1.211772e+00	1.518915e+02	2.580188e+03
2.553867e+00	1.177565e+00	1.373378e+02	6.742296e+03
2.208178e+00	1.338076e+00	2.550372e+02	6.753646e+03
2.404909e+00	1.240741e+00	7.423733e+02	6.447430e+02
3.044992e+00	1.017643e+00	4.794017e+02	7.026590e+03
1.882469e+00	1.552962e+00	1.690705e+02	1.029328e+03
1.910487e+00	1.531418e+00	7.617379e+02	7.794086e+02
2.365876e+00	1.258797e+00	2.709572e+02	1.757803e+03
1.975756e+00	1.482980e+00	8.862355e+02	4.407371e+02
2.206627e+00	1.339888e+00	7.658481e+02	5.877003e+03
1.715783e+00	1.700183e+00	1.103537e+03	5.902431e+02
1.787701e+00	1.633196e+00	1.962754e+03	1.087026e+03
2.044805e+00	1.435792e+00	4.955645e+02	5.991436e+03
2.287817e+00	1.297129e+00	5.177163e+02	3.042671e+03
2.461566e+00	1.214951e+00	5.549129e+02	9.039413e+03
2.638317e+00	1.145524e+00	5.021268e+02	2.552187e+03
2.247769e+00	1.317816e+00	9.214108e+02	3.966688e+03
1.803221e+00	1.618889e+00	1.073786e+03	6.208444e+02
2.056287e+00	1.429851e+00	1.425928e+03	6.663112e+03
2.466666e+00	1.212718e+00	1.317378e+03	7.594453e+03
2.614299e+00	1.154118e+00	1.734337e+01	2.325858e+03
1.784361e+00	1.636700e+00	3.769772e+02	5.191554e+03
2.603375e+00	1.158367e+00	4.314410e+02	4.258939e+03
2.377166e+00	1.253261e+00	4.606322e+02	9.634674e+03
2.408288e+00	1.238911e+00	2.012240e+01	1.215637e+03
2.001704e+00	1.464988e+00	9.927507e+00	1.350581e+03
1.880344e+00	1.555382e+00	3.231126e+02	5.894519e+03
2.191213e+00	1.346779e+00	1.137043e+02	1.806390e+03
1.901208e+00	1.538509e+00	1.243630e+03	1.602026e+03
2.003705e+00	1.463284e+00	1.733939e+02	3.825450e+03
2.548861e+00	1.179440e+00	4.350092e+02	2.715018e+03
2.049339e+00	1.434126e+00	1.096393e+03	4.145245e+03
2.096892e+00	1.403501e+00	1.739129e+03	2.490831e+03
2.563876e+00	1.173910e+00	8.334183e+02	2.066172e+03
2.561959e+00	1.173764e+00	5.585886e+01	3.224862e+02
2.291802e+00	1.294634e+00	2.918948e+02	6.356723e+03
1.798418e+00	1.623244e+00	2.550747e+02	3.033312e+02
2.275655e+00	1.302509e+00	1.915031e+02	3.990488e+03
2.414263e+00	1.235718e+00	2.755738e+02	1.510360e+03
2.420438e+00	1.232747e+00	1.206880e+02	2.553151e+01
2.234490e+00	1.324573e+00	1.005596e+03	4.272739e+03
2.212364e+00	1.336466e+00	2.921252e+02	1.586558e+03
1.959430e+00	1.494204e+00	2.981193e+02	5.053250e+02
2.585057e+00	1.165181e+00	1.802178e+02	6.427275e+03
2.465236e+00	1.213516e+00	3.699981e+01	5.542647e+03
2.485121e+00	1.205558e+00	3.830118e+02	8.533504e+03
1.967151e+00	1.489261e+00	1.367715e+03	9.444403e+02
1.980733e+00	1.478499e+00	3.151089e+02	2.209638e+02
2.141949e+00	1.375011e+00	3.176891e+02	1.956853e+03
2.242736e+00	1.320804e+00	1.166841e+03	5.703641e+03
1.911412e+00	1.530800e+00	1.470413e+03	3.499241e+03
1.904564e+00	1.536849e+00	3.462706e+03	1.510662e+03
1.810818e+00	1.613029e+00	8.579133e+02	3.333477e+03
1.964772e+00	1.491308e+00	8.140953e+02	1.136427e+03
2.668943e+00	1.134103e+00	3.379595e+02	4.452194e+03
2.010097e+00	1.459329e+00	5.097014e+02	2.097999e+03
1.925502e+00	1.520962e+00	4.462919e+02	4.627365e+03
2.564469e+00	1.173655e+00	5.477923e+02	3.814997e+03
1.736730e+00	1.679905e+00	1.901632e+02	2.353963e+03
1.839735e+00	1.586737e+00	1.736886e+02	2.054744e+03
2.406693e+00	1.239840e+00	1.159667e+02	2.951822e+03
1.984634e+00	1.477285e+00	3.038452e+03	2.756706e+03
1.719688e+00	1.697363e+00	6.698682e+02	3.055720e+03
2.362895e+00	1.259725e+00	2.901220e+02	4.402057e+03
2.270429e+00	1.305968e+00	1.798201e+03	1.017496e+03
1.952011e+00	1.500112e+00	7.290490e+02	1.082413e+03
2.261936e+00	1.309284e+00	4.235309e+02	4.816508e+02
2.084734e+00	1.410423e+00	1.574334e+02	9.358235e+02
2.648595e+00	1.141134e+00	1.274884e+03	6.673985e+02
1.888919e+00	1.547593e+00	3.140442e+02	1.135053e+03
1.954111e+00	1.499174e+00	1.242115e+03	5.580029e+03
1.938950e+00	1.509173e+00	5.900500e+02	1.091479e+03
2.665761e+00	1.134646e+00	1.072784e+01	7.394529e+03
1.931602e+00	1.516044e+00	3.512731e+03	1.783923e+03
1.783146e+00	1.636202e+00	1.709669e+01	5.897174e+02
2.637452e+00	1.145018e+00	7.399958e+01	7.386958e+03
2.029285e+00	1.447493e+00	3.326120e+03	2.166445e+03
2.317764e+00	1.281115e+00	8.883157e+01	7.121729e+02
2.298637e+00	1.291192e+00	1.559171e+02	9.967592e+03
2.229727e+00	1.327433e+00	9.600911e+02	3.753335e+03
1.898945e+00	1.540222e+00	2.284748e+02	4.719844e+03
1.909441e+00	1.532558e+00	4.763678e+02	3.618796e+03
2.590612e+00	1.163219e+00	2.571054e+02	4.767747e+03
2.532165e+00	1.186106e+00	1.775605e+02	4.825135e+03
2.064116e+00	1.424738e+00	1.112039e+03	1.015452e+03
2.625242e+00	1.149147e+00	2.525963e+02	6.073534e+03
1.852182e+00	1.578177e+00	1.918186e+03	1.035717e+03
1.791374e+00	1.629183e+00	2.736793e+02	5.916285e+02
1.876055e+00	1.558568e+00	3.355930e+03	5.286394e+02
1.736528e+00	1.680191e+00	2.486247e+03	1.043961e+03
2.664030e+00	1.134770e+00	3.516378e+01	2.998769e+03
2.509916e+00	1.196006e+00	3.299036e+02	7.466802e+03
1.896216e+00	1.542321e+00	1.212869e+03	6.626737e+02
2.348891e+00	1.266499e+00	5.800167e+01	3.194236e+03
2.268507e+00	1.306167e+00	9.339845e+01	6.667098e+03
2.336372e+00	1.272235e+00	8.276776e+02	4.822926e+03
1.977944e+00	1.481430e+00	3.749801e+02	2.266938e+03
2.422596e+00	1.232996e+00	8.006286e+02	4.095377e+03
1.855701e+00	1.575556e+00	2.432384e+03	2.493924e+03
2.435785e+00	1.226665e+00	1.621128e+00	1.809042e+03
1.714754e+00	1.701507e+00	6.583534e+02	4.509785e+02
2.197579e+00	1.344554e+00	1.117009e+03	3.002164e+03
2.215858e+00	1.333658e+00	6.201061e+01	7.733095e+02
1.747004e+00	1.670022e+00	5.256189e+02	1.300947e+03
1.768371e+00	1.650505e+00	1.797317e+03	3.167106e+03
2.472657e+00	1.211168e+00	1.289005e+01	2.796784e+03
2.399492e+00	1.242413e+00	6.187513e+02	2.575390e+03
2.121185e+00	1.389439e+00	4.211942e+02	8.065913e+03
2.416778e+00	1.236715e+00	3.921760e+03	4.198007e+03
2.136717e+00	1.378950e+00	1.803315e+02	2.453709e+03
2.633519e+00	1.146892e+00	1.386102e+02	2.349564e+02
2.164879e+00	1.362455e+00	2.199742e+02	3.258940e+02
2.308304e+00	1.286025e+00	3.014723e+02	5.156128e+03
1.978852e+00	1.482313e+00	3.399696e+03	1.398263e+03
2.322305e+00	1.279718e+00	5.044251e+02	4.128367e+03
2.091706e+00	1.405863e+00	2.326257e+02	1.678133e+03
2.325477e+00	1.278050e+00	1.842232e+02	1.781154e+03
2.529955e+00	1.188075e+00	1.705053e+02	2.204106e+03
1.790033e+00	1.630837e+00	1.736982e+03	7.921496e+02
1.845242e+00	1.582582e+00	4.439201e+01	1.001343e+03
2.185552e+00	1.350937e+00	8.564421e+02	5.065613e+03
2.712458e+00	1.117866e+00	9.248808e+01	5.382114e+03
2.087395e+00	1.408089e+00	4.120432e+02	9.994438e+02
2.512442e+00	1.193984e+00	5.728781e+02	8.264781e+03
2.101532e+00	1.399755e+00	3.477861e+02	5.563524e+02
2.213020e+00	1.335368e+00	2.690650e+02	6.395575e+02
2.616224e+00	1.153440e+00	2.202536e+02	8.401743e+02
1.884805e+00	1.550601e+00	1.487681e+02	1.094504e+03
1.806033e+00	1.616917e+00	8.968888e+01	6.271750e+02
2.337168e+00	1.272185e+00	8.021823e+02	1.972685e+03
1.952844e+00	1.499550e+00	1.215687e+03	1.719337e+03
1.742242e+00	1.674320e+00	5.498592e+01	7.285278e+02
2.600527e+00	1.158505e+00	5.767869e+02	7.139965e+03
2.283536e+00	1.298714e+00	1.797797e+02	3.132866e+03
2.293161e+00	1.293316e+00	2.013593e+02	8.242866e+02
2.512136e+00	1.194708e+00	5.404297e+02	4.849958e+03
2.291584e+00	1.294282e+00	1.477498e+02	1.226821e+03
2.318944e+00	1.280984e+00	1.808722e+02	6.122026e+03
2.346459e+00	1.267626e+00	5.712335e+02	2.036744e+03
2.245404e+00	1.317982e+00	5.498688e+02	1.628512e+03
2.138682e+00	1.378871e+00	4.720663e+01	5.191574e+03
2.555046e+00	1.176531e+00	9.539540e+01	4.467864e+03
1.715537e+00	1.701318e+00	7.935566e+02	2.429033e+03
2.270222e+00	1.306049e+00	4.525302e+01	4.766609e+03
2.523702e+00	1.189917e+00	2.332039e+02	7.286074e+03
2.485539e+00	1.205364e+00	1.694396e+03	7.135689e+03
2.492758e+00	1.201592e+00	5.427223e+02	5.666931e+02
1.826963e+00	1.598210e+00	1.125725e+00	1.305646e+03
1.807532e+00	1.615075e+00	2.506972e+02	3.191468e+03
2.736020e+00	1.110367e+00	6.656249e+02	6.472505e+03
2.000944e+00	1.466305e+00	1.767492e+03	3.932738e+02
2.633863e+00	1.147105e+00	7.150294e+02	3.946167e+03
2.558115e+00	1.175155e+00	1.724639e+02	2.071038e+03
2.556307e+00	1.176386e+00	3.189688e+02	2.979982e+03
1.781623e+00	1.638948e+00	2.725062e+03	1.596139e+03
1.975239e+00	1.483254e+00	4.292438e+02	3.189610e+03
1.974697e+00	1.482598e+00	3.824842e+02	2.108232e+03
2.114056e+00	1.393769e+00	1.031200e+03	7.147758e+03
2.303865e+00	1.288335e+00	2.229344e+02	3.906972e+03
2.515014e+00	1.192697e+00	8.955946e+01	1.999097e+03
1.927416e+00	1.517584e+00	1.454634e+03	3.462665e+02
2.050007e+00	1.432366e+00	2.135974e+02	4.078734e+03
1.863794e+00	1.567771e+00	6.330600e+02	1.499348e+03
2.123851e+00	1.387299e+00	3.919298e+02	4.025926e+03
2.464575e+00	1.213670e+00	3.984668e+00	2.564846e+02
1.831380e+00	1.595172e+00	1.460606e+03	2.084457e+03
1.781886e+00	1.640200e+00	3.936466e+03	5.637763e+02
2.578407e+00	1.167883e+00	2.110519e+02	7.677515e+03
1.867627e+00	1.564371e+00	8.891323e+02	2.084654e+03
1.780554e+00	1.639682e+00	1.788955e+03	2.152816e+02
2.058608e+00	1.427219e+00	5.198895e+01	3.367314e+03
1.871956e+00	1.562270e+00	2.825867e+03	1.566627e+03
2.968241e+00	1.038249e+00	8.531110e+00	6.170018e+03
2.121191e+00	1.389165e+00	6.056101e+02	2.945798e+03
2.094548e+00	1.404949e+00	2.175217e+02	4.339723e+03
2.588101e+00	1.164170e+00	3.273016e+02	6.144614e+03
2.531128e+00	1.186056e+00	1.222303e+02	4.536503e+02
2.071975e+00	1.420802e+00	4.611111e+03	8.365409e+03
1.889161e+00	1.547686e+00	1.671062e+03	5.353837e+02
1.909220e+00	1.532749e+00	2.457036e+03	3.715451e+03
1.959710e+00	1.494992e+00	9.424973e+02	1.804295e+03
1.829407e+00	1.597247e+00	1.806680e+03	1.723124e+03
2.304855e+00	1.287961e+00	2.275546e+02	5.755277e+03
2.397065e+00	1.244711e+00	2.315129e+00	1.945616e+03
2.446490e+00	1.221658e+00	8.785998e+02	6.962186e+02
2.446317e+00	1.222362e+00	3.460302e+02	1.893244e+03
2.265520e+00	1.308435e+00	3.444211e+02	4.677179e+03
2.102663e+00	1.399088e+00	3.878302e+02	1.139096e+02
2.432105e+00	1.228089e+00	5.158546e+01	8.443172e+02
2.111286e+00	1.394966e+00	1.415506e+03	2.912030e+03
2.623340e+00	1.150936e+00	7.448349e+01	2.911497e+03
2.226182e+00	1.328318e+00	2.818146e+02	6.714964e+02
2.333722e+00	1.272862e+00	2.945316e+02	3.440203e+03
2.280176e+00	1.299985e+00	5.280231e+02	3.879117e+03
2.091427e+00	1.406256e+00	1.730960e+03	1.039475e+03
2.362543e+00	1.259689e+00	1.261848e+02	5.578722e+03
2.301724e+00	1.289670e+00	1.612110e+02	9.919324e+03
2.588111e+00	1.163217e+00	1.736332e+02	5.554306e+03
2.518869e+00	1.191698e+00	1.526601e+02	6.256799e+03
2.979305e+00	1.035225e+00	8.093093e+01	5.114650e+03
1.938109e+00	1.510144e+00	5.640124e+02	9.850249e+01
2.447716e+00	1.221947e+00	8.231831e+02	6.153303e+03
1.960031e+00	1.494580e+00	1.734730e+03	5.754543e+03
2.704053e+00	1.121599e+00	5.383360e+01	8.501617e+03
1.932785e+00	1.514252e+00	6.420694e+02	5.142732e+02
2.470938e+00	1.211736e+00	1.205026e+02	9.003929e+03
1.720385e+00	1.695483e+00	9.705393e+01	1.089746e+03
1.880258e+00	1.554899e+00	1.170171e+03	1.538235e+03
2.244350e+00	1.319678e+00	8.849471e+02	3.684708e+03
2.183753e+00	1.351186e+00	7.845188e+01	4.668564e+02
2.047706e+00	1.433915e+00	2.233657e+02	2.162586e+03
2.466472e+00	1.213217e+00	1.332109e+02	1.383997e+03
2.145809e+00	1.373567e+00	2.574174e+02	1.902496e+03
2.586503e+00	1.164983e+00	4.923038e+02	7.813271e+03
2.660573e+00	1.136471e+00	4.145444e+01	7.972928e+03
2.619114e+00	1.151246e+00	8.320284e+01	6.714010e+03
2.023807e+00	1.449110e+00	4.072016e+01	2.135436e+03
1.939249e+00	1.509656e+00	7.871581e+02	2.229114e+03
2.709569e+00	1.120258e+00	3.738351e+02	5.029395e+03
2.267133e+00	1.306325e+00	2.775261e+02	1.674875e+02
2.052494e+00	1.430295e+00	3.323454e+02	4.648172e+02
2.476768e+00	1.208318e+00	3.979302e+02	7.803052e+03
1.887347e+00	1.548295e+00	5.040253e+02	2.835598e+03
1.871992e+00	1.560987e+00	4.922605e+02	3.560469e+02
2.337726e+00	1.272536e+00	1.396786e+02	2.225813e+03
1.793772e+00	1.626743e+00	4.064412e+02	5.792191e+02
2.517153e+00	1.192201e+00	3.815495e+02	2.354770e+03
1.742412e+00	1.675438e+00	1.359709e+03	1.067405e+03
2.244297e+00	1.319693e+00	1.146990e+03	9.549890e+02
2.016763e+00	1.455618e+00	3.666852e+01	4.891140e+03
1.742201e+00	1.674292e+00	3.510682e+02	2.586216e+02
1.999082e+00	1.468742e+00	3.127244e+03	3.264927e+03
1.936586e+00	1.511384e+00	1.589306e+03	3.441125e+02
2.127124e+00	1.385176e+00	2.448421e+03	5.540569e+02
2.582407e+00	1.165895e+00	1.186568e+03	9.308633e+03
1.879740e+00	1.555949e+00	1.701649e+03	1.090445e+03
2.083274e+00	1.411132e+00	5.251950e+02	2.715686e+03
2.248389e+00	1.317411e+00	5.271028e+02	4.177866e+03
2.318377e+00	1.280913e+00	2.041897e+02	1.199919e+03
2.627409e+00	1.148303e+00	7.915352e+01	6.414466e+03
2.168506e+00	1.360342e+00	1.850249e+02	4.948985e+03
1.917874e+00	1.526474e+00	2.565686e+03	6.507131e+02
1.807560e+00	1.615619e+00	4.862775e+01	4.351202e+02
1.708383e+00	1.707201e+00	2.263277e+03	6.715701e+01
2.120034e+00	1.389456e+00	3.776638e+02	5.572740e+03
2.294548e+00	1.293202e+00	7.777150e+01	2.857017e+03
2.332254e+00	1.274440e+00	2.239016e+02	2.830687e+03
1.954809e+00	1.497957e+00	9.887465e+02	3.543392e+03
2.600300e+00	1.159579e+00	1.246988e+02	8.997766e+03
2.123218e+00	1.386970e+00	1.282945e+03	8.380168e+02
2.117158e+00	1.391068e+00	2.509806e+03	3.648368e+03
2.096258e+00	1.403095e+00	4.208013e+02	1.629542e+02
2.175880e+00	1.355955e+00	3.442069e+02	9.202659e+02
2.351973e+00	1.264256e+00	2.201371e+02	1.332561e+03
1.712018e+00	1.705085e+00	8.735002e+02	2.557087e+02
2.368967e+00	1.257726e+00	9.136270e+01	2.021493e+03
1.959054e+00	1.496126e+00	1.909132e+03	2.200924e+03
1.723977e+00	1.691963e+00	8.765232e+01	5.327010e+02
2.689470e+00	1.126475e+00	6.851774e+01	8.275694e+03
2.506031e+00	1.197187e+00	1.405754e+02	7.012268e+03
1.829068e+00	1.596846e+00	3.690584e+03	5.471849e+02
1.787673e+00	1.632342e+00	2.445218e+03	3.920668e+02
1.972229e+00	1.485717e+00	1.393382e+03	5.392008e+03
1.990552e+00	1.472805e+00	1.240968e+02	4.307538e+02
1.995903e+00	1.468549e+00	5.002126e+02	3.599629e+02
2.715709e+00	1.117016e+00	3.848997e+02	1.003770e+03
2.158432e+00	1.366558e+00	4.799610e+02	3.042155e+03
1.802678e+00	1.619322e+00	3.393898e+02	3.822619e+02
1.755241e+00	1.662313e+00	1.257335e+02	3.117871e+03
2.465992e+00	1.213178e+00	6.782398e+02	2.741034e+03
2.096434e+00	1.403599e+00	1.475007e+03	2.454199e+03
2.506255e+00	1.197038e+00	3.244035e+02	8.829555e+03
2.284013e+00	1.297852e+00	1.007127e+02	4.628309e+02
2.410869e+00	1.237647e+00	4.677397e+02	1.109397e+03
1.983808e+00	1.477313e+00	1.129047e+03	2.244251e+03
2.100018e+00	1.400779e+00	1.499448e+03	1.247229e+03
2.464581e+00	1.213944e+00	6.105633e+02	4.336480e+03
1.993409e+00	1.470681e+00	4.672787e+02	4.955221e+02
2.593369e+00	1.162047e+00	3.813424e+02	3.852686e+03
2.282355e+00	1.298845e+00	8.619375e+01	2.211853e+03
2.048383e+00	1.434182e+00	2.161196e+03	9.111463e+02
2.257765e+00	1.311945e+00	2.355458e+02	4.115167e+02
2.145209e+00	1.374372e+00	1.233263e+03	2.246420e+03
2.194072e+00	1.347261e+00	6.119808e+02	4.774545e+03
2.051996e+00	1.430998e+00	2.868147e+02	3.821691e+02
2.290887e+00	1.295478e+00	3.014214e+02	5.544875e+03
2.443334e+00	1.223188e+00	1.472820e+02	7.715580e+02
1.769102e+00	1.649642e+00	4.748635e+03	4.073340e+03
1.826992e+00	1.598498e+00	3.261040e+02	1.902628e+03
2.265838e+00	1.307099e+00	2.279696e+02	1.302591e+03
2.291132e+00	1.295047e+00	5.047806e+02	3.757963e+03
2.209022e+00	1.338127e+00	1.182427e+02	1.348858e+03
1.900276e+00	1.539202e+00	8.978284e+02	6.423575e+02
1.745148e+00	1.672419e+00	9.878730e+02	1.718768e+03
2.205862e+00	1.339791e+00	4.711718e+02	7.251947e+02
1.884281e+00	1.551646e+00	7.317161e+02	1.048622e+03
2.659666e+00	1.137291e+00	1.574362e+02	5.471472e+03
1.938136e+00	1.510467e+00	9.807719e+02	3.612112e+03
1.799346e+00	1.623431e+00	2.637316e+03	2.065670e+02
2.203925e+00	1.341069e+00	1.409648e+03	2.477623e+02
2.104807e+00	1.398050e+00	2.170828e+02	3.384881e+02
1.987089e+00	1.476463e+00	2.725122e+02	7.887362e+03
2.319859e+00	1.280486e+00	2.149481e+02	1.564753e+03
1.966451e+00	1.489528e+00	7.318200e+02	2.463922e+03
2.090843e+00	1.407138e+00	9.206725e+02	2.100365e+03
2.299088e+00	1.290895e+00	3.900786e+02	3.959290e+03
2.616753e+00	1.153114e+00	3.716065e+01	2.952945e+03
2.626261e+00	1.149994e+00	4.529376e+02	4.437890e+03
2.164759e+00	1.363595e+00	2.288607e+03	5.038152e+03
2.978278e+00	1.035440e+00	8.071358e+01	5.943851e+03
2.305012e+00	1.287520e+00	1.295188e+01	5.029910e+02
2.047885e+00	1.434123e+00	8.677580e+02	2.847549e+03
2.082452e+00	1.413158e+00	6.728473e+01	8.798615e+03
2.368934e+00	1.257445e+00	1.096399e+02	3.770062e+03
1.792678e+00	1.628408e+00	1.799276e+03	5.730222e+01
1.983999e+00	1.476295e+00	1.688933e+02	1.857476e+03
2.894056e+00	1.060107e+00	4.775332e+02	2.917242e+03
1.891646e+00	1.546663e+00	1.913847e+03	2.035819e+03
2.063976e+00	1.424234e+00	1.224698e+03	2.262754e+03
2.096442e+00	1.404296e+00	1.618854e+03	3.536200e+03
2.580781e+00	1.166760e+00	6.501202e+02	3.072068e+03
2.541213e+00	1.181992e+00	2.505927e+01	7.588039e+02
2.208446e+00	1.338768e+00	3.375553e+02	2.377888e+03
2.310201e+00	1.285099e+00	4.308776e+01	1.074139e+03
2.487996e+00	1.204248e+00	5.994971e+02	8.866128e+03
1.714667e+00	1.701069e+00	1.988201e+02	2.762052e+02
2.352437e+00	1.264347e+00	1.930578e+02	3.692302e+03
1.858873e+00	1.571403e+00	9.051146e+02	1.644894e+03
2.723837e+00	1.114044e+00	6.804567e+01	7.313118e+03
1.841838e+00	1.585285e+00	6.842430e+01	3.140173e+02
1.873151e+00	1.562000e+00	3.804268e+03	5.564144e+03
2.571919e+00	1.170458e+00	2.484442e+02	5.747980e+03
2.115692e+00	1.390365e+00	1.235831e+03	2.524155e+03
2.570739e+00	1.171015e+00	8.939037e+01	6.779329e+03
2.085975e+00	1.409938e+00	4.087081e+02	6.537035e+03
2.099095e+00	1.401446e+00	4.974457e+02	6.361581e+00
2.057473e+00	1.427911e+00	5.663339e+02	2.196612e+03
1.985852e+00	1.475638e+00	5.346380e+02	2.658042e+02
1.974624e+00	1.483517e+00	3.846869e+02	2.151722e+03
1.772740e+00	1.646227e+00	8.813582e+02	1.676234e+03
2.269348e+00	1.306378e+00	3.626628e+02	1.550724e+03
2.111325e+00	1.394393e+00	3.280921e+02	4.892616e+03
2.616378e+00	1.153160e+00	4.178062e+02	5.731784e+03
1.984855e+00	1.477178e+00	1.580485e+03	5.810642e+03
1.748179e+00	1.670705e+00	3.431189e+03	1.976778e+03
1.965678e+00	1.490591e+00	6.340733e+02	2.708121e+03
2.596474e+00	1.161569e+00	7.682099e+02	1.448964e+03
2.520061e+00	1.191315e+00	6.632719e+01	6.045592e+03
1.942530e+00	1.505989e+00	1.002859e+03	1.159961e+03
1.790758e+00	1.629441e+00	4.392121e+02	4.904751e+02
2.523214e+00	1.189477e+00	1.391792e+02	5.422839e+03
1.857578e+00	1.572382e+00	1.969804e+02	1.125248e+03
2.579353e+00	1.167635e+00	6.414157e+02	3.634596e+03
1.876528e+00	1.557382e+00	3.150036e+02	1.111017e+03
2.589649e+00	1.163683e+00	1.864466e+03	5.670927e+03
1.918938e+00	1.524495e+00	1.377773e+03	3.678665e+03
2.311275e+00	1.283994e+00	8.553947e+02	2.292116e+02
1.755449e+00	1.661959e+00	1.584074e+02	7.687675e+02
1.841314e+00	1.586306e+00	1.884079e+03	2.066515e+02
1.762538e+00	1.655943e+00	4.167325e+02	3.068758e+03
1.960712e+00	1.492497e+00	3.563918e+02	1.493885e+03
1.976804e+00	1.482361e+00	6.003916e+02	3.093113e+03
2.437261e+00	1.226140e+00	3.820601e+02	3.776065e+03
1.843711e+00	1.585355e+00	1.003895e+03	2.728693e+03
1.940835e+00	1.509299e+00	2.096018e+02	9.085790e+02
1.921491e+00	1.521860e+00	1.659564e+03	4.696620e+01
2.593891e+00	1.162006e+00	2.133170e+02	7.487067e+03
1.768514e+00	1.649955e+00	8.273031e+02	2.021131e+03
1.929158e+00	1.517223e+00	3.289994e+02	1.719905e+03
1.945817e+00	1.504679e+00	4.621635e+00	8.558983e+03
1.943938e+00	1.506033e+00	1.608681e+03	1.093329e+02
2.420100e+00	1.233820e+00	1.746804e+02	4.066759e+03
2.608438e+00	1.156403e+00	2.255474e+02	4.828677e+03
2.505495e+00	1.197651e+00	1.502894e+00	4.725377e+03
1.848228e+00	1.582431e+00	1.512308e+02	4.685790e+03
2.181103e+00	1.353945e+00	1.959614e+02	4.401401e+03
1.947086e+00	1.503556e+00	1.608974e+03	2.901528e+02
2.461180e+00	1.215400e+00	1.200504e+02	2.063387e+02
2.322242e+00	1.279342e+00	1.085771e+03	5.639228e+03
2.015385e+00	1.456264e+00	8.248777e+02	2.465184e+03
1.764509e+00	1.654425e+00	1.822958e+03	3.125093e+03
2.052738e+00	1.430328e+00	7.802282e+01	8.326392e+02
2.462836e+00	1.215158e+00	6.454590e+02	3.917594e+03
2.047787e+00	1.434636e+00	7.505343e+02	1.702786e+03
1.740994e+00	1.675462e+00	2.658148e+01	5.742542e+02
2.287885e+00	1.296437e+00	6.460851e+02	3.501484e+03
1.888226e+00	1.547620e+00	3.917242e+02	2.660295e+03
1.759154e+00	1.659362e+00	1.823133e+03	1.898873e+03
2.552815e+00	1.178155e+00	4.935212e+02	9.835725e+03
1.820377e+00	1.603870e+00	4.773962e+02	6.501242e+02
2.228676e+00	1.327065e+00	1.600078e+02	1.083350e+03
2.165175e+00	1.362618e+00	1.690786e+02	6.656521e+02
2.037468e+00	1.441662e+00	1.573429e+02	1.697529e+03
2.108655e+00	1.396365e+00	4.751190e+02	5.220508e+03
2.339682e+00	1.271282e+00	2.319296e+02	7.604511e+03
2.343085e+00	1.268631e+00	1.361836e+02	4.163514e+02
2.045524e+00	1.435575e+00	1.946631e+02	4.022857e+03
2.080579e+00	1.413410e+00	5.713322e+02	3.999121e+03
2.354929e+00	1.264395e+00	8.864889e+01	2.921568e+03
2.030178e+00	1.446514e+00	1.510263e+03	1.045133e+03
1.885647e+00	1.550655e+00	8.508241e+02	4.647326e+03
2.778199e+00	1.095703e+00	9.000777e+00	5.298142e+03
1.943208e+00	1.507108e+00	1.826490e+01	7.188614e+03
2.191061e+00	1.348125e+00	1.174126e+03	2.654918e+03
1.825980e+00	1.599790e+00	1.400298e+03	1.240897e+03
2.577535e+00	1.168429e+00	4.376185e+02	2.635195e+03
1.980433e+00	1.479794e+00	8.207659e+02	2.209803e+03
2.349367e+00	1.266363e+00	4.985647e+02	2.000712e+03
2.654930e+00	1.140852e+00	1.326570e+02	8.163495e+03
1.724483e+00	1.691914e+00	1.109658e+03	1.364528e+03
1.936367e+00	1.512438e+00	1.852677e+01	5.996941e+03
2.094306e+00	1.404854e+00	1.120727e+03	3.099907e+03
2.337403e+00	1.272375e+00	4.286095e+02	8.528228e+03
2.327732e+00	1.277768e+00	7.301399e+02	2.477354e+03
2.411522e+00	1.237925e+00	1.534029e+02	1.713457e+03
1.989787e+00	1.472737e+00	1.973543e+03	1.159928e+02
2.201151e+00	1.341948e+00	2.058210e+02	2.037483e+02
2.524816e+00	1.189601e+00	6.584347e+01	5.502421e+03
1.861737e+00	1.569742e+00	1.251152e+03	2.495799e+02
2.621871e+00	1.151432e+00	1.458723e+02	8.980731e+03
2.169305e+00	1.359899e+00	6.336567e+02	3.097319e+03
2.329616e+00	1.276368e+00	1.113932e+01	9.438196e+03
1.730983e+00	1.685273e+00	2.653916e+02	3.665784e+02
1.847522e+00	1.581476e+00	4.484533e+02	2.100690e+03
2.364682e+00	1.258541e+00	2.302282e+02	4.712187e+03
2.599755e+00	1.159677e+00	2.361265e+02	7.798910e+03
2.733026e+00	1.111323e+00	4.324269e+01	8.017592e+03
2.097097e+00	1.403680e+00	5.004608e+02	8.726564e+03
1.958020e+00	1.495744e+00	5.936483e+02	2.919350e+02
2.540948e+00	1.182656e+00	1.062205e+02	2.557397e+03
1.725075e+00	1.691077e+00	4.060145e+01	7.793907e+02
2.457953e+00	1.216543e+00	4.929108e+02	8.472895e+03
1.982386e+00	1.479007e+00	8.410167e+02	2.111815e+03
2.544272e+00	1.181734e+00	1.006717e+02	5.885599e+03
2.465677e+00	1.213680e+00	7.972268e+02	8.337887e+03
2.226912e+00	1.327296e+00	3.295449e+02	9.008217e+02
2.502571e+00	1.198123e+00	2.180281e+02	4.879774e+03
2.391374e+00	1.246095e+00	3.371922e+01	3.586075e+03
2.522694e+00	1.190267e+00	6.047628e+01	8.125796e+03
1.904196e+00	1.535164e+00	3.834713e+02	1.322760e+03
1.877550e+00	1.557216e+00	2.798475e+03	1.496332e+03
1.897641e+00	1.541426e+00	1.285780e+03	3.443989e+03
1.786588e+00	1.634236e+00	1.247747e+03	1.405337e+02
2.176952e+00	1.356714e+00	4.337692e+02	5.228257e+03
2.431333e+00	1.229018e+00	4.045423e+02	3.973092e+03
2.454067e+00	1.218825e+00	5.727672e+02	6.743094e+03
1.962519e+00	1.491659e+00	5.747499e+02	2.438125e+02
2.532177e+00	1.186158e+00	4.147872e+02	3.277095e+03
2.084840e+00	1.412136e+00	3.185736e+03	3.066350e+03
1.802141e+00	1.620345e+00	1.071762e+03	1.813618e+03
1.884986e+00	1.551340e+00	2.460636e+02	9.668626e+02
2.344643e+00	1.268283e+00	3.819998e+02	3.838245e+03
2.333480e+00	1.273539e+00	8.978425e+01	1.777751e+03
2.451421e+00	1.219958e+00	2.509368e+01	1.192059e+03
2.309079e+00	1.286850e+00	4.527895e+02	8.907978e+03
2.576931e+00	1.168563e+00	7.295231e+02	2.826995e+03
1.887173e+00	1.549794e+00	1.576904e+03	7.406091e+02
1.717223e+00	1.698644e+00	1.621852e+02	7.192209e+02
1.756941e+00	1.660357e+00	4.286371e+02	1.443254e+02
2.522671e+00	1.189689e+00	1.950481e+02	5.421613e+03
1.733097e+00	1.683258e+00	2.034073e+02	3.713174e+02
2.506215e+00	1.197383e+00	2.958693e+01	5.174151e+03
3.022189e+00	1.023020e+00	5.754235e+02	1.113102e+03
2.078213e+00	1.415400e+00	4.002741e+02	6.602608e+03
1.886193e+00	1.549628e+00	2.023150e+01	1.230622e+01
2.174160e+00	1.358004e+00	6.025942e+02	7.769306e+03
2.128720e+00	1.384260e+00	1.167349e+03	1.521790e+03
2.614585e+00	1.154116e+00	2.751552e+02	4.386178e+02
2.288850e+00	1.295864e+00	2.281347e+02	6.020136e+03
2.057178e+00	1.428485e+00	8.815852e+02	1.401492e+03
2.694006e+00	1.125179e+00	3.520626e+02	7.713849e+03
2.412915e+00	1.236842e+00	8.004920e+02	1.797507e+03
1.896410e+00	1.541329e+00	1.269771e+03	7.560237e+02
2.498622e+00	1.199882e+00	5.499662e+02	7.654095e+03
1.950392e+00	1.500917e+00	1.459227e+01	1.081989e+03
2.293137e+00	1.294098e+00	4.643802e+02	4.557077e+03
2.193828e+00	1.345610e+00	1.363310e+02	1.339793e+02
1.765632e+00	1.652196e+00	2.683136e+02	2.320384e+02
2.014671e+00	1.456568e+00	1.963524e+02	4.960421e+02
2.452577e+00	1.219769e+00	1.682908e+03	6.431067e+02
2.625556e+00	1.149287e+00	4.661159e+02	6.414079e+03
1.905777e+00	1.534653e+00	5.474269e+02	1.766100e+02
2.158580e+00	1.366464e+00	8.323722e+02	2.241804e+03
1.710968e+00	1.704765e+00	8.883189e+02	1.046380e+03
2.310707e+00	1.284453e+00	3.009861e+02	8.465894e+02
1.826887e+00	1.597911e+00	6.767392e+02	1.188597e+03
1.750624e+00	1.668054e+00	2.330351e+03	9.220467e+02
1.967281e+00	1.488932e+00	9.098255e+02	1.818235e+03
2.153721e+00	1.369283e+00	3.115845e+02	4.494492e+03
2.726832e+00	1.113918e+00	3.047375e+02	4.691501e+03
2.167991e+00	1.361070e+00	1.753676e+01	6.699844e+03
2.388509e+00	1.247463e+00	2.501038e+00	8.540710e+02
2.592296e+00	1.162599e+00	2.222756e+01	7.250343e+03
2.218262e+00	1.333432e+00	2.502428e+02	4.906324e+03
1.866232e+00	1.565716e+00	5.412028e+02	3.713229e+02
2.313641e+00	1.283786e+00	6.191279e+02	2.389224e+03
1.873125e+00	1.560438e+00	7.659769e+02	9.823206e+02
2.134412e+00	1.380430e+00	4.686370e+02	2.502277e+03
2.756574e+00	1.103615e+00	4.743201e+02	4.098118e+03
2.102351e+00	1.399394e+00	6.402021e+02	2.262309e+02
1.877376e+00	1.557314e+00	1.091894e+03	1.261262e+03
2.565092e+00	1.172918e+00	2.159441e+02	5.867947e+03
2.526450e+00	1.188728e+00	6.480264e+02	2.032715e+03
2.033478e+00	1.444763e+00	2.859437e+02	2.370886e+03
2.320808e+00	1.280353e+00	2.610281e+02	4.423649e+03
2.075805e+00	1.418265e+00	1.982559e+03	9.717002e+02
2.389842e+00	1.246923e+00	2.433821e+02	4.090129e+02
1.896864e+00	1.540490e+00	5.456132e+02	3.803661e+02
2.229766e+00	1.326363e+00	2.281311e+02	7.022191e+03
1.854074e+00	1.576176e+00	1.067554e+03	7.238957e+02
2.103056e+00	1.399011e+00	5.915417e+02	5.720181e+02
1.938334e+00	1.510105e+00	1.606949e+03	3.364748e+02
2.399897e+00	1.243097e+00	1.703916e+02	5.134828e+03
2.468540e+00	1.213169e+00	4.398610e+02	9.136752e+03
2.284189e+00	1.298118e+00	2.554811e+02	7.564001e+01
1.922785e+00	1.520956e+00	1.208688e+02	1.249029e+03
2.235908e+00	1.324234e+00	9.254903e+02	3.660023e+03
1.756617e+00	1.662945e+00	6.117711e+02	4.590378e+03
2.131311e+00	1.383111e+00	9.764852e+02	1.999075e+02
2.431961e+00	1.228484e+00	2.280125e+02	2.163744e+03
1.864144e+00	1.569813e+00	2.504691e+03	5.332311e+03
1.831010e+00	1.593909e+00	1.516564e+03	1.586880e+02
2.513804e+00	1.193935e+00	1.404276e+03	6.777693e+03
1.716792e+00	1.699958e+00	5.144604e+02	2.152611e+03
1.738780e+00	1.677708e+00	4.834824e+01	8.866738e+02
2.493478e+00	1.201958e+00	1.490478e+02	5.065914e+03
2.148217e+00	1.372513e+00	8.528905e+02	2.319000e+03
2.231285e+00	1.325801e+00	9.134016e+02	2.553207e+03
2.249525e+00	1.316166e+00	9.992919e+02	1.302226e+03
2.519794e+00	1.190642e+00	1.275418e+01	3.144200e+03
2.323245e+00	1.278333e+00	8.124671e+01	1.411103e+03
2.611877e+00	1.154894e+00	2.474112e+02	3.890064e+03
1.879592e+00	1.555105e+00	4.106903e+02	2.976225e+03
2.578223e+00	1.167938e+00	4.880083e+01	3.128622e+03
2.651202e+00	1.140381e+00	5.482369e+01	8.096664e+03
1.858786e+00	1.572697e+00	2.807374e+03	1.362524e+03
1.777826e+00	1.643421e+00	1.214269e+03	2.671148e+03
2.578371e+00	1.167943e+00	3.011729e+02	6.834745e+03
1.840321e+00	1.586229e+00	1.836035e+02	2.119066e+03
1.905539e+00	1.533708e+00	3.246428e+00	7.286271e+02
1.827183e+00	1.598847e+00	5.958638e+02	3.463828e+03
1.933428e+00	1.514204e+00	2.650724e+02	4.987836e+03
2.153448e+00	1.369030e+00	3.974458e+02	7.441107e+03
2.184526e+00	1.351571e+00	1.034789e+02	9.835623e+02
1.813691e+00	1.611196e+00	9.979855e+00	3.913376e+03
1.712795e+00	1.703274e+00	1.395645e+02	5.550732e+02
2.374045e+00	1.255233e+00	6.682815e+02	3.859726e+03
1.922393e+00	1.522502e+00	5.109525e+02	6.291879e+03
2.413030e+00	1.236839e+00	8.929741e+01	1.580709e+02
2.148233e+00	1.371978e+00	2.825503e+02	1.860180e+03
2.629856e+00	1.147748e+00	9.878510e+01	2.739969e+02
2.399763e+00	1.243112e+00	1.325839e+02	5.041271e+03
2.479920e+00	1.207462e+00	6.431219e+01	6.637244e+01
2.371979e+00	1.255551e+00	1.804412e+02	8.958970e+01
2.299669e+00	1.290934e+00	8.221425e+02	4.067806e+03
2.539352e+00	1.183498e+00	4.664127e+02	4.619646e+03
2.126374e+00	1.385610e+00	8.463798e+02	3.347045e+03
2.035527e+00	1.441824e+00	1.040889e+03	9.123571e+02
2.510691e+00	1.194864e+00	3.180977e+02	2.280820e+03
2.902775e+00	1.057706e+00	8.536303e+01	6.868408e+03
1.906357e+00	1.533632e+00	7.639094e+02	5.819043e+01
2.397231e+00	1.243845e+00	2.044094e+01	1.647288e+03
2.407760e+00	1.238978e+00	5.329562e+01	9.632074e+02
2.231806e+00	1.325395e+00	4.033430e+01	5.965158e+02
2.212201e+00	1.336629e+00	5.229066e+01	3.796183e+03
2.356755e+00	1.262859e+00	8.659487e+01	6.373923e+03
2.117805e+00	1.390757e+00	4.314506e+02	2.264082e+03
2.227238e+00	1.327868e+00	6.392957e+02	5.503887e+03
1.822716e+00	1.602079e+00	4.877019e+02	9.307123e+02
1.798531e+00	1.623403e+00	9.303075e+02	1.260421e+03
2.262784e+00	1.309089e+00	3.205891e+01	1.164981e+03
1.726353e+00	1.689613e+00	2.186913e+03	6.728239e+02
1.942316e+00	1.507364e+00	8.834111e+02	2.908134e+03
1.905604e+00	1.534860e+00	5.939245e+02	2.510238e+03
2.499843e+00	1.199480e+00	4.478249e+02	8.810609e+03
1.942071e+00	1.507848e+00	1.102492e+03	4.147426e+03
1.930488e+00	1.516349e+00	1.384307e+03	1.839907e+03
2.181819e+00	1.352303e+00	9.089794e+01	2.303272e+02
2.602260e+00	1.159139e+00	7.671616e+02	2.193505e+03
2.314687e+00	1.283144e+00	5.517232e+02	4.216688e+03
1.732866e+00	1.683430e+00	2.513262e+02	3.321192e+02
2.529430e+00	1.186708e+00	3.256201e+01	2.080692e+03
2.288316e+00	1.297007e+00	5.958093e+02	4.260140e+03
2.102434e+00	1.400787e+00	9.463141e+02	2.161971e+03
1.883503e+00	1.551780e+00	1.707990e+02	9.862413e+02
2.624707e+00	1.150511e+00	8.119908e+01	9.307087e+03
2.834599e+00	1.078198e+00	5.202645e+02	4.582362e+03
1.936567e+00	1.512031e+00	3.638995e+03	3.314440e+02
2.692487e+00	1.124868e+00	8.605337e+01	8.902916e+03
2.742072e+00	1.108609e+00	5.778084e+02	4.990723e+03
2.289399e+00	1.295495e+00	1.608282e+02	3.842048e+03
1.816531e+00	1.607518e+00	1.971859e+03	2.208494e+01
2.003072e+00	1.464701e+00	1.094628e+03	6.373649e+03
2.295491e+00	1.292314e+00	2.307454e+02	1.027167e+03
2.627848e+00	1.149161e+00	1.274977e+02	5.471522e+03
2.005962e+00	1.461779e+00	3.653010e+02	1.746586e+03
2.595683e+00	1.161358e+00	1.083955e+02	3.578333e+03
1.748833e+00	1.668456e+00	3.504452e+02	8.951933e+02
2.004242e+00	1.463246e+00	1.539449e+03	2.813069e+03
1.915781e+00	1.527006e+00	2.427259e+02	8.088042e+01
1.968655e+00	1.487973e+00	9.875721e+02	2.803490e+03
1.894574e+00	1.543441e+00	3.923562e+02	3.223389e+03
2.043658e+00	1.437019e+00	7.540548e+02	3.687229e+03
1.812440e+00	1.611072e+00	1.662470e+03	3.147927e+02
2.352488e+00	1.265958e+00	2.013309e+02	9.257284e+03
2.096886e+00	1.403344e+00	4.461624e+02	4.965948e+03
2.578716e+00	1.168463e+00	1.045967e+02	4.586128e+03
1.807052e+00	1.616214e+00	1.218375e+03	1.895131e+03
2.568689e+00	1.171707e+00	1.438839e+00	3.399576e+03
2.556532e+00	1.176279e+00	3.714837e+02	5.782795e+02
2.540112e+00	1.183126e+00	1.723186e+02	7.623280e+03
2.223590e+00	1.329214e+00	1.324581e+00	6.042727e+02
2.280060e+00	1.301168e+00	6.906050e+02	5.345821e+03
2.457421e+00	1.217050e+00	5.881538e+02	4.647076e+03
2.487033e+00	1.204687e+00	2.957313e+02	4.606329e+03
2.418319e+00	1.234904e+00	4.386908e+02	3.308511e+03
2.148937e+00	1.372426e+00	4.382628e+02	3.110036e+03
2.641753e+00	1.143086e+00	4.380432e+02	6.628052e+03
1.763607e+00	1.654096e+00	4.925435e+02	4.169036e+02
2.365268e+00	1.258888e+00	4.479228e+01	4.664940e+03
1.889560e+00	1.547450e+00	1.743611e+03	6.138799e+03
2.647940e+00	1.141397e+00	6.292901e+01	6.298850e+03
1.731950e+00	1.685002e+00	1.075514e+03	1.177680e+03
2.388930e+00	1.248046e+00	1.818028e+02	1.818529e+03
1.939328e+00	1.509379e+00	1.932124e+03	1.740466e+01
1.956548e+00	1.498013e+00	1.497150e+03	4.439847e+03
2.415087e+00	1.235398e+00	7.754153e+00	8.750794e+03
1.764036e+00	1.655168e+00	1.802145e+03	1.173091e+03
2.445616e+00	1.221916e+00	3.090624e+02	3.067699e+02
1.970795e+00	1.487160e+00	1.800117e+02	2.214276e+03
2.478600e+00	1.207935e+00	2.257543e+02	7.453639e+02
2.526551e+00	1.187817e+00	2.406903e+02	4.429984e+03
2.306174e+00	1.287608e+00	8.499526e+02	2.806046e+03
2.376111e+00	1.253756e+00	2.174370e+02	3.244465e+03
1.811711e+00	1.609995e+00	2.095093e+02	5.230551e+02
2.557718e+00	1.175904e+00	3.482165e+02	2.456424e+03
2.070593e+00	1.420393e+00	5.025297e+01	7.236990e+03
2.697714e+00	1.123292e+00	1.490004e+02	6.504538e+03
1.956940e+00	1.496469e+00	8.004330e+02	2.537152e+03
2.288806e+00	1.295778e+00	3.271794e+02	3.172105e+03
2.290373e+00	1.296907e+00	2.197724e+03	1.842177e+03
1.966360e+00	1.489357e+00	1.719301e+03	5.816414e+02
2.080634e+00	1.413286e+00	2.726888e+02	5.777315e+03
1.783864e+00	1.635666e+00	1.459646e+02	3.383431e+02
1.757447e+00	1.662555e+00	2.717025e+03	2.331613e+03
2.134705e+00	1.380069e+00	4.874588e+02	3.347451e+02
1.889003e+00	1.547698e+00	5.115816e+01	8.418349e+02
2.136535e+00	1.380119e+00	1.085077e+03	1.816398e+03
2.292923e+00	1.293401e+00	2.592740e+02	1.121062e+03
1.719543e+00	1.696238e+00	2.961824e+03	4.724011e+02
2.236455e+00	1.323252e+00	4.225467e+02	4.112487e+03
1.884033e+00	1.552744e+00	3.554814e+03	1.049753e+03
1.929127e+00	1.516531e+00	1.794784e+03	9.646096e+02
2.241951e+00	1.321374e+00	3.881524e+02	7.353738e+03
2.465853e+00	1.213241e+00	1.181541e+01	5.758186e+03
1.871075e+00	1.562394e+00	4.286094e+02	1.396276e+03
2.028046e+00	1.448617e+00	9.196732e+02	7.928257e+03
2.225246e+00	1.329516e+00	9.410115e+02	3.401451e+03
3.058384e+00	1.013168e+00	9.006836e+02	5.884774e+03
1.992567e+00	1.471735e+00	3.109892e+03	2.803444e+03
2.002548e+00	1.464131e+00	3.829387e+02	1.593767e+03
2.598554e+00	1.160348e+00	2.960577e+02	9.675309e+03
2.645611e+00	1.142893e+00	3.446936e+02	4.656997e+03
2.534994e+00	1.185013e+00	5.465989e+01	1.700257e+03
1.888225e+00	1.547861e+00	1.506205e+03	1.295689e+03
2.649459e+00	1.140930e+00	3.859962e+02	5.161301e+03
2.028427e+00	1.447435e+00	8.846796e+02	2.227664e+03
2.508503e+00	1.195206e+00	5.656952e+02	3.159985e+02
2.566737e+00	1.172476e+00	5.868991e+02	3.326021e+03
1.739148e+00	1.677228e+00	2.661476e+02	3.299886e+02
2.067024e+00	1.421064e+00	1.438294e+01	8.416760e+02
2.108296e+00	1.396670e+00	8.355176e+02	3.186872e+03
1.797202e+00	1.625193e+00	4.248986e+02	1.796795e+02
1.820744e+00	1.604239e+00	1.434398e+02	2.150581e+03
1.864695e+00	1.565956e+00	2.271598e+02	2.197798e+03
1.814287e+00	1.609318e+00	1.263263e+03	3.028874e+03
2.034938e+00	1.441697e+00	4.352300e+02	2.112382e+02
1.708272e+00	1.707791e+00	2.197479e+03	4.401731e+02
2.124963e+00	1.385996e+00	4.779560e+02	3.795447e+03
2.315737e+00	1.284167e+00	2.337752e+02	6.999284e+03
2.526094e+00	1.188952e+00	1.402078e+02	7.592829e+03
2.164114e+00	1.362742e+00	1.762588e+02	2.007328e+03
2.171465e+00	1.358485e+00	7.446752e+02	2.218042e+03
1.806948e+00	1.615744e+00	1.935144e+03	4.282626e+02
1.744076e+00	1.674516e+00	8.109802e+02	1.299076e+03
2.234760e+00	1.324845e+00	8.169174e+02	4.605329e+03
1.807832e+00	1.614545e+00	5.702455e+02	6.305864e+01
3.047658e+00	1.016003e+00	6.628273e+00	6.699350e+03
1.828486e+00	1.598219e+00	2.248058e+03	1.193872e+03
2.157133e+00	1.366824e+00	1.356422e+02	2.152726e+03
1.822407e+00	1.602951e+00	1.540003e+02	7.870496e+02
2.386676e+00	1.249605e+00	1.997482e+01	1.942872e+03
2.616080e+00	1.153627e+00	1.203852e+03	6.084416e+03
2.633758e+00	1.147105e+00	2.990412e+02	3.866596e+03
1.938556e+00	1.510368e+00	1.074983e+03	2.219269e+03
1.977560e+00	1.481500e+00	5.129720e+01	3.638972e+03
2.542523e+00	1.181878e+00	5.186204e+02	9.598388e+03
1.846950e+00	1.580583e+00	1.383209e+02	2.773359e+03
1.930816e+00	1.515747e+00	3.882858e+02	5.632516e+03
1.756560e+00	1.662312e+00	4.967655e+02	4.955733e+03
2.437244e+00	1.225762e+00	3.162163e+01	2.061234e+01
1.983803e+00	1.477850e+00	3.846258e+01	4.048040e+03
1.741472e+00	1.675089e+00	4.652780e+02	1.660504e+02
2.569627e+00	1.171583e+00	2.870250e+02	5.481724e+03
1.791830e+00	1.628984e+00	1.916718e+03	5.114014e+01
1.996662e+00	1.468220e+00	6.972036e+02	2.356358e+03
1.795114e+00	1.626849e+00	2.859417e+03	1.775791e+02
2.025221e+00	1.449248e+00	9.934686e+02	2.182372e+03
2.334286e+00	1.273417e+00	1.095156e+03	3.356393e+02
2.317771e+00	1.281533e+00	1.074122e+03	4.276886e+02
2.389067e+00	1.247341e+00	5.741495e+02	8.373754e+02
1.961646e+00	1.493212e+00	1.762443e+02	3.273015e+03
2.609737e+00	1.156367e+00	1.074655e+03	3.562087e+03
2.509758e+00	1.194778e+00	1.962720e+01	6.935045e+02
1.794502e+00	1.626369e+00	1.690413e+02	7.278793e+02
2.565445e+00	1.171822e+00	7.708823e+01	5.940077e+03
2.027777e+00	1.448359e+00	8.295559e+02	4.004132e+03
2.501822e+00	1.198554e+00	1.083864e+02	7.892084e+03
1.752516e+00	1.665748e+00	3.006016e+02	2.973632e+03
2.328163e+00	1.276056e+00	5.751054e+02	6.490085e+02
2.270409e+00	1.305449e+00	2.843610e+03	2.079257e+03
2.319742e+00	1.280932e+00	6.309326e+01	2.000145e+03
2.178711e+00	1.354799e+00	3.066388e+02	3.778567e+03
1.809493e+00	1.612802e+00	5.680867e+02	4.716050e+01
2.621792e+00	1.151645e+00	1.836664e+02	2.057341e+03
2.324432e+00	1.277868e+00	5.260328e+02	3.939291e+03
2.284265e+00	1.297860e+00	6.762217e+01	2.880036e+03
2.218596e+00	1.333588e+00	1.039001e+03	3.989715e+03
1.984580e+00	1.476698e+00	7.998024e+01	4.042270e+03
2.209396e+00	1.338896e+00	8.217233e+02	3.711709e+03
1.919318e+00	1.524256e+00	2.878805e+02	2.771233e+02
1.987943e+00	1.476085e+00	3.214130e+03	1.157156e+03
1.737286e+00	1.679663e+00	1.767643e+02	8.852542e+02
2.185415e+00	1.351477e+00	8.408211e+02	2.924281e+03
1.709659e+00	1.706926e+00	5.359024e+02	7.419650e+02
1.966630e+00	1.490059e+00	1.352385e+03	9.476361e+02
1.934523e+00	1.513014e+00	6.135540e+02	2.892396e+02
2.661093e+00	1.136166e+00	3.211469e+01	6.849884e+03
2.099175e+00	1.401916e+00	1.692827e+02	3.998166e+03
2.638426e+00	1.145977e+00	3.676792e+02	3.195485e+03
1.841259e+00	1.586679e+00	9.780464e+02	4.875530e+02
2.037374e+00	1.441450e+00	7.491697e+02	5.509105e+03
1.887608e+00	1.549564e+00	6.330729e+02	3.127343e+03
2.042969e+00	1.437846e+00	7.902599e+02	4.046553e+03
1.710394e+00	1.705449e+00	3.231251e+02	3.786599e+02
2.497131e+00	1.200627e+00	2.130167e+02	8.042737e+03
1.964305e+00	1.491688e+00	2.413181e+03	6.609482e+02
2.179395e+00	1.353533e+00	1.589379e+02	1.825295e+03
2.615106e+00	1.154248e+00	2.475214e+02	3.686338e+03
1.841723e+00	1.586298e+00	3.713703e+02	9.345646e+02
1.933450e+00	1.513474e+00	1.662345e+03	7.812419e+02
2.182229e+00	1.351361e+00	9.237054e+02	3.541440e+03
1.730780e+00	1.685374e+00	4.211071e+02	2.208830e+02
2.785089e+00	1.094008e+00	6.358393e+00	1.789193e+03
2.463126e+00	1.214831e+00	1.122068e+02	3.681635e+03
1.971914e+00	1.486929e+00	3.441362e+02	4.420747e+03
2.553266e+00	1.177766e+00	1.755143e+02	2.195098e+03
2.544848e+00	1.182958e+00	1.190070e+02	7.782100e+03
2.256447e+00	1.313217e+00	6.929656e+02	3.646593e+03
1.926066e+00	1.519247e+00	5.590635e+02	4.007261e+02
1.779678e+00	1.641972e+00	4.506727e+03	8.422345e+01
1.876655e+00	1.557428e+00	8.057857e+02	2.865833e+03
2.608544e+00	1.156693e+00	6.249801e+02	1.911464e+03
2.071290e+00	1.417620e+00	2.070402e+02	6.694282e+01
1.994238e+00	1.470227e+00	5.176323e+02	3.357800e+03
2.017445e+00	1.453927e+00	7.012080e+02	2.513323e+03
1.820214e+00	1.604397e+00	1.775413e+03	5.991851e+02
2.407616e+00	1.239083e+00	8.382254e+02	4.175415e+03
1.726834e+00	1.689234e+00	1.274513e+02	2.601077e+02
2.285528e+00	1.297728e+00	1.422235e+03	2.205886e+02
1.869223e+00	1.564139e+00	3.259220e+03	5.036641e+02
1.775323e+00	1.646379e+00	9.287923e+02	4.167645e+03
1.960231e+00	1.494400e+00	3.019325e+02	4.105960e+02
2.155868e+00	1.368334e+00	1.292469e+03	7.468086e+01
1.913288e+00	1.528655e+00	3.900110e+02	2.495141e+03
1.894993e+00	1.543448e+00	3.494224e+02	9.105199e+02
2.015172e+00	1.455618e+00	5.145170e+02	4.691295e+02
2.343359e+00	1.268712e+00	4.893802e+01	6.754404e+02
2.296153e+00	1.292259e+00	3.119595e+02	1.401525e+03
2.256780e+00	1.312743e+00	7.032931e+02	4.025726e+03
2.536350e+00	1.185725e+00	2.386027e+03	4.106803e+03
2.299351e+00	1.290300e+00	1.154454e+02	1.847993e+03
2.094344e+00	1.404843e+00	1.015757e+01	2.875553e+03
2.635292e+00	1.146336e+00	1.420659e+02	5.134151e+03
1.900451e+00	1.538877e+00	1.033460e+02	1.248449e+03
1.825989e+00	1.599497e+00	1.642933e+02	5.502539e+02
2.334414e+00	1.273587e+00	7.611193e+02	1.240157e+03
1.714910e+00	1.701608e+00	1.398018e+03	1.126441e+03
2.097951e+00	1.402700e+00	9.527929e+02	6.279258e+03
2.249932e+00	1.315364e+00	4.861849e+02	1.874423e+03
2.364964e+00	1.258647e+00	7.746890e+02	2.199170e+03
1.721129e+00	1.694806e+00	4.105129e+02	4.925073e+02
2.513649e+00	1.194228e+00	5.921886e+02	1.962458e+03
2.190735e+00	1.348490e+00	1.009922e+03	2.727301e+03
1.882364e+00	1.553288e+00	1.269231e+03	1.021311e+03
2.581818e+00	1.165616e+00	2.745610e+02	2.416612e+03
1.814294e+00	1.609517e+00	3.466743e+02	2.349662e+02
2.387744e+00	1.247643e+00	4.767300e+02	6.778593e+02
1.709712e+00	1.707718e+00	8.616849e+02	5.146064e+03
2.424745e+00	1.231838e+00	5.652474e+02	2.068283e+03
1.997365e+00	1.468590e+00	2.260512e+02	3.848379e+03
2.666236e+00	1.134256e+00	5.327523e+01	9.023677e+03
2.339672e+00	1.270294e+00	1.129628e+01	4.687527e+02
2.041359e+00	1.438681e+00	1.512327e+03	2.885021e+03
1.986022e+00	1.475020e+00	2.046075e+02	9.640093e+02
1.915325e+00	1.527825e+00	1.256706e+02	1.676452e+03
1.841143e+00	1.587562e+00	4.498742e+03	2.062559e+01
2.010528e+00	1.459445e+00	2.336096e+03	1.446753e+03
2.585023e+00	1.165111e+00	2.632903e+02	4.315775e+03
2.654666e+00	1.138444e+00	1.312270e+02	9.060093e+03
2.736016e+00	1.109767e+00	5.896471e+01	8.995054e+03
2.181158e+00	1.353397e+00	1.551959e+02	1.274692e+03
1.804589e+00	1.617619e+00	4.064547e+03	1.523176e+03
1.897546e+00	1.541665e+00	6.374654e+02	7.155441e+02
2.068509e+00	1.421131e+00	1.273583e+02	1.672359e+03
2.555191e+00	1.177378e+00	5.408638e+02	4.494434e+03
2.165466e+00	1.361990e+00	5.000897e+02	4.011431e+03
1.836036e+00	1.591125e+00	5.127315e+02	8.173484e+02
1.933434e+00	1.513489e+00	2.184372e+02	7.076223e+02
2.294837e+00	1.292779e+00	6.735804e+01	3.401671e+03
2.497203e+00	1.200102e+00	6.176837e+01	1.201206e+03
1.789069e+00	1.632052e+00	2.098922e+03	1.332805e+03
2.311839e+00	1.284347e+00	2.512455e+02	1.674175e+03
2.079477e+00	1.414598e+00	1.895952e+03	2.969593e+02
2.486011e+00	1.204541e+00	1.208667e+03	6.388063e+03
2.601313e+00	1.159174e+00	1.592595e+01	8.764675e+03
1.915431e+00	1.527997e+00	9.657465e+02	2.788073e+03
2.654902e+00	1.138369e+00	1.834882e+02	1.774967e+03
2.357054e+00	1.262276e+00	4.020057e+01	9.188865e+02
1.963483e+00	1.491909e+00	9.838055e+01	1.277653e+03
1.800457e+00	1.621103e+00	6.681913e+01	1.053539e+03
1.827827e+00	1.598061e+00	9.327612e+01	1.548542e+03
2.706313e+00	1.120766e+00	1.115509e+01	8.611506e+03
2.686287e+00	1.128864e+00	1.967161e+02	4.179561e+03
2.398214e+00	1.243742e+00	7.580873e+02	1.574591e+03
2.489294e+00	1.203307e+00	1.076609e+02	1.795238e+03
2.086779e+00	1.408222e+00	6.061298e+00	1.511280e+03
2.408093e+00	1.238897e+00	7.180685e+01	1.594413e+03
2.311251e+00	1.284813e+00	1.651232e+02	3.156177e+03
2.102276e+00	1.400062e+00	1.169164e+03	3.056175e+03
2.412450e+00	1.236949e+00	6.610506e+02	1.764674e+03
2.009767e+00	1.459476e+00	5.329119e+02	1.523625e+03
1.966232e+00	1.489771e+00	2.933555e+03	1.575934e+01
2.314302e+00	1.283185e+00	9.289319e+02	5.675120e+03
2.197170e+00	1.343761e+00	7.576609e+01	2.408575e+02
2.678829e+00	1.130319e+00	4.546879e+02	8.516690e+03
2.155333e+00	1.368606e+00	6.155613e+02	9.684284e+02
2.140202e+00	1.377397e+00	1.528633e+03	1.240755e+02
2.736619e+00	1.109585e+00	1.460088e+02	8.172451e+03
1.962884e+00	1.491766e+00	3.711712e+02	9.581879e+02
2.411265e+00	1.237042e+00	5.324177e+01	3.551522e+02
2.628416e+00	1.149143e+00	1.140924e+02	2.428128e+03
2.241813e+00	1.319829e+00	2.173259e+02	3.371847e+02
1.923175e+00	1.522151e+00	7.691220e+02	6.456596e+03
2.384750e+00	1.250069e+00	1.695006e+02	5.291536e+03
1.841165e+00	1.587073e+00	1.219261e+03	1.406554e+03
2.265598e+00	1.308315e+00	2.496181e+03	5.168790e+02
2.454930e+00	1.218487e+00	3.396723e+02	2.390705e+03
2.207924e+00	1.338781e+00	1.246890e+03	2.644834e+03
2.477535e+00	1.208516e+00	2.403553e+02	6.860816e+03
1.881708e+00	1.553039e+00	5.543357e+02	2.630100e+03
2.143206e+00	1.374653e+00	5.098814e+02	1.840700e+03
2.778738e+00	1.096974e+00	4.220535e+02	4.050628e+03
2.234045e+00	1.324780e+00	2.682881e+02	2.906108e+03
2.595750e+00	1.161166e+00	2.613431e+01	9.090569e+03
2.339518e+00	1.270885e+00	4.290285e+02	4.116898e+03
2.121965e+00	1.387422e+00	3.625591e+02	1.955517e+02
1.913607e+00	1.529606e+00	2.761269e+03	6.835211e+02
2.270746e+00	1.304965e+00	4.195026e+01	7.740765e+02
1.758605e+00	1.660880e+00	1.123208e+03	5.856959e+03
2.619629e+00	1.152461e+00	4.906852e+02	4.008108e+03
1.840748e+00	1.588272e+00	2.651236e+03	3.530262e+03
2.344962e+00	1.268767e+00	2.070632e+02	3.695702e+03
2.328708e+00	1.277153e+00	1.219028e+02	1.746959e+03
1.940888e+00	1.508635e+00	1.057850e+03	4.107513e+03
2.567182e+00	1.172608e+00	7.730904e+01	2.318933e+03
2.149162e+00	1.372161e+00	2.372311e+02	4.072014e+03
2.284471e+00	1.297457e+00	1.760655e+02	1.691401e+03
2.281013e+00	1.300104e+00	1.287589e+03	1.781350e+03
2.425112e+00	1.231267e+00	1.193542e+02	2.302356e+02
2.244856e+00	1.319199e+00	1.284291e+03	2.366625e+03
1.990387e+00	1.474073e+00	2.900122e+03	1.673794e+03
2.534470e+00	1.185210e+00	5.057719e+02	2.501953e+03
2.732246e+00	1.111293e+00	2.017332e+01	4.803113e+03
1.842630e+00	1.585688e+00	8.443552e+01	6.022202e+02
1.835750e+00	1.590404e+00	6.273820e+02	2.142034e+03
1.890552e+00	1.546337e+00	4.974050e+02	2.427347e+02
1.974068e+00	1.484594e+00	4.866568e+02	2.346327e+03
2.426635e+00	1.230322e+00	6.480742e+02	3.765944e+03
2.310438e+00	1.285414e+00	2.696520e+02	4.294269e+02
1.866707e+00	1.565671e+00	1.791112e+03	2.070018e+02
1.842967e+00	1.584784e+00	4.958702e+02	2.898008e+02
2.022184e+00	1.451683e+00	9.435707e+02	1.802158e+03
2.147262e+00	1.373256e+00	9.765839e+01	1.859675e+03
1.997332e+00	1.467444e+00	3.871694e+02	6.282603e+02
1.929893e+00	1.515639e+00	3.651331e+01	4.990961e+02
2.098038e+00	1.402586e+00	3.631766e+02	2.823158e+03
2.619788e+00	1.152117e+00	2.664716e+02	3.479595e+03
1.740252e+00	1.677139e+00	1.880107e+01	2.234651e+03
2.534023e+00	1.184984e+00	9.149551e+01	6.589459e+02
2.509890e+00	1.194934e+00	1.570241e+02	3.714678e+03
2.234182e+00	1.325748e+00	4.683944e+03	3.682191e+03
2.461609e+00	1.215696e+00	1.051883e+02	3.960410e+03
2.035072e+00	1.443165e+00	2.387304e+03	2.804341e+02
1.723610e+00	1.693515e+00	9.755328e+02	2.025170e+03
2.496323e+00	1.201685e+00	1.560138e+02	8.441160e+03
2.070038e+00	1.419716e+00	5.837249e+02	2.518725e+03
2.009317e+00	1.460729e+00	4.667243e+02	5.490591e+03
2.518684e+00	1.191127e+00	4.593261e+02	2.488422e+03
2.633025e+00	1.147269e+00	6.174052e+02	4.236895e+03
1.870551e+00	1.563172e+00	3.572551e+03	9.122610e+02
2.148200e+00	1.372241e+00	4.542679e+01	4.574693e+03
2.016184e+00	1.456566e+00	1.096542e+03	7.521192e+03
1.884365e+00	1.551068e+00	1.621285e+02	1.955488e+03
1.931335e+00	1.514899e+00	6.272645e+01	7.803939e+02
2.575875e+00	1.168751e+00	9.721617e+01	5.203759e+03
1.876829e+00	1.557497e+00	2.552620e+02	1.974622e+02
1.891747e+00	1.545197e+00	1.521747e+03	2.180370e+01
2.067179e+00	1.421292e+00	6.108686e+01	7.336666e+02
1.716314e+00	1.701059e+00	1.705093e+03	1.359468e+03
1.757509e+00	1.660633e+00	5.740353e+02	1.078498e+02
2.826347e+00	1.081163e+00	5.515594e+02	5.762088e+03
1.922649e+00	1.522214e+00	2.519406e+02	4.297115e+02
2.564399e+00	1.173032e+00	2.883778e+02	4.243772e+03
2.157942e+00	1.366621e+00	7.350325e+02	4.048255e+03
2.362830e+00	1.260217e+00	6.404892e+02	1.888095e+03
1.793584e+00	1.628221e+00	2.819992e+03	5.604911e+02
1.741319e+00	1.674916e+00	2.703515e+03	2.195489e+02
1.941945e+00	1.507453e+00	5.890827e+02	5.186999e+02
2.425308e+00	1.230956e+00	2.714227e+02	4.538706e+03
1.889963e+00	1.546395e+00	8.204698e+02	2.525816e+03
2.085146e+00	1.410935e+00	9.657272e+01	7.374182e+03
2.289675e+00	1.294736e+00	1.731917e+01	1.482201e+02
2.513674e+00	1.193977e+00	2.135699e+02	8.144201e+03
2.705344e+00	1.120847e+00	3.971495e+01	8.678995e+03
2.417015e+00	1.234773e+00	3.299459e+02	4.869247e+03
2.483925e+00	1.205957e+00	5.412622e+02	6.586938e+03
2.168894e+00	1.360861e+00	1.105562e+03	2.206468e+02
2.406797e+00	1.239384e+00	3.428333e+01	1.122544e+03
2.236128e+00	1.322839e+00	5.549480e+01	4.593041e+02
2.197426e+00	1.344725e+00	5.467345e+02	1.476205e+03
2.600288e+00	1.159103e+00	5.317975e+02	4.150979e+03
2.178016e+00	1.355808e+00	6.527842e+02	6.326104e+03
1.767907e+00	1.652659e+00	3.386319e+03	1.740682e+03
2.348061e+00	1.267063e+00	2.281540e+02	4.760732e+03
2.282143e+00	1.299899e+00	3.127817e+02	5.399624e+03
2.207968e+00	1.338198e+00	2.781034e+02	5.775916e+02
2.178357e+00	1.354900e+00	4.822728e+02	3.468067e+02
1.846120e+00	1.581842e+00	8.533045e+02	1.384859e+03
2.604870e+00	1.157913e+00	6.322117e+01	1.739146e+03
1.847064e+00	1.581430e+00	4.365195e+02	1.694012e+03
2.027031e+00	1.448130e+00	1.287863e+03	9.948875e+03
1.789861e+00	1.631547e+00	3.025486e+03	3.428388e+02
1.976380e+00	1.482601e+00	4.764556e+02	2.578664e+02
1.712172e+00	1.703784e+00	2.809293e+02	7.002991e+02
2.668949e+00	1.135095e+00	6.442853e+02	7.918340e+03
2.152064e+00	1.369680e+00	8.740720e+01	3.664731e+03
1.848282e+00	1.579654e+00	3.976419e+01	2.762574e+02
2.299089e+00	1.290703e+00	5.991857e+02	2.668072e+03
2.014735e+00	1.457481e+00	1.040327e+03	7.508908e+03
2.160133e+00	1.365661e+00	1.227358e+03	8.098735e+02
2.135166e+00	1.379976e+00	1.710445e+02	4.673252e+03
2.712175e+00	1.118291e+00	2.345229e+01	5.809002e+03
1.822785e+00	1.600987e+00	3.812108e+02	4.452031e+02
1.961316e+00	1.493402e+00	6.275805e+02	2.019445e+03
1.879211e+00	1.555069e+00	1.250046e+03	6.137126e+02
2.048470e+00	1.434964e+00	6.242599e+02	1.858147e+03
1.914163e+00	1.527643e+00	4.841853e+02	3.491986e+02
2.271169e+00	1.303935e+00	8.861690e+02	7.094762e+01
1.947035e+00	1.503672e+00	4.695158e+02	4.445375e+03
1.934033e+00	1.513289e+00	4.887802e+02	5.586988e+02
2.577786e+00	1.168310e+00	3.079381e+01	6.706751e+03
1.742109e+00	1.674415e+00	1.670956e+01	7.394324e+02
1.742956e+00	1.673741e+00	5.847087e+01	5.493036e+02
1.775533e+00	1.644366e+00	1.450902e+03	1.394947e+03
2.036604e+00	1.441516e+00	7.765293e+02	2.543111e+03
2.053150e+00	1.430893e+00	9.531342e+02	5.242207e+03
1.900077e+00	1.538985e+00	4.109076e+02	4.915219e+02
1.918302e+00	1.525337e+00	4.038218e+02	4.001163e+03
2.672250e+00	1.132437e+00	9.600518e+01	7.353701e+03
2.211190e+00	1.337677e+00	1.581506e+02	2.428381e+03
2.567493e+00	1.172241e+00	3.665030e+02	7.193418e+03
2.062986e+00	1.425185e+00	6.712941e+02	4.368907e+03
2.335718e+00	1.272769e+00	1.122133e+03	2.337144e+02
2.041282e+00	1.439053e+00	9.245166e+01	2.109422e+03
2.065825e+00	1.422041e+00	8.971560e+02	2.775802e+03
1.782078e+00	1.639245e+00	3.012691e+03	2.366527e+03
1.795866e+00	1.626606e+00	1.025103e+03	2.468882e+03
1.750449e+00	1.667467e+00	2.340397e+03	1.999404e+03
2.500191e+00	1.199093e+00	1.479148e+02	9.199745e+02
1.937220e+00	1.510981e+00	2.540027e+02	4.449169e+03
1.916752e+00	1.526777e+00	1.032465e+03	4.490924e+03
1.759767e+00	1.658395e+00	2.852745e+03	8.727792e+02
1.858878e+00	1.572181e+00	2.298273e+02	1.602978e+03
2.150615e+00	1.371488e+00	5.688577e+01	3.616627e+03
2.089934e+00	1.406706e+00	2.714059e+02	1.952687e+01
1.893027e+00	1.543692e+00	1.413237e+03	3.073104e+03
2.420123e+00	1.234323e+00	6.199360e+01	2.155751e+03
1.810466e+00	1.613586e+00	1.477533e+03	8.209471e+02
2.493886e+00	1.201813e+00	2.748159e+02	1.299730e+03
1.720403e+00	1.696761e+00	2.901920e+03	2.022619e+03
2.240215e+00	1.321242e+00	7.865256e+02	2.431404e+03
1.719359e+00	1.697252e+00	1.230183e+03	1.791319e+03
2.110590e+00	1.394767e+00	1.280192e+03	5.370758e+03
2.528104e+00	1.188092e+00	7.317904e+01	6.410533e+03
1.930316e+00	1.514549e+00	4.035036e+02	4.233301e+02
2.367435e+00	1.258338e+00	3.123482e+02	5.358209e+03
1.709041e+00	1.708011e+00	2.563183e+03	2.486530e+03
2.017562e+00	1.454479e+00	5.109474e+02	2.595441e+03
2.600680e+00	1.158769e+00	2.674410e+01	7.272869e+02
2.184268e+00	1.352535e+00	3.478067e+03	5.015553e+03
1.715643e+00	1.701504e+00	2.761583e+03	2.557330e+02
2.761575e+00	1.103075e+00	1.654752e+02	7.120308e+03
2.470780e+00	1.211583e+00	3.013798e+02	1.131642e+03
2.295829e+00	1.292085e+00	4.681611e+01	4.496756e+02
2.110549e+00	1.394021e+00	1.245626e+03	4.661337e+02
2.645517e+00	1.142474e+00	4.353123e+01	2.885759e+03
1.758267e+00	1.659561e+00	1.005591e+03	2.089575e+03
2.556567e+00	1.175749e+00	7.652776e+01	1.703921e+02
2.066783e+00	1.422691e+00	9.094089e+02	2.205732e+03
1.830251e+00	1.595420e+00	7.401250e+02	3.598590e+01
2.435038e+00	1.227289e+00	5.157181e+01	8.812023e+03
2.050677e+00	1.432788e+00	6.332348e+02	1.443426e+03
2.099573e+00	1.402153e+00	3.007395e+03	6.156699e+02
1.801105e+00	1.620447e+00	3.169014e+02	5.333516e+02
2.643494e+00	1.143128e+00	8.153268e+01	6.144393e+03
2.848779e+00	1.073756e+00	5.636510e+02	4.722312e+03
2.477989e+00	1.208799e+00	3.591501e+02	6.819591e+03
1.732441e+00	1.684410e+00	3.112303e+03	2.725015e+02
2.706009e+00	1.120836e+00	1.332847e+02	2.292701e+03
2.082728e+00	1.412622e+00	1.395191e+03	7.483579e+03
2.528774e+00	1.187876e+00	1.072374e+03	7.104779e+03
1.818001e+00	1.605932e+00	5.292890e+02	9.729137e+01
2.045573e+00	1.435237e+00	3.569932e+02	3.037939e+02
1.795662e+00	1.625857e+00	2.298662e+03	1.411927e+03
2.240184e+00	1.321460e+00	3.510638e+02	6.255318e+03
2.214773e+00	1.334641e+00	2.518447e+02	2.022729e+02
2.267749e+00	1.306287e+00	4.324190e+02	3.571590e+03
1.894509e+00	1.543590e+00	2.760930e+02	1.424186e+02
1.850212e+00	1.579049e+00	3.810038e+02	3.442247e+02
2.068681e+00	1.421196e+00	7.808317e+02	3.813883e+03
2.092645e+00	1.404042e+00	1.595016e+02	2.350956e+02
2.499451e+00	1.199038e+00	9.090983e+02	1.772502e+03
1.996553e+00	1.468264e+00	8.817330e+02	8.739229e+01
2.072996e+00	1.418250e+00	7.515878e+02	2.383197e+03
2.466166e+00	1.213750e+00	4.640693e+02	2.064727e+03
2.582633e+00	1.166368e+00	2.107267e+02	6.351699e+03
2.524816e+00	1.189504e+00	1.065756e+03	4.028544e+03
2.337903e+00	1.271465e+00	2.949774e+02	4.670865e+02
2.688127e+00	1.126436e+00	3.959620e+02	1.916784e+02
2.010217e+00	1.458802e+00	1.666750e+03	5.928775e+01
1.928423e+00	1.517412e+00	1.916824e+03	7.326066e+02
2.747144e+00	1.106167e+00	4.930117e+01	4.687158e+03
2.089218e+00	1.408132e+00	9.142586e+02	2.558071e+03
2.544642e+00	1.181103e+00	5.533223e+01	2.982410e+03
2.177792e+00	1.355214e+00	6.583506e+02	2.930292e+03
2.429003e+00	1.229505e+00	8.527031e+01	3.500085e+03
2.327436e+00	1.276371e+00	5.067552e+00	1.151119e+03
1.723443e+00	1.694020e+00	2.639322e+03	1.922354e+03
2.200558e+00	1.343207e+00	1.471155e+01	6.615562e+03
2.019697e+00	1.453437e+00	3.212547e+03	2.499517e+03
2.541015e+00	1.183221e+00	4.189132e+02	1.928988e+03
2.588819e+00	1.163832e+00	3.824577e+01	6.565338e+03
2.160635e+00	1.365189e+00	5.932588e+02	8.945199e+02
1.913488e+00	1.528966e+00	5.776715e+02	1.146182e+03
2.434388e+00	1.227192e+00	2.442448e+02	1.448834e+03
2.201413e+00	1.342590e+00	8.321849e+02	3.283732e+03
1.748209e+00	1.667972e+00	2.004186e+03	6.644159e+02
2.243948e+00	1.319474e+00	8.956175e+02	3.922787e+03
2.242135e+00	1.319697e+00	2.152442e+01	4.199286e+02
1.875890e+00	1.557441e+00	3.065396e+02	8.965613e+02
2.652106e+00	1.139251e+00	3.313740e+02	6.192232e+03
2.538688e+00	1.183832e+00	1.487683e+02	6.522306e+03
1.763650e+00	1.655369e+00	7.915371e+02	1.370893e+03
2.727547e+00	1.114261e+00	3.384262e+02	3.908681e+03
1.850460e+00	1.578571e+00	1.332539e+02	1.250902e+03
2.162422e+00	1.365051e+00	3.192560e+02	5.932525e+03
1.946564e+00	1.505191e+00	2.988460e+03	4.495881e+03
1.734934e+00	1.682152e+00	1.602032e+02	3.794402e+02
1.739784e+00	1.678059e+00	2.821514e+03	3.771990e+01
2.563210e+00	1.173945e+00	6.667795e+02	6.716354e+03
2.388163e+00	1.248391e+00	4.188903e+01	1.816735e+03
2.327944e+00	1.276208e+00	9.136892e+02	4.759485e+03
2.476184e+00	1.209180e+00	6.255952e+02	1.724508e+03
1.921843e+00	1.523235e+00	1.738532e+03	2.483242e+03
2.197923e+00	1.343029e+00	7.474717e+01	1.922947e+03
2.563589e+00	1.173712e+00	2.648714e+02	5.547550e+03
2.022136e+00	1.450833e+00	2.598395e+02	1.839339e+03
2.543298e+00	1.182121e+00	6.955013e+01	1.476144e+03
2.249350e+00	1.315889e+00	8.545856e+00	7.459264e+02
2.667940e+00	1.134383e+00	1.367019e+02	5.482470e+03
1.900358e+00	1.538578e+00	1.554870e+03	1.672350e+03
2.025152e+00	1.449287e+00	6.663741e+02	3.955212e+03
2.485751e+00	1.204684e+00	9.352942e+01	2.239730e+03
1.756940e+00	1.662791e+00	4.102454e+03	8.504796e+02
2.111410e+00	1.394764e+00	2.106176e+02	7.671082e+03
2.325416e+00	1.277438e+00	2.389548e+02	1.414249e+03
2.724040e+00	1.114202e+00	2.699893e+02	1.134184e+03
2.353907e+00	1.263663e+00	1.882524e+02	5.575802e+03
2.127216e+00	1.384600e+00	1.261611e+03	2.430765e+02
2.522191e+00	1.190137e+00	2.565300e+02	5.578025e+03
2.028703e+00	1.447304e+00	1.661003e+03	7.091693e+02
2.003817e+00	1.463339e+00	3.611385e+01	3.577758e+02
2.294146e+00	1.293108e+00	1.166684e+02	8.682501e+02
2.672740e+00	1.132765e+00	5.970360e+02	4.106712e+03
2.206152e+00	1.339353e+00	2.078338e+02	4.943486e+03
1.894199e+00	1.543587e+00	2.643837e+02	8.426400e+01
2.001647e+00	1.465282e+00	1.275516e+03	2.820352e+03
2.434201e+00	1.228417e+00	2.942294e+02	1.598891e+03
1.928011e+00	1.518342e+00	1.601090e+03	3.481465e+03
2.041570e+00	1.439388e+00	1.159184e+03	1.216434e+03
2.067359e+00	1.422217e+00	3.770407e+02	4.162360e+03
2.289168e+00	1.296160e+00	6.014641e+02	8.541171e+03
2.416730e+00	1.236049e+00	2.221298e+03	8.125720e+01
2.129572e+00	1.383605e+00	9.272805e+02	2.888554e+03
2.074944e+00	1.417542e+00	2.069775e+02	7.923284e+03
1.830549e+00	1.595554e+00	1.344463e+03	3.539267e+02
1.925399e+00	1.520546e+00	4.807574e+02	3.329732e+03
2.007157e+00	1.461782e+00	8.428084e+01	4.706079e+03
2.516068e+00	1.192355e+00	1.196364e+02	5.283357e+03
2.675704e+00	1.131793e+00	3.156239e+02	9.713662e+03
2.632547e+00	1.146881e+00	1.943845e+02	7.475054e+03
2.537712e+00	1.183957e+00	3.920155e+02	9.026512e+03
2.628368e+00	1.148040e+00	2.333122e+02	5.853268e+03
1.861676e+00	1.569382e+00	2.094569e+01	1.201228e+03
2.091365e+00	1.406789e+00	6.288055e+02	4.050826e+03
2.064247e+00	1.425371e+00	2.158634e+02	4.592430e+03
2.577113e+00	1.168318e+00	8.513738e+01	6.211876e+03
2.054399e+00	1.431303e+00	2.901106e+03	4.518291e+03
2.441215e+00	1.223979e+00	1.268241e+02	9.981197e+02
1.802092e+00	1.621017e+00	2.955675e+03	1.617042e+03
2.014453e+00	1.456326e+00	4.908530e+02	4.731778e+02
2.552925e+00	1.177757e+00	3.322465e+02	3.992725e+03
2.430598e+00	1.228976e+00	6.851817e+02	4.391217e+03
1.714028e+00	1.703105e+00	3.689043e+03	4.857633e+02
2.206196e+00	1.338933e+00	2.540569e+02	3.076822e+02
2.368576e+00	1.257823e+00	2.668594e+02	2.463829e+03
1.871130e+00	1.562516e+00	5.607203e+02	4.915758e+03
1.945059e+00	1.504815e+00	1.446736e+01	8.232125e+02
2.500056e+00	1.199429e+00	1.912534e+02	3.527865e+03
1.740088e+00	1.677286e+00	1.926637e+03	1.603315e+03
2.571599e+00	1.170633e+00	4.778139e+02	7.376705e+03
2.281875e+00	1.299684e+00	1.336710e+02	3.634547e+03
2.271874e+00	1.304040e+00	2.500117e+01	8.692284e+03
2.637059e+00	1.145888e+00	5.643225e+01	6.631080e+03
1.954634e+00	1.498506e+00	4.641568e+02	3.064914e+03
1.808651e+00	1.614901e+00	1.610650e+03	2.252304e+03
2.011807e+00	1.456411e+00	3.501743e+01	1.193512e+03
1.965957e+00	1.490683e+00	2.071364e+03	4.773464e+03
2.016050e+00	1.455764e+00	4.972071e+02	6.562899e+03
2.262129e+00	1.309547e+00	1.190562e+03	3.222676e+02
2.097351e+00	1.402841e+00	8.941388e+01	5.671978e+03
1.821861e+00	1.602375e+00	5.643262e+02	1.274339e+01
2.426356e+00	1.231386e+00	3.830450e+02	2.120480e+03
1.875531e+00	1.558818e+00	1.238128e+03	6.870691e+02
1.937291e+00	1.510278e+00	6.288077e+02	3.666465e+03
1.823669e+00	1.600062e+00	1.390972e+02	2.833285e+03
1.787473e+00	1.633487e+00	1.246990e+03	2.131829e+03
2.500084e+00	1.199020e+00	7.290839e+01	1.391819e+03
2.348160e+00	1.266256e+00	1.583017e+02	1.336130e+03
2.170767e+00	1.359430e+00	6.766962e+02	2.692853e+03
2.434127e+00	1.228364e+00	8.021166e+02	1.383541e+03
2.636102e+00	1.146357e+00	6.440283e+02	1.678486e+03
1.846355e+00	1.582452e+00	7.941584e+02	2.206111e+02
1.815919e+00	1.608212e+00	2.205773e+03	4.602667e+02
2.378727e+00	1.251961e+00	9.864467e+01	3.809397e+03
2.586923e+00	1.164815e+00	8.629925e+02	6.271383e+03
2.285069e+00	1.297658e+00	8.943965e+01	8.581127e+02
1.832885e+00	1.594044e+00	4.480523e+02	1.674975e+03
2.217308e+00	1.332812e+00	1.925142e+01	3.435221e+02
1.845220e+00	1.582963e+00	7.381998e+02	3.706504e+02
2.209298e+00	1.338811e+00	6.572037e+02	5.517759e+03
2.666719e+00	1.134215e+00	7.371480e+01	5.674134e+03
1.925313e+00	1.520644e+00	4.718191e+01	1.473707e+03
2.183673e+00	1.352290e+00	6.092635e+02	2.040529e+03
1.981709e+00	1.479298e+00	1.638617e+03	5.100978e+03
2.142027e+00	1.376162e+00	6.196207e+02	2.251579e+03
1.887351e+00	1.548951e+00	1.213251e+02	1.249569e+03
2.527866e+00	1.189352e+00	2.604678e+03	2.996855e+03
1.993703e+00	1.470525e+00	1.825752e+01	4.051523e+03
2.357814e+00	1.262980e+00	4.764972e+01	3.023211e+03
2.177055e+00	1.355403e+00	3.064891e+02	7.256763e+03
1.966954e+00	1.488349e+00	1.134881e+03	1.829175e+03
1.762538e+00	1.655943e+00	4.167325e+02	3.068758e+03
1.982258e+00	1.478074e+00	1.908132e+03	3.546605e+02
2.572357e+00	1.169989e+00	1.849212e+02	5.749737e+03
2.279531e+00	1.301146e+00	3.066308e+02	6.244050e+03
2.050762e+00	1.432279e+00	4.865961e+02	5.253814e+02
2.658493e+00	1.137139e+00	2.277930e+02	8.951145e+03
1.753843e+00	1.663857e+00	3.521732e+02	3.635527e+02
2.415620e+00	1.235622e+00	1.376454e+02	4.631005e+03
1.906022e+00	1.535377e+00	2.164842e+03	6.163484e+02
2.088302e+00	1.407019e+00	2.374978e+02	1.572902e+02
2.339126e+00	1.270497e+00	2.268112e+02	1.013206e+03
2.356729e+00	1.263113e+00	4.943894e+02	5.092306e+03
2.230104e+00	1.327715e+00	4.641161e+02	2.557509e+03
2.065027e+00	1.424599e+00	2.654143e+03	8.980940e+02
1.830508e+00	1.595522e+00	4.191834e+02	3.535215e+03
2.664058e+00	1.135040e+00	2.463782e+02	9.002141e+03
2.399776e+00	1.243086e+00	1.671923e+02	8.919748e+02
1.996321e+00	1.467790e+00	1.309717e+02	3.841451e+02
1.920983e+00	1.523334e+00	5.910401e+02	9.968098e+02
2.565970e+00	1.172496e+00	3.012627e+02	3.419875e+03
2.543123e+00	1.181629e+00	8.062494e+01	2.481421e+03
2.434090e+00	1.226938e+00	1.411361e+01	3.786434e+03
2.407814e+00	1.239155e+00	6.242560e+02	2.965073e+03
2.579560e+00	1.167725e+00	4.505024e+02	8.698676e+03
2.025111e+00	1.450059e+00	3.101952e+03	1.453709e+03
2.643911e+00	1.143203e+00	2.087475e+02	3.657136e+02
2.436145e+00	1.226973e+00	5.283829e+01	5.560616e+03
2.129630e+00	1.383378e+00	1.723620e+03	1.480163e+03
2.669189e+00	1.134202e+00	1.698380e+03	5.753312e+03
1.892172e+00	1.545154e+00	8.338854e+02	2.638555e+03
2.139524e+00	1.378032e+00	1.134716e+03	3.461948e+03
2.101521e+00	1.400078e+00	2.586034e+02	3.602554e+02
1.787680e+00	1.633130e+00	2.273207e+03	1.050776e+03
2.105142e+00	1.398467e+00	1.735323e+03	1.154271e+02
2.253927e+00	1.313476e+00	8.577681e+01	4.990339e+02
1.857548e+00	1.572738e+00	3.028850e+02	3.347399e+03
1.800496e+00	1.621719e+00	2.192863e+03	1.576095e+02
2.513954e+00	1.194083e+00	2.523745e+02	9.370339e+03
1.994204e+00	1.470057e+00	1.166787e+03	1.692385e+03
2.436813e+00	1.226585e+00	8.549208e+01	3.296092e+03
1.872744e+00	1.560490e+00	9.689591e+01	1.522395e+03
1.751304e+00	1.665738e+00	7.341260e+01	7.912590e+02
1.871388e+00	1.561946e+00	6.408158e+02	2.789521e+03
2.571972e+00	1.170407e+00	6.121552e+02	2.546834e+03
2.627158e+00	1.149632e+00	3.327956e+02	5.407074e+03
2.117297e+00	1.389992e+00	8.726459e+01	4.417385e+03
2.530015e+00	1.187025e+00	4.005990e+02	8.678528e+03
2.552791e+00	1.178130e+00	5.810488e+02	5.058091e+03
1.788457e+00	1.632525e+00	1.081964e+03	1.624646e+03
2.660646e+00	1.136611e+00	2.071281e+02	3.511950e+03
2.469050e+00	1.212422e+00	5.750853e+02	2.781273e+03
2.082604e+00	1.412668e+00	5.990989e+02	2.435861e+03
1.974567e+00	1.484437e+00	5.827008e+02	3.107952e+02
2.534147e+00	1.185052e+00	1.099655e+01	7.275086e+02
2.370222e+00	1.256177e+00	7.802807e+02	1.245057e+03
1.878150e+00	1.556081e+00	1.644002e+03	8.002480e+01
2.220613e+00	1.332322e+00	3.951258e+02	1.996676e+03
1.794256e+00	1.628145e+00	2.475806e+03	2.730474e+03
2.192370e+00	1.346950e+00	1.003104e+02	3.462560e+03
1.831121e+00	1.594092e+00	5.231136e+02	1.561842e+03
2.040118e+00	1.439372e+00	2.832782e+02	4.999288e+03
1.911404e+00	1.530764e+00	1.353669e+03	6.161044e+02
2.214723e+00	1.335097e+00	1.006708e+03	2.257077e+03
2.323148e+00	1.279126e+00	4.587991e+01	1.768004e+03
2.464492e+00	1.214256e+00	1.911751e+02	2.366129e+03
1.863914e+00	1.568877e+00	3.147759e+03	2.006280e+03
1.960768e+00	1.493200e+00	4.914144e+02	2.902653e+02
2.148824e+00	1.372823e+00	1.037985e+03	3.690122e+03
1.922917e+00	1.521692e+00	1.627048e+03	1.464768e+02
2.630110e+00	1.148166e+00	1.621960e+02	4.096185e+03
2.530895e+00	1.186728e+00	4.923116e+02	1.752683e+03
2.172732e+00	1.358452e+00	1.264655e+03	1.282198e+03
2.447543e+00	1.221443e+00	3.216116e+01	6.330534e+02
2.298779e+00	1.290467e+00	8.353095e+01	4.964794e+02
2.226491e+00	1.328935e+00	8.551697e+02	3.269748e+03
1.993446e+00	1.470561e+00	7.913133e+02	2.340521e+03
1.737285e+00	1.679668e+00	2.916015e+03	3.232645e+02
2.416418e+00	1.235706e+00	4.284761e+02	3.221806e+03
1.755393e+00	1.662827e+00	3.334062e+03	8.867250e+02
2.464996e+00	1.214479e+00	1.763154e+03	7.122283e+02
1.812557e+00	1.610211e+00	2.805363e+02	8.157540e+02
1.862539e+00	1.570113e+00	3.010333e+03	1.529553e+03
2.011531e+00	1.458158e+00	2.774505e+02	1.452124e+03
2.616949e+00	1.153320e+00	1.483426e+02	6.536403e+02
1.984600e+00	1.476963e+00	1.411244e+02	1.120346e+02
1.973009e+00	1.485550e+00	5.131628e+02	2.490686e+03
2.539089e+00	1.183737e+00	1.166991e+02	7.277750e+03
2.111719e+00	1.394661e+00	2.275110e+03	2.880851e+03
1.975321e+00	1.482992e+00	2.495886e+02	3.359945e+02
2.372551e+00	1.255781e+00	6.420125e+02	4.014993e+03
2.454074e+00	1.218456e+00	5.906884e+01	3.652584e+03
1.819499e+00	1.604716e+00	1.931865e+03	2.777298e+02
2.171889e+00	1.358599e+00	1.005965e+03	1.256346e+03
2.253860e+00	1.314775e+00	1.937755e+03	4.131436e+03
2.501037e+00	1.198105e+00	3.838717e+02	7.539038e+03
2.462979e+00	1.214824e+00	6.529491e+02	3.229153e+03
2.388854e+00	1.247188e+00	1.905419e+02	5.187680e+03
2.090737e+00	1.407995e+00	9.289804e+02	1.691989e+03
1.831500e+00	1.594402e+00	2.120310e+02	1.395319e+03
2.539673e+00	1.183383e+00	4.034499e+02	7.927489e+03
2.329560e+00	1.275863e+00	1.820455e+02	1.282453e+03
2.158051e+00	1.366374e+00	1.391099e+02	2.111901e+03
2.709731e+00	1.119404e+00	9.210776e+01	8.124847e+03
1.906474e+00	1.535920e+00	2.034971e+03	6.898951e+03
1.892746e+00	1.545187e+00	9.968164e+02	4.627154e+03
2.750285e+00	1.105666e+00	1.325154e+02	8.214107e+03
2.098030e+00	1.401189e+00	2.129418e+02	1.532926e+02
1.805256e+00	1.617894e+00	1.859376e+03	5.863220e+02
2.015804e+00	1.455461e+00	1.258488e+02	6.722702e+03
2.386994e+00	1.248734e+00	3.802811e+02	4.991510e+03
2.636932e+00	1.145611e+00	5.970747e+02	3.470170e+03
1.979899e+00	1.481593e+00	2.312209e+03	3.772657e+03
2.537048e+00	1.183664e+00	2.913008e+01	5.625111e+02
2.586762e+00	1.163472e+00	1.162359e+02	3.283796e+03
1.972941e+00	1.484434e+00	1.420572e+02	4.253399e+02
2.808054e+00	1.087479e+00	4.343277e+02	4.348412e+03
2.449112e+00	1.220228e+00	3.455385e+01	6.202890e+02
1.935333e+00	1.512439e+00	2.089295e+03	8.515827e+01
1.793479e+00	1.628009e+00	1.249622e+03	2.321537e+03
2.599193e+00	1.160246e+00	1.567279e+02	6.674411e+03
2.679601e+00	1.130203e+00	9.390890e+01	6.754584e+02
1.973840e+00	1.484220e+00	9.675164e+02	1.729134e+03
1.893413e+00	1.544994e+00	2.912261e+03	7.496514e+02
2.041658e+00	1.437727e+00	4.614020e+02	6.375919e+02
2.703733e+00	1.121678e+00	1.562662e+03	3.520694e+03
2.189057e+00	1.349743e+00	1.617416e+03	6.902838e+03
2.116280e+00	1.392460e+00	3.933999e+02	8.093312e+03
1.862231e+00	1.568919e+00	6.437203e+01	1.116667e+03
1.844934e+00	1.584595e+00	3.400034e+02	5.214187e+03
1.988085e+00	1.474665e+00	1.307385e+02	2.182838e+03
2.380418e+00	1.251726e+00	1.725121e+02	2.623388e+03
1.739255e+00	1.677808e+00	2.708780e+03	2.621076e+02
2.075644e+00	1.416891e+00	1.952125e+03	7.268795e+00
2.706047e+00	1.120682e+00	4.654877e+01	7.900045e+03
1.962451e+00	1.492423e+00	3.377285e+02	6.512212e+02
2.614545e+00	1.154291e+00	1.109067e+02	4.127874e+03
1.782176e+00	1.637314e+00	2.515995e+03	3.867675e+02
1.742233e+00	1.674670e+00	1.084985e+02	7.369056e+02
2.524878e+00	1.189426e+00	1.231004e+03	7.316875e+03
2.109442e+00	1.394392e+00	1.215077e+03	2.768907e+03
2.616204e+00	1.152534e+00	1.487367e+02	5.820187e+03
2.147247e+00	1.373097e+00	2.694458e+02	4.885912e+03
2.290372e+00	1.295709e+00	8.176001e+02	2.142039e+03
2.507499e+00	1.196312e+00	5.231363e+02	2.304035e+03
1.772245e+00	1.647340e+00	2.668522e+03	8.249256e+02
2.345889e+00	1.268021e+00	1.418204e+02	5.682440e+02
2.087957e+00	1.409368e+00	1.920762e+03	8.089412e+03
1.755053e+00	1.662464e+00	1.242977e+02	2.338428e+03
2.479409e+00	1.207461e+00	5.199248e+01	4.899262e+02
1.791897e+00	1.629705e+00	1.691291e+03	1.473106e+03
2.221395e+00	1.330722e+00	1.499369e+02	2.602080e+02
2.492070e+00	1.202523e+00	8.930584e+01	9.835728e+02
2.583338e+00	1.166252e+00	7.697294e+02	6.097817e+03
2.547771e+00	1.181312e+00	2.582413e+03	3.410746e+03
1.970377e+00	1.486184e+00	5.517481e+01	4.898251e+03
1.984789e+00	1.477311e+00	1.679562e+03	1.462007e+03
2.241827e+00	1.320099e+00	1.890892e+02	1.666973e+02
1.915180e+00	1.527919e+00	1.068391e+03	1.847593e+03
2.616680e+00	1.153410e+00	4.786361e+02	3.136482e+03
2.455995e+00	1.217427e+00	2.688891e+01	1.073761e+03
2.606798e+00	1.157064e+00	3.984465e+02	5.871019e+03
2.613993e+00	1.154280e+00	3.257084e+02	4.260524e+03
2.266492e+00	1.307925e+00	3.780817e+02	4.711785e+03
2.435924e+00	1.227147e+00	3.807574e+02	2.256782e+03
1.767338e+00	1.653176e+00	3.602422e+03	1.266994e+03
1.922627e+00	1.521949e+00	1.651348e+03	1.700190e+03
1.844086e+00	1.583014e+00	9.704411e+01	3.617858e+02
2.023238e+00	1.451402e+00	2.936876e+03	1.366238e+03
2.028676e+00	1.446647e+00	5.597692e+02	1.962022e+03
2.298460e+00	1.291002e+00	7.101515e+01	2.405770e+03
2.629631e+00	1.148680e+00	1.841617e+03	5.681016e+03
2.488619e+00	1.204320e+00	5.745684e+02	3.322505e+03
2.543810e+00	1.181596e+00	5.248747e+01	4.351814e+03
2.248223e+00	1.317813e+00	7.391469e+02	5.592830e+03
2.487875e+00	1.203973e+00	7.903120e+01	2.951408e+02
1.916084e+00	1.527122e+00	1.682826e+03	1.975087e+02
2.710042e+00	1.119423e+00	1.768869e+01	8.522933e+03
1.966606e+00	1.488615e+00	2.558508e+03	9.814958e+02
1.946440e+00	1.503585e+00	1.555188e+03	5.448606e+02
2.429787e+00	1.229263e+00	1.013401e+02	2.670415e+02
2.107850e+00	1.396282e+00	3.147619e+02	3.552689e+03
2.016113e+00	1.455632e+00	5.307266e+02	4.202834e+03
1.897132e+00	1.541272e+00	3.113901e+02	1.926307e+03
2.626178e+00	1.149598e+00	6.783083e+00	5.529788e+03
2.061521e+00	1.423972e+00	8.553095e+01	1.113348e+03
2.586241e+00	1.164137e+00	1.383091e+02	3.285901e+03
2.559085e+00	1.175538e+00	3.570229e+01	8.243008e+03
1.961329e+00	1.494200e+00	1.485274e+03	1.436000e+03
2.115065e+00	1.391779e+00	2.442288e+02	1.745916e+03
1.939588e+00	1.508319e+00	1.276288e+03	6.354207e+02
2.348531e+00	1.266952e+00	5.823707e+01	2.353671e+03
1.901691e+00	1.538068e+00	4.430082e+02	4.647755e+02
2.612532e+00	1.155030e+00	2.849092e+02	9.279484e+03
1.747892e+00	1.669042e+00	1.317434e+02	6.541900e+02
2.703760e+00	1.121895e+00	5.103726e+02	2.046414e+03
1.870233e+00	1.562308e+00	2.105597e+02	3.311915e+01
2.628547e+00	1.148421e+00	5.693164e+01	7.502325e+03
2.080623e+00	1.413505e+00	1.220638e+03	1.137316e+03
2.569811e+00	1.171636e+00	1.807996e+02	6.308734e+03
1.957016e+00	1.497072e+00	1.153489e+02	6.966542e+03
2.371908e+00	1.255145e+00	4.700091e+02	3.751192e+03
1.818834e+00	1.605186e+00	2.944190e+03	3.298383e+02
1.882932e+00	1.553211e+00	2.227742e+03	2.424908e+03
2.626370e+00	1.149620e+00	7.120018e+01	7.713404e+03
2.182234e+00	1.353901e+00	6.260052e+02	5.130274e+03
2.602372e+00	1.158600e+00	1.163083e+02	7.452235e+03
2.472135e+00	1.210643e+00	5.238126e+01	2.292530e+02
2.572878e+00	1.169906e+00	4.844190e+02	2.672536e+03
2.331939e+00	1.274245e+00	8.711869e+01	8.762120e+02
2.561413e+00	1.174363e+00	3.654746e+02	4.573841e+02
2.082445e+00	1.411784e+00	4.314589e+02	1.758187e+03
1.782100e+00	1.638295e+00	1.480481e+03	2.134419e+03
1.862084e+00	1.568551e+00	1.150696e+01	4.347569e+02
2.223977e+00	1.330217e+00	2.169575e+02	8.387862e+03
1.950557e+00	1.501354e+00	1.123842e+03	1.738315e+03
2.383658e+00	1.250476e+00	3.095173e+02	6.063601e+02
2.434045e+00	1.227173e+00	6.734259e+02	1.647666e+03
1.878066e+00	1.556593e+00	2.882092e+02	3.621805e+02
1.900766e+00	1.539075e+00	6.758922e+02	2.379833e+02
2.602943e+00	1.158756e+00	6.402990e+02	4.732256e+03
2.067315e+00	1.422024e+00	2.167413e+03	2.202153e+03
2.347929e+00	1.267228e+00	8.049266e+02	2.917895e+03
2.143527e+00	1.374600e+00	3.251237e+02	4.566872e+03
2.239079e+00	1.322829e+00	6.823544e+02	5.334986e+03
2.571326e+00	1.170733e+00	1.678746e+01	5.850054e+03
1.834278e+00	1.592473e+00	2.101890e+03	3.881067e+02
2.513534e+00	1.193321e+00	6.753690e+02	1.312423e+03
2.214242e+00	1.335489e+00	5.526702e+02	2.816768e+03
2.486111e+00	1.205172e+00	5.624579e+01	3.403156e+03
2.614489e+00	1.153909e+00	1.409712e+01	2.687272e+03
2.067828e+00	1.422198e+00	5.869991e+02	4.418045e+03
2.464646e+00	1.213527e+00	6.337928e+01	5.324271e+03
1.883414e+00	1.552145e+00	6.020575e+02	3.047411e+02
2.000229e+00	1.465762e+00	3.673970e+02	2.657859e+03
2.499836e+00	1.200203e+00	2.633310e+03	3.030990e+03
2.222581e+00	1.330229e+00	4.277288e+01	8.414540e+02
2.146955e+00	1.372800e+00	5.501817e+00	2.486498e+03
2.114027e+00	1.393290e+00	9.312116e+02	3.056530e+03
1.868275e+00	1.564491e+00	2.644727e+03	7.900291e+01
2.171363e+00	1.359026e+00	4.043515e+02	2.556783e+03
2.515989e+00	1.192564e+00	1.255662e+02	1.497333e+03
2.131854e+00	1.381702e+00	2.004523e+02	2.231674e+02
2.127332e+00	1.384236e+00	3.044806e+02	2.105267e+02
1.877097e+00	1.556681e+00	2.513560e+02	9.394348e+01
1.821968e+00	1.602272e+00	2.414085e+02	4.031453e+02
2.629775e+00	1.147863e+00	7.325643e+01	3.805061e+03
1.737364e+00	1.679890e+00	1.561868e+02	5.281467e+02
1.988271e+00	1.473785e+00	7.607247e+01	1.856635e+02
1.754314e+00	1.664856e+00	2.600033e+03	1.848921e+03
1.938214e+00	1.510166e+00	4.914904e+02	5.394718e+02
1.926267e+00	1.519211e+00	2.720370e+02	5.141186e+02
1.968833e+00	1.488073e+00	2.085816e+03	2.351642e+02
1.957121e+00	1.495600e+00	3.863660e+02	6.670256e+02
1.922505e+00	1.520707e+00	1.239316e+03	7.039061e+01
1.923732e+00	1.520919e+00	7.331421e+02	6.078870e+03
1.718990e+00	1.696291e+00	5.172832e+02	4.055273e+02
2.474188e+00	1.209918e+00	2.423486e+01	1.325153e+03
1.761653e+00	1.656982e+00	3.665942e+02	1.306688e+03
1.977018e+00	1.482748e+00	5.652121e+02	6.288348e+03
2.331577e+00	1.274413e+00	7.557966e+01	1.536890e+03
1.891878e+00	1.544705e+00	7.277163e+02	2.170240e+03
2.740863e+00	1.109307e+00	4.406935e+02	4.632279e+03
1.958712e+00	1.495514e+00	9.754179e+01	1.578358e+03
1.975829e+00	1.483136e+00	5.915261e+02	3.037311e+03
1.809168e+00	1.615274e+00	2.336128e+03	2.088067e+03
2.237114e+00	1.322312e+00	3.160388e+02	9.573339e+02
2.053984e+00	1.431279e+00	3.463604e+02	5.325814e+03
2.020987e+00	1.452834e+00	3.026532e+03	7.221396e+02
2.291666e+00	1.294168e+00	1.262294e+02	1.580230e+02
2.545278e+00	1.181154e+00	4.443933e+02	5.343865e+03
2.588361e+00	1.164242e+00	4.845207e+02	6.280250e+03
2.473767e+00	1.210041e+00	8.844597e+01	8.834656e+03
2.358801e+00	1.263084e+00	5.552301e+02	9.919662e+03
1.932049e+00	1.515514e+00	1.835127e+03	2.731205e+03
2.265205e+00	1.308014e+00	1.977888e+02	5.725755e+02
2.317508e+00	1.281231e+00	4.084237e+01	1.090868e+03
1.903405e+00	1.536881e+00	9.934304e+02	4.765216e+03
1.879535e+00	1.555175e+00	7.203598e+02	1.627265e+03
2.426104e+00	1.231179e+00	6.198811e+02	1.327742e+03
1.747235e+00	1.669728e+00	6.340413e+02	1.323353e+03
2.430644e+00	1.229266e+00	2.692139e+02	5.200383e+02
2.141020e+00	1.376431e+00	7.017780e+02	4.400116e+03
2.261074e+00	1.309929e+00	5.372850e+02	3.684638e+03
2.279070e+00	1.300614e+00	2.248395e+02	3.928392e+03
2.487317e+00	1.204984e+00	1.064053e+02	1.790074e+03
2.486455e+00	1.205415e+00	5.236902e+02	1.717056e+03
2.310630e+00	1.284348e+00	1.349702e+02	3.335704e+02
2.602468e+00	1.158850e+00	4.898128e+02	7.452705e+03
2.413420e+00	1.236008e+00	4.034430e+02	3.583266e+03
1.910565e+00	1.531901e+00	7.492885e+02	4.704979e+03
2.691386e+00	1.125971e+00	4.200672e+02	8.579878e+03
1.905708e+00	1.534473e+00	3.002743e+02	2.315535e+03
2.471082e+00	1.211118e+00	8.737918e+01	9.017405e+02
2.086121e+00	1.409758e+00	2.263684e+02	3.149260e+03
2.617835e+00	1.152919e+00	2.930749e+02	4.307476e+03
2.583130e+00	1.165509e+00	3.730842e+01	2.875648e+02
2.488349e+00	1.203846e+00	4.676933e+02	4.476296e+03
2.132697e+00	1.382161e+00	8.113723e+01	1.437384e+02
2.002734e+00	1.464157e+00	9.037681e+02	1.599227e+02
2.158365e+00	1.365543e+00	1.429598e+02	2.430238e+03
1.928939e+00	1.517676e+00	2.028235e+03	2.506411e+03
2.702230e+00	1.122014e+00	1.869641e+01	8.572501e+03
2.322119e+00	1.280869e+00	9.258630e+02	3.405906e+03
2.507441e+00	1.196045e+00	2.878302e+02	9.925329e+03
2.402612e+00	1.240922e+00	3.785164e+02	1.886169e+02
2.046185e+00	1.434985e+00	6.345030e+01	1.980321e+03
1.848069e+00	1.580944e+00	8.851707e+02	4.797646e+02
1.821731e+00	1.603462e+00	1.260214e+03	1.630037e+03
2.407918e+00	1.238664e+00	2.121396e+02	2.044888e+03
1.825927e+00	1.599302e+00	2.258481e+03	1.103989e+02
1.917708e+00	1.525466e+00	3.962154e+02	3.029609e+03
2.522310e+00	1.190403e+00	5.856347e+02	1.485246e+03
2.523039e+00	1.189879e+00	4.100810e+02	8.759746e+03
2.223526e+00	1.329626e+00	2.023382e+02	3.721225e+02
1.926893e+00	1.519123e+00	1.503549e+03	4.049031e+03
2.067803e+00	1.420970e+00	5.032302e+02	1.896760e+03
1.796848e+00	1.624720e+00	1.405008e+03	1.258669e+03
1.727505e+00	1.688410e+00	1.096054e+02	1.141852e+02
2.082604e+00	1.412668e+00	5.990989e+02	2.435861e+03
1.822447e+00	1.602033e+00	2.033155e+02	3.194120e+03
1.931373e+00	1.514421e+00	3.524487e+02	5.534457e+02
1.973951e+00	1.483499e+00	3.742501e+02	5.144205e+02
2.070593e+00	1.420393e+00	5.025297e+01	7.236990e+03
2.527951e+00	1.187730e+00	1.379803e+02	8.548181e+03
1.973080e+00	1.485370e+00	2.935950e+02	4.850329e+03
2.043959e+00	1.435908e+00	4.117727e+02	7.952939e+02
1.819924e+00	1.604803e+00	6.018910e+02	8.267937e+02
2.352673e+00	1.264017e+00	3.107451e+02	3.627608e+02
1.845235e+00	1.584963e+00	1.089935e+02	4.707868e+03
1.886159e+00	1.550102e+00	4.393594e+01	8.926276e+02
2.257318e+00	1.311860e+00	7.290661e+01	1.743362e+03
2.586791e+00	1.164353e+00	4.215098e+01	3.953760e+03
1.783601e+00	1.637183e+00	1.253044e+03	1.053669e+03
1.797273e+00	1.624760e+00	1.084279e+02	1.698866e+03
2.917353e+00	1.053095e+00	4.300800e+02	3.010350e+03
1.897435e+00	1.541485e+00	4.831850e+02	5.057504e+03
2.267088e+00	1.307410e+00	3.422779e+02	5.537589e+03
2.101751e+00	1.400206e+00	7.837825e+02	3.088964e+03
2.058809e+00	1.426590e+00	1.356019e+03	4.245764e+03
2.504382e+00	1.197089e+00	6.297795e+02	2.030921e+03
2.434020e+00	1.227249e+00	1.782250e+03	2.982778e+03
1.887055e+00	1.549721e+00	5.141543e+01	1.187617e+03
2.582960e+00	1.166005e+00	1.277038e+02	5.443455e+03
2.454503e+00	1.217995e+00	7.259599e+01	5.344533e+03
2.491436e+00	1.203229e+00	6.427341e+02	4.889159e+03
1.985932e+00	1.475587e+00	4.367653e+02	6.335617e+02
2.679978e+00	1.130219e+00	1.736246e+02	5.074232e+02
1.731494e+00	1.685012e+00	2.238714e+02	7.008937e+02
1.877773e+00	1.557122e+00	2.262530e+02	4.595108e+03
1.877946e+00	1.556616e+00	5.947915e+01	7.802667e+02
2.373240e+00	1.255104e+00	7.202443e+01	1.510823e+03
2.244745e+00	1.318793e+00	1.676798e+01	6.808101e+03
1.827982e+00	1.597972e+00	2.950587e+03	4.077514e+02
1.875040e+00	1.559169e+00	1.136980e+03	1.110832e+03
1.822713e+00	1.601901e+00	2.830410e+02	1.785500e+03
2.096146e+00	1.404576e+00	1.788346e+03	4.060686e+03
2.290682e+00	1.294241e+00	2.496075e+02	5.415064e+02
2.020064e+00	1.453743e+00	2.356789e+03	9.597785e+02
2.061520e+00	1.425465e+00	8.234965e+01	5.802584e+03
2.027241e+00	1.447972e+00	9.938306e+02	3.919935e+03
2.174192e+00	1.358740e+00	2.219819e+03	1.098813e+03
1.747928e+00	1.670645e+00	2.342181e+03	1.599032e+03
1.844944e+00	1.582733e+00	1.473574e+02	1.178456e+03
1.818795e+00	1.606217e+00	3.588045e+03	3.193144e+02
1.723867e+00	1.691681e+00	2.966860e+02	4.140695e+01
1.811956e+00	1.611712e+00	2.084738e+03	4.672647e+02
2.227936e+00	1.326879e+00	1.499525e+01	7.814629e+02
1.924677e+00	1.519573e+00	3.838121e+02	1.369770e+02
2.674491e+00	1.131097e+00	1.121570e+02	5.760672e+03
2.083615e+00	1.409952e+00	1.595425e+02	1.531373e+02
2.024509e+00	1.450235e+00	1.620268e+03	5.675406e+02
2.595758e+00	1.160948e+00	1.594816e+02	4.998384e+03
1.904626e+00	1.536539e+00	1.612301e+03	2.505693e+03
1.785898e+00	1.634864e+00	2.597766e+03	8.028640e+02
2.519870e+00	1.190648e+00	6.343735e+02	1.605905e+03
2.043412e+00	1.436198e+00	1.489536e+02	2.258046e+03
1.870759e+00	1.562387e+00	1.971409e+03	6.436111e+03
1.965466e+00	1.490964e+00	4.391356e+02	3.792066e+03
1.858730e+00	1.571657e+00	1.051527e+02	1.464154e+03
1.961135e+00	1.492857e+00	2.022336e+02	4.401806e+03
2.023852e+00	1.449777e+00	2.778973e+02	2.371881e+03
2.935798e+00	1.047614e+00	4.376985e+02	2.817369e+03
1.803867e+00	1.618746e+00	2.103639e+03	2.906412e+02
2.359629e+00	1.261252e+00	1.743494e+01	1.128610e+03
2.493918e+00	1.201233e+00	1.315437e+03	6.218293e+03
2.320276e+00	1.279552e+00	1.848742e+02	7.938346e+02
1.757230e+00	1.660777e+00	2.923877e+03	8.636096e+02
1.870580e+00	1.561640e+00	1.735909e+02	1.245468e+02
1.710783e+00	1.706249e+00	2.770497e+03	1.019186e+02
1.816451e+00	1.607785e+00	1.156485e+02	6.804674e+02
1.767567e+00	1.650410e+00	2.955281e+02	1.358195e+03
2.454272e+00	1.218081e+00	6.568716e+02	2.675243e+02
1.908579e+00	1.533276e+00	1.714726e+03	7.817928e+02
1.763689e+00	1.655226e+00	1.239079e+03	1.830562e+03
2.625747e+00	1.149984e+00	2.201444e+01	6.436915e+03
2.018399e+00	1.454081e+00	1.948138e+03	5.077770e+03
2.274567e+00	1.303127e+00	8.212903e+02	5.440548e+03
2.114842e+00	1.390966e+00	4.252827e+02	2.016253e+03
2.601382e+00	1.159109e+00	5.218351e+01	7.000931e+03
2.282952e+00	1.299615e+00	2.871180e+02	2.056293e+03
2.306808e+00	1.286700e+00	2.568330e+02	2.186670e+03
1.748354e+00	1.669382e+00	1.003939e+03	2.552720e+03
2.493044e+00	1.202099e+00	1.960282e+02	2.098712e+03
1.750727e+00	1.666552e+00	9.103144e+01	3.714996e+02
1.713431e+00	1.702549e+00	8.664660e+02	3.005240e+02
2.074021e+00	1.418041e+00	6.988798e+02	2.262532e+03
2.460672e+00	1.215403e+00	4.259574e+01	4.560344e+03
2.404578e+00	1.240467e+00	5.885056e+01	8.252673e+02
2.118768e+00	1.389861e+00	6.908912e+02	3.025067e+03
2.382280e+00	1.250889e+00	3.499648e+01	5.961008e+03
2.650426e+00	1.140378e+00	3.580641e+02	6.686927e+02
1.795310e+00	1.625699e+00	1.991559e+02	1.063749e+03
2.152770e+00	1.370353e+00	4.812123e+02	1.426412e+03
2.489209e+00	1.203931e+00	3.972189e+01	1.873002e+03
2.199138e+00	1.344050e+00	8.302053e+02	4.501149e+03
1.908338e+00	1.533241e+00	1.947106e+03	2.000705e+03
1.951867e+00	1.500091e+00	4.464438e+02	3.040779e+03
2.466503e+00	1.213672e+00	2.501458e+02	2.281718e+03
2.448057e+00	1.220961e+00	1.916069e+02	1.200743e+02
2.123616e+00	1.386809e+00	9.732669e+01	3.772952e+03
1.977803e+00	1.480323e+00	4.492942e+02	2.185465e+03
1.973580e+00	1.486234e+00	3.216013e+03	6.098070e+02
2.415917e+00	1.235015e+00	1.017522e+02	4.142205e+03
1.977611e+00	1.482685e+00	2.853359e+03	1.583445e+03
1.770784e+00	1.648244e+00	3.645784e+02	9.311319e+02
1.868965e+00	1.563236e+00	2.488847e+02	1.620828e+02
1.776176e+00	1.643276e+00	2.976783e+02	3.708938e+02
1.842887e+00	1.585667e+00	3.871646e+02	1.142574e+03
2.155208e+00	1.367971e+00	4.341574e+02	1.085709e+03
2.420897e+00	1.232923e+00	6.605270e+00	3.311502e+02
1.980495e+00	1.479495e+00	4.296016e+02	3.904607e+00
2.642330e+00	1.143025e+00	2.027721e+02	6.345180e+03
2.381659e+00	1.250443e+00	2.645049e+01	4.413775e+02
2.496951e+00	1.200562e+00	2.154862e+02	5.003295e+03
2.260470e+00	1.310736e+00	1.331542e+02	6.934074e+03
2.349029e+00	1.266347e+00	3.296861e+02	2.786609e+03
2.668382e+00	1.134210e+00	1.212928e+02	5.542633e+03
2.583680e+00	1.165859e+00	1.170071e+02	7.786106e+03
2.672105e+00	1.132656e+00	2.265949e+02	8.101955e+03
2.415108e+00	1.235081e+00	1.254394e+02	5.340986e+02
2.625199e+00	1.150358e+00	1.338742e+03	4.868361e+03
1.888572e+00	1.547830e+00	1.645884e+03	1.695803e+02
1.889753e+00	1.546969e+00	2.168110e+03	1.614172e+03
1.856304e+00	1.574426e+00	5.039418e+02	5.571197e+02
2.185363e+00	1.350604e+00	3.345010e+02	4.116401e+02
1.952454e+00	1.500166e+00	2.391281e+02	6.446337e+03
1.729997e+00	1.686130e+00	2.253026e+02	1.841626e+02
2.026829e+00	1.449352e+00	1.777680e+03	6.086073e+03
2.468721e+00	1.212343e+00	3.186966e+02	1.464067e+03
2.171572e+00	1.358253e+00	1.308118e+02	1.718983e+02
1.887993e+00	1.547785e+00	5.668342e+02	3.063543e+03
2.013609e+00	1.458324e+00	1.016275e+03	7.670627e+03
1.842667e+00	1.585853e+00	1.888958e+03	8.087965e+02
2.323485e+00	1.279574e+00	1.302867e+03	5.634448e+03
2.565874e+00	1.172417e+00	9.466679e+01	3.892447e+03
1.879260e+00	1.556263e+00	2.820622e+02	6.176119e+03
2.391145e+00	1.246058e+00	2.993285e+02	4.277709e+03
1.883506e+00	1.553055e+00	1.717894e+03	8.941399e+01
2.131674e+00	1.382550e+00	2.077929e+03	2.132411e+03
2.411402e+00	1.237066e+00	2.969443e+02	1.711971e+02
1.865539e+00	1.565914e+00	1.945330e+02	6.793541e+02
1.807407e+00	1.615954e+00	2.700736e+03	1.420478e+03
1.922513e+00	1.521231e+00	2.316262e+03	6.056989e+02
2.077870e+00	1.414863e+00	8.302087e+01	3.760948e+03
2.145029e+00	1.373919e+00	4.722642e+02	1.881437e+03
2.304795e+00	1.287745e+00	5.970061e+01	9.018460e+02
2.509893e+00	1.195090e+00	2.412877e+02	1.864385e+03
2.403657e+00	1.241597e+00	1.636291e+02	6.251317e+03
1.878365e+00	1.557094e+00	1.879481e+03	1.489146e+02
2.311243e+00	1.285935e+00	4.378038e+02	1.515151e+02
2.648134e+00	1.141875e+00	2.011601e+02	7.299498e+03
1.779329e+00	1.641321e+00	1.241278e+03	2.254096e+02
1.739335e+00	1.676414e+00	1.206057e+03	6.509843e+02
2.207203e+00	1.339032e+00	6.407334e+02	3.348076e+03
2.663280e+00	1.135786e+00	7.451917e+01	6.345406e+03
1.940008e+00	1.509189e+00	1.384124e+03	1.299876e+03
1.936845e+00	1.511454e+00	1.993263e+02	6.556293e+02
2.475363e+00	1.209549e+00	6.832686e+01	1.427564e+03
1.979098e+00	1.480678e+00	3.481707e+02	4.248336e+03
2.287734e+00	1.296576e+00	1.340849e+03	4.092202e+03
1.875014e+00	1.559203e+00	5.897680e+02	5.069846e+03
2.349011e+00	1.266073e+00	1.581469e+02	3.091462e+03
1.871802e+00	1.561236e+00	1.643244e+03	4.714106e+03
2.462733e+00	1.214938e+00	1.589389e+02	1.897466e+03
1.939461e+00	1.509217e+00	1.478672e+03	5.404412e+01
1.874435e+00	1.558571e+00	1.578009e+02	3.489426e+02
2.626047e+00	1.149635e+00	3.065921e+02	6.419355e+03
1.944708e+00	1.504849e+00	3.186615e+02	1.099455e+03
2.041325e+00	1.439286e+00	3.337098e+03	1.433650e+03
2.017217e+00	1.453162e+00	1.254222e+02	1.557900e+03
1.863000e+00	1.568884e+00	1.687122e+03	1.065172e+03
1.797723e+00	1.624360e+00	1.072163e+03	5.299639e+03
2.464269e+00	1.214969e+00	1.740071e+03	6.371509e+02
2.343784e+00	1.268838e+00	3.161892e+02	1.449253e+03
2.856586e+00	1.070867e+00	1.492471e+03	1.414495e+03
2.559444e+00	1.175719e+00	3.707699e+02	5.546829e+03
2.607672e+00	1.155585e+00	1.418645e+02	3.275458e+03
2.268969e+00	1.306306e+00	2.384450e+02	6.512803e+02
1.941910e+00	1.507317e+00	1.412541e+02	1.932490e+03
2.475916e+00	1.208730e+00	4.592360e+02	8.189691e+03
2.418372e+00	1.233934e+00	2.408176e+02	3.994138e+03
1.734436e+00	1.681803e+00	3.948307e+02	8.736241e+02
1.723247e+00	1.693007e+00	4.821096e+02	4.582690e+02
1.859867e+00	1.570366e+00	5.355931e+02	2.421467e+02
2.247749e+00	1.316502e+00	5.570066e-01	2.567150e+02
2.068398e+00	1.421364e+00	6.823716e+02	1.561419e+03
2.014488e+00	1.456400e+00	6.578896e+02	9.259380e+01
2.339791e+00	1.270464e+00	3.856840e+02	3.644023e+01
1.834038e+00	1.592957e+00	2.382805e+02	4.531459e+02
2.086525e+00	1.410314e+00	1.198272e+03	2.056642e+03
1.809757e+00	1.613882e+00	1.396759e+03	1.407724e+03
1.942750e+00	1.506734e+00	9.408887e+02	2.044771e+03
1.991355e+00	1.471369e+00	2.518654e+02	7.919283e+02
2.424480e+00	1.231992e+00	4.877783e+02	1.832854e+02
1.909454e+00	1.532230e+00	7.143745e+02	1.023355e+03
1.777124e+00	1.641295e+00	1.821830e+03	9.315082e+01
1.853637e+00	1.576642e+00	3.070040e+03	6.121524e+01
2.064537e+00	1.424013e+00	5.711366e+02	4.959788e+03
2.577422e+00	1.168908e+00	1.120809e+02	4.977594e+03
2.084580e+00	1.411173e+00	1.320258e+03	1.401538e+03
2.264008e+00	1.308437e+00	4.386480e+01	1.403854e+03
2.593908e+00	1.161939e+00	1.095056e+03	5.882441e+03
2.590736e+00	1.163072e+00	2.544922e+02	7.034586e+03
2.663600e+00	1.135105e+00	4.182961e+02	6.957198e+03
2.493719e+00	1.202053e+00	1.805113e+02	6.794762e+03
2.449022e+00	1.220731e+00	2.071208e+02	6.366095e+03
2.266544e+00	1.307090e+00	8.027589e-01	2.080866e+03
1.926295e+00	1.519075e+00	6.184100e+02	7.920169e+01
1.845251e+00	1.582374e+00	1.314807e+02	1.115564e+03
1.908044e+00	1.532312e+00	9.845187e+02	1.224933e+02
2.149631e+00	1.371752e+00	9.764139e+01	8.162101e+03
1.918873e+00	1.524545e+00	1.020917e+03	2.881607e+03
1.787893e+00	1.632666e+00	5.332672e+02	3.902129e+02
2.549858e+00	1.179235e+00	3.320035e+02	7.670673e+03
2.234763e+00	1.324436e+00	1.031379e+03	4.317561e+03
1.842072e+00	1.585417e+00	8.631337e+02	6.116946e+02
2.620326e+00	1.152185e+00	2.632884e+02	9.986810e+03
1.834555e+00	1.592513e+00	5.555608e+02	4.590998e+02
1.865615e+00	1.566038e+00	6.243054e+02	1.274376e+03
1.846989e+00	1.582041e+00	6.500368e+02	4.845554e+02
2.151702e+00	1.369967e+00	5.270080e+02	2.346833e+03
1.953512e+00	1.497829e+00	1.932473e+01	1.159242e+03
2.852133e+00	1.072966e+00	1.565121e+03	2.321269e+03
1.838671e+00	1.588268e+00	4.009817e+02	6.321699e+02
2.147479e+00	1.371200e+00	1.442143e+01	1.992651e+03
2.536954e+00	1.182994e+00	4.278965e+02	1.546560e+03
2.579750e+00	1.167725e+00	4.890474e+02	4.500701e+03
2.509189e+00	1.195840e+00	3.281462e+02	4.930174e+03
2.571377e+00	1.170445e+00	7.683769e+02	4.236463e+03
2.194812e+00	1.345653e+00	3.442625e+02	9.588691e+02
1.862871e+00	1.568064e+00	1.333766e+03	2.179344e+02
1.891830e+00	1.545950e+00	1.209319e+03	7.438044e+02
2.628083e+00	1.149228e+00	3.830774e+02	8.780853e+03
1.882092e+00	1.553876e+00	1.761416e+03	6.401721e+02
2.436067e+00	1.226774e+00	6.433141e+02	1.279035e+03
2.079776e+00	1.414511e+00	3.854395e+01	7.302081e+03
2.064893e+00	1.423211e+00	4.801779e+02	2.119791e+03
2.641047e+00	1.143912e+00	3.424800e+02	3.105791e+03
2.200737e+00	1.342303e+00	4.624309e+01	6.056043e+02
1.849069e+00	1.580524e+00	1.684346e+03	5.552755e+02
1.841555e+00	1.587816e+00	4.040553e+03	5.837366e+02
2.456028e+00	1.217909e+00	1.537934e+00	6.406307e+03
2.508177e+00	1.195978e+00	1.472378e+02	2.155204e+03
2.669166e+00	1.134129e+00	4.421151e+02	2.506755e+03
2.522098e+00	1.190091e+00	4.973086e+02	9.429091e+03
2.592139e+00	1.162681e+00	2.943839e+01	3.617368e+03
2.630786e+00	1.148243e+00	3.308029e+00	5.151142e+03
1.743193e+00	1.674155e+00	2.294945e+03	1.252789e+01
2.474366e+00	1.210111e+00	2.342185e+02	3.090355e+03
2.621944e+00	1.150321e+00	4.025423e+02	5.731297e+03
2.497939e+00	1.199803e+00	1.709671e+01	1.938674e+02
2.407361e+00	1.238824e+00	2.350762e+01	1.715386e+02
1.872608e+00	1.560994e+00	4.080679e+02	4.696373e+02
2.259879e+00	1.310396e+00	2.922878e+02	2.133035e+03
2.414133e+00	1.236471e+00	3.049761e+01	2.442560e+03
2.031548e+00	1.444603e+00	9.264833e+02	1.342856e+03
1.957616e+00	1.496678e+00	1.083538e+03	2.667991e+03
2.476177e+00	1.209022e+00	2.728632e+02	3.380390e+03
2.002147e+00	1.465816e+00	8.787185e+02	3.096122e+03
2.572004e+00	1.170272e+00	2.287975e+02	2.946503e+03
2.093903e+00	1.404658e+00	5.107052e+01	1.249806e+03
1.755997e+00	1.661371e+00	8.553365e+02	6.363175e+02
2.207716e+00	1.338241e+00	9.489536e+02	3.972400e+03
2.514329e+00	1.194347e+00	4.982386e+02	5.308926e+03
1.928046e+00	1.517406e+00	6.472995e+02	9.555287e+01
2.563669e+00	1.173987e+00	7.417036e+01	6.112735e+03
1.881197e+00	1.554377e+00	7.102001e+02	6.954630e+02
1.894760e+00	1.544850e+00	3.705931e+03	9.437849e+03
2.753299e+00	1.104680e+00	2.459585e+02	1.928352e+03
2.045883e+00	1.434873e+00	1.961411e+01	1.364870e+03
2.300818e+00	1.289122e+00	1.892555e+02	3.758960e+01
1.900710e+00	1.538513e+00	5.649209e+02	6.769957e+02
1.883647e+00	1.552616e+00	1.799356e+03	8.454891e+02
2.099500e+00	1.402175e+00	1.020358e+03	2.560639e+03
2.511480e+00	1.193994e+00	1.297442e+03	6.016171e+03
1.951871e+00	1.500571e+00	1.223834e+03	2.167388e+03
2.308012e+00	1.286093e+00	3.310107e+01	2.431097e+02
1.790870e+00	1.630971e+00	2.327410e+03	7.269236e+02
2.583688e+00	1.165256e+00	6.700901e+02	1.336600e+03
2.271704e+00	1.303966e+00	2.252198e+01	3.073484e+02
2.556259e+00	1.176755e+00	1.942419e+01	7.098454e+03
1.969566e+00	1.487776e+00	2.334930e+02	6.729016e+03
1.840562e+00	1.586727e+00	1.407471e+03	1.759566e+03
2.362033e+00	1.260992e+00	1.405760e+03	4.421621e+03
2.531263e+00	1.186775e+00	3.412971e+02	5.174122e+03
2.478075e+00	1.208327e+00	5.071550e+01	1.747048e+03
2.167088e+00	1.360997e+00	2.901019e+02	5.754784e+03
2.470536e+00	1.211845e+00	3.881064e+01	2.919949e+03
2.466880e+00	1.213667e+00	6.424999e+02	8.560018e+03
1.890465e+00	1.546988e+00	3.088747e+02	7.763625e+02
2.431664e+00	1.227854e+00	2.153177e+02	4.411744e+03
2.044421e+00	1.437042e+00	1.408661e+02	7.849223e+03
2.681622e+00	1.129016e+00	2.403501e+02	6.852309e+03
2.224900e+00	1.328720e+00	1.113406e+02	5.985306e+02
2.089433e+00	1.407511e+00	5.161899e+02	3.078824e+03
2.402035e+00	1.242402e+00	1.370903e+02	2.404527e+03
2.590145e+00	1.162472e+00	3.992266e+02	6.350674e+03
2.521838e+00	1.189938e+00	5.387458e+01	1.279001e+03
1.808205e+00	1.614378e+00	2.943668e+01	9.160123e+02
1.738628e+00	1.678205e+00	7.591435e+02	4.117063e+02
2.103817e+00	1.398905e+00	4.111703e+00	3.820253e+03
2.361917e+00	1.259643e+00	2.959787e+01	1.617353e+03
2.602840e+00	1.159559e+00	3.414388e+01	4.450825e+03
2.059951e+00	1.427419e+00	5.994478e+01	3.175804e+03
2.601888e+00	1.157936e+00	2.247565e+02	5.274327e+03
2.488086e+00	1.204361e+00	2.027225e+02	7.279376e+03
1.932098e+00	1.515265e+00	1.713793e+03	2.600342e+03
2.538606e+00	1.183378e+00	1.648134e+01	1.072823e+03
1.718796e+00	1.696934e+00	1.890684e+03	8.444029e+02
2.109266e+00	1.397040e+00	9.866815e+02	5.353192e+03
1.974905e+00	1.483472e+00	2.034104e+02	3.486708e+02
2.369984e+00	1.255924e+00	1.005202e+02	1.445410e+02
2.223349e+00	1.329570e+00	5.520484e+02	3.879552e+03
2.461459e+00	1.214943e+00	2.430772e+02	5.052434e+02
2.169610e+00	1.360560e+00	1.052938e+02	4.176669e+03
1.862268e+00	1.569534e+00	1.643935e+03	1.023110e+03
2.675470e+00	1.131632e+00	1.569270e+02	5.297801e+03
2.241841e+00	1.320093e+00	1.289376e+02	7.071601e+02
2.583073e+00	1.166416e+00	6.843926e+02	4.186475e+03
1.945944e+00	1.506352e+00	1.883411e+03	6.022717e+03
2.234003e+00	1.324346e+00	1.209233e+02	1.007537e+03
1.977336e+00	1.482302e+00	1.279770e+02	4.936616e+03
1.905811e+00	1.533843e+00	1.533098e+02	7.285374e+02
2.511124e+00	1.195180e+00	2.510794e+02	9.283460e+03
1.767583e+00	1.651316e+00	2.498281e+02	2.517682e+02
1.844262e+00	1.584136e+00	1.442383e+02	1.747235e+03
2.047286e+00	1.434584e+00	3.009604e+02	3.874721e+03
2.451959e+00	1.219652e+00	6.388263e+02	2.188122e+03
2.246391e+00	1.317670e+00	8.076708e+02	1.135307e+03
2.497853e+00	1.200233e+00	3.002625e+02	8.652793e+03
1.818098e+00	1.606186e+00	1.934699e+02	2.637398e+03
2.335666e+00	1.273170e+00	3.602716e+02	4.692984e+03
2.511892e+00	1.194529e+00	8.688319e+00	7.175102e+03
2.370299e+00	1.256089e+00	1.575670e+01	5.527838e+02
2.258634e+00	1.311099e+00	1.084641e+02	4.089392e+02
2.590500e+00	1.163242e+00	3.714173e+02	6.878059e+03
1.978448e+00	1.481254e+00	1.069901e+03	2.056057e+03
1.893273e+00	1.544809e+00	1.275203e+02	1.323071e+03
2.155457e+00	1.367854e+00	3.031961e+02	7.158796e+02
2.909855e+00	1.055261e+00	3.575920e+02	2.312745e+03
2.131721e+00	1.382184e+00	1.354365e+02	3.109688e+03
2.406519e+00	1.239818e+00	5.730849e+01	4.011925e+03
2.430544e+00	1.228913e+00	2.482404e+02	7.443978e+02
2.294064e+00	1.293496e+00	2.606686e+02	5.966780e+03
1.788257e+00	1.632998e+00	1.101970e+03	1.672104e+03
2.568599e+00	1.171211e+00	2.277368e+00	9.780643e+02
2.547564e+00	1.180260e+00	5.118163e+02	3.394108e+03
1.867479e+00	1.565327e+00	5.688173e+02	5.097859e+03
1.768464e+00	1.650905e+00	2.315530e+03	1.959110e+03
2.403522e+00	1.241428e+00	1.755488e+02	1.303002e+03
2.453789e+00	1.218443e+00	7.773973e+01	3.066269e+03
2.458327e+00	1.216349e+00	5.627222e+02	9.150769e+03
2.224440e+00	1.329743e+00	1.599846e+00	9.440818e+02
2.723856e+00	1.114285e+00	2.788010e+02	9.660255e+02
1.968409e+00	1.487586e+00	7.495994e+02	1.156802e+03
2.273367e+00	1.303456e+00	6.085057e+01	1.647159e+03
2.645809e+00	1.142555e+00	9.634156e+02	3.651858e+03
1.971929e+00	1.485695e+00	2.616210e+03	1.405010e+03
1.772730e+00	1.646458e+00	8.021092e+02	3.248623e+02
2.634666e+00	1.146680e+00	4.018880e+02	4.768510e+03
1.743193e+00	1.674155e+00	2.294945e+03	1.252789e+01
2.164088e+00	1.363415e+00	1.287105e+02	5.861764e+03
2.672757e+00	1.132525e+00	4.349861e+02	8.228772e+03
1.739053e+00	1.677765e+00	3.378544e+02	6.890632e+02
2.524383e+00	1.189362e+00	2.539481e+01	5.251483e+03
2.163347e+00	1.362714e+00	9.646061e+02	3.336361e+03
2.082185e+00	1.413101e+00	4.331199e+02	8.054088e+03
1.884071e+00	1.551005e+00	8.659622e+01	6.403031e+02
1.761411e+00	1.657316e+00	5.141504e+02	4.074064e+01
1.865867e+00	1.565874e+00	7.650695e+02	1.349483e+03
1.724530e+00	1.691573e+00	1.769762e+02	6.765745e+02
2.015320e+00	1.456499e+00	3.833669e+02	8.487025e+03
1.905469e+00	1.534025e+00	2.885781e+02	3.666368e+02
2.381451e+00	1.250780e+00	2.144131e+01	1.532518e+03
1.992928e+00	1.470818e+00	3.651584e+02	2.000249e+03
1.923137e+00	1.520252e+00	7.745663e+02	1.099652e+03
1.955627e+00	1.497037e+00	2.415660e+01	6.908359e+02
1.947387e+00	1.502736e+00	1.362671e+03	3.642014e+02
2.267832e+00	1.306203e+00	2.411883e+01	5.810952e+03
2.455662e+00	1.217453e+00	4.850759e+02	8.253312e+03
2.506031e+00	1.197187e+00	1.405754e+02	7.012268e+03
2.154346e+00	1.367987e+00	1.435247e+02	5.330356e+01
2.460526e+00	1.216916e+00	8.787837e+02	1.963787e+03
2.580976e+00	1.166735e+00	2.964776e+02	3.506757e+03
1.855637e+00	1.574041e+00	1.932021e+02	4.004965e+02
2.020607e+00	1.452565e+00	1.090754e+03	1.373805e+03
2.594305e+00	1.162259e+00	6.802369e+02	3.848880e+03
2.588279e+00	1.164111e+00	7.403373e+01	8.700260e+03
1.836954e+00	1.590106e+00	8.819331e+01	7.905419e+02
2.489824e+00	1.202957e+00	7.345300e+02	1.749370e+03
2.359901e+00	1.261986e+00	1.074134e+02	7.825354e+03
2.007102e+00	1.459937e+00	2.535538e+02	6.770794e+02
1.837846e+00	1.591186e+00	1.045292e+03	3.297277e+03
1.944549e+00	1.504595e+00	3.265999e+02	4.996836e+02
2.586305e+00	1.164997e+00	1.079328e+02	6.475028e+03
2.491307e+00	1.202968e+00	3.964026e+02	3.235360e+03
1.903611e+00	1.536785e+00	1.083977e+03	4.010815e+03
2.541157e+00	1.182322e+00	4.091622e+02	4.816613e+03
2.295218e+00	1.292929e+00	4.117502e+02	4.972961e+03
2.530682e+00	1.186771e+00	4.350015e+02	2.849470e+03
2.428785e+00	1.229981e+00	8.677535e+02	2.259339e+03
2.477903e+00	1.208778e+00	5.990311e+02	3.865987e+03
2.302333e+00	1.290712e+00	4.350950e+03	5.411823e+03
2.456692e+00	1.217447e+00	2.573135e+02	1.533773e+03
2.807384e+00	1.087114e+00	3.650662e+02	3.319771e+03
1.779815e+00	1.640450e+00	3.325553e+02	6.962111e+03
2.656808e+00	1.137808e+00	3.255434e+01	6.866749e+03
2.493056e+00	1.201760e+00	3.411134e+02	1.003641e+03
2.486299e+00	1.204601e+00	1.082616e+02	4.623351e+02
1.931784e+00	1.515412e+00	1.411917e+02	1.881422e+03
1.856596e+00	1.573113e+00	2.353571e+02	1.022204e+02
2.344847e+00	1.268208e+00	1.227300e+02	1.157695e+03
1.988575e+00	1.475061e+00	3.065544e+03	1.549590e+03
2.189132e+00	1.349158e+00	5.623860e+02	4.103186e+03
2.329168e+00	1.276582e+00	3.267772e+02	5.778983e+03
2.223711e+00	1.329822e+00	1.383104e+03	1.537294e+02
2.308856e+00	1.285601e+00	2.194403e+02	1.518477e+02
2.537163e+00	1.184047e+00	8.950231e+00	2.008076e+03
2.638330e+00	1.145572e+00	1.905955e+02	7.409030e+03
2.334210e+00	1.273386e+00	9.081683e+00	5.203138e+03
2.335877e+00	1.273092e+00	9.878536e+02	2.735073e+03
2.174238e+00	1.356511e+00	2.603812e+01	2.848653e+03
2.100767e+00	1.401010e+00	2.883796e+03	8.363269e+03
2.745826e+00	1.107265e+00	7.794924e+02	1.437371e+03
1.980095e+00	1.480134e+00	6.771767e+02	2.024412e+03
1.862631e+00	1.568779e+00	5.279852e+02	3.505794e+03
2.598604e+00	1.160068e+00	4.405867e+02	6.551088e+03
1.902430e+00	1.538020e+00	1.142502e+03	3.463108e+03
1.895694e+00	1.542575e+00	6.442639e+02	1.407962e+02
2.444354e+00	1.222410e+00	3.050355e+02	1.846256e+02
1.899164e+00	1.540184e+00	1.269447e+02	1.432896e+03
2.563224e+00	1.174085e+00	4.158028e+02	4.367897e+03
2.629167e+00	1.148016e+00	6.329530e+01	7.292141e+03
2.535788e+00	1.184496e+00	6.021589e+02	9.019791e+03
1.872058e+00	1.561397e+00	2.159174e+01	5.424930e+02
2.152513e+00	1.368815e+00	4.057342e+02	2.962347e+03
2.482051e+00	1.206976e+00	5.265196e+02	4.882789e+03
1.876967e+00	1.556994e+00	2.678778e+02	7.587810e+02
2.345954e+00	1.268255e+00	6.982226e+02	3.653784e+03
2.463478e+00	1.214924e+00	3.993475e+01	1.001898e+03
1.942643e+00	1.506203e+00	1.109731e+02	4.804329e+02
1.812048e+00	1.611697e+00	1.870959e+03	3.505726e+02
1.856748e+00	1.573031e+00	1.731877e+02	8.764900e+02
2.383694e+00	1.250706e+00	1.029871e+02	2.041638e+03
2.287258e+00	1.296272e+00	2.625159e+01	5.408693e+03
2.286509e+00	1.296624e+00	3.330461e+01	5.326753e+02
2.270180e+00	1.305544e+00	4.995152e+01	8.259145e+02
1.990048e+00	1.472631e+00	2.653660e+02	2.441322e+02
2.120848e+00	1.389011e+00	4.322469e+02	5.622332e+03
2.390173e+00	1.247180e+00	3.289354e+02	6.108493e+03
2.154218e+00	1.369095e+00	8.762754e+02	2.397204e+03
2.631665e+00	1.148663e+00	6.545326e+01	4.869671e+03
1.829784e+00	1.597075e+00	1.946589e+03	2.394633e+03
2.592440e+00	1.162661e+00	7.306481e+01	2.225554e+03
2.145710e+00	1.374714e+00	1.698715e+03	2.181752e+03
1.817646e+00	1.606940e+00	1.436663e+03	2.371585e+03
1.741376e+00	1.675265e+00	3.116516e+03	1.168140e+03
1.724466e+00	1.691884e+00	5.737318e+02	6.112406e+02
2.022424e+00	1.450181e+00	2.717525e+02	1.642607e+02
1.793988e+00	1.628190e+00	4.211863e+02	1.930704e+02
2.662755e+00	1.136364e+00	4.397442e+01	7.575950e+03
2.499895e+00	1.199049e+00	9.569314e+01	1.136915e+03
2.047152e+00	1.434174e+00	3.154477e+02	3.747764e+02
1.732049e+00	1.685216e+00	2.848998e+02	3.916325e+02
2.499573e+00	1.198813e+00	2.025980e+02	4.566271e+03
2.071375e+00	1.420304e+00	2.953058e+03	4.442208e+03
2.158312e+00	1.365805e+00	1.651543e+01	2.675647e+02
2.234776e+00	1.323618e+00	1.043257e+02	1.791386e+03
1.989079e+00	1.473288e+00	3.230701e+02	1.694968e+03
2.554871e+00	1.176917e+00	3.453981e+02	4.554490e+03
1.981052e+00	1.480299e+00	2.994626e+03	3.619602e+03
1.993703e+00	1.470525e+00	1.825752e+01	4.051523e+03
1.921767e+00	1.523275e+00	1.608019e+03	2.478691e+03
2.605330e+00	1.157009e+00	7.018380e+01	1.124894e+02
2.157109e+00	1.366272e+00	1.105911e+02	5.663498e+02
2.342963e+00	1.268841e+00	4.541514e+02	3.709712e+03
2.156643e+00	1.366718e+00	2.046984e+01	7.258475e+02
1.954200e+00	1.499102e+00	2.645634e+03	5.748801e+02
2.273850e+00	1.303254e+00	5.817406e+02	4.907680e+02
2.555760e+00	1.176797e+00	5.957800e+02	5.450707e+02
2.166413e+00	1.361733e+00	8.678287e+02	9.269716e+02
2.284287e+00	1.297898e+00	3.380035e+02	4.129031e+03
1.923067e+00	1.521497e+00	2.914763e+02	1.992015e+02
2.277487e+00	1.301051e+00	4.554493e+01	4.254724e+03
2.506019e+00	1.196418e+00	1.295698e+02	3.098170e+03
2.489737e+00	1.203562e+00	8.358059e+01	1.930948e+03
2.612545e+00	1.155045e+00	1.770689e+02	2.293046e+03
2.078294e+00	1.415284e+00	1.015053e+03	3.118653e+03
1.838154e+00	1.590646e+00	3.227790e+03	1.620890e+03
2.014254e+00	1.456743e+00	7.855032e+02	2.444726e+03
2.326106e+00	1.277115e+00	1.720532e+02	3.280992e+03
2.516504e+00	1.192104e+00	7.668206e+01	5.822466e+02
2.051285e+00	1.431843e+00	4.254208e+02	3.888760e+02
2.028930e+00	1.448068e+00	7.864417e+02	5.811016e+03
2.081167e+00	1.412842e+00	2.196413e+02	4.461937e+03
1.777309e+00	1.642973e+00	4.298683e+02	2.376182e+03
2.206085e+00	1.339797e+00	2.708403e+02	6.369930e+03
2.419747e+00	1.234185e+00	6.541181e+02	3.835770e+03
1.727406e+00	1.688472e+00	1.817943e+03	5.862894e+03
2.409917e+00	1.238613e+00	8.329373e+01	1.459010e+03
2.580304e+00	1.166939e+00	2.420562e+02	2.637220e+03
2.450301e+00	1.220521e+00	6.106200e+02	2.745404e+03
1.953360e+00	1.498748e+00	8.800435e+02	9.831658e+02
1.821001e+00	1.603951e+00	1.813708e+03	2.285935e+03
2.352926e+00	1.264269e+00	2.563271e+02	3.192234e+03
2.479221e+00	1.207667e+00	1.555817e+02	3.932103e+03
1.733896e+00	1.683103e+00	4.701828e+02	7.056064e+02
2.059046e+00	1.426482e+00	6.975634e+02	1.455549e+01
2.357247e+00	1.262841e+00	9.649197e+02	1.665353e+02
2.578220e+00	1.168120e+00	4.460963e+02	4.448482e+03
1.951091e+00	1.500874e+00	2.851825e+02	8.477573e+02
1.717252e+00	1.698080e+00	4.153602e+02	1.850533e+02
2.463936e+00	1.214626e+00	1.750500e+02	2.513145e+03
2.171661e+00	1.358275e+00	3.215125e+02	8.360405e+01
2.351617e+00	1.265750e+00	7.648956e+02	1.816805e+03
2.151094e+00	1.370998e+00	1.332123e+03	2.190962e+03
2.468076e+00	1.213295e+00	4.113431e+02	2.286735e+03
2.115105e+00	1.392406e+00	3.018972e+03	5.250615e+03
2.288938e+00	1.295704e+00	7.010904e+02	1.665380e+03
2.532617e+00	1.185545e+00	1.524588e+02	3.000152e+03
2.032494e+00	1.444455e+00	8.604228e+02	1.648233e+03
2.699429e+00	1.123152e+00	6.576817e+02	2.416667e+03
2.509508e+00	1.195318e+00	1.242672e+02	2.656461e+03
2.537657e+00	1.184169e+00	1.913551e+02	7.509404e+03
1.897486e+00	1.541102e+00	4.788851e+02	4.591903e+02
2.091254e+00	1.407287e+00	2.277188e+02	7.304939e+03
2.495701e+00	1.201150e+00	2.607697e+02	4.453553e+03
1.708138e+00	1.707984e+00	1.020580e+03	1.383162e+03
2.556491e+00	1.178177e+00	4.288744e+01	7.814440e+03
1.939144e+00	1.508705e+00	8.885057e+02	2.638468e+02
1.942244e+00	1.506478e+00	1.316464e+03	3.580834e+02
1.719907e+00	1.695828e+00	9.010163e+01	7.127876e+02
2.526967e+00	1.189235e+00	4.434843e+02	5.337182e+03
1.918635e+00	1.524083e+00	4.359903e+01	6.813825e+02
2.666615e+00	1.134333e+00	4.440995e+01	7.513830e+03
2.421643e+00	1.232961e+00	5.985968e+02	2.961980e+03
1.855802e+00	1.574306e+00	6.332186e+02	2.900327e+03
2.143271e+00	1.375852e+00	1.134856e+03	4.956936e+03
1.944053e+00	1.506006e+00	8.953148e+02	7.395428e+02
1.843365e+00	1.584457e+00	1.948026e+02	6.100177e+02
2.054133e+00	1.428951e+00	1.353421e+03	1.915485e+02
1.971267e+00	1.485829e+00	9.017503e+02	1.067744e+03
2.660634e+00	1.137167e+00	4.455311e+02	7.222211e+03
2.090472e+00	1.407385e+00	9.034191e+01	1.228492e+03
2.486430e+00	1.204802e+00	1.629935e+01	2.786498e+03
2.332771e+00	1.275488e+00	3.523189e+02	6.126838e+03
1.964989e+00	1.491685e+00	6.553505e+01	5.270600e+03
2.476628e+00	1.208744e+00	1.613748e+01	4.102650e+03
2.440449e+00	1.224295e+00	4.494040e+02	5.276076e+03
2.159185e+00	1.366126e+00	1.779650e+01	3.401615e+03
2.446763e+00	1.222054e+00	6.743063e+02	2.277191e+03
2.169422e+00	1.360605e+00	7.825088e+02	3.634269e+03
2.617675e+00	1.152813e+00	9.898730e+01	4.624977e+03
1.873057e+00	1.559770e+00	5.155638e+02	6.633770e+01
1.898909e+00	1.538898e+00	1.315840e+03	1.655957e+02
2.607231e+00	1.156985e+00	1.297495e+02	9.528688e+03
1.902003e+00	1.537900e+00	1.562443e+03	3.299479e+03
2.630670e+00	1.148289e+00	1.821631e+03	5.725231e+03
2.624837e+00	1.150519e+00	2.435789e+02	3.277515e+03
2.482328e+00	1.206965e+00	1.956542e+02	7.300653e+03
2.447899e+00	1.221645e+00	8.910621e+02	5.828576e+03
2.164003e+00	1.362499e+00	7.926299e+02	2.962387e+03
2.470092e+00	1.211573e+00	6.326351e+02	5.992582e+03
2.262516e+00	1.310624e+00	5.805579e+02	2.693665e+02
2.452917e+00	1.218714e+00	5.488764e+02	9.002777e+03
1.985170e+00	1.475984e+00	3.982850e+02	6.054285e+02
2.009452e+00	1.459079e+00	2.827369e+02	3.940876e+02
1.805985e+00	1.616915e+00	7.252731e+02	1.475418e+03
2.010736e+00	1.459550e+00	1.158725e+02	8.533651e+02
1.947086e+00	1.503556e+00	1.608974e+03	2.901528e+02
2.824373e+00	1.081059e+00	5.773086e+01	1.963082e+03
1.905823e+00	1.534801e+00	1.102305e+03	9.104156e+02
2.482876e+00	1.205817e+00	5.007853e+01	2.537790e+02
2.284083e+00	1.299489e+00	7.427637e+02	2.764766e+03
1.862091e+00	1.569241e+00	1.733081e+03	1.753425e+02
2.543287e+00	1.181147e+00	1.613745e+03	9.946052e+03
2.590130e+00	1.163185e+00	1.871355e+00	2.786624e+03
2.160683e+00	1.364599e+00	6.748301e+02	3.859416e+03
2.343021e+00	1.269325e+00	9.559684e+01	1.858428e+03
2.529696e+00	1.187414e+00	6.096063e+01	7.066649e+03
2.010110e+00	1.460051e+00	1.881136e+02	4.762762e+03
1.760724e+00	1.658614e+00	2.694637e+03	2.211646e+03
2.583686e+00	1.166176e+00	2.235122e+01	2.036513e+03
2.036374e+00	1.441714e+00	5.929748e+02	2.919322e+03
2.494291e+00	1.201789e+00	1.283226e+02	3.472979e+03
1.989127e+00	1.474588e+00	5.753431e+02	5.240803e+03
1.716156e+00	1.699606e+00	1.021959e+02	1.070421e+03
2.526923e+00	1.188370e+00	2.297941e+02	3.139247e+03
2.616753e+00	1.153114e+00	3.716065e+01	2.952945e+03
1.893387e+00	1.543534e+00	4.038276e+01	2.711590e+03
1.787402e+00	1.632813e+00	1.563970e+01	2.104398e+03
1.942956e+00	1.506303e+00	1.455996e+03	5.366286e+01
2.451818e+00	1.219829e+00	2.175853e+02	4.910925e+03
2.138202e+00	1.378019e+00	2.679098e+02	5.061955e+03
2.590098e+00	1.163600e+00	6.746080e+02	2.911693e+03
2.071924e+00	1.418271e+00	4.830348e+02	3.639038e+02
2.140960e+00	1.376832e+00	1.831064e+03	6.238726e+02
1.998694e+00	1.466629e+00	1.097620e+02	5.718702e+02
1.832516e+00	1.592940e+00	3.001027e+02	1.015847e+02
1.874434e+00	1.559109e+00	1.507808e+02	2.597975e+03
2.451705e+00	1.219454e+00	1.174828e+02	4.345301e+02
2.094726e+00	1.403812e+00	1.654615e+03	1.621595e+03
1.780153e+00	1.639971e+00	5.139873e+02	9.363676e+01
2.257953e+00	1.311966e+00	2.013616e+02	3.759587e+03
2.277146e+00	1.300995e+00	1.488119e+02	3.000787e+02
1.970393e+00	1.487462e+00	1.374762e+03	1.744805e+03
2.186655e+00	1.350869e+00	1.628383e+03	1.727341e+03
1.729078e+00	1.687306e+00	1.574023e+02	7.731007e+02
1.772777e+00	1.647166e+00	2.834654e+03	6.168181e+02
2.469986e+00	1.211520e+00	3.093377e+01	2.392252e+02
2.764046e+00	1.101074e+00	3.253089e+01	1.265555e+03
1.969482e+00	1.487766e+00	1.972055e+03	1.405117e+02
2.766152e+00	1.100264e+00	8.016385e+01	1.845450e+03
2.543813e+00	1.181914e+00	2.272510e+02	5.622145e+03
2.152781e+00	1.368759e+00	6.954646e+02	1.660433e+03
2.069347e+00	1.420998e+00	5.301596e+02	3.620861e+03
2.039615e+00	1.439375e+00	5.720565e+01	2.468504e+03
2.022189e+00	1.453364e+00	8.677186e+02	4.087592e+03
2.589173e+00	1.163780e+00	9.794901e+01	7.626016e+03
1.922237e+00	1.522002e+00	1.414087e+03	1.962119e+03
2.302833e+00	1.289046e+00	8.028881e+02	1.863617e+03
2.159571e+00	1.366079e+00	2.378555e+03	4.115339e+02
2.121589e+00	1.388592e+00	1.378457e+03	6.762144e+02
2.057319e+00	1.427323e+00	1.471819e+03	1.415263e+03
2.546791e+00	1.180220e+00	5.120120e+02	1.981207e+03
2.101894e+00	1.400071e+00	7.449148e+02	6.337088e+03
2.477173e+00	1.208902e+00	2.361456e+00	2.405267e+03
2.551758e+00	1.178637e+00	4.825412e+02	8.718850e+03
1.923771e+00	1.521694e+00	2.062236e+03	2.891735e+03
1.845319e+00	1.582977e+00	4.867229e+02	1.215653e+03
2.127383e+00	1.385329e+00	7.127570e+02	4.500283e+03
2.588102e+00	1.164286e+00	4.004978e+01	7.289638e+03
2.198177e+00	1.345272e+00	2.064786e+03	1.734457e+03
2.302268e+00	1.289317e+00	1.837868e+02	5.036602e+03
2.437812e+00	1.225425e+00	3.063934e+01	8.488713e+02
2.106017e+00	1.396685e+00	1.290349e+03	2.154721e+02
2.609333e+00	1.156153e+00	6.490694e+02	4.593034e+03
1.957337e+00	1.496923e+00	1.742611e+03	2.422683e+03
2.536930e+00	1.184388e+00	9.138883e+02	2.470660e+03
2.305524e+00	1.287555e+00	4.134411e+02	3.748446e+03
1.720323e+00	1.695515e+00	2.748170e+01	3.980405e+03
2.312929e+00	1.284124e+00	2.645863e+02	4.009877e+03
2.080853e+00	1.412790e+00	2.449953e+02	2.973757e+03
2.171098e+00	1.359622e+00	9.502094e+02	2.280636e+03
2.591108e+00	1.162888e+00	4.935326e+02	2.764038e+03
2.694807e+00	1.125817e+00	2.657388e+02	4.769189e+03
2.064287e+00	1.422025e+00	9.174448e+01	3.081494e+03
2.589499e+00	1.162560e+00	5.109308e+02	5.001248e+03
2.169928e+00	1.359376e+00	3.309673e+02	6.835038e+02
2.253000e+00	1.315298e+00	4.412911e+02	3.081170e+03
2.122256e+00	1.388227e+00	5.296638e+02	5.101545e+03
2.503946e+00	1.197301e+00	3.522595e+02	1.916635e+03
2.057967e+00	1.428153e+00	5.288170e+01	5.197672e+03
2.581949e+00	1.167711e+00	2.354891e+03	2.777447e+03
2.267488e+00	1.306309e+00	6.042043e+02	4.919323e+02
2.195652e+00	1.345438e+00	7.295854e+02	2.952413e+03
2.495725e+00	1.200976e+00	2.763584e+02	4.476384e+03
2.273183e+00	1.303685e+00	2.167094e+02	1.021636e+03
2.009285e+00	1.459381e+00	4.101142e+02	4.844890e+02
1.785316e+00	1.635668e+00	2.869983e+03	1.286296e+03
1.999266e+00	1.465855e+00	8.617404e+01	4.668001e+02
2.124971e+00	1.386000e+00	3.533779e+02	3.964528e+03
2.215523e+00	1.334086e+00	1.762892e+02	1.283954e+03
2.276819e+00	1.301728e+00	1.270915e+02	1.366055e+03
2.227822e+00	1.328017e+00	1.131070e+03	1.657375e+02
2.266463e+00	1.307379e+00	5.430825e+02	3.173776e+03
2.605065e+00	1.158189e+00	1.647260e+03	5.666322e+03
2.188469e+00	1.349336e+00	5.341077e+02	4.087871e+03
2.741323e+00	1.108056e+00	6.280404e+01	8.694232e+03
2.457532e+00	1.217399e+00	2.225437e+02	6.821355e+03
2.291310e+00	1.294616e+00	8.476645e+02	4.100130e+02
2.187526e+00	1.350377e+00	2.207063e+03	5.816726e+03
1.958570e+00	1.495993e+00	1.032210e+03	2.405430e+03
2.254885e+00	1.312926e+00	2.263001e+02	1.908956e+03
2.206581e+00	1.338533e+00	2.241614e+02	3.005722e+02
2.503089e+00	1.197493e+00	5.278313e+01	1.023665e+02
1.994804e+00	1.469733e+00	9.028647e+02	1.973532e+03
2.497560e+00	1.200410e+00	4.651762e+01	2.605908e+03
2.666551e+00	1.134263e+00	3.601786e+01	2.842991e+03
1.786878e+00	1.633963e+00	1.302938e+03	1.719016e+03
2.596010e+00	1.161002e+00	2.078130e+02	4.572654e+03
2.657673e+00	1.138258e+00	8.615687e+02	2.394475e+03
2.009866e+00	1.458147e+00	3.694420e+02	2.807458e+03
2.610147e+00	1.155969e+00	6.260973e+01	4.731338e+03
1.893128e+00	1.543292e+00	2.944005e+02	1.223276e+03
1.966290e+00	1.489650e+00	1.979625e+03	1.687107e+02
2.333831e+00	1.273225e+00	2.515568e+01	1.431294e+03
2.102246e+00	1.400181e+00	2.284595e+03	1.934657e+03
2.303027e+00	1.289692e+00	2.176016e+03	1.681221e+03
2.162420e+00	1.363829e+00	3.060015e+02	5.609755e+03
2.481629e+00	1.207598e+00	9.481626e+02	2.151181e+03
2.289669e+00	1.295238e+00	1.505685e+02	8.245698e+02
2.415816e+00	1.235023e+00	1.955022e+02	2.987575e+03
1.968968e+00	1.488257e+00	7.025692e+02	3.149059e+03
2.242987e+00	1.322184e+00	6.149175e+02	1.347720e+03
2.387800e+00	1.248164e+00	1.681633e+02	1.435623e+03
2.189833e+00	1.348767e+00	1.521599e+02	3.470714e+03
1.886469e+00	1.550297e+00	3.209713e+03	1.511033e+03
1.792851e+00	1.628897e+00	2.755756e+03	7.850973e+02
1.776974e+00	1.642981e+00	9.050278e+02	2.556978e+03
2.027301e+00	1.448333e+00	1.425789e+03	1.931163e+03
1.828559e+00	1.596895e+00	1.773715e+02	9.576853e+02
2.099628e+00	1.401216e+00	4.303329e+02	4.244245e+03
2.544276e+00	1.180900e+00	3.311196e+01	3.462725e+03
1.779744e+00	1.640197e+00	1.068368e+03	1.468200e+03
2.552791e+00	1.178130e+00	5.810488e+02	5.058091e+03
1.840474e+00	1.586762e+00	3.414999e+02	2.595317e+02
1.911828e+00	1.529997e+00	2.241866e+03	1.311339e+03
1.765847e+00	1.653335e+00	1.340667e+03	1.347211e+03
1.737413e+00	1.680079e+00	2.735025e+03	1.499234e+03
2.525345e+00	1.188702e+00	3.828179e+01	2.391242e+03
1.949127e+00	1.502906e+00	8.461552e+02	1.755929e+03
2.491822e+00	1.203725e+00	2.818036e+03	2.222577e+03
2.415205e+00	1.236208e+00	1.543279e+02	2.470413e+03
2.589499e+00	1.162560e+00	5.109308e+02	5.001248e+03
2.246421e+00	1.317116e+00	1.316491e+02	1.310400e+01
2.185739e+00	1.351427e+00	3.377987e+02	1.692029e+03
1.885505e+00	1.551344e+00	1.702264e+03	1.902853e+02
2.343470e+00	1.268767e+00	1.547562e+02	1.015521e+03
1.820396e+00	1.604307e+00	3.774242e+01	1.301563e+03
2.825381e+00	1.080844e+00	8.908434e-01	1.867283e+03
2.371253e+00	1.256420e+00	1.715561e+02	1.955872e+03
2.657303e+00	1.137781e+00	2.767497e+01	7.392250e+03
1.803691e+00	1.618521e+00	1.707251e+03	1.137759e+03
2.061687e+00	1.425652e+00	1.039375e+03	3.033170e+03
1.890270e+00	1.546589e+00	7.867541e+02	2.254035e+03
1.923753e+00	1.521475e+00	1.677722e+03	4.964956e+02
1.858711e+00	1.572228e+00	1.701584e+02	4.476743e+03
1.854019e+00	1.575547e+00	8.280753e+02	1.711452e+03
1.935197e+00	1.511546e+00	1.301610e+03	4.558306e+02
2.182658e+00	1.351641e+00	1.503401e+02	1.806188e+03
2.310554e+00	1.286028e+00	1.593428e+02	2.222719e+03
1.776160e+00	1.643841e+00	2.806130e+03	1.447026e+03
1.851648e+00	1.576600e+00	6.182131e+01	4.967695e+02
2.252978e+00	1.315162e+00	9.140177e+02	3.353233e+03
2.596169e+00	1.160856e+00	1.666672e+02	7.328179e+03
2.190465e+00	1.348173e+00	7.875334e+01	4.045512e+03
1.717360e+00	1.699056e+00	9.265797e+02	1.150800e+03
2.560020e+00	1.175354e+00	1.792247e+02	6.999933e+03
1.859187e+00	1.572011e+00	3.385273e+02	8.331831e+02
2.408062e+00	1.239461e+00	8.351044e+02	5.840292e+02
1.969738e+00	1.486902e+00	3.307758e+02	2.607927e+02
2.495725e+00	1.200976e+00	2.763584e+02	4.476384e+03
2.266840e+00	1.307599e+00	1.501490e+02	2.025376e+03
1.871042e+00	1.561331e+00	5.539273e+02	5.090356e+02
2.336229e+00	1.272465e+00	1.052003e+03	2.135882e+03
1.716233e+00	1.701505e+00	4.088022e+03	3.562167e+03
2.229494e+00	1.327665e+00	1.011300e+03	5.271213e+03
2.602752e+00	1.158727e+00	9.039939e+01	5.744259e+03
2.305369e+00	1.286790e+00	4.615914e+02	2.401097e+03
2.339267e+00	1.270952e+00	3.395849e+02	2.264229e+03
2.541018e+00	1.182528e+00	7.526393e+01	3.171088e+03
2.627748e+00	1.149204e+00	5.122648e+02	4.579334e+03
1.984224e+00	1.477270e+00	1.409821e+03	3.740596e+02
2.486699e+00	1.204492e+00	9.617699e+01	5.788250e+02
1.918980e+00	1.523969e+00	1.522841e+03	1.214117e+02
2.636304e+00	1.146296e+00	2.655781e+02	5.557435e+03
2.208984e+00	1.337981e+00	7.233052e+02	2.871895e+03
2.605865e+00	1.157958e+00	7.328226e+02	3.901529e+03
2.681636e+00	1.128711e+00	1.172937e+02	7.714755e+03
1.958162e+00	1.497098e+00	2.171561e+03	2.508803e+02
1.941712e+00	1.507441e+00	1.112175e+03	1.373950e+03
2.476087e+00	1.209595e+00	1.073618e+02	3.617388e+03
2.039215e+00	1.440102e+00	2.323401e+03	8.318993e+02
2.582741e+00	1.166340e+00	3.623151e+02	7.226083e+03
2.290611e+00	1.295215e+00	2.852608e+02	6.761788e+03
2.026361e+00	1.449011e+00	8.267117e+02	3.757893e+03
1.951261e+00	1.501068e+00	2.607561e+03	5.362372e+02
2.542518e+00	1.181843e+00	1.126208e+02	2.286238e+03
2.293144e+00	1.295167e+00	8.190485e+02	6.134702e+03
1.806581e+00	1.616429e+00	2.112885e+03	5.646730e+02
2.328839e+00	1.276300e+00	6.509790e+01	6.564233e+02
2.339420e+00	1.270373e+00	2.649901e+01	3.642075e+03
1.883937e+00	1.552562e+00	1.733855e+03	1.423467e+03
1.713154e+00	1.702578e+00	2.650962e+02	2.350220e+02
2.547407e+00	1.180402e+00	5.019232e+02	4.496693e+03
2.094403e+00	1.404684e+00	6.407537e+02	6.215533e+03
2.619427e+00	1.152210e+00	5.405168e+02	7.172203e+03
2.640750e+00	1.144220e+00	1.017643e+02	4.957381e+03
1.880606e+00	1.553773e+00	1.535368e+02	1.141325e+03
1.926686e+00	1.518801e+00	1.508090e+03	1.096311e+03
2.472913e+00	1.210635e+00	3.044865e+02	6.848118e+02
2.029258e+00	1.445206e+00	1.656158e+02	5.650023e+02
2.110580e+00	1.394892e+00	1.003424e+03	4.261039e+03
1.840859e+00	1.586980e+00	4.930598e+02	1.386212e+03
1.894141e+00	1.542457e+00	1.327132e+03	9.549160e+01
2.307554e+00	1.286122e+00	2.984768e+02	9.363473e+02
2.608368e+00	1.157263e+00	3.233742e+00	5.000296e+03
2.687775e+00	1.127473e+00	4.593352e+02	3.264443e+03
1.919726e+00	1.525178e+00	1.731755e+03	3.583127e+03
2.074759e+00	1.418520e+00	5.035279e+02	4.955253e+03
2.203758e+00	1.341261e+00	4.283838e+02	5.419437e+03
2.542130e+00	1.182521e+00	7.442008e+02	1.088684e+03
1.904131e+00	1.535848e+00	5.568956e+02	1.429805e+02
1.848133e+00	1.580812e+00	1.593170e+03	2.705153e+03
2.564505e+00	1.173033e+00	7.010177e+01	2.618350e+03
2.318985e+00	1.281800e+00	1.044735e+02	1.794219e+03
1.827347e+00	1.598021e+00	1.772726e+03	6.973227e+02
2.335891e+00	1.272177e+00	2.584578e+02	9.829515e+00
2.300107e+00	1.290362e+00	2.618966e+02	4.308237e+03
2.355620e+00	1.263715e+00	3.785344e+01	2.524233e+03
2.212217e+00	1.336570e+00	7.376239e+02	3.146321e+03
2.501979e+00	1.197900e+00	4.312096e+01	6.047475e+03
2.018660e+00	1.454652e+00	2.877179e+03	1.655351e+03
1.895196e+00	1.542549e+00	1.164485e+02	1.123052e+02
1.914638e+00	1.527843e+00	6.680594e+02	1.327996e+02
2.499764e+00	1.198774e+00	1.738212e+01	1.629326e+03
2.459243e+00	1.216022e+00	2.959725e+02	4.161361e+03
1.940648e+00	1.508145e+00	1.160843e+03	1.929521e+03
1.931014e+00	1.514805e+00	1.292575e+03	3.979202e+02
2.241951e+00	1.321374e+00	3.881524e+02	7.353738e+03
1.886534e+00	1.550874e+00	4.901215e+03	4.470167e+02
1.881223e+00	1.552831e+00	4.177982e+02	1.692614e+03
2.640530e+00	1.144338e+00	1.282360e+02	6.653647e+03
1.895082e+00	1.542930e+00	3.219662e+02	1.574318e+02
1.946100e+00	1.505001e+00	9.235190e+02	1.652104e+03
2.005104e+00	1.464011e+00	2.535175e+03	1.415054e+02
1.898361e+00	1.541003e+00	1.834462e+03	3.145104e+03
1.870054e+00	1.562781e+00	9.938047e+02	4.304197e+03
1.963478e+00	1.492672e+00	5.662007e+02	6.284826e+03
2.819516e+00	1.083587e+00	1.844694e+02	1.730818e+03
2.565751e+00	1.172937e+00	5.612719e+02	3.778455e+03
2.324881e+00	1.277856e+00	4.071923e+02	3.892388e+03
2.008461e+00	1.459458e+00	1.491377e+02	1.933218e+03
2.190533e+00	1.347466e+00	5.663378e+01	3.514556e+02
2.564221e+00	1.173726e+00	7.400261e+02	6.839683e+03
2.546257e+00	1.180805e+00	1.351111e+03	7.289564e+03
2.159516e+00	1.365242e+00	3.298833e+02	1.747955e+03
2.602189e+00	1.158314e+00	3.120462e+02	4.424145e+03
2.670379e+00	1.133564e+00	5.870026e+02	8.389572e+03
1.903132e+00	1.536532e+00	1.650719e+03	1.837612e+02
2.066543e+00	1.421476e+00	2.773268e+01	1.124599e+03
1.979232e+00	1.479395e+00	1.916823e+02	9.144390e+01
2.597688e+00	1.160654e+00	4.840196e+02	8.339101e+03
2.192551e+00	1.347653e+00	4.121658e+02	1.352010e+03
2.290970e+00	1.294673e+00	5.109444e+02	3.354933e+03
1.948994e+00	1.501773e+00	3.225616e+02	4.480609e+02
1.879352e+00	1.554822e+00	4.192679e+02	2.235647e+03
2.067123e+00	1.421235e+00	3.416231e+02	3.308308e+03
1.967451e+00	1.488500e+00	8.049748e+02	3.349274e+03
2.312197e+00	1.284478e+00	3.147067e+02	5.088333e+03
1.779489e+00	1.640276e+00	1.122808e+02	4.165559e+03
2.613456e+00	1.154814e+00	1.606030e+02	7.865489e+03
2.037208e+00	1.440431e+00	2.513425e+02	2.011079e+03
2.232028e+00	1.324591e+00	2.361510e+02	1.700483e+02
2.161551e+00	1.364919e+00	1.250942e+03	2.545363e+03
1.964377e+00	1.491026e+00	1.068085e+03	1.872341e+03
2.597402e+00	1.159846e+00	3.178971e+01	7.275414e+01
1.836888e+00	1.589947e+00	9.868251e+02	3.892007e+03
2.584042e+00	1.165932e+00	9.881555e+02	6.126480e+03
2.323476e+00	1.279320e+00	8.308313e+02	3.729477e+03
2.635580e+00	1.147277e+00	5.738723e+01	4.955830e+03
2.309530e+00	1.285305e+00	4.010322e-01	1.490597e+03
2.030728e+00	1.446623e+00	2.772214e+02	5.479883e+02
2.377862e+00	1.252553e+00	2.719368e+02	3.846198e+02
2.499965e+00	1.198658e+00	1.934445e+02	4.594568e+03
2.183828e+00	1.351962e+00	9.274895e+01	6.232603e+03
1.749149e+00	1.668265e+00	6.481826e+02	1.740151e+03
2.189115e+00	1.349129e+00	1.013909e+03	3.352208e+03
2.400698e+00	1.241935e+00	1.819632e+02	3.326504e+02
2.044230e+00	1.436526e+00	3.209214e+02	3.971392e+03
2.147258e+00	1.372575e+00	4.835391e+02	2.060995e+03
2.637916e+00	1.145747e+00	4.924733e+02	4.243924e+03
2.426657e+00	1.230920e+00	6.256769e+02	1.521123e+03
2.052135e+00	1.430910e+00	3.412423e+02	2.753985e+03
2.568642e+00	1.170667e+00	2.424127e+02	3.832103e+03
2.503298e+00	1.197587e+00	3.002777e+02	5.671399e+03
2.462615e+00	1.214488e+00	6.546119e+02	5.363942e+02
2.487606e+00	1.204137e+00	5.678363e+01	1.077596e+03
1.861741e+00	1.571565e+00	3.126905e+02	4.271176e+03
2.730516e+00	1.112606e+00	3.631069e+02	5.857419e+03
2.304541e+00	1.287841e+00	7.645815e+01	1.561244e+03
2.104198e+00	1.399074e+00	1.129268e+03	6.569091e+03
1.711064e+00	1.705479e+00	4.619565e+02	4.608129e+02
1.965164e+00	1.490466e+00	6.569115e+02	8.377614e+02
2.430670e+00	1.229299e+00	3.930836e+02	5.315058e+03
2.297352e+00	1.291498e+00	7.084310e+02	4.603505e+03
2.530107e+00	1.186953e+00	3.532216e+01	1.787009e+03
2.647044e+00	1.142187e+00	1.145639e+02	6.478288e+03
1.905490e+00	1.534492e+00	9.828276e+02	1.566216e+03
2.136366e+00	1.379159e+00	1.007314e+03	4.165748e+03
1.866178e+00	1.567524e+00	9.154121e+02	3.943596e+03
2.532252e+00	1.185404e+00	4.301374e+00	3.222832e+02
2.504609e+00	1.197017e+00	8.973062e+01	7.837482e+02
2.300670e+00	1.289338e+00	3.248422e+02	3.605146e+03
2.572485e+00	1.170130e+00	2.772548e+02	3.127950e+03
1.816003e+00	1.608213e+00	3.250828e+00	1.593413e+03
2.203456e+00	1.340620e+00	1.245723e+02	6.895205e+02
2.511174e+00	1.194370e+00	1.175696e+02	4.318582e+03
2.270389e+00	1.305913e+00	9.739408e+02	1.158048e+03
2.482187e+00	1.207373e+00	4.559092e+00	6.276450e+03
2.518745e+00	1.192498e+00	2.646386e+02	7.519020e+03
2.073492e+00	1.417874e+00	5.432163e+02	4.720998e+02
2.274822e+00	1.302354e+00	1.391450e+02	1.085126e+03
1.867394e+00	1.565819e+00	1.747787e+03	1.813159e+02
1.964305e+00	1.491688e+00	2.413181e+03	6.609482e+02
1.824918e+00	1.599592e+00	3.061812e+02	6.513142e+02
2.369349e+00	1.256427e+00	1.470116e+02	5.332459e+02
2.413115e+00	1.236837e+00	6.975794e+02	6.641981e+02
1.850581e+00	1.579147e+00	2.837385e+03	1.356466e+02
2.103869e+00	1.398083e+00	2.820049e+02	8.595736e+01
2.043393e+00	1.437447e+00	2.104920e+03	5.304515e+02
2.008848e+00	1.460786e+00	8.743123e+02	1.852177e+03
2.608129e+00	1.155609e+00	1.878954e+02	5.742169e+03
1.873362e+00	1.560481e+00	2.830306e+03	1.060077e+03
1.786941e+00	1.633180e+00	1.384927e+03	2.170406e+03
2.231513e+00	1.325584e+00	9.536435e+01	5.529129e+02
1.840577e+00	1.586368e+00	9.699041e+02	1.362967e+03
2.170176e+00	1.359595e+00	1.185338e+03	7.683158e+02
2.371351e+00	1.255334e+00	1.531820e+02	4.218795e+03
2.589871e+00	1.163652e+00	1.854561e+03	6.399889e+03
2.541090e+00	1.182275e+00	1.377974e+01	4.448384e+02
2.274461e+00	1.302811e+00	2.202950e+02	1.017025e+01
2.097899e+00	1.403226e+00	2.263884e+02	4.362901e+03
2.178066e+00	1.355253e+00	3.691280e+02	1.038124e+03
1.844655e+00	1.584714e+00	9.050306e+02	2.122099e+03
1.847826e+00	1.580697e+00	2.556167e+02	4.171543e+02
1.887614e+00	1.548133e+00	1.741649e+03	3.089492e+01
1.972223e+00	1.485199e+00	8.335998e+02	1.804011e+03
2.433492e+00	1.226942e+00	5.043235e+01	7.436730e+02
2.663282e+00	1.135649e+00	7.393751e+01	7.602353e+03
2.048087e+00	1.433798e+00	1.957535e+02	2.201870e+03
1.880455e+00	1.554860e+00	2.785977e+03	1.246768e+03
2.522647e+00	1.190171e+00	8.229445e+01	9.166756e+03
1.820796e+00	1.603586e+00	1.910794e+03	1.711423e+02
2.217691e+00	1.333489e+00	9.173611e+02	3.823927e+03
2.014231e+00	1.456220e+00	3.717940e+02	8.517355e+01
2.049911e+00	1.433145e+00	2.444571e+03	8.227211e+03
1.955966e+00	1.498179e+00	3.442662e+03	2.765463e+03
1.885437e+00	1.551232e+00	3.242876e+03	3.079355e+02
1.896603e+00	1.542017e+00	1.163500e+03	3.579809e+03
2.006927e+00	1.461333e+00	8.501783e+02	2.705198e+03
1.816667e+00	1.606571e+00	1.183585e+02	7.805575e+01
2.001398e+00	1.465630e+00	2.976579e+03	2.660215e+03
2.249816e+00	1.316675e+00	6.673646e+02	4.024763e+03
2.478094e+00	1.208813e+00	3.489008e+02	7.204321e+03
1.773447e+00	1.644858e+00	6.082682e+02	1.422442e+03
1.982030e+00	1.479192e+00	1.021562e+03	3.064297e+03
1.745428e+00	1.671421e+00	1.339858e+02	4.097653e+02
1.998943e+00	1.467137e+00	1.597579e+02	2.376718e+03
1.938229e+00	1.511062e+00	5.298511e+02	3.793609e+03
1.968535e+00	1.487704e+00	2.289151e+01	5.446764e+02
2.598786e+00	1.160323e+00	1.095558e+03	3.060634e+03
2.062474e+00	1.424308e+00	4.694410e+02	6.104473e+03
2.632496e+00	1.147509e+00	2.294352e+02	6.159233e+03
1.922424e+00	1.522572e+00	9.939880e+02	2.976641e+03
2.302679e+00	1.288703e+00	5.083290e+01	1.403089e+03
2.583564e+00	1.166049e+00	2.769588e+02	6.802055e+03
1.734298e+00	1.681697e+00	3.196769e+02	2.476818e+02
1.918585e+00	1.525511e+00	1.741367e+03	2.867635e+03
2.179351e+00	1.354437e+00	7.170153e+01	1.466038e+03
2.138873e+00	1.377945e+00	1.057496e+03	2.075947e+03
2.596694e+00	1.161694e+00	5.998043e+02	1.162941e+02
2.522846e+00	1.189694e+00	3.087073e+02	8.492843e+03
2.039032e+00	1.440751e+00	1.119019e+03	1.750740e+03
1.950235e+00	1.501143e+00	4.381674e+02	2.320084e+03
2.909679e+00	1.055296e+00	7.756003e+02	7.965353e+03
2.092882e+00	1.404298e+00	9.435717e+00	1.344171e+03
1.982993e+00	1.478649e+00	1.503966e+03	1.183165e+03
2.237587e+00	1.322707e+00	9.970984e+02	2.690369e+03
2.093569e+00	1.405651e+00	1.447815e+03	1.445779e+02
2.497511e+00	1.200321e+00	9.258684e+01	8.743775e+03
2.411455e+00	1.236762e+00	6.897236e+01	4.874880e+03
1.947165e+00	1.504339e+00	3.160774e+03	3.106708e+03
2.736232e+00	1.110620e+00	6.188413e+02	1.552795e+03
1.930230e+00	1.515399e+00	1.403117e+03	2.182426e+02
2.302639e+00	1.289018e+00	1.022985e+03	5.511958e+03
2.574767e+00	1.169706e+00	4.103331e+02	8.536683e+03
2.422841e+00	1.231820e+00	1.424314e+01	2.584590e+01
1.868513e+00	1.563912e+00	2.554400e+02	2.201060e+02
2.062946e+00	1.425118e+00	9.272778e+01	1.795826e+03
2.633787e+00	1.147239e+00	7.210109e+02	4.961441e+03
2.410820e+00	1.237803e+00	1.146477e+02	2.442271e+03
2.056580e+00	1.429055e+00	1.643049e+03	1.027774e+03
1.803524e+00	1.619557e+00	2.640673e+03	1.427625e+02
2.618448e+00	1.152657e+00	8.160256e+02	4.545070e+03
1.813267e+00	1.609940e+00	5.322261e+01	8.259461e+02
1.992069e+00	1.471473e+00	3.616543e+02	2.286394e+03
2.301583e+00	1.289964e+00	9.102786e+02	2.845761e+03
2.256560e+00	1.312048e+00	1.785536e+02	8.294993e+02
2.215288e+00	1.334013e+00	6.080930e+01	8.317023e+02
2.387711e+00	1.248140e+00	3.641260e-01	1.098549e+03
2.659168e+00	1.136974e+00	3.150453e+00	6.914693e+03
2.533933e+00	1.185697e+00	6.323019e+02	7.171056e+03
1.874315e+00	1.560171e+00	1.797305e+02	2.361699e+03
2.123434e+00	1.387941e+00	5.219464e+02	5.291670e+03
2.291258e+00	1.294879e+00	2.890796e+02	4.712237e+03
2.018456e+00	1.454371e+00	5.773843e+02	4.234491e+03
2.143024e+00	1.375254e+00	1.189415e+02	4.502803e+03
2.107820e+00	1.396598e+00	1.233665e+03	2.027530e+03
1.963633e+00	1.491013e+00	2.100324e+02	8.121483e+02
2.470903e+00	1.211981e+00	1.073857e+02	1.287222e+03
2.696663e+00	1.123997e+00	5.911797e+01	8.858385e+03
2.280826e+00	1.299225e+00	9.976622e+00	2.032828e+02
2.296378e+00	1.291692e+00	5.444637e+01	1.014004e+03
2.071617e+00	1.417654e+00	3.578440e+02	9.216235e+02
2.038231e+00	1.440320e+00	7.326586e+02	1.931982e+03
2.355255e+00	1.263665e+00	9.890051e+01	2.614625e+03
2.330320e+00	1.275453e+00	1.547674e+02	8.213563e+02
2.534631e+00	1.185170e+00	1.112547e+02	7.960992e+03
2.636136e+00	1.146973e+00	9.632331e+02	9.874515e+02
1.916706e+00	1.526386e+00	1.541234e+03	5.766363e+02
2.258274e+00	1.312232e+00	3.129757e+02	4.977673e+03
2.581943e+00	1.166584e+00	5.468487e+02	4.223097e+03
2.564971e+00	1.173480e+00	2.562410e+02	4.231340e+03
2.448748e+00	1.220120e+00	1.122826e+02	8.117864e+03
1.812278e+00	1.610676e+00	6.086797e+02	3.781228e+02
2.670379e+00	1.133564e+00	5.870026e+02	8.389572e+03
1.710672e+00	1.705432e+00	5.854134e+02	1.995337e+02
1.900618e+00	1.538088e+00	1.468141e+03	2.409723e+02
2.409092e+00	1.238450e+00	9.860864e+02	4.070188e+03
2.465962e+00	1.213503e+00	2.634718e+02	2.516410e+03
2.222206e+00	1.330703e+00	2.971669e+02	2.961329e+03
1.773421e+00	1.646621e+00	3.393092e+02	4.808497e+03
2.300290e+00	1.290220e+00	6.104249e+02	7.757521e+03
1.883149e+00	1.553315e+00	1.695325e+03	1.511947e+02
1.896462e+00	1.542711e+00	1.817093e+03	9.545609e+02
1.931609e+00	1.515121e+00	1.154903e+02	7.891863e+02
2.219731e+00	1.332053e+00	9.179839e+02	7.477483e+02
2.620621e+00	1.152031e+00	5.266093e+01	6.941937e+03
2.121875e+00	1.388375e+00	4.728960e+02	1.931486e+03
2.133294e+00	1.380645e+00	1.611934e+02	5.475464e+02
2.512190e+00	1.194656e+00	3.193732e+01	5.638206e+03
1.961436e+00	1.493117e+00	2.135111e+03	9.830035e+02
2.119423e+00	1.389918e+00	3.628833e+02	1.933706e+03
2.362970e+00	1.259242e+00	1.180086e+02	1.319701e+03
2.303861e+00	1.288219e+00	1.033275e+02	7.550024e+03
1.856779e+00	1.573778e+00	1.542985e+02	7.655483e+02
1.877773e+00	1.557122e+00	2.262530e+02	4.595108e+03
1.885383e+00	1.549546e+00	6.187854e+02	2.060069e+02
2.547635e+00	1.180731e+00	3.629620e+02	5.687892e+03
2.347380e+00	1.266691e+00	7.885584e+01	9.203758e+02
1.721385e+00	1.695812e+00	2.753604e+03	6.032731e+02
2.629667e+00	1.148592e+00	5.705419e+01	9.283366e+03
2.699296e+00	1.123323e+00	4.636607e+01	8.417272e+03
2.139507e+00	1.378019e+00	3.685817e+03	6.469143e+03
1.748897e+00	1.669949e+00	2.520250e+03	1.361897e+03
1.946885e+00	1.502673e+00	4.470386e+01	1.087026e+03
2.333748e+00	1.273863e+00	1.993452e+02	1.583484e+03
2.534825e+00	1.184826e+00	3.998348e+02	4.730068e+03
2.036271e+00	1.441818e+00	1.295824e+03	2.161124e+03
2.469674e+00	1.211789e+00	4.778469e+02	4.545828e+03
2.364937e+00	1.258615e+00	2.337216e+02	1.835952e+03
2.060918e+00	1.425347e+00	1.739344e+02	9.264315e+02
1.958313e+00	1.496374e+00	1.120750e+03	2.918919e+03
1.814127e+00	1.609669e+00	8.186714e+02	4.033586e+03
2.802041e+00	1.089251e+00	1.648735e+02	1.244600e+03
1.716716e+00	1.699231e+00	7.466337e+02	1.169970e+03
1.807560e+00	1.615619e+00	4.862775e+01	4.351202e+02
2.030272e+00	1.445758e+00	8.321811e+02	2.780145e+03
2.587257e+00	1.164554e+00	3.940675e+02	4.813490e+03
2.174256e+00	1.357619e+00	1.555957e+03	2.014313e+03
2.002548e+00	1.464131e+00	3.829387e+02	1.593767e+03
2.004217e+00	1.464493e+00	2.556876e+02	2.771759e+03
2.361138e+00	1.261183e+00	2.913143e+02	1.301662e+03
2.360691e+00	1.260528e+00	2.221910e+02	5.183697e+02
1.983411e+00	1.477716e+00	1.323163e+03	1.448159e+03
1.891284e+00	1.545749e+00	1.193525e+01	6.240967e+02
1.888328e+00	1.548402e+00	3.803868e+03	4.472293e+03
2.534616e+00	1.184637e+00	5.916398e+01	1.974012e+02
2.055697e+00	1.428963e+00	5.007179e+02	1.448867e+03
2.586421e+00	1.163884e+00	3.019892e+01	1.860445e+03
2.366923e+00	1.258531e+00	4.144385e+02	1.374767e+03
2.070120e+00	1.420394e+00	2.927800e+02	5.558534e+03
1.989132e+00	1.474885e+00	1.605483e+03	6.191502e+03
2.584175e+00	1.165404e+00	8.893509e+01	4.754523e+03
2.280407e+00	1.300744e+00	1.296078e+02	3.030029e+03
2.249041e+00	1.317064e+00	1.654884e+02	1.497362e+03
2.118292e+00	1.390369e+00	5.397117e+02	2.799287e+03
2.382936e+00	1.249977e+00	3.531400e+01	4.579101e+02
1.764535e+00	1.653597e+00	1.544461e+02	3.172261e+03
2.020412e+00	1.453844e+00	1.269934e+03	9.065389e+03
2.190178e+00	1.347564e+00	1.792220e+01	5.853942e+02
2.226547e+00	1.328013e+00	1.128631e+01	3.859891e+02
1.945125e+00	1.505308e+00	1.373927e+03	3.937220e+03
1.976757e+00	1.483253e+00	1.973476e+03	2.458717e+03
1.925098e+00	1.520361e+00	1.401994e+03	1.881284e+03
2.113940e+00	1.392643e+00	6.768381e+02	8.872937e+02
2.058671e+00	1.427792e+00	2.719473e+01	5.051593e+03
2.014533e+00	1.458184e+00	3.265556e+03	1.412649e+03
2.195779e+00	1.344957e+00	7.866579e+02	1.360189e+03
2.280007e+00	1.300424e+00	7.395625e+02	2.069504e+03
1.816531e+00	1.607518e+00	1.971859e+03	2.208494e+01
2.482768e+00	1.206464e+00	5.481225e+02	8.385246e+03
1.954888e+00	1.498594e+00	9.064997e+02	1.703327e+03
1.744058e+00	1.673572e+00	5.670881e+02	2.231261e+03
1.962893e+00	1.492659e+00	9.254491e+02	4.165983e+03
1.869632e+00	1.563345e+00	2.799829e+02	7.300384e+02
2.279224e+00	1.300722e+00	4.508323e+02	3.351081e+03
1.773789e+00	1.645670e+00	1.854523e+02	9.394740e+02
2.752091e+00	1.105213e+00	3.304966e+02	4.537980e+03
2.040487e+00	1.438477e+00	2.535530e+02	4.248266e+01
2.483687e+00	1.205519e+00	5.913042e+02	5.966651e+02
2.118490e+00	1.390292e+00	1.140334e+03	5.960683e+03
2.237824e+00	1.321838e+00	1.562466e+02	1.558017e+03
2.541547e+00	1.182184e+00	2.498119e+02	3.284618e+03
2.646248e+00	1.142263e+00	1.115263e+02	9.042960e+03
2.596299e+00	1.160789e+00	7.250170e+01	2.462341e+03
1.899210e+00	1.541513e+00	1.399246e+03	3.313830e+03
1.800996e+00	1.620809e+00	3.403537e+02	1.516206e+03
2.514161e+00	1.193452e+00	1.741990e+02	8.502989e+03
1.779306e+00	1.640555e+00	1.046263e+02	3.297651e+02
1.921062e+00	1.523375e+00	9.084653e+02	2.466204e+03
1.991075e+00	1.472075e+00	3.534196e+02	3.430893e+03
2.874908e+00	1.065681e+00	5.459141e+02	3.104193e+03
2.395690e+00	1.244116e+00	1.656816e+02	5.125702e+03
1.882439e+00	1.552010e+00	4.875502e+02	1.100971e+03
1.870497e+00	1.563662e+00	7.005797e+01	7.646720e+03
1.886805e+00	1.549686e+00	1.116983e+03	9.804552e+02
1.997504e+00	1.467893e+00	2.099826e+03	5.814894e+02
2.235672e+00	1.323511e+00	3.215263e+01	4.202548e+03
2.245689e+00	1.317461e+00	2.597360e+02	1.084643e+03
2.018459e+00	1.453535e+00	3.527151e+02	4.677757e+02
2.229180e+00	1.327163e+00	1.866847e+02	4.762971e+03
1.892604e+00	1.545156e+00	4.353793e+02	3.448458e+02
2.146084e+00	1.374094e+00	2.176083e+03	1.373789e+03
2.254411e+00	1.314120e+00	1.393225e+02	8.563918e+02
2.240997e+00	1.321130e+00	8.796571e+02	3.005058e+03
1.842655e+00	1.585206e+00	5.173587e+02	3.559709e+02
2.220659e+00	1.332084e+00	2.046618e+02	3.138365e+03
2.741382e+00	1.108231e+00	2.557406e+02	1.082632e+03
2.261372e+00	1.310507e+00	1.807602e+02	6.725235e+03
2.296262e+00	1.292675e+00	1.930725e+02	6.396155e+03
2.712747e+00	1.119864e+00	5.996818e+02	6.481348e+03
2.338054e+00	1.271822e+00	9.988301e+02	1.315115e+03
2.425950e+00	1.232082e+00	3.893054e+02	1.097014e+03
2.702209e+00	1.121568e+00	4.460817e+02	5.207728e+02
1.909036e+00	1.531336e+00	5.030754e+02	2.678258e+03
2.334333e+00	1.273265e+00	5.245481e+02	3.388874e+03
2.491876e+00	1.201877e+00	3.417469e+02	7.380763e+03
2.153796e+00	1.368751e+00	3.484883e+01	1.630632e+03
2.460871e+00	1.215497e+00	4.180279e+01	7.522031e+02
2.568913e+00	1.171505e+00	4.189411e+02	6.469217e+03
2.349564e+00	1.266173e+00	3.863920e+02	6.180749e+03
2.645517e+00	1.142474e+00	4.353123e+01	2.885759e+03
1.828740e+00	1.596516e+00	5.953423e+02	3.145918e+02
2.408085e+00	1.238238e+00	6.812057e+02	8.817711e+02
1.929502e+00	1.517088e+00	1.092099e+03	4.168716e+03
1.840591e+00	1.587450e+00	1.966983e+03	1.077338e+03
2.438926e+00	1.225556e+00	5.006239e+02	2.866940e+03
2.060884e+00	1.425367e+00	3.543958e+02	2.974282e+03
1.823023e+00	1.601501e+00	7.500783e+02	6.613688e+01
1.863974e+00	1.567028e+00	4.928823e+02	1.525232e+03
1.868069e+00	1.563958e+00	1.650948e+02	1.087881e+03
1.770725e+00	1.648403e+00	1.828811e+03	1.291790e+03
2.039762e+00	1.439245e+00	2.790898e+03	6.786735e+03
2.526002e+00	1.188387e+00	6.082382e+02	8.472272e+03
2.332834e+00	1.274567e+00	8.582073e+01	2.028582e+03
2.612203e+00	1.154961e+00	1.277020e+02	3.008204e+03
2.483810e+00	1.205703e+00	7.809391e+01	8.633260e+02
2.485330e+00	1.205133e+00	1.024571e+02	4.390691e+03
2.439832e+00	1.225567e+00	1.956006e+02	2.684429e+03
1.789115e+00	1.631342e+00	5.856078e+02	5.344765e+02
2.312413e+00	1.284840e+00	9.805889e+02	1.440092e+03
2.187950e+00	1.349616e+00	8.833582e+02	1.788519e+03
2.289199e+00	1.296310e+00	1.287294e+02	4.830277e+02
2.205870e+00	1.339757e+00	3.104484e+02	3.297245e+03
1.827157e+00	1.598050e+00	1.633805e+03	6.231812e+02
2.621589e+00	1.151608e+00	5.051200e+02	5.105634e+03
2.082139e+00	1.411790e+00	3.637533e+02	5.804563e+02
1.866190e+00	1.565805e+00	2.630941e+02	3.643534e+02
2.031403e+00	1.444839e+00	6.197895e+02	2.575355e+03
2.020281e+00	1.452203e+00	6.995523e+02	2.129699e+03
1.939425e+00	1.509266e+00	6.320598e+02	2.901467e+02
1.881909e+00	1.554053e+00	7.683441e+02	3.150654e+03
1.827827e+00	1.598061e+00	9.327612e+01	1.548542e+03
2.112361e+00	1.394675e+00	2.515465e+02	2.064366e+03
2.497313e+00	1.200230e+00	5.383559e+02	7.473065e+03
2.337023e+00	1.272189e+00	1.704077e+03	9.999599e+02
1.721035e+00	1.694901e+00	2.787570e+02	7.287809e+01
1.951915e+00	1.500200e+00	8.487969e+02	3.006787e+03
2.431653e+00	1.228355e+00	4.716108e+01	2.740839e+02
2.168576e+00	1.360976e+00	3.652021e+02	6.755484e+03
2.493967e+00	1.201457e+00	1.274329e+03	9.035475e+03
2.518085e+00	1.191445e+00	3.914396e+02	1.472112e+03
2.435318e+00	1.226873e+00	2.180886e+01	3.374453e+03
2.063787e+00	1.425116e+00	1.753676e+03	2.494921e+02
2.713522e+00	1.117898e+00	1.819751e+02	8.030912e+03
1.950053e+00	1.502188e+00	1.609795e+03	9.721260e+03
2.464578e+00	1.214537e+00	3.028829e+02	9.263682e+03
2.528653e+00	1.187188e+00	7.766315e+00	3.347844e+02
2.277530e+00	1.301273e+00	3.871101e+02	3.117539e+03
2.061203e+00	1.425938e+00	1.371521e+03	1.016949e+03
1.990655e+00	1.472242e+00	8.149465e+02	2.359725e+03
2.026707e+00	1.447939e+00	3.754684e+02	1.714449e+03
1.798048e+00	1.623666e+00	2.331245e+03	4.443872e+02
2.169282e+00	1.360477e+00	1.136850e+03	4.167686e+03
2.537780e+00	1.184243e+00	1.446157e+02	7.528187e+03
2.950292e+00	1.043749e+00	2.730240e+02	4.689861e+03
2.419921e+00	1.233770e+00	9.022585e+02	7.414145e+02
2.583726e+00	1.165997e+00	3.921435e+02	5.445263e+03
1.971573e+00	1.485829e+00	4.271506e+02	2.772213e+03
1.924152e+00	1.520839e+00	8.006933e+02	3.007029e+03
2.184458e+00	1.352781e+00	7.857514e+02	4.264651e+03
2.533553e+00	1.185455e+00	2.102178e+02	1.634432e+03
2.647780e+00	1.141675e+00	1.957387e+02	4.600217e+03
2.198980e+00	1.343919e+00	4.770535e+02	1.174061e+03
1.936012e+00	1.511227e+00	2.492027e+03	9.571044e+02
2.616416e+00	1.152850e+00	9.222303e+00	6.954254e+02
1.748412e+00	1.668807e+00	1.326024e+03	2.466494e+02
2.358224e+00	1.261422e+00	3.217306e+01	2.614661e+03
1.732801e+00	1.685075e+00	2.486415e+03	1.047716e+03
2.237997e+00	1.322346e+00	9.984732e+02	1.561821e+03
2.266272e+00	1.308124e+00	4.351193e+02	4.653591e+03
2.546610e+00	1.180687e+00	1.987898e+02	6.160185e+03
2.464371e+00	1.214389e+00	5.981280e+02	5.733890e+02
2.444585e+00	1.222228e+00	3.538554e+01	3.798796e+03
1.904664e+00	1.535775e+00	9.572976e+02	6.725991e+03
1.939102e+00	1.509267e+00	1.148197e+03	3.814647e+03
2.606220e+00	1.157297e+00	4.635439e+02	8.318159e+03
2.011602e+00	1.458830e+00	4.568760e+02	5.736434e+03
1.744184e+00	1.672573e+00	2.552977e+02	2.641147e+02
2.681107e+00	1.129411e+00	1.824363e+02	7.893608e+03
2.445669e+00	1.222967e+00	3.476056e+02	2.864988e+03
2.538134e+00	1.183997e+00	2.989374e+02	6.465675e+03
2.044369e+00	1.436359e+00	5.353493e+02	2.723824e+03
2.685602e+00	1.128475e+00	7.709386e+02	4.494897e+03
2.045254e+00	1.436157e+00	1.185294e+03	5.178130e+03
1.891975e+00	1.545706e+00	1.113985e+03	1.068471e+03
2.293703e+00	1.293916e+00	1.586729e+02	3.109215e+02
2.005028e+00	1.462942e+00	1.241071e+01	3.916041e+03
2.522285e+00	1.190839e+00	9.096147e+02	2.896313e+03
2.555649e+00	1.176176e+00	2.767649e+02	1.022350e+03
2.449949e+00	1.220507e+00	1.598316e+01	1.084978e+03
2.540373e+00	1.182835e+00	4.258190e+02	3.494818e+03
2.155511e+00	1.367064e+00	3.809382e+02	1.347511e+03
2.075205e+00	1.417061e+00	9.743500e+02	3.436781e+03
2.482920e+00	1.206683e+00	5.360602e+02	7.098738e+03
1.985768e+00	1.475877e+00	6.393159e+01	4.130575e+03
2.131118e+00	1.382997e+00	2.398707e+03	5.056770e+02
2.064387e+00	1.424607e+00	4.785573e+03	1.897066e+03
2.458122e+00	1.216730e+00	4.052161e+02	3.925736e+03
1.770974e+00	1.648186e+00	9.579764e+02	1.912556e+03
2.574549e+00	1.169118e+00	5.646320e+02	9.474032e+03
2.368191e+00	1.257527e+00	8.421381e+00	1.248741e+03
2.096562e+00	1.403162e+00	4.317476e+02	3.444493e+03
1.714151e+00	1.703470e+00	3.648208e+02	1.295185e+03
2.036483e+00	1.442301e+00	1.280390e+03	1.695548e+03
2.154287e+00	1.369250e+00	8.623498e+02	3.489157e+03
2.089549e+00	1.407393e+00	2.608525e+01	4.521978e+03
2.136324e+00	1.379653e+00	6.849288e+02	3.712906e+03
1.842232e+00	1.584893e+00	1.956424e+02	1.171177e+03
2.269454e+00	1.305581e+00	6.385533e+01	1.076851e+03
1.946286e+00	1.503833e+00	1.218662e+03	6.858805e+02
1.969003e+00	1.487568e+00	2.627829e+03	9.577753e+02
2.138219e+00	1.377759e+00	7.697478e+01	3.498648e+02
1.872293e+00	1.560749e+00	3.184524e+02	5.702532e+02
2.383805e+00	1.250144e+00	6.052514e+02	3.072427e+03
2.528485e+00	1.187062e+00	3.293024e+01	2.987416e+03
2.424121e+00	1.232312e+00	9.733569e+01	6.379273e+03
1.995841e+00	1.468758e+00	3.255152e+02	1.786538e+03
2.086484e+00	1.409235e+00	3.184196e+02	1.013399e+03
1.940549e+00	1.508315e+00	4.001350e+02	2.740489e+03
2.481613e+00	1.206895e+00	1.845393e+02	5.033190e+03
2.531728e+00	1.186294e+00	4.633703e+02	1.466450e+03
1.940648e+00	1.508145e+00	1.160843e+03	1.929521e+03
2.053420e+00	1.429964e+00	7.194254e+02	2.887797e+03
2.224564e+00	1.329890e+00	5.158873e+02	3.564428e+03
1.833218e+00	1.593328e+00	1.869367e+03	1.524689e+02
2.445447e+00	1.222320e+00	6.703829e+02	4.339280e+03
2.476764e+00	1.208535e+00	6.593885e+02	1.940506e+03
2.306867e+00	1.286883e+00	1.915722e+02	5.022960e+02
2.614022e+00	1.153780e+00	1.473807e+02	5.326584e+03
2.577781e+00	1.168263e+00	3.249433e+02	5.341131e+03
2.283857e+00	1.298000e+00	1.880911e+02	8.567341e+02
2.184272e+00	1.352668e+00	1.024595e+03	3.537825e+03
2.021654e+00	1.451952e+00	6.648088e+01	4.732332e+03
2.378560e+00	1.252660e+00	1.243552e+02	1.322950e+03
2.110563e+00	1.394333e+00	1.794459e+02	1.566895e+02
1.940260e+00	1.508172e+00	1.456722e+02	8.764875e+02
1.924879e+00	1.520777e+00	3.094613e+02	3.712628e+03
1.902067e+00	1.537532e+00	6.989691e+02	2.866456e+02
2.573253e+00	1.170226e+00	7.876745e+01	6.974620e+03
1.789989e+00	1.630382e+00	2.240927e+02	1.099131e+03
2.195762e+00	1.345825e+00	1.473745e+02	6.536151e+03
2.280359e+00	1.300774e+00	3.773520e+02	4.564229e+03
2.617851e+00	1.152689e+00	4.462612e+00	3.165455e+03
2.010592e+00	1.459178e+00	1.386452e+03	6.163238e+03
2.053791e+00	1.429787e+00	4.547543e+01	4.621364e+03
1.977702e+00	1.482413e+00	1.946043e+03	9.441351e+03
1.827243e+00	1.598314e+00	1.942091e+02	6.101893e+02
1.936584e+00	1.511167e+00	1.311177e+01	3.783640e+03
2.194554e+00	1.346163e+00	1.498103e+02	2.590496e+03
1.708457e+00	1.707407e+00	2.697842e+02	7.084674e+02
2.015364e+00	1.454889e+00	2.446607e+02	2.022889e+03
2.653176e+00	1.138947e+00	2.075962e+02	6.725818e+03
1.967999e+00	1.487414e+00	1.074678e+03	1.259116e+03
2.006185e+00	1.462226e+00	1.238409e+03	4.324394e+03
2.221236e+00	1.332669e+00	1.612646e+03	2.175443e+03
1.953646e+00	1.498057e+00	3.312623e+02	8.135673e+01
2.245636e+00	1.319009e+00	1.114610e+03	4.525578e+03
1.881554e+00	1.554736e+00	2.672952e+03	6.982237e+02
2.484496e+00	1.205066e+00	2.945290e+02	2.111366e+02
2.117297e+00	1.389992e+00	8.726459e+01	4.417385e+03
2.118371e+00	1.389994e+00	2.007233e+02	1.713210e+03
2.630227e+00	1.147313e+00	1.475070e+02	7.194494e+03
1.765448e+00	1.652697e+00	2.085525e+03	1.904837e+02
2.488830e+00	1.203413e+00	2.199037e+01	2.405666e+02
2.246353e+00	1.318525e+00	7.579633e+02	3.694427e+03
2.608925e+00	1.156073e+00	7.094470e+01	5.902099e+03
1.983284e+00	1.477841e+00	5.863960e+02	4.495728e+02
1.925255e+00	1.519093e+00	1.842795e+01	4.392113e+02
2.558995e+00	1.174540e+00	7.765726e+01	7.295909e+02
2.582561e+00	1.166875e+00	1.380252e+03	3.194765e+03
2.236560e+00	1.323774e+00	8.582731e+02	4.723459e+03
1.930736e+00	1.515844e+00	1.059398e+03	8.438231e+02
1.799587e+00	1.622727e+00	1.148854e+03	1.208825e+02
1.838088e+00	1.588763e+00	7.310173e+02	3.733475e+02
2.461057e+00	1.215373e+00	6.167915e+01	4.291185e+02
2.578565e+00	1.167702e+00	6.552440e+02	3.649787e+03
1.893200e+00	1.543824e+00	2.152670e+02	3.291550e+02
2.604998e+00	1.157650e+00	2.750616e+02	3.544872e+03
1.878458e+00	1.555737e+00	9.399310e+01	1.844327e+02
2.043379e+00	1.437732e+00	2.749555e+03	3.521074e+02
1.725747e+00	1.690151e+00	2.875402e+02	5.689186e+02
1.981991e+00	1.478451e+00	2.882637e+02	2.454330e+03
1.989366e+00	1.472691e+00	2.222298e+01	7.801326e+02
2.084380e+00	1.410734e+00	2.592250e+02	1.004043e+03
2.079783e+00	1.414007e+00	1.524943e+01	2.480982e+03
2.185714e+00	1.350597e+00	1.900810e+02	1.873484e+03
1.713402e+00	1.702116e+00	2.152238e+03	1.491586e+02
1.772020e+00	1.647600e+00	1.018941e+03	5.166603e+01
2.611171e+00	1.155479e+00	5.192144e+02	3.988282e+03
2.302021e+00	1.288917e+00	3.258386e+01	4.584606e+03
2.236862e+00	1.323257e+00	6.983747e+02	1.084933e+03
2.547083e+00	1.179304e+00	3.590574e+02	3.940801e+02
2.381861e+00	1.250272e+00	1.877761e+02	3.245655e+02
2.281995e+00	1.299044e+00	1.299500e+02	1.005538e+03
1.835665e+00	1.590178e+00	1.967706e+02	2.064023e+03
2.660249e+00	1.136362e+00	7.587867e+01	7.393520e+03
2.638711e+00	1.145150e+00	1.497638e+02	6.174643e+03
1.826346e+00	1.599190e+00	1.572962e+03	3.558665e+02
2.463936e+00	1.214626e+00	1.750500e+02	2.513145e+03
1.992180e+00	1.471611e+00	7.527581e+02	1.682115e+03
1.911457e+00	1.530611e+00	4.109105e+01	1.855084e+03
1.947141e+00	1.504494e+00	1.930627e+03	8.803579e+02
2.292190e+00	1.294153e+00	2.318433e+02	4.911714e+01
2.199435e+00	1.342848e+00	1.018533e+03	4.151721e+03
2.150658e+00	1.370474e+00	8.448222e+00	4.640455e+02
1.795975e+00	1.625063e+00	3.962005e+02	4.584817e+02
2.769629e+00	1.099079e+00	7.120810e+02	6.959263e+03
2.437361e+00	1.225470e+00	6.217085e+00	8.779315e+02
1.968648e+00	1.488263e+00	1.856551e+03	3.128053e+02
2.262482e+00	1.309191e+00	1.927464e+02	1.048445e+03
2.021511e+00	1.452479e+00	3.796780e+02	7.375423e+03
1.855736e+00	1.574307e+00	2.471200e+01	6.548348e+02
1.947446e+00	1.503250e+00	4.245583e+02	2.444939e+03
2.377006e+00	1.253309e+00	1.645193e+02	2.211705e+03
2.467789e+00	1.213064e+00	5.976479e+02	4.981839e+02
2.419001e+00	1.234695e+00	1.075556e+03	4.404882e+03
1.768243e+00	1.650160e+00	4.660548e+02	4.044325e+02
2.644310e+00	1.143097e+00	1.557737e+02	8.904034e+03
2.137583e+00	1.379014e+00	3.829842e+02	4.210021e+02
2.493163e+00	1.202994e+00	5.882168e+02	1.554969e+03
1.723785e+00	1.692216e+00	3.153138e+02	4.194092e+02
1.934780e+00	1.513770e+00	2.641734e+02	4.672549e+03
2.636102e+00	1.146357e+00	6.440283e+02	1.678486e+03
1.840017e+00	1.586459e+00	4.567385e+02	4.206480e+02
2.560840e+00	1.175015e+00	5.029020e+02	8.377684e+03
1.815997e+00	1.608143e+00	1.903764e+02	4.141614e+02
1.833793e+00	1.592338e+00	2.669971e+02	1.005852e+02
2.079483e+00	1.413631e+00	4.516809e+02	4.728668e+03
2.332940e+00	1.273797e+00	1.738720e+02	3.821270e+03
2.099575e+00	1.402311e+00	5.787211e+02	4.694829e+03
2.662159e+00	1.136667e+00	7.105609e+01	9.789123e+03
2.613921e+00	1.154624e+00	1.317172e+02	9.817538e+03
2.189108e+00	1.349170e+00	6.364486e+02	2.968974e+03
2.003334e+00	1.463911e+00	6.007303e+02	1.202079e+01
2.176625e+00	1.355751e+00	2.277482e+01	1.921680e+03
2.611106e+00	1.154325e+00	1.206816e+02	5.449925e+03
1.939800e+00	1.509582e+00	1.148314e+02	6.709975e+03
2.187567e+00	1.348918e+00	1.100335e+02	1.539648e+03
2.013014e+00	1.458370e+00	4.717524e+01	2.113626e+03
2.082743e+00	1.411238e+00	1.388271e+03	2.736946e+03
2.252219e+00	1.315485e+00	7.807053e+02	4.634740e+03
2.562109e+00	1.173967e+00	1.416704e+01	1.846065e+03
2.610755e+00	1.155742e+00	4.007194e+01	8.449776e+03
1.739553e+00	1.676913e+00	4.134379e+02	7.362386e+02
1.845373e+00	1.583297e+00	3.152737e+02	1.939529e+03
2.057985e+00	1.427931e+00	1.144040e+03	9.050118e+02
2.524848e+00	1.189044e+00	2.028680e+02	7.900331e+03
2.722396e+00	1.115122e+00	7.359977e+01	2.164380e+03
2.331402e+00	1.275365e+00	5.756594e+02	8.299654e+03
2.004664e+00	1.463542e+00	4.949282e+02	3.000851e+03
1.733165e+00	1.684327e+00	3.425616e+03	6.370271e+02
1.865351e+00	1.566821e+00	1.117026e+03	1.734310e+03
2.029434e+00	1.446217e+00	4.781193e+03	6.051465e+02
2.099338e+00	1.401189e+00	4.026937e+02	2.680535e+01
2.142054e+00	1.376735e+00	5.252685e+02	6.235331e+03
1.915632e+00	1.527276e+00	2.928326e+02	1.733966e+01
2.695925e+00	1.124460e+00	2.302765e+02	8.800252e+03
2.085419e+00	1.410289e+00	5.006738e+02	2.262716e+03
2.052342e+00	1.430653e+00	1.899004e+03	4.660959e+02
2.666236e+00	1.134256e+00	5.327523e+01	9.023677e+03
2.591447e+00	1.162791e+00	4.634968e+02	3.532198e+03
2.624010e+00	1.150498e+00	1.435029e+02	7.470832e+03
2.724796e+00	1.114313e+00	8.331241e+01	9.690250e+03
1.849484e+00	1.579685e+00	1.423264e+02	1.115969e+03
2.179938e+00	1.354671e+00	4.162643e+02	4.629131e+03
2.575875e+00	1.168751e+00	9.721617e+01	5.203759e+03
2.391906e+00	1.245848e+00	7.359353e+01	5.357168e+03
1.878678e+00	1.556778e+00	3.981352e+03	5.556130e+03
2.651371e+00	1.141056e+00	4.115946e+02	4.464356e+03
1.965408e+00	1.490158e+00	1.048020e+03	2.903003e+03
1.955562e+00	1.498737e+00	1.465760e+03	2.605751e+03
1.867036e+00	1.565871e+00	3.555154e+03	1.056599e+02
1.922703e+00	1.521526e+00	2.447590e+02	2.356422e+03
2.314388e+00	1.282878e+00	1.514414e+02	8.480249e+02
1.722699e+00	1.693186e+00	6.587637e+01	1.027416e+03
2.242075e+00	1.319804e+00	9.113749e+01	1.122530e+03
2.534877e+00	1.185108e+00	3.954401e+02	1.958919e+03
2.308207e+00	1.285933e+00	2.689881e+02	1.145102e+03
2.579323e+00	1.167639e+00	3.130634e+02	4.140462e+03
2.146941e+00	1.372751e+00	6.819730e+02	2.870940e+03
2.582718e+00	1.165975e+00	3.607098e+02	3.681590e+03
2.071502e+00	1.419485e+00	1.797007e+03	2.969264e+02
2.429770e+00	1.229845e+00	1.048075e+03	4.636649e+03
2.386321e+00	1.248436e+00	5.851549e+00	6.339780e+02
1.980058e+00	1.480328e+00	1.022972e+03	1.347791e+03
1.914384e+00	1.528016e+00	4.453487e+02	1.936976e+02
2.223246e+00	1.329398e+00	8.885934e+00	6.158189e+02
2.009312e+00	1.460338e+00	3.956639e+02	5.208398e+03
2.714564e+00	1.117841e+00	8.494548e+01	1.778500e+03
2.212164e+00	1.336504e+00	3.508443e+01	4.769175e+03
2.379749e+00	1.252651e+00	5.788065e+02	2.598649e+03
2.553482e+00	1.177257e+00	3.281355e+02	4.002663e+03
2.494405e+00	1.201492e+00	4.579870e+02	1.635033e+03
1.720668e+00	1.695478e+00	9.885152e+02	2.186696e+02
2.472310e+00	1.211026e+00	5.127664e+02	2.146581e+03
2.575364e+00	1.168749e+00	1.347918e+02	4.710889e+03
1.856734e+00	1.573890e+00	1.135479e+03	1.504813e+03
2.052779e+00	1.429964e+00	5.054752e+02	1.847133e+03
2.477963e+00	1.208998e+00	6.176097e+02	1.670796e+03
2.572089e+00	1.169919e+00	1.161286e+03	9.347142e+03
1.900902e+00	1.539507e+00	1.553956e+03	9.413991e+02
1.941954e+00	1.507840e+00	2.435335e+03	8.713708e+02
2.640793e+00	1.144385e+00	5.789615e+01	9.174094e+03
2.582029e+00	1.166803e+00	9.083962e+02	4.238974e+03
1.989238e+00	1.473126e+00	4.168558e+02	2.763530e+03
2.183560e+00	1.351646e+00	6.728238e+02	2.601133e+03
2.087740e+00	1.408689e+00	9.943473e+00	2.484182e+03
2.275995e+00	1.302331e+00	7.706260e+01	2.792153e+03
2.461370e+00	1.215419e+00	4.878027e+01	1.034079e+03
2.394957e+00	1.245168e+00	7.659116e+01	1.406635e+03
2.484738e+00	1.205699e+00	5.083430e+02	6.725572e+03
2.003112e+00	1.463897e+00	6.395002e+02	2.857515e+03
2.540453e+00	1.183097e+00	6.369737e+02	1.635409e+03
1.981084e+00	1.478293e+00	1.039841e+03	4.312226e+03
2.431976e+00	1.228934e+00	9.347244e+01	1.626866e+03
2.082696e+00	1.411977e+00	7.814779e+02	2.874706e+03
1.771394e+00	1.649486e+00	2.241818e+03	8.124658e+03
2.303550e+00	1.288584e+00	1.398522e+02	3.768882e+03
2.080294e+00	1.413696e+00	8.817874e+02	2.735147e+03
2.581405e+00	1.165950e+00	6.123748e+01	4.680261e+01
1.945637e+00	1.504667e+00	3.430500e+02	3.160949e+03
2.560722e+00	1.174462e+00	1.237106e+03	9.347281e+03
2.612987e+00	1.154552e+00	3.420682e+02	2.671234e+03
1.949847e+00	1.501967e+00	1.615091e+02	4.636908e+02
1.783486e+00	1.635982e+00	7.173359e+00	7.038779e+02
2.293066e+00	1.293095e+00	7.578363e+02	1.681717e+02
2.536601e+00	1.183728e+00	5.694084e+01	1.003623e+03
2.019762e+00	1.452218e+00	1.563077e+02	2.071045e+02
2.391307e+00	1.246430e+00	2.684739e+02	2.590667e+03
2.023764e+00	1.450025e+00	1.886540e+01	5.606858e+02
2.277201e+00	1.301895e+00	2.807047e+03	8.477983e+03
1.736290e+00	1.681051e+00	7.710669e+02	2.422682e+03
1.990407e+00	1.473041e+00	1.139543e+03	1.433051e+03
1.805901e+00	1.616302e+00	1.050836e+03	6.122257e+03
2.000651e+00	1.464564e+00	3.426633e+02	2.460446e+03
1.940603e+00	1.508631e+00	4.304420e+02	3.717948e+03
1.748876e+00	1.668821e+00	1.713889e+03	2.506688e+03
2.635521e+00	1.146407e+00	4.904674e+02	3.785572e+03
1.812922e+00	1.609981e+00	2.921691e+02	1.450724e+02
1.866001e+00	1.566594e+00	3.167904e+03	5.199830e+02
2.019829e+00	1.452978e+00	3.961686e+02	4.683465e+03
2.038541e+00	1.439472e+00	7.373685e+02	7.374228e+02
2.017486e+00	1.454080e+00	7.195107e+02	1.956016e+03
2.552241e+00	1.178286e+00	2.439679e+02	5.787371e+03
2.058535e+00	1.426989e+00	6.551826e+01	9.000170e+02
2.047162e+00	1.433633e+00	1.628324e+01	2.693388e+03
2.059912e+00	1.427458e+00	2.037151e+03	3.890862e+03
2.132815e+00	1.381623e+00	8.020559e+02	2.992319e+03
1.909097e+00	1.532140e+00	6.493173e+02	4.446802e+02
2.221681e+00	1.331887e+00	6.789173e+02	6.304122e+03
1.853500e+00	1.576660e+00	1.878009e+03	1.062560e+03
1.877349e+00	1.556901e+00	1.453661e+03	5.464371e+02
1.752373e+00	1.664075e+00	3.440031e+02	2.598485e+02
2.249457e+00	1.317429e+00	1.467334e+03	3.761730e+03
1.727339e+00	1.689180e+00	2.782213e+03	9.096274e+01
2.285484e+00	1.297747e+00	9.491756e+02	4.180014e+03
2.567738e+00	1.171288e+00	5.086318e+01	4.091404e+03
2.512981e+00	1.194163e+00	1.122264e+02	7.078388e+03
2.659076e+00	1.137777e+00	4.485195e+02	3.026992e+03
2.531572e+00	1.186340e+00	8.467120e-01	2.850784e+03
2.618024e+00	1.152524e+00	1.987351e+02	4.940176e+03
2.317850e+00	1.280954e+00	1.120929e+02	1.490239e+03
2.418244e+00	1.234529e+00	2.180855e+02	2.048349e+03
2.538316e+00	1.183528e+00	3.245306e+01	3.366378e+03
2.077391e+00	1.414473e+00	1.384885e+03	1.248769e+02
1.724968e+00	1.691100e+00	2.056300e+02	3.390559e+02
2.380232e+00	1.251876e+00	9.187478e+02	2.016242e+03
2.377584e+00	1.253439e+00	2.635402e+02	6.059573e+03
2.592528e+00	1.162603e+00	1.137067e+02	9.719035e+03
1.865421e+00	1.565302e+00	2.348772e+01	2.724877e+03
2.301551e+00	1.289788e+00	9.296337e+02	4.573679e+03
1.882620e+00	1.552964e+00	2.020343e+03	2.202510e+01
2.829010e+00	1.080411e+00	7.430137e+02	5.617554e+03
1.716969e+00	1.700102e+00	9.220817e+02	1.428915e+03
1.928111e+00	1.517743e+00	5.699847e+02	3.907954e+02
2.306271e+00	1.286416e+00	1.174106e+02	2.837184e+01
2.074259e+00	1.417693e+00	2.159743e+03	9.785523e+02
1.764944e+00	1.653153e+00	6.005869e+02	5.351802e+02
1.764390e+00	1.654017e+00	1.140013e+03	7.534845e+02
1.862223e+00	1.569499e+00	1.190664e+03	3.079321e+02
1.861621e+00	1.569732e+00	9.966790e+02	2.869652e+03
2.348240e+00	1.266402e+00	8.166691e+01	5.339763e+02
2.031094e+00	1.445621e+00	1.898471e+03	5.186428e+03
1.806950e+00	1.616538e+00	2.831223e+03	3.664089e+02
2.644645e+00	1.143126e+00	2.937854e+02	7.316600e+03
2.437494e+00	1.226694e+00	1.791314e+02	2.030165e+03
2.107798e+00	1.395729e+00	7.620369e+02	2.045997e+03
1.982452e+00	1.478492e+00	9.339423e+01	1.808443e+03
2.322741e+00	1.278243e+00	1.189880e+01	2.601591e+02
1.907692e+00	1.534514e+00	1.980767e+03	2.534590e+03
2.472481e+00	1.210576e+00	4.177071e+02	8.592723e+03
2.420267e+00	1.233045e+00	2.717041e+02	3.523804e+03
2.275162e+00	1.302617e+00	3.230965e+01	2.602534e+03
2.592467e+00	1.162430e+00	6.281826e+01	3.036349e+03
2.553832e+00	1.177602e+00	3.976098e+02	3.044824e+03
2.566990e+00	1.171702e+00	1.004002e+02	9.674093e+02
1.880849e+00	1.554472e+00	1.666566e+02	8.166051e+02
1.726140e+00	1.690037e+00	6.939188e+01	4.888583e+02
1.792937e+00	1.629021e+00	3.449912e+03	9.217836e+02
2.652651e+00	1.140367e+00	9.899044e+02	4.257013e+03
2.179027e+00	1.354923e+00	1.412127e+03	1.380935e+02
2.201494e+00	1.342543e+00	2.333485e+03	6.518792e+03
1.806020e+00	1.617384e+00	2.881452e+03	1.391268e+03
1.951422e+00	1.500719e+00	3.794349e+02	3.930580e+03
2.583553e+00	1.166076e+00	1.565342e+02	1.008792e+03
2.633695e+00	1.146908e+00	1.124103e+02	7.274769e+03
2.388253e+00	1.248367e+00	1.049955e+02	1.812491e+03
1.880490e+00	1.554189e+00	1.163454e+02	5.227493e+02
1.948681e+00	1.502045e+00	3.138185e+02	3.751218e+02
2.336938e+00	1.271921e+00	2.145980e+02	7.593577e+02
1.994141e+00	1.469771e+00	4.424588e+01	2.574984e+02
1.887475e+00	1.548757e+00	1.018409e+03	4.706013e+03
1.887741e+00	1.549613e+00	8.848465e+02	6.138535e+03
1.835136e+00	1.591461e+00	5.951929e+02	1.634493e+03
2.661950e+00	1.137638e+00	1.720399e+01	5.616744e+03
2.070554e+00	1.419889e+00	1.359170e+03	1.663867e+03
2.251213e+00	1.316070e+00	6.361159e+02	2.406194e+03
2.692676e+00	1.125181e+00	1.029772e+02	9.726057e+03
2.285524e+00	1.297329e+00	1.368086e+02	3.379664e+02
2.090405e+00	1.408331e+00	1.736145e+03	8.647491e+02
2.717306e+00	1.116605e+00	4.059652e+02	9.366406e+02
2.204892e+00	1.340675e+00	6.203827e+02	2.980266e+03
2.509538e+00	1.195323e+00	9.599016e+01	3.579996e+03
2.598764e+00	1.160438e+00	6.549438e+02	4.655183e+03
1.716362e+00	1.700704e+00	3.001185e+03	2.282966e+03
2.086763e+00	1.411076e+00	4.886572e+02	5.026145e+03
1.912501e+00	1.532070e+00	2.787777e+03	4.543379e+03
1.797268e+00	1.624186e+00	9.310726e+02	2.338171e+02
1.733831e+00	1.682492e+00	1.646154e+02	3.434245e+02
2.382295e+00	1.251188e+00	9.840822e+01	2.397957e+03
2.074837e+00	1.416627e+00	6.169168e+02	5.471885e+02
2.155946e+00	1.367949e+00	9.761140e+01	5.727089e+03
2.447932e+00	1.220857e+00	2.732923e+02	9.574251e+01
2.481233e+00	1.207222e+00	5.322375e+02	8.677653e+03
2.296534e+00	1.292095e+00	2.046302e+02	8.389965e+02
1.913589e+00	1.528750e+00	1.593955e+03	6.128475e+02
2.338217e+00	1.271264e+00	3.978746e+01	7.626013e+02
1.774281e+00	1.644350e+00	1.305445e+02	3.059686e+02
2.456589e+00	1.217643e+00	3.282973e+02	8.135302e+03
1.833316e+00	1.593323e+00	7.859166e+02	2.470965e+03
2.001252e+00	1.463854e+00	6.415789e+01	1.095836e+03
2.585417e+00	1.164752e+00	5.538479e+02	1.025210e+03
2.057750e+00	1.427799e+00	4.149086e+02	2.403498e+03
1.813353e+00	1.610022e+00	7.272820e+01	9.546646e+02
2.445817e+00	1.222286e+00	4.522965e+01	6.505663e+03
2.521528e+00	1.190327e+00	2.575846e+02	5.341744e+03
1.871604e+00	1.561770e+00	1.591368e+03	7.807476e+02
1.864295e+00	1.566735e+00	3.995713e+02	2.110592e+01
2.005687e+00	1.462059e+00	4.258280e+02	2.902663e+03
2.225351e+00	1.329560e+00	6.176205e+02	3.441951e+03
2.585355e+00	1.165216e+00	7.916209e+01	3.264395e+03
1.862303e+00	1.570442e+00	1.345951e+02	7.751490e+03
2.008471e+00	1.461165e+00	3.893135e+02	6.451989e+03
2.455439e+00	1.217288e+00	1.415764e+01	3.426849e+02
2.463896e+00	1.214293e+00	3.358745e+02	8.581594e+03
1.975550e+00	1.483657e+00	1.925643e+03	9.517488e+02
2.139768e+00	1.377283e+00	5.465634e+02	1.949226e+02
2.642192e+00	1.142854e+00	1.434167e+02	6.552433e+03
2.582216e+00	1.166405e+00	6.728649e+02	4.463766e+03
1.917951e+00	1.524371e+00	1.412402e+03	1.902415e+02
2.134481e+00	1.379832e+00	7.385996e+02	8.032689e+02
2.494662e+00	1.201240e+00	2.809179e+01	4.667037e+03
2.599563e+00	1.159605e+00	3.720137e+02	3.500727e+03
2.005959e+00	1.462695e+00	2.803007e+02	5.816477e+03
1.899307e+00	1.540043e+00	3.497699e+02	5.816221e+02
2.591696e+00	1.163123e+00	2.066167e+02	8.837693e+03
2.420650e+00	1.232925e+00	7.736538e+00	9.177981e+03
1.999854e+00	1.466288e+00	1.012300e+03	4.848818e+03
2.056356e+00	1.428701e+00	9.604729e+02	1.520097e+03
2.121908e+00	1.388110e+00	1.325514e+01	3.499664e+02
2.439772e+00	1.225040e+00	1.289165e+01	1.431618e+03
2.496734e+00	1.200007e+00	2.217436e+02	3.797957e+03
2.428727e+00	1.229177e+00	7.495059e+02	3.552655e+03
2.226216e+00	1.327964e+00	4.231644e+02	1.687674e+03
2.053646e+00	1.431170e+00	1.199627e+03	9.901671e+03
2.288750e+00	1.296077e+00	1.537187e+03	3.225435e+03
2.015615e+00	1.454587e+00	2.981947e+02	1.242584e+03
2.576899e+00	1.168679e+00	8.893520e+02	5.070561e+03
2.551915e+00	1.178121e+00	1.141493e+03	1.626418e+03
1.896835e+00	1.541777e+00	1.242104e+03	1.460037e+02
2.225177e+00	1.329649e+00	1.941477e+02	5.272462e+03
1.913968e+00	1.528515e+00	9.176247e+02	6.095616e+02
2.238501e+00	1.322964e+00	9.406505e+02	3.826279e+03
2.018457e+00	1.453343e+00	7.083152e+02	2.352102e+03
2.587209e+00	1.163932e+00	1.940278e+02	4.898408e+03
2.623592e+00	1.150580e+00	7.122334e+02	3.337388e+03
1.795936e+00	1.626130e+00	7.376675e+02	1.601198e+03
2.018896e+00	1.454779e+00	1.028236e+03	7.513716e+03
2.284341e+00	1.298778e+00	3.172792e+02	4.781550e+03
2.544820e+00	1.181023e+00	4.758847e+02	8.135242e+03
1.938655e+00	1.510230e+00	2.592365e+03	6.086127e+02
1.920068e+00	1.523603e+00	6.740523e+02	1.677794e+03
1.932020e+00	1.515666e+00	1.168813e+02	4.843297e+03
1.905704e+00	1.534185e+00	6.128683e+02	6.062776e+03
1.945914e+00	1.504641e+00	1.138250e+03	1.821357e+03
2.355135e+00	1.264198e+00	4.912849e+01	7.946088e+03
1.983574e+00	1.478265e+00	4.398205e+02	3.519486e+03
2.247743e+00	1.317997e+00	9.105070e+02	3.255933e+03
2.485330e+00	1.205133e+00	1.024571e+02	4.390691e+03
2.087906e+00	1.407527e+00	3.131651e+01	2.595689e+03
1.734492e+00	1.681721e+00	8.821559e+01	1.039953e+03
2.022405e+00	1.450943e+00	4.094725e+01	4.109475e+03
2.088539e+00	1.408835e+00	2.183649e+03	1.240787e+03
2.265784e+00	1.307998e+00	1.682741e+03	2.710650e+02
2.419691e+00	1.232728e+00	1.680715e+01	6.690505e+03
1.708934e+00	1.706136e+00	4.993517e+02	6.403427e+02
2.915545e+00	1.053606e+00	3.571088e+01	5.638036e+03
1.912135e+00	1.528519e+00	7.874095e+02	7.045549e+02
2.155946e+00	1.367949e+00	9.761140e+01	5.727089e+03
1.731776e+00	1.684432e+00	3.123732e+02	1.307410e+03
1.794260e+00	1.627286e+00	5.563080e+02	5.195635e+02
1.892157e+00	1.545914e+00	2.856717e+02	3.570877e+03
1.996675e+00	1.468772e+00	2.389963e+01	3.810616e+03
2.015824e+00	1.456491e+00	8.946689e+02	3.254952e+03
2.280221e+00	1.300307e+00	9.486035e+02	2.445533e+03
2.352437e+00	1.264347e+00	1.930578e+02	3.692302e+03
1.718999e+00	1.696797e+00	3.054546e+02	2.427021e+02
2.571720e+00	1.170383e+00	7.046834e+01	8.070074e+03
1.870894e+00	1.560860e+00	4.746087e+02	3.505788e+02
1.826636e+00	1.599032e+00	1.152402e+03	7.326072e+02
1.898223e+00	1.540545e+00	6.340089e+02	4.060376e+02
2.384143e+00	1.249912e+00	2.594904e+02	2.283184e+03
2.154765e+00	1.368772e+00	1.095452e+03	2.597297e+03
1.885172e+00	1.551415e+00	2.232014e+02	5.972391e+03
2.451027e+00	1.219588e+00	7.822312e+02	1.641428e+03
1.992020e+00	1.473527e+00	1.590674e+03	2.276045e+03
2.419614e+00	1.233593e+00	2.137822e+00	2.439784e+03
2.067695e+00	1.421465e+00	5.604028e+02	3.541056e+03
2.290530e+00	1.295006e+00	8.805936e+01	1.273824e+01
2.290372e+00	1.295709e+00	8.176001e+02	2.142039e+03
2.359619e+00	1.260767e+00	1.267035e+02	7.707104e+01
2.607074e+00	1.157068e+00	2.044309e+02	8.698738e+03
2.427269e+00	1.230095e+00	1.200490e+02	3.129776e+03
1.979474e+00	1.481156e+00	1.606926e+03	1.305717e+03
1.785753e+00	1.635305e+00	5.182996e+02	2.799304e+03
2.481353e+00	1.207564e+00	1.916801e+02	5.111134e+02
1.949129e+00	1.501951e+00	4.575958e+02	7.218505e+02
2.530431e+00	1.186343e+00	5.727800e+02	1.962475e+03
2.441346e+00	1.222873e+00	4.721966e+01	5.833545e+03
2.129572e+00	1.383605e+00	9.272805e+02	2.888554e+03
1.742509e+00	1.674256e+00	1.606309e+02	4.046839e+02
1.900824e+00	1.539072e+00	1.963320e+02	4.946143e+02
2.270729e+00	1.305706e+00	2.364762e+02	5.999887e+03
2.284839e+00	1.298131e+00	9.009600e+02	1.896867e+03
1.796646e+00	1.624142e+00	2.430343e+00	5.573105e+02
1.739748e+00	1.676488e+00	2.695083e+03	8.593060e+02
2.347856e+00	1.266543e+00	5.952409e+02	3.259637e+03
1.747374e+00	1.672467e+00	3.607330e+02	3.889816e+03
1.946747e+00	1.503458e+00	1.181107e+02	4.324132e+02
1.797289e+00	1.624293e+00	2.153063e+03	3.354718e+02
2.212868e+00	1.335236e+00	4.151772e+01	1.097503e+03
2.310736e+00	1.285342e+00	6.452476e+02	4.365038e+03
2.568311e+00	1.171777e+00	9.934046e+01	9.671871e+03
1.964992e+00	1.490999e+00	1.173571e+02	1.612736e+03
1.911609e+00	1.531938e+00	3.336843e+03	8.787818e+02
2.170818e+00	1.359357e+00	5.525238e+02	9.317692e+02
2.355113e+00	1.263750e+00	8.857621e+00	1.227713e+03
2.478649e+00	1.208172e+00	5.201641e+02	8.662155e+03
1.941928e+00	1.508021e+00	1.090444e+03	4.565432e+03
2.035223e+00	1.441910e+00	4.246981e+02	2.809665e+02
2.330814e+00	1.274810e+00	2.093210e+02	1.527603e+03
2.609426e+00	1.156102e+00	1.527609e+02	5.103482e+03
1.717651e+00	1.698492e+00	3.024022e+02	5.818542e+02
1.893372e+00	1.544968e+00	1.707514e+03	1.224981e+03
1.877141e+00	1.557166e+00	4.678711e+02	3.444302e+03
2.067261e+00	1.420977e+00	1.641302e+02	3.366692e+02
2.304644e+00	1.287650e+00	5.584152e+02	2.187295e+02
2.534233e+00	1.184980e+00	5.083858e+01	6.456344e+02
1.809724e+00	1.613816e+00	1.853855e+03	8.397360e+01
2.624806e+00	1.150781e+00	3.200792e+02	4.673105e+03
1.867780e+00	1.565873e+00	3.187012e+03	1.222192e+03
2.262230e+00	1.309780e+00	7.296736e+02	7.118834e+03
2.226285e+00	1.328641e+00	1.803205e+02	3.306198e+03
1.962957e+00	1.492162e+00	3.813629e+02	3.338704e+02
2.705654e+00	1.121191e+00	7.982570e+00	9.379093e+03
1.878903e+00	1.554826e+00	7.534839e+01	2.001851e+03
1.979405e+00	1.481018e+00	5.444505e+01	4.431078e+03
1.882217e+00	1.553515e+00	1.831059e+03	1.108586e+03
2.297203e+00	1.291979e+00	8.152929e+02	4.956919e+03
2.544357e+00	1.181720e+00	2.034611e+02	7.021351e+03
1.740446e+00	1.676033e+00	7.062933e+01	4.067586e+02
2.017303e+00	1.455280e+00	2.389308e+03	2.018236e+03
2.104795e+00	1.398102e+00	2.975120e+02	6.368606e+02
2.171593e+00	1.358791e+00	5.445372e+02	7.317279e+02
2.067817e+00	1.421642e+00	1.354976e+03	2.401537e+03
2.341986e+00	1.269307e+00	3.018299e+02	3.905913e+03
1.962475e+00	1.492215e+00	2.849584e+02	2.290311e+02
1.902489e+00	1.538463e+00	2.507866e+03	3.169990e+03
2.100173e+00	1.401345e+00	3.610918e+02	4.874837e+03
2.532760e+00	1.185850e+00	1.319008e+02	3.460866e+03
1.975505e+00	1.483003e+00	1.247010e+03	1.945747e+03
2.515156e+00	1.193287e+00	8.721646e+01	9.832467e+03
2.188260e+00	1.348945e+00	1.896681e+02	7.083590e+01
1.782694e+00	1.636522e+00	2.140163e+02	3.886328e+02
1.739086e+00	1.677779e+00	9.157556e+02	1.751330e+03
2.358757e+00	1.261700e+00	1.989346e+01	3.025783e+03
2.112315e+00	1.394003e+00	1.421584e+03	5.370375e+03
2.471786e+00	1.211878e+00	1.005087e+03	1.593459e+03
2.171813e+00	1.358661e+00	1.270705e+03	3.301610e+02
2.221776e+00	1.332033e+00	1.154716e+03	5.081771e+03
1.923309e+00	1.520321e+00	2.682641e+02	6.253467e+01
2.711877e+00	1.119201e+00	4.307329e+02	2.931814e+03
2.463581e+00	1.214171e+00	2.942744e+02	4.917649e+03
2.347856e+00	1.266543e+00	5.952409e+02	3.259637e+03
2.106320e+00	1.398097e+00	2.962533e+02	4.809749e+03
2.433547e+00	1.227028e+00	1.315593e+02	5.259692e+01
2.555037e+00	1.176933e+00	7.794495e+01	3.462899e+03
1.828218e+00	1.597423e+00	1.041351e+03	2.660134e+03
2.127216e+00	1.384600e+00	1.261611e+03	2.430765e+02
2.428802e+00	1.229123e+00	4.451243e+02	4.543595e+02
1.874110e+00	1.560070e+00	5.617100e+02	1.711727e+03
2.076477e+00	1.416840e+00	2.932057e+03	8.895091e+02
2.474459e+00	1.210107e+00	1.255182e+03	1.805110e+03
2.149052e+00	1.372169e+00	7.833045e+02	6.849796e+03
1.804595e+00	1.617864e+00	3.636988e+02	3.534469e+02
2.470104e+00	1.211444e+00	4.458007e+01	2.117916e+02
2.563377e+00	1.173857e+00	1.030585e+03	2.541161e+03
2.537379e+00	1.183983e+00	1.562553e+02	3.638795e+03
1.853042e+00	1.576406e+00	2.509292e+03	5.345331e+03
2.265566e+00	1.307110e+00	1.169897e+02	7.293176e+01
1.805883e+00	1.617132e+00	2.098199e+03	8.736976e+02
2.289065e+00	1.295742e+00	6.790491e+02	8.642775e+02
1.723070e+00	1.693891e+00	1.000857e+03	1.829892e+03
2.090293e+00	1.408300e+00	1.080383e+03	7.267659e+03
2.608889e+00	1.156096e+00	9.991002e+01	5.572922e+03
2.036237e+00	1.442340e+00	1.583004e+03	2.719058e+03
2.536869e+00	1.184550e+00	3.049495e+02	9.193352e+03
2.666354e+00	1.134913e+00	8.295565e+01	4.676171e+03
2.584173e+00	1.165927e+00	3.898281e+02	9.074100e+03
2.555191e+00	1.177259e+00	1.838435e+02	6.250029e+03
1.734695e+00	1.682964e+00	2.710546e+03	2.041898e+02
2.595487e+00	1.161439e+00	1.055345e+02	1.110198e+03
1.874122e+00	1.560067e+00	6.392281e+02	3.799924e+02
2.577938e+00	1.168200e+00	3.692513e+02	6.484652e+03
2.264701e+00	1.307871e+00	5.323035e+02	3.508512e+03
2.066050e+00	1.421977e+00	5.243948e+02	6.829857e+01
2.629519e+00	1.148412e+00	1.392821e+02	1.835421e+03
2.414525e+00	1.236119e+00	8.789313e+02	1.716228e+03
1.903620e+00	1.536287e+00	1.460698e+03	6.819705e+02
1.784361e+00	1.636700e+00	3.769772e+02	5.191554e+03
2.412401e+00	1.237144e+00	1.343399e+02	3.479582e+03
1.917832e+00	1.524808e+00	1.396277e+03	3.213277e+02
2.570929e+00	1.170980e+00	6.250007e+02	5.538163e+03
1.721215e+00	1.694745e+00	7.619201e+00	2.615356e+03
1.847051e+00	1.581603e+00	3.864324e+02	1.379643e+02
1.845867e+00	1.582421e+00	4.753317e+02	2.156846e+02
1.799991e+00	1.622057e+00	1.303166e+03	5.719200e+02
2.534798e+00	1.185566e+00	3.376650e+02	6.188111e+03
2.286617e+00	1.297156e+00	2.922150e+02	5.774575e+03
2.379652e+00	1.252221e+00	1.030365e+03	9.367149e+02
2.291120e+00	1.294608e+00	1.360556e+02	9.422544e+02
1.737054e+00	1.679932e+00	2.905909e+02	3.794912e+02
2.058090e+00	1.427740e+00	6.856105e+01	1.611291e+03
2.341166e+00	1.269935e+00	2.385096e+02	1.423129e+02
1.954974e+00	1.498485e+00	1.462878e+03	1.511567e+03
2.324340e+00	1.278034e+00	2.015907e+02	1.099908e+03
2.538810e+00	1.183390e+00	3.019269e+02	6.432713e+03
2.686548e+00	1.127056e+00	1.261784e+02	7.785674e+03
3.052519e+00	1.015432e+00	8.415774e+02	7.902067e+03
1.713864e+00	1.702105e+00	3.298593e+02	3.320578e+02
2.207631e+00	1.339121e+00	7.743618e+02	3.310693e+03
1.937469e+00	1.511137e+00	1.422562e+03	4.251449e+02
2.511193e+00	1.194735e+00	6.018236e+02	7.998700e+03
2.006365e+00	1.461580e+00	3.624506e+02	1.951625e+03
2.613190e+00	1.153907e+00	8.412096e+01	6.135304e+03
1.916496e+00	1.526491e+00	6.022817e+02	4.077045e+02
2.589645e+00	1.163550e+00	2.877678e+02	3.246656e+03
2.349382e+00	1.267189e+00	6.948052e+02	3.306140e+03
1.981660e+00	1.480288e+00	1.450144e+02	8.210568e+03
2.150029e+00	1.371231e+00	2.179704e+02	2.816740e+03
2.324986e+00	1.277704e+00	1.511843e+02	1.418947e+03
2.177102e+00	1.355561e+00	2.535437e+02	1.650901e+02
2.496197e+00	1.200314e+00	8.652205e+02	1.518006e+03
2.001902e+00	1.464853e+00	6.190636e+02	5.811901e+03
2.401103e+00	1.242020e+00	4.588252e+01	5.632357e+03
1.877372e+00	1.556830e+00	7.880132e+02	1.503597e+03
2.411167e+00	1.238179e+00	1.901920e+02	5.480165e+03
2.641106e+00	1.144420e+00	2.689572e+02	8.983903e+03
2.589475e+00	1.163364e+00	7.925348e+01	4.944400e+03
1.953688e+00	1.498640e+00	1.123081e+03	2.174760e+03
2.267146e+00	1.306432e+00	8.280525e+01	1.827574e+03
2.225351e+00	1.329560e+00	6.176205e+02	3.441951e+03
2.275652e+00	1.302765e+00	2.858209e+02	1.688150e+03
2.518216e+00	1.192174e+00	5.451653e+02	3.222414e+03
2.280683e+00	1.300201e+00	8.599307e+02	2.145053e+03
2.330260e+00	1.274885e+00	1.645471e+02	7.683944e+02
1.909944e+00	1.531556e+00	1.311867e+03	1.199933e+02
2.583468e+00	1.165770e+00	3.836320e+02	4.960273e+03
2.343141e+00	1.269442e+00	4.978059e+02	3.955233e+03
2.309227e+00	1.285340e+00	1.487070e+02	1.338305e+02
2.527795e+00	1.188019e+00	3.683900e+01	4.220377e+03
2.043526e+00	1.437006e+00	9.076565e+02	1.472925e+03
2.213432e+00	1.335168e+00	4.102545e+02	1.358202e+02
2.505020e+00	1.196980e+00	5.675206e+01	4.896200e+03
2.224798e+00	1.329491e+00	6.534976e+01	4.770145e+03
1.748228e+00	1.667252e+00	3.644516e+02	1.015436e+03
2.321738e+00	1.280899e+00	2.052509e+03	4.607209e+02
2.638358e+00	1.145625e+00	5.777737e+02	3.257052e+03
2.051393e+00	1.432031e+00	1.529328e+03	2.940782e+03
2.389319e+00	1.247318e+00	4.689480e+02	3.255394e+03
1.962328e+00	1.494241e+00	2.010345e+03	5.316202e+02
2.284057e+00	1.297736e+00	2.527509e+02	5.190781e+02
1.848376e+00	1.580569e+00	1.287811e+02	4.147658e+02
1.993023e+00	1.470947e+00	1.303057e+03	1.032804e+03
2.404026e+00	1.241181e+00	6.057692e+02	1.831008e+03
1.929600e+00	1.516866e+00	1.684625e+03	8.299772e+02
2.139264e+00	1.378554e+00	8.007089e+02	3.633870e+03
2.265402e+00	1.308027e+00	6.369289e+02	2.725061e+03
1.957707e+00	1.497997e+00	7.243843e+02	3.632669e+03
2.624648e+00	1.149388e+00	3.308800e+02	5.082886e+03
2.341758e+00	1.269983e+00	1.005006e+02	2.862983e+03
1.889592e+00	1.548977e+00	3.794340e+03	1.014478e+02
2.308550e+00	1.286796e+00	2.572888e+01	7.592194e+03
2.291112e+00	1.294786e+00	2.545517e+02	5.041558e+03
2.348276e+00	1.266996e+00	7.741692e+01	1.789718e+03
2.548776e+00	1.179752e+00	9.652171e+01	6.930563e+03
2.661550e+00	1.136304e+00	1.102720e+03	7.067337e+03
1.732042e+00	1.685415e+00	2.628370e+03	5.091971e+01
2.597165e+00	1.160753e+00	2.853394e+02	5.244401e+03
1.710315e+00	1.705118e+00	1.675002e+02	3.913900e+02
2.414460e+00	1.236092e+00	3.130137e+02	5.120933e+03
2.071564e+00	1.420552e+00	1.238435e+03	4.633304e+03
2.518745e+00	1.192498e+00	2.646386e+02	7.519020e+03
2.154450e+00	1.369874e+00	2.412789e+03	1.135935e+03
2.003049e+00	1.462978e+00	7.444732e+02	7.657696e+02
2.332843e+00	1.274171e+00	7.397725e+02	2.023283e+03
2.606134e+00	1.157363e+00	5.127794e+02	4.661827e+03
1.915798e+00	1.527552e+00	2.370913e+03	2.690468e+03
2.117101e+00	1.390430e+00	2.067868e+02	4.583255e+02
2.225246e+00	1.329516e+00	9.410115e+02	3.401451e+03
1.942672e+00	1.506615e+00	8.806999e+02	7.494692e+02
1.983088e+00	1.478661e+00	7.330922e+02	3.413641e+03
2.630227e+00	1.147313e+00	1.475070e+02	7.194494e+03
2.259131e+00	1.311018e+00	2.205144e+02	7.367366e+03
2.013785e+00	1.457631e+00	9.227119e+02	4.337492e+03
2.343288e+00	1.269119e+00	1.050550e+03	3.599680e+02
1.862817e+00	1.568716e+00	3.990443e+02	3.538838e+03
2.215525e+00	1.334897e+00	1.089563e+03	2.300896e+03
1.724315e+00	1.691513e+00	8.678587e+01	6.642823e+02
2.057951e+00	1.427977e+00	7.613350e+02	4.896641e+03
2.620301e+00	1.152080e+00	3.914816e+02	4.326665e+03
2.257903e+00	1.311455e+00	5.818006e+02	4.766878e+03
1.923255e+00	1.520768e+00	1.461603e+03	2.998196e+02
2.592635e+00	1.162542e+00	1.725102e+03	6.279359e+03
1.973194e+00	1.484709e+00	7.424184e+02	2.560191e+03
1.766932e+00	1.651433e+00	6.169347e+02	1.060483e+01
1.819710e+00	1.604636e+00	2.302410e+02	9.257797e+02
2.177759e+00	1.355676e+00	1.834904e+01	8.382758e+03
2.634333e+00	1.146919e+00	7.191583e+01	7.727931e+03
2.679728e+00	1.130167e+00	5.408492e+01	8.203212e+03
2.537357e+00	1.184343e+00	4.249374e+02	5.176709e+03
1.793402e+00	1.628023e+00	1.302550e+03	4.899323e+03
1.894447e+00	1.543556e+00	1.465542e+03	2.611929e+03
2.563973e+00	1.173683e+00	5.636644e+02	4.776120e+03
2.562876e+00	1.174236e+00	1.303427e+02	6.156807e+03
2.414213e+00	1.235715e+00	5.773875e+02	7.933980e+03
1.853008e+00	1.577068e+00	1.032971e+03	2.149768e+02
1.911044e+00	1.531110e+00	2.677158e+03	1.287683e+03
1.733168e+00	1.683251e+00	4.151436e+02	6.405399e+02
2.060784e+00	1.425537e+00	5.527695e+02	2.743698e+03
2.305831e+00	1.286834e+00	7.196271e+01	7.076788e+02
2.125540e+00	1.385101e+00	8.475127e+02	6.293283e+02
2.519802e+00	1.191726e+00	3.592639e+02	8.884460e+03
1.827669e+00	1.598660e+00	3.497135e+03	9.719471e+02
2.613134e+00	1.154758e+00	4.231551e+02	5.130827e+03
1.921661e+00	1.522560e+00	1.310197e+03	1.045472e+03
1.975703e+00	1.482717e+00	7.194702e+02	1.194568e+03
2.630732e+00	1.148091e+00	1.004799e+03	3.183028e+03
2.689658e+00	1.125679e+00	4.130365e+02	7.413532e+03
1.857404e+00	1.572510e+00	3.955671e+02	1.870909e+02
1.711295e+00	1.704899e+00	1.715605e+03	1.089913e+03
1.889818e+00	1.547490e+00	1.391572e+03	1.643328e+03
1.820213e+00	1.603766e+00	1.800650e+03	3.199469e+03
2.608816e+00	1.156444e+00	5.392225e+02	4.200827e+03
1.948168e+00	1.503426e+00	1.074657e+03	4.469826e+03
2.144950e+00	1.374530e+00	1.445807e+03	1.317731e+02
2.309373e+00	1.285344e+00	5.455919e+00	6.464933e+03
2.278208e+00	1.301598e+00	4.782663e+02	3.613447e+03
2.001923e+00	1.464682e+00	8.502026e+01	4.068354e+02
2.319542e+00	1.281819e+00	2.308643e+03	1.162595e+03
2.202697e+00	1.341427e+00	1.317220e+03	8.549980e+01
2.392241e+00	1.246340e+00	1.027934e+03	2.711761e+03
1.738004e+00	1.679460e+00	3.008886e+03	4.004017e+02
2.110752e+00	1.395020e+00	1.021794e+03	2.599720e+03
1.743409e+00	1.673474e+00	3.532258e+02	2.793065e+02
2.303027e+00	1.289692e+00	2.176016e+03	1.681221e+03
1.842210e+00	1.585342e+00	2.553567e+02	2.992630e+02
2.538229e+00	1.183707e+00	2.761112e+02	5.785439e+03
1.954720e+00	1.498937e+00	8.637596e+01	6.309440e+03
1.786899e+00	1.635248e+00	4.260889e+03	3.813869e+02
2.088227e+00	1.409335e+00	1.479154e+03	1.955832e+03
2.539120e+00	1.183478e+00	6.948619e+02	3.441317e+03
2.600786e+00	1.159482e+00	4.670731e+00	8.625539e+03
2.454926e+00	1.218864e+00	3.192429e+02	9.111095e+03
2.180216e+00	1.354396e+00	9.113980e+02	2.108803e+03
1.957183e+00	1.496222e+00	2.550072e+03	1.184334e+03
1.992026e+00	1.471775e+00	6.365088e+02	4.456905e+01
1.872319e+00	1.560702e+00	1.310423e+02	2.133847e+02
1.904860e+00	1.534509e+00	4.687155e+02	3.187669e+02
2.532628e+00	1.185784e+00	3.277984e+02	3.771487e+03
2.066344e+00	1.421762e+00	1.463765e+02	7.363292e+02
2.142325e+00	1.375342e+00	3.592309e+02	1.060451e+03
2.132134e+00	1.382675e+00	1.003112e+03	1.565089e+03
2.416216e+00	1.235126e+00	8.576396e+01	3.677914e+03
2.540327e+00	1.182987e+00	9.217406e+01	6.294138e+03
2.463492e+00	1.214552e+00	3.222756e+01	1.920069e+03
2.568553e+00	1.171795e+00	3.396586e+02	3.058041e+03
1.872608e+00	1.561959e+00	1.978933e+03	7.221672e+02
2.199677e+00	1.342865e+00	7.688822e+02	1.579911e+03
2.384713e+00	1.250367e+00	2.834590e+02	8.949187e+02
2.875654e+00	1.066057e+00	5.913115e+02	6.396936e+03
2.197607e+00	1.344776e+00	6.733706e+02	4.516378e+03
1.854866e+00	1.575653e+00	4.754655e+02	6.522961e+02
2.560494e+00	1.174714e+00	7.490554e+01	1.387230e+03
2.368560e+00	1.256521e+00	2.680587e+01	1.913688e+03
2.469587e+00	1.211409e+00	2.781246e+02	2.837191e+03
1.747334e+00	1.669659e+00	2.640512e+02	1.568405e+02
1.761741e+00	1.658367e+00	3.614111e+03	1.281565e+03
2.030090e+00	1.446825e+00	2.748697e+03	1.005774e+03
1.798618e+00	1.622515e+00	4.636609e+02	4.731542e+02
1.919153e+00	1.523877e+00	1.132893e+02	7.447099e+01
2.388091e+00	1.248220e+00	2.771611e+02	3.156893e+03
1.939195e+00	1.508511e+00	1.131411e+02	2.403800e+02
1.780351e+00	1.639784e+00	1.050375e+03	1.538117e+03
2.397145e+00	1.244217e+00	3.166012e+02	3.920887e+03
1.943600e+00	1.507139e+00	4.317402e+02	3.808082e+03
2.543987e+00	1.181295e+00	8.139468e+01	1.960330e+03
1.962549e+00	1.492575e+00	4.111417e+02	1.096908e+03
1.787163e+00	1.632800e+00	1.836640e+03	6.407569e+03
2.419138e+00	1.234259e+00	5.484736e+02	6.601004e+01
2.041962e+00	1.438321e+00	2.295474e+03	5.705033e+02
2.194229e+00	1.346525e+00	4.690327e+02	1.066679e+03
2.461205e+00	1.215435e+00	1.831305e+02	3.686962e+02
2.187211e+00	1.350224e+00	5.484613e+02	2.583211e+03
1.863974e+00	1.567028e+00	4.928823e+02	1.525232e+03
1.893577e+00	1.544395e+00	1.475311e+03	1.456500e+03
1.934926e+00	1.511682e+00	8.037550e+02	6.468921e+01
2.531558e+00	1.186806e+00	5.721928e+02	7.490432e+03
1.950766e+00	1.500918e+00	1.492596e+03	1.207889e+03
2.513853e+00	1.193043e+00	4.177334e+02	2.609514e+03
1.708682e+00	1.707945e+00	3.569963e+02	1.134746e+03
1.956586e+00	1.497242e+00	1.378818e+03	1.824693e+03
2.250489e+00	1.314916e+00	5.588541e+02	4.195700e+02
2.235962e+00	1.323043e+00	2.719023e+02	2.386460e+02
2.109171e+00	1.394824e+00	7.049525e+01	1.160194e+03
1.913694e+00	1.528674e+00	1.314367e+03	1.030264e+03
1.854158e+00	1.574760e+00	4.242539e+02	4.750697e+02
1.956961e+00	1.497000e+00	2.242046e+03	1.580948e+03
1.998102e+00	1.467495e+00	5.278529e+02	9.613550e+01
2.633333e+00	1.147043e+00	4.352048e+02	4.474788e+03
2.166375e+00	1.361625e+00	8.455245e+02	7.418285e+02
2.380419e+00	1.251792e+00	6.090059e+01	1.270269e+03
2.641239e+00	1.143840e+00	2.053139e+02	7.435153e+03
2.239944e+00	1.321834e+00	8.199186e+02	3.704752e+03
2.472075e+00	1.211138e+00	1.380491e+02	8.107519e+03
2.574348e+00	1.169717e+00	7.816866e+00	9.309278e+03
2.628436e+00	1.148236e+00	7.370217e+01	6.883084e+03
2.482078e+00	1.206476e+00	1.226596e+02	5.079480e+03
2.527047e+00	1.188493e+00	3.632807e+02	6.800939e+03
2.615872e+00	1.153684e+00	9.731974e+02	3.188754e+03
2.333558e+00	1.273130e+00	5.161835e+02	6.530087e+02
2.510346e+00	1.194713e+00	1.165808e+02	3.587053e+01
2.812076e+00	1.085823e+00	5.838854e+02	6.161587e+03
1.742143e+00	1.674386e+00	3.856079e+02	9.247629e+02
2.135164e+00	1.379807e+00	5.109311e+02	4.324738e+03
2.489558e+00	1.204000e+00	1.037207e+03	3.824441e+03
1.756871e+00	1.661191e+00	8.259727e+02	1.322067e+02
2.425519e+00	1.231675e+00	3.730891e+01	1.714293e+03
2.523489e+00	1.189874e+00	6.146817e+02	4.126142e+03
2.657662e+00	1.138149e+00	1.980954e+02	5.726449e+03
1.906668e+00	1.534321e+00	2.949997e+03	3.119970e+02
2.110516e+00	1.395087e+00	7.062610e+02	2.378175e+03
2.501262e+00	1.198716e+00	3.305199e+02	9.825895e+03
2.365566e+00	1.257983e+00	2.671843e+02	3.713916e+02
2.614870e+00	1.154178e+00	4.935672e+02	4.094956e+03
1.789172e+00	1.631728e+00	9.332757e+02	2.161690e+03
2.393730e+00	1.245909e+00	4.788448e+02	4.351699e+03
2.322115e+00	1.279663e+00	2.406189e+02	5.266794e+03
2.017181e+00	1.454662e+00	4.175516e+01	6.233212e+03
2.151965e+00	1.370068e+00	2.729476e+02	1.806936e+03
2.073364e+00	1.418185e+00	1.029355e+03	6.277955e+03
2.675560e+00	1.130780e+00	1.656512e+02	8.439017e+03
2.191213e+00	1.346779e+00	1.137043e+02	1.806390e+03
2.341217e+00	1.271281e+00	7.720899e+02	5.567681e+03
2.340590e+00	1.270324e+00	4.381189e+02	3.506875e+03
1.974599e+00	1.484748e+00	1.667750e+03	1.120476e+03
1.784588e+00	1.635222e+00	4.850288e+02	9.475742e+01
2.584680e+00	1.165668e+00	9.579574e+02	4.921050e+03
2.500167e+00	1.199371e+00	2.731236e+02	4.224056e+03
2.413399e+00	1.236628e+00	1.162767e+03	9.218904e+01
1.794434e+00	1.625970e+00	1.837040e+02	2.667644e+02
2.420979e+00	1.232522e+00	2.174961e+02	1.233980e+02
2.242075e+00	1.319804e+00	9.113749e+01	1.122530e+03
1.720994e+00	1.696871e+00	2.239402e+03	4.196656e+03
1.844644e+00	1.583815e+00	2.126771e+03	1.365489e+03
2.179579e+00	1.354957e+00	1.707716e+03	7.464191e+03
2.206534e+00	1.340108e+00	3.402467e+02	7.023607e+03
2.434716e+00	1.226743e+00	1.048043e+00	2.114759e+03
2.310046e+00	1.284753e+00	5.131942e+01	3.899422e+03
2.611808e+00	1.154916e+00	1.008744e+02	2.413487e+03
2.570923e+00	1.171075e+00	2.501473e+02	8.289223e+03
2.516077e+00	1.192257e+00	5.522576e+02	6.666985e+02
2.323374e+00	1.279383e+00	6.168998e+01	1.691619e+03
1.948955e+00	1.502751e+00	7.932612e+02	7.785666e+03
2.066089e+00	1.422038e+00	8.111411e+01	6.933447e+02
2.450619e+00	1.220325e+00	5.958719e+02	2.071524e+03
2.082786e+00	1.412286e+00	6.606288e+02	5.863451e+03
1.799010e+00	1.622876e+00	2.255695e+03	2.872872e+02
2.127693e+00	1.383848e+00	2.874509e+02	2.283527e+02
2.471188e+00	1.211597e+00	1.033905e+03	3.119601e+03
2.200208e+00	1.343011e+00	4.379654e+02	6.031000e+02
2.312413e+00	1.284840e+00	9.805889e+02	1.440092e+03
2.520878e+00	1.190890e+00	1.824576e+01	9.472447e+03
1.811192e+00	1.612510e+00	1.595681e+02	1.054266e+03
1.785588e+00	1.634785e+00	3.093473e+03	1.328516e+03
2.335601e+00	1.273449e+00	2.105553e+02	1.149632e+03
2.040300e+00	1.439090e+00	1.781901e+03	1.966390e+03
2.721659e+00	1.116635e+00	2.445642e+02	4.777314e+03
1.839644e+00	1.587923e+00	1.202710e+03	1.497937e+01
1.813384e+00	1.610317e+00	2.014833e+03	3.970798e+02
1.967236e+00	1.488937e+00	2.260249e+02	3.429467e+02
2.666551e+00	1.134263e+00	3.601786e+01	2.842991e+03
2.557521e+00	1.176104e+00	5.645821e+01	6.184706e+03
1.930417e+00	1.517394e+00	3.330946e+03	6.718752e+03
2.074500e+00	1.416436e+00	2.086372e+03	2.052350e+03
2.363355e+00	1.259179e+00	5.003923e+01	6.877075e+02
1.935686e+00	1.513001e+00	1.171842e+03	4.581853e+03
1.722503e+00	1.695274e+00	9.393195e+02	1.555897e+03
2.551190e+00	1.178638e+00	3.678087e+02	5.368812e+03
2.082696e+00	1.411977e+00	7.814779e+02	2.874706e+03
1.883841e+00	1.551397e+00	1.525995e+02	4.776750e+02
2.265365e+00	1.308495e+00	1.908314e+02	1.934203e+03
2.423217e+00	1.231753e+00	1.665727e+02	1.399753e+02
1.899490e+00	1.539956e+00	1.069687e+03	1.941331e+03
2.275873e+00	1.302793e+00	1.521488e+02	4.797644e+03
1.864466e+00	1.568370e+00	1.906252e+03	1.698406e+02
2.661966e+00	1.136741e+00	1.108498e+02	9.934991e+03
2.110901e+00	1.394829e+00	8.511924e+02	3.025384e+03
2.045405e+00	1.435641e+00	8.559674e+02	1.570286e+03
2.272087e+00	1.304302e+00	1.025460e+03	2.483226e+03
1.761690e+00	1.656098e+00	3.462020e+01	9.709484e+02
2.284691e+00	1.298244e+00	2.821709e+03	6.367448e+03
2.268957e+00	1.307056e+00	7.062525e+02	2.044399e+03
2.079556e+00	1.414966e+00	1.009201e+03	2.326572e+03
2.427480e+00	1.231268e+00	1.170227e+03	3.948650e+03
1.923280e+00	1.521821e+00	2.593116e+03	1.314975e+03
2.393058e+00	1.246115e+00	6.773145e+02	3.633063e+03
2.091006e+00	1.408008e+00	2.920511e+03	2.459699e+03
1.828403e+00	1.597759e+00	1.620689e+03	3.341161e+02
2.144357e+00	1.374353e+00	1.428679e+02	8.360282e+02
1.860556e+00	1.570647e+00	1.144954e+03	3.358149e+03
1.967403e+00	1.488615e+00	1.337576e+02	1.137903e+03
1.863762e+00	1.566675e+00	3.045092e+02	1.840094e+03
2.096569e+00	1.402736e+00	4.258602e+02	1.284993e+02
2.334652e+00	1.273152e+00	1.785767e+01	1.883708e+03
2.198964e+00	1.343762e+00	8.797943e+02	1.468000e+03
2.024597e+00	1.449848e+00	6.866190e+01	5.986274e+03
1.758645e+00	1.658785e+00	2.848862e+02	1.350361e+02
1.958513e+00	1.495794e+00	8.876311e+02	1.311684e+03
2.221293e+00	1.331781e+00	3.931255e+02	3.052882e+03
2.356135e+00	1.262384e+00	1.293687e+02	2.618430e+01
2.504428e+00	1.197917e+00	1.126639e+03	2.399934e+03
2.227015e+00	1.327821e+00	6.420068e+00	1.360599e+03
2.649404e+00	1.141213e+00	8.642694e+02	5.054679e+03
2.432454e+00	1.227213e+00	6.721457e+01	1.513726e+03
2.295948e+00	1.293178e+00	6.825876e+02	3.888598e+03
1.713985e+00	1.702222e+00	5.668498e+02	5.458899e+02
2.003185e+00	1.465100e+00	2.041767e+03	1.716806e+03
2.555569e+00	1.176889e+00	2.301563e+02	5.052540e+03
2.655048e+00	1.139314e+00	6.572003e+01	5.592223e+03
2.135911e+00	1.379488e+00	4.091497e+02	2.375474e+03
2.296407e+00	1.291682e+00	6.846331e+01	8.758036e+02
2.445290e+00	1.222686e+00	5.345220e+02	3.268380e+02
2.495374e+00	1.201187e+00	1.996540e+02	2.180931e+03
2.136885e+00	1.378698e+00	7.140182e+02	4.319639e+03
2.356873e+00	1.262129e+00	2.416230e+02	4.863737e+02
2.116790e+00	1.391122e+00	9.785408e+01	6.995970e+02
2.030750e+00	1.445206e+00	8.416103e+02	3.041154e+03
2.484083e+00	1.206308e+00	6.162485e+02	4.599204e+03
2.296678e+00	1.292057e+00	1.282165e+03	3.302456e+02
2.158714e+00	1.367173e+00	2.917550e+02	6.541225e+03
2.145208e+00	1.374548e+00	4.586654e+02	7.421546e+03
1.790811e+00	1.630338e+00	8.767419e+02	2.184265e+03
2.241631e+00	1.320943e+00	2.901344e+02	6.160042e+03
1.720586e+00	1.695406e+00	2.376957e+02	2.519203e+02
1.871075e+00	1.563020e+00	1.343766e+03	1.216427e+03
1.925216e+00	1.519340e+00	2.177002e+03	5.654465e+02
1.943950e+00	1.505636e+00	1.399937e+03	9.856501e+02
2.184235e+00	1.351455e+00	4.121551e+02	5.069694e+03
1.853571e+00	1.576674e+00	2.576024e+03	8.052539e+02
2.029983e+00	1.446736e+00	1.029049e+02	4.098131e+03
2.065559e+00	1.422519e+00	4.192135e+02	2.422919e+03
2.152813e+00	1.368816e+00	9.522791e+01	5.840581e+02
2.072996e+00	1.418250e+00	7.515878e+02	2.383197e+03
2.122950e+00	1.386832e+00	1.398375e+03	1.030182e+03
2.585436e+00	1.165542e+00	6.985535e+01	6.698645e+03
1.788980e+00	1.632029e+00	5.939818e+02	2.709815e+02
2.777440e+00	1.097390e+00	9.727552e+01	4.177030e+03
2.499227e+00	1.199073e+00	2.093161e+02	5.947066e+03
2.598257e+00	1.160556e+00	1.004431e+02	6.473760e+03
1.824796e+00	1.600151e+00	1.718318e+03	3.224515e+02
2.193754e+00	1.345946e+00	7.543231e+02	4.732999e+02
2.558653e+00	1.175837e+00	1.715668e+02	7.247779e+03
2.449848e+00	1.220683e+00	2.568917e+02	7.779394e+03
2.604183e+00	1.157132e+00	5.234519e+02	6.051531e+03
2.200682e+00	1.341689e+00	2.437299e+01	3.778258e+03
2.671003e+00	1.133280e+00	1.106407e+02	4.381303e+02
2.495916e+00	1.200684e+00	2.729562e+01	2.121816e+02
2.627341e+00	1.149425e+00	4.323534e+02	4.231865e+03
2.403148e+00	1.241733e+00	1.160674e+01	4.800573e+03
2.693739e+00	1.124712e+00	8.347768e+01	9.275651e+03
2.351044e+00	1.265880e+00	3.344901e+03	7.590010e+03
1.864086e+00	1.567480e+00	8.780350e+02	8.872348e+01
1.922911e+00	1.521019e+00	2.525613e+03	1.809667e+03
1.950495e+00	1.501003e+00	1.963732e+03	2.830829e+03
2.430832e+00	1.229763e+00	2.393874e+02	1.024751e+03
2.295992e+00	1.292131e+00	5.631811e+02	1.150205e+03
2.341209e+00	1.269986e+00	1.316481e+02	4.094997e+02
2.160409e+00	1.364762e+00	2.972442e+02	1.229844e+03
2.511887e+00	1.194666e+00	9.175196e+02	2.849817e+03
1.964286e+00	1.493193e+00	2.627308e+03	2.306114e+03
2.146382e+00	1.372431e+00	3.345074e+02	1.571575e+03
1.977374e+00	1.481790e+00	1.137339e+03	1.536717e+03
1.746418e+00	1.672268e+00	2.781814e+03	3.059787e+03
1.923522e+00	1.520466e+00	7.394676e+02	1.540655e+03
2.508177e+00	1.195978e+00	1.472378e+02	2.155204e+03
2.129901e+00	1.384224e+00	2.017761e+03	1.687409e+03
2.219919e+00	1.333084e+00	3.800453e+02	2.453544e+03
2.599360e+00	1.160131e+00	5.474693e+01	5.393893e+03
2.085177e+00	1.410138e+00	3.026950e+02	3.270494e+03
2.487361e+00	1.204490e+00	3.264942e+01	1.942074e+03
2.513410e+00	1.194247e+00	8.056231e+01	5.523235e+03
2.350216e+00	1.265381e+00	8.728278e+01	1.022147e+03
1.916098e+00	1.527608e+00	3.484504e+03	5.624330e+02
2.081642e+00	1.411135e+00	2.058292e+02	1.568784e+02
2.464961e+00	1.213822e+00	1.492407e+01	4.848574e+02
2.067114e+00	1.421812e+00	5.218383e+02	3.698731e+03
2.594647e+00	1.161430e+00	2.189940e+02	4.081505e+03
2.621312e+00	1.152166e+00	3.279672e+02	1.518187e+03
2.315370e+00	1.283280e+00	4.350121e+02	3.938559e+03
2.528454e+00	1.187636e+00	6.019688e+02	8.674804e+03
1.831661e+00	1.594988e+00	4.485920e+02	5.796441e+02
2.117000e+00	1.391690e+00	1.508633e+02	9.264963e+03
1.987968e+00	1.474417e+00	2.251714e+03	1.610310e+03
1.953927e+00	1.498919e+00	9.338230e+01	4.940023e+03
1.895503e+00	1.542098e+00	1.235704e+03	1.001638e+03
2.123011e+00	1.387123e+00	3.557432e+02	2.493943e+03
1.739858e+00	1.676133e+00	7.330939e+02	1.123373e+03
2.455991e+00	1.217593e+00	4.035900e+02	5.337800e+02
1.837298e+00	1.590152e+00	1.024972e+03	9.035513e+02
2.638916e+00	1.145154e+00	6.352804e+02	4.039506e+03
2.489164e+00	1.203209e+00	5.894154e+00	9.075813e+01
2.306552e+00	1.287335e+00	6.170537e+01	5.234033e+03
1.980613e+00	1.478687e+00	7.953554e+02	3.167921e+02
2.465079e+00	1.213325e+00	6.989577e+01	5.392967e+03
2.191061e+00	1.348125e+00	1.174126e+03	2.654918e+03
1.974372e+00	1.483723e+00	1.966102e+03	3.863984e+02
2.043636e+00	1.436853e+00	9.552352e+02	1.571280e+02
1.941505e+00	1.507996e+00	1.472409e+03	3.881681e+03
2.159138e+00	1.365275e+00	1.020821e+02	2.621311e+03
2.392672e+00	1.245434e+00	4.449303e+02	3.157296e+02
2.571211e+00	1.170809e+00	4.323859e+02	4.114388e+03
1.986638e+00	1.474825e+00	9.881205e+01	4.987396e+03
1.905220e+00	1.535258e+00	1.389341e+03	7.920003e+01
2.264848e+00	1.308908e+00	8.561381e+02	3.227465e+03
2.138202e+00	1.378019e+00	2.679098e+02	5.061955e+03
1.804544e+00	1.617247e+00	4.270278e+02	1.156120e+02
2.654449e+00	1.139181e+00	2.097125e+01	5.478192e+03
2.288296e+00	1.295976e+00	2.085880e+02	6.395956e+03
1.807293e+00	1.615884e+00	2.073546e+03	2.686356e+02
2.007946e+00	1.460606e+00	2.024950e+02	4.964678e+03
2.299615e+00	1.291762e+00	1.497872e+03	4.771492e+03
2.286072e+00	1.297769e+00	1.413962e+02	4.723199e+03
1.911222e+00	1.531922e+00	2.829738e+03	1.195665e+03
1.750741e+00	1.666059e+00	3.640917e+02	3.002892e+02
1.992928e+00	1.470818e+00	3.651584e+02	2.000249e+03
1.900589e+00	1.538937e+00	1.473657e+03	3.859696e+03
1.884416e+00	1.551608e+00	3.745488e+02	3.927719e+02
1.710363e+00	1.705536e+00	2.367588e+03	1.373896e+03
1.975295e+00	1.483776e+00	5.407087e+02	3.236293e+03
2.276902e+00	1.302662e+00	9.096058e+02	3.704703e+03
2.107651e+00	1.396081e+00	1.968231e+02	3.552868e+02
2.082859e+00	1.412352e+00	8.890254e+02	9.578753e+03
1.961305e+00	1.494212e+00	1.226858e+02	5.137901e+03
2.268042e+00	1.307119e+00	1.257558e+02	4.475149e+03
1.713316e+00	1.702453e+00	3.716829e+02	5.859220e+02
2.298472e+00	1.291054e+00	1.287763e+03	2.123471e+03
1.939875e+00	1.510569e+00	3.220905e+03	5.258644e+02
1.716902e+00	1.700877e+00	2.631088e+03	2.098679e+02
2.475806e+00	1.209240e+00	2.224623e+02	1.232783e+03
2.657467e+00	1.138738e+00	1.004484e+03	3.378638e+03
1.902142e+00	1.537257e+00	1.716417e+02	1.414703e+02
2.394260e+00	1.244815e+00	7.527310e+01	9.876269e+03
2.385245e+00	1.249661e+00	5.871853e+02	1.647020e+03
2.398025e+00	1.244296e+00	2.181667e+03	5.267385e+02
2.145214e+00	1.373515e+00	1.234813e+02	6.616733e+02
1.920379e+00	1.523812e+00	8.987713e+02	4.839452e+03
2.102578e+00	1.399042e+00	1.843992e+02	2.611729e+03
2.318724e+00	1.281186e+00	1.244284e+02	4.372844e+03
2.627345e+00	1.149498e+00	4.555046e+02	3.202518e+03
2.192358e+00	1.346713e+00	3.506418e+02	6.336694e+02
2.418372e+00	1.234494e+00	1.400184e+02	4.283274e+03
2.612381e+00	1.155154e+00	2.335776e+02	2.922938e+03
2.276668e+00	1.302252e+00	1.477506e+02	4.102477e+02
1.916028e+00	1.527048e+00	3.556968e+02	4.672177e+02
2.564946e+00	1.173332e+00	3.397226e+02	4.100561e+03
1.786745e+00	1.633569e+00	1.954337e+03	1.955149e+01
1.764363e+00	1.654506e+00	2.703660e+03	8.343041e+03
2.474277e+00	1.210110e+00	2.812346e+02	1.720793e+03
2.203568e+00	1.341400e+00	2.837772e+02	1.073735e+03
2.314241e+00	1.283459e+00	6.416645e+02	3.374820e+03
1.964547e+00	1.491264e+00	6.282598e+02	2.478181e+02
2.631425e+00	1.147261e+00	4.731467e+01	2.127504e+03
2.232729e+00	1.324695e+00	2.280652e+02	7.065726e+01
2.710895e+00	1.119248e+00	6.259308e+02	8.508534e+03
2.002366e+00	1.463638e+00	2.098409e+02	1.291944e+03
2.124044e+00	1.386122e+00	2.495186e+02	5.118100e+02
1.921932e+00	1.522709e+00	8.838847e+02	1.975291e+03
2.188571e+00	1.350247e+00	6.608890e+02	6.933242e+03
1.958125e+00	1.494785e+00	2.464250e+02	6.098463e+00
2.220675e+00	1.331006e+00	5.348088e+02	9.422134e+00
2.445866e+00	1.221869e+00	1.695217e+02	1.213804e+02
2.298595e+00	1.291233e+00	8.124010e+01	1.812552e+03
2.090469e+00	1.406607e+00	2.847275e+02	3.222288e+03
2.483854e+00	1.206969e+00	2.711341e+03	2.261485e+03
1.755144e+00	1.662177e+00	2.688791e+03	2.316814e+02
2.344621e+00	1.268083e+00	3.781307e+01	6.020906e+02
2.389524e+00	1.247240e+00	6.795043e+02	3.332076e+03
1.954355e+00	1.498091e+00	1.470931e+03	1.607518e+02
2.755056e+00	1.103951e+00	8.036283e+00	2.093282e+03
2.405832e+00	1.239495e+00	1.463916e+02	5.235055e+03
1.956185e+00	1.498686e+00	9.702960e+02	4.732971e+03
2.304772e+00	1.288132e+00	5.255589e+02	3.429762e+03
1.773447e+00	1.644858e+00	6.082682e+02	1.422442e+03
2.488520e+00	1.203146e+00	7.817777e+01	8.584384e+03
2.568729e+00	1.171807e+00	4.926339e+02	3.835698e+03
2.619287e+00	1.152249e+00	8.291131e+02	5.263482e+03
2.623047e+00	1.149902e+00	2.228109e+02	5.362353e+03
1.888436e+00	1.548977e+00	2.687984e+02	5.897922e+03
2.199906e+00	1.343027e+00	4.899874e+02	2.721339e+03
1.963310e+00	1.490374e+00	4.180083e+02	2.110767e+03
2.422859e+00	1.231649e+00	1.005646e+01	6.911445e+02
1.937638e+00	1.511293e+00	1.705620e+03	5.277803e+02
1.828558e+00	1.597351e+00	1.158820e+02	1.604547e+03
1.749182e+00	1.668813e+00	4.872550e+02	6.738092e+03
1.751994e+00	1.665836e+00	3.070784e+03	2.515962e+03
1.735230e+00	1.681766e+00	3.230691e+03	3.160773e+03
2.097046e+00	1.403028e+00	4.282941e+02	2.545233e+03
2.184288e+00	1.351201e+00	3.392643e+02	5.016305e+02
2.398405e+00	1.243452e+00	2.884374e+02	2.262432e+03
2.231386e+00	1.325027e+00	5.289795e+01	3.552160e+03
2.611949e+00	1.154174e+00	3.628245e+02	4.910706e+03
2.125948e+00	1.384361e+00	4.099685e+02	3.492329e+02
1.761665e+00	1.656069e+00	2.562056e+02	3.103840e+02
2.173969e+00	1.357466e+00	1.508819e+02	3.171590e+02
2.390797e+00	1.246350e+00	3.440466e+01	1.798959e+03
2.544306e+00	1.181601e+00	5.988024e+02	2.772546e+03
2.397145e+00	1.244217e+00	3.166012e+02	3.920887e+03
2.686697e+00	1.127652e+00	9.475349e+01	7.884117e+03
2.138674e+00	1.377574e+00	2.810192e+02	2.445118e+02
2.442289e+00	1.224336e+00	8.855529e+02	3.782423e+03
2.537056e+00	1.184017e+00	7.142438e+01	2.468678e+03
2.556075e+00	1.176648e+00	3.129869e+02	5.169247e+03
1.980407e+00	1.480273e+00	9.119319e+02	2.328243e+03
1.712795e+00	1.703274e+00	1.395645e+02	5.550732e+02
1.892158e+00	1.545160e+00	1.942842e+03	1.197242e+02
2.218463e+00	1.334021e+00	1.065431e+03	3.747513e+03
2.371971e+00	1.255175e+00	3.090212e+02	3.768858e+02
1.753991e+00	1.664768e+00	1.644921e+03	1.171537e+03
2.624085e+00	1.150728e+00	6.768161e+01	8.661659e+03
1.858089e+00	1.573067e+00	1.751046e+03	3.791362e+02
2.452328e+00	1.218953e+00	1.800857e+02	5.946193e+02
2.233992e+00	1.324188e+00	9.173003e+02	5.450190e+03
2.610505e+00	1.155689e+00	7.789605e+01	7.257098e+03
2.647851e+00	1.141673e+00	3.770129e+02	9.401136e+03
1.947291e+00	1.503830e+00	4.164721e+02	3.413200e+03
2.289601e+00	1.296405e+00	8.773579e+02	2.888600e+03
1.815272e+00	1.609891e+00	2.159552e+03	2.376767e+03
2.004652e+00	1.462967e+00	3.073223e+03	8.466410e+02
1.901394e+00	1.538041e+00	5.891014e+02	4.128247e+02
2.048069e+00	1.434000e+00	8.452120e+02	2.733707e+02
1.750164e+00	1.667007e+00	1.562460e+02	8.621602e+02
2.623688e+00	1.150822e+00	2.254892e+02	8.819479e+03
1.985869e+00	1.475924e+00	3.420607e+02	4.096145e+03
2.190554e+00	1.347839e+00	8.634484e+01	3.175975e+02
2.549767e+00	1.179313e+00	3.804127e+02	5.449884e+03
2.067841e+00	1.421631e+00	1.297312e+02	2.874970e+03
2.603593e+00	1.158510e+00	6.707884e+02	2.835578e+03
2.121046e+00	1.389101e+00	1.514091e+03	1.117282e+03
2.329973e+00	1.274742e+00	3.031873e+02	1.378038e+03
1.989196e+00	1.473303e+00	3.578915e+01	8.597736e+02
2.033521e+00	1.443021e+00	2.374101e+02	3.035597e+03
1.835344e+00	1.591244e+00	1.005619e+02	1.235670e+03
1.910568e+00	1.530023e+00	2.340862e+02	8.055789e+02
2.052850e+00	1.430221e+00	7.679633e+02	1.020670e+03
2.516644e+00	1.192284e+00	1.049208e+02	1.879061e+03
1.712029e+00	1.703486e+00	2.939030e+02	2.159621e+02
1.865421e+00	1.565302e+00	2.348772e+01	2.724877e+03
1.857864e+00	1.571694e+00	3.591856e+02	1.517800e+03
2.554401e+00	1.176911e+00	1.703668e+02	4.882837e+03
2.191192e+00	1.348272e+00	8.257777e+02	4.197544e+03
2.050801e+00	1.432902e+00	1.163850e+03	1.747636e+03
2.331284e+00	1.275111e+00	6.220175e+02	3.740153e+03
2.527703e+00	1.188109e+00	5.323491e+02	7.242161e+03
2.054946e+00	1.429475e+00	3.209130e+02	3.517064e+03
1.764534e+00	1.655324e+00	7.703125e+02	1.936402e+03
2.515391e+00	1.192773e+00	3.799124e+01	1.109169e+03
2.075564e+00	1.416615e+00	1.142246e+01	3.080082e+03
1.866320e+00	1.566218e+00	5.371720e+02	7.607464e+02
2.535198e+00	1.185074e+00	2.183646e+02	7.359273e+03
2.616363e+00	1.153284e+00	4.160629e+02	4.754116e+03
1.711144e+00	1.706562e+00	2.465895e+03	2.247842e+02
1.810671e+00	1.612811e+00	3.243048e+02	1.014717e+02
2.682529e+00	1.129151e+00	1.264994e+02	8.223637e+03
1.946540e+00	1.505709e+00	3.725229e+03	6.118985e+03
2.527893e+00	1.187960e+00	1.613694e+02	3.124140e+03
2.890063e+00	1.061487e+00	4.428740e+02	2.937884e+03
1.905433e+00	1.535027e+00	2.013344e+02	2.153256e+02
2.128637e+00	1.384202e+00	1.110217e+03	5.853588e+03
1.946181e+00	1.504605e+00	1.450462e+03	3.646811e+03
2.208795e+00	1.337577e+00	1.618707e+02	5.994745e+02
1.916579e+00	1.528015e+00	1.070248e+03	3.821461e+03
2.346603e+00	1.267681e+00	1.211514e+02	6.246837e+03
1.760862e+00	1.657683e+00	2.628766e+03	3.577496e+02
2.110660e+00	1.396026e+00	2.638696e+03	7.183034e+02
2.350049e+00	1.265067e+00	2.764725e+02	1.472550e+03
2.319792e+00	1.280679e+00	7.480718e+02	2.150295e+03
2.067926e+00	1.420916e+00	2.997765e+02	3.552914e+03
2.589565e+00	1.163516e+00	1.704593e+02	4.744009e+03
1.986371e+00	1.476815e+00	3.756142e+02	6.625202e+03
2.657821e+00	1.138027e+00	9.509746e+01	8.792632e+03
1.984719e+00	1.476783e+00	7.441849e+02	2.672943e+03
2.132493e+00	1.382401e+00	8.774627e+02	3.314910e+03
1.788376e+00	1.632449e+00	1.145996e+03	1.458110e+03
2.280988e+00	1.300742e+00	6.375579e+02	4.491990e+03
2.362997e+00	1.260080e+00	3.789624e+02	5.349140e+03
2.487033e+00	1.204687e+00	2.957313e+02	4.606329e+03
1.720408e+00	1.695214e+00	2.173070e+03	8.045897e+01
1.772301e+00	1.645945e+00	3.713347e+02	1.876040e+02
2.524843e+00	1.188511e+00	1.124168e+02	5.283176e+02
2.577926e+00	1.168270e+00	1.313338e+03	5.644289e+03
2.483356e+00	1.206364e+00	1.923930e+02	5.131111e+03
2.369075e+00	1.257279e+00	4.494247e+02	2.277744e+03
2.007402e+00	1.460829e+00	1.197421e+02	3.054139e+03
2.314331e+00	1.283541e+00	5.344914e+02	4.071645e+03
1.978382e+00	1.482320e+00	2.687326e+03	5.311426e+03
2.558792e+00	1.175848e+00	6.433683e+02	3.320633e+03
1.731184e+00	1.685781e+00	5.804647e+02	3.221426e+02
1.887179e+00	1.548569e+00	7.894504e+02	1.603100e+03
2.551771e+00	1.178721e+00	1.807881e+02	7.512819e+03
1.896679e+00	1.542325e+00	1.684681e+03	7.529877e+02
1.902557e+00	1.537062e+00	7.743746e+02	3.912913e+03
1.773046e+00	1.647356e+00	2.782307e+03	2.149710e+03
2.132397e+00	1.381733e+00	4.034743e+02	2.564705e+03
2.146058e+00	1.373206e+00	2.086791e+02	1.399817e+02
1.949176e+00	1.502895e+00	2.075142e+03	1.026118e+03
2.551376e+00	1.177996e+00	2.078000e+02	4.758583e+03
2.303865e+00	1.288324e+00	6.417575e+02	1.345171e+03
1.791113e+00	1.629158e+00	3.061737e+02	3.354603e+01
1.984134e+00	1.477183e+00	4.860216e+02	2.512363e+03
2.935798e+00	1.047614e+00	4.376985e+02	2.817369e+03
2.063625e+00	1.423926e+00	4.018252e+02	6.985521e+01
2.736826e+00	1.109795e+00	7.701100e+01	5.340559e+03
2.300474e+00	1.290781e+00	9.472128e+02	1.312066e+03
2.392158e+00	1.245706e+00	1.625910e+02	1.393921e+03
2.373775e+00	1.255219e+00	4.134830e+00	2.510165e+03
2.436331e+00	1.226055e+00	1.055677e+02	6.761515e+02
1.879226e+00	1.555652e+00	2.125548e+03	6.408216e+02
2.343324e+00	1.268507e+00	1.025929e+01	1.510400e+03
2.462307e+00	1.215098e+00	4.874369e+02	8.669544e+03
1.976314e+00	1.481805e+00	2.401356e+03	1.386022e+03
1.758229e+00	1.661103e+00	3.201166e+03	1.712849e+03
2.443921e+00	1.222352e+00	4.981567e+01	2.603775e+02
1.869032e+00	1.563472e+00	3.174142e+01	4.237069e+03
2.322641e+00	1.280187e+00	4.577572e+02	3.721149e+02
1.916626e+00	1.526844e+00	1.777136e+03	3.097345e+03
2.467018e+00	1.212633e+00	3.359593e+01	1.951958e+03
2.475582e+00	1.209614e+00	6.263338e+01	1.422333e+03
2.111444e+00	1.394847e+00	1.376843e+03	7.721701e+02
2.143742e+00	1.375239e+00	2.169561e+03	1.461224e+03
2.524259e+00	1.189516e+00	6.332542e+02	2.491298e+03
2.423404e+00	1.232330e+00	7.910108e+02	3.608661e+03
2.008530e+00	1.461013e+00	6.855897e+01	5.712173e+03
2.359992e+00	1.260907e+00	1.372972e+02	4.972805e+02
2.072763e+00	1.419219e+00	2.061343e+03	3.814566e+03
2.522818e+00	1.189129e+00	7.314795e+01	1.621678e+02
2.141131e+00	1.376902e+00	1.099212e+03	2.331465e+03
1.930920e+00	1.516065e+00	1.176300e+03	4.031817e+03
2.691816e+00	1.126293e+00	2.775576e+02	3.073140e+03
2.385384e+00	1.249554e+00	3.366385e+02	2.612109e+03
2.583880e+00	1.166810e+00	3.749166e+02	6.336009e+03
1.736471e+00	1.679804e+00	4.227569e+02	8.486650e+02
2.388222e+00	1.247008e+00	1.763893e+02	5.360965e+03
1.824247e+00	1.601861e+00	4.039653e+03	1.320468e+03
2.120045e+00	1.388721e+00	5.108441e+02	1.274999e+03
2.355301e+00	1.262997e+00	1.328112e+02	7.615233e+02
2.493886e+00	1.201813e+00	2.748159e+02	1.299730e+03
2.279645e+00	1.300293e+00	1.762019e+02	1.284604e+03
1.820989e+00	1.603904e+00	1.638294e+03	2.295607e+03
2.251982e+00	1.314996e+00	2.194288e+02	2.548343e+02
1.763276e+00	1.654698e+00	3.313913e+02	4.338382e+02
2.456661e+00	1.216900e+00	2.453259e+02	4.747122e+03
2.628757e+00	1.148493e+00	3.517072e+02	1.841613e+03
2.677560e+00	1.130167e+00	1.594695e+02	8.737356e+03
2.496087e+00	1.200834e+00	1.005117e+02	8.573702e+02
2.432703e+00	1.227500e+00	3.940816e+01	2.230570e+02
2.358757e+00	1.261700e+00	1.989346e+01	3.025783e+03
1.830516e+00	1.595155e+00	6.946733e+02	4.756856e+02
1.946424e+00	1.504060e+00	7.151464e+02	6.091720e+01
1.952306e+00	1.500823e+00	2.008590e+03	2.531567e+03
2.633194e+00	1.147762e+00	5.443763e+02	4.951646e+03
1.711678e+00	1.704344e+00	2.313048e+03	1.016438e+02
2.419668e+00	1.233176e+00	2.500128e+02	4.200408e+03
1.732278e+00	1.683883e+00	1.974829e+02	4.781131e+02
2.577198e+00	1.168731e+00	1.096007e+02	8.757315e+03
2.423628e+00	1.233044e+00	1.820781e+02	5.861840e+03
2.582801e+00	1.166532e+00	3.508834e+02	8.243171e+03
1.957324e+00	1.497488e+00	5.775424e+02	7.606898e+03
1.865142e+00	1.566147e+00	1.175129e+02	1.421320e+02
2.158125e+00	1.366455e+00	2.825811e+02	4.577494e+02
2.188272e+00	1.348566e+00	3.636863e+01	6.956289e+02
2.494822e+00	1.201697e+00	1.729143e+02	2.033783e+03
2.516398e+00	1.192645e+00	2.337910e+02	5.545228e+03
1.833313e+00	1.592558e+00	1.964044e+00	4.103836e+02
2.291794e+00	1.294984e+00	2.380188e+02	3.860735e+03
2.115129e+00	1.393251e+00	1.882058e+01	1.826486e+03
2.476419e+00	1.209693e+00	2.797762e+02	2.399886e+03
2.423345e+00	1.231806e+00	1.380156e+02	4.669298e+02
1.925210e+00	1.521213e+00	5.012044e+02	4.380045e+03
1.831172e+00	1.596768e+00	2.375869e+02	4.564144e+03
1.743527e+00	1.673417e+00	9.678928e+02	2.197027e+01
1.756084e+00	1.661307e+00	2.590070e+02	8.732695e+02
2.335213e+00	1.272627e+00	1.649832e+02	1.436112e+03
2.418619e+00	1.234062e+00	1.038796e+02	5.800440e+02
2.329110e+00	1.276280e+00	7.892838e+02	1.366018e+03
2.350523e+00	1.265968e+00	2.340070e+02	2.284892e+03
2.579089e+00	1.167977e+00	7.098731e+02	1.828706e+03
2.601111e+00	1.158903e+00	4.129430e+01	5.848894e+03
2.542910e+00	1.182132e+00	1.281382e+03	6.815249e+03
1.846352e+00	1.582218e+00	3.334631e+02	1.983339e+03
2.218379e+00	1.332317e+00	3.858652e+02	4.701358e+02
2.194924e+00	1.345034e+00	1.123427e+02	2.822074e+02
1.932427e+00	1.514970e+00	1.232884e+03	4.107141e+03
2.413931e+00	1.235861e+00	1.714629e+01	9.139000e+03
2.557674e+00	1.176342e+00	1.856760e+02	6.938267e+03
2.471822e+00	1.211426e+00	8.552935e+01	1.774508e+03
1.796614e+00	1.626020e+00	1.871236e+03	3.771397e+03
1.729276e+00	1.687712e+00	1.988329e+03	1.983541e+03
1.872840e+00	1.560182e+00	2.754041e+02	1.925562e+03
1.884820e+00	1.551289e+00	1.066956e+02	6.414504e+02
2.431617e+00	1.228061e+00	4.174999e+01	7.415378e+03
2.031889e+00	1.445353e+00	2.433015e+03	1.497735e+03
2.262420e+00	1.308838e+00	6.736179e+01	1.857381e+03
2.374543e+00	1.253835e+00	1.922854e+02	1.239132e+03
1.941470e+00	1.507858e+00	6.768667e+02	2.038344e+03
2.009452e+00	1.459079e+00	2.827369e+02	3.940876e+02
2.204497e+00	1.340860e+00	7.416181e+01	7.356203e+03
2.435142e+00	1.227327e+00	3.044757e+02	4.319847e+03
1.898785e+00	1.539688e+00	1.370664e+02	8.632475e+02
2.662914e+00	1.135443e+00	1.560913e+02	7.730805e+03
2.040575e+00	1.438989e+00	1.211498e+03	2.506190e+03
2.007466e+00	1.461108e+00	8.202938e+02	1.783423e+03
1.895284e+00	1.543386e+00	3.417632e+03	4.874773e+02
1.996310e+00	1.469928e+00	3.309436e+03	9.436071e+02
1.875428e+00	1.557746e+00	2.691025e+02	1.942540e+02
2.058005e+00	1.428186e+00	1.269289e+02	1.939216e+03
2.709528e+00	1.119684e+00	2.494452e+02	4.539403e+03
1.862124e+00	1.568990e+00	2.105776e+02	2.002676e+02
1.786981e+00	1.633689e+00	4.808276e+02	7.201266e+02
1.953171e+00	1.499743e+00	9.528001e+02	2.094970e+03
2.799411e+00	1.089302e+00	7.300032e+01	8.654122e+03
2.265922e+00	1.307350e+00	7.641868e+01	3.272557e+01
2.340548e+00	1.270603e+00	2.000190e+02	6.865660e+02
1.761570e+00	1.656397e+00	1.121246e+03	1.694702e+03
1.988777e+00	1.474132e+00	6.679766e+02	3.330130e+03
2.698720e+00	1.124192e+00	5.418127e+02	5.074706e+03
2.325393e+00	1.277727e+00	3.844974e+02	3.759660e+03
2.242066e+00	1.320612e+00	9.614761e+02	2.686146e+03
2.685384e+00	1.129140e+00	6.457090e+01	5.871688e+03
2.369735e+00	1.256143e+00	4.085686e+01	8.832819e+01
2.386221e+00	1.248656e+00	1.127609e+03	1.849347e+03
2.495681e+00	1.201227e+00	2.228976e+02	3.597132e+03
1.853137e+00	1.577036e+00	1.886946e+03	5.934633e+02
2.353550e+00	1.263944e+00	9.402597e+02	3.250798e+02
2.408850e+00	1.239205e+00	8.115499e+02	2.072799e+03
1.804813e+00	1.616895e+00	6.492522e+02	2.034791e+02
1.880344e+00	1.555382e+00	3.231126e+02	5.894519e+03
2.604900e+00	1.157268e+00	6.788612e+01	1.735004e+02
2.381356e+00	1.250696e+00	1.251692e+02	4.363623e+02
2.393364e+00	1.245294e+00	1.071292e+02	7.897380e+01
1.867541e+00	1.564337e+00	5.389749e+02	1.602336e+03
1.736453e+00	1.681705e+00	8.556064e+02	1.406268e+03
2.456438e+00	1.216941e+00	1.348193e+02	4.750825e+03
1.894318e+00	1.543558e+00	6.224629e+02	5.776468e+02
2.018387e+00	1.453488e+00	4.152118e+02	2.577414e+03
2.393550e+00	1.245795e+00	5.440946e+02	3.203358e+03
2.464773e+00	1.214288e+00	7.257598e+02	2.118520e+03
1.865569e+00	1.566910e+00	2.716903e+03	1.485018e+03
2.569764e+00	1.171519e+00	9.454096e+01	6.392816e+03
2.263094e+00	1.308898e+00	6.371186e+02	1.602464e+03
2.222150e+00	1.331540e+00	6.082434e+02	1.021860e+03
2.497421e+00	1.199681e+00	1.862816e-01	3.828165e+02
1.947996e+00	1.502601e+00	1.301016e+03	8.328615e+02
2.611648e+00	1.155284e+00	5.623048e+02	3.990436e+03
2.386253e+00	1.248104e+00	1.380312e+02	1.100313e+02
2.615111e+00	1.153455e+00	2.625670e+02	1.796624e+03
1.797401e+00	1.623265e+00	1.695204e+03	7.159431e+02
2.217413e+00	1.333797e+00	1.468893e+02	4.497333e+03
2.034100e+00	1.443157e+00	1.019707e+03	1.630585e+03
2.419124e+00	1.233312e+00	1.101861e+02	2.478976e+02
1.724806e+00	1.691065e+00	7.381573e+01	3.407339e+02
2.028593e+00	1.446672e+00	3.518747e+02	1.733928e+03
1.810219e+00	1.612668e+00	2.291945e+02	1.007769e+03
2.319165e+00	1.280895e+00	9.776134e+02	2.502969e+03
2.161650e+00	1.364741e+00	1.171050e+03	8.071238e+02
1.851815e+00	1.579485e+00	3.647026e+02	4.187809e+03
2.252847e+00	1.314283e+00	2.512421e+02	2.791661e+03
3.028595e+00	1.021395e+00	5.651963e+01	5.493063e+03
2.397066e+00	1.244451e+00	9.160138e+01	1.620204e+03
2.451757e+00	1.219496e+00	2.808720e+02	5.808142e+03
1.793841e+00	1.627645e+00	2.208589e+03	8.371542e+01
2.215277e+00	1.334886e+00	8.009028e+02	3.270836e+03
1.985869e+00	1.475924e+00	3.420607e+02	4.096145e+03
2.419692e+00	1.233199e+00	2.724566e+02	3.871004e+03
1.728841e+00	1.688015e+00	9.732988e+02	2.584591e+03
2.260033e+00	1.310214e+00	7.140644e+01	6.442317e+02
1.791250e+00	1.630368e+00	2.783874e+03	1.480929e+03
1.770444e+00	1.648713e+00	3.515533e+02	6.325258e+02
2.054922e+00	1.429968e+00	8.462818e+02	6.814364e+03
2.228579e+00	1.327857e+00	1.335006e+02	2.745654e+03
2.436494e+00	1.226420e+00	1.793796e+02	2.313055e+03
2.290586e+00	1.295414e+00	5.488871e+02	8.198187e+02
2.253519e+00	1.313711e+00	1.657772e+02	1.158101e+03
2.728073e+00	1.112919e+00	3.693498e+01	9.996024e+03
1.948681e+00	1.502045e+00	3.138185e+02	3.751218e+02
1.932145e+00	1.514622e+00	6.137307e+02	3.178230e+01
2.176930e+00	1.356344e+00	8.420604e+02	3.626339e+03
2.425859e+00	1.230330e+00	8.561960e+00	2.526777e+02
2.427079e+00	1.230914e+00	9.443756e+00	3.750573e+03
2.158249e+00	1.366563e+00	8.966599e+02	1.259599e+03
1.784635e+00	1.635141e+00	1.895126e+02	5.101489e+02
1.930737e+00	1.516603e+00	1.597742e+02	1.259713e+03
1.839425e+00	1.586617e+00	7.489010e+00	2.614561e+03
2.094826e+00	1.405511e+00	7.170540e+02	1.504845e+03
1.811263e+00	1.611868e+00	2.279206e+02	1.311596e+03
1.826746e+00	1.599045e+00	9.939563e+02	8.005522e+02
2.262764e+00	1.309778e+00	7.195058e+02	2.905759e+03
2.421031e+00	1.232749e+00	2.601006e+01	7.683979e+02
1.830214e+00	1.597169e+00	2.669764e+03	3.531397e+03
2.503360e+00	1.197945e+00	2.837436e+02	8.119457e+03
1.751280e+00	1.666163e+00	3.417742e+02	8.299432e+02
2.645047e+00	1.142044e+00	3.946100e+01	7.258331e+03
2.653469e+00	1.139749e+00	4.144520e+02	5.072137e+03
1.961314e+00	1.493625e+00	2.434339e+03	1.802957e+03
2.480510e+00	1.207226e+00	4.308491e+02	8.569968e+03
2.572161e+00	1.170381e+00	8.612314e+01	7.606163e+03
1.957151e+00	1.497583e+00	1.901166e+02	4.956815e+03
1.872303e+00	1.560558e+00	1.246228e+03	5.170666e+02
2.268911e+00	1.306707e+00	1.381232e+03	6.262991e+03
1.929415e+00	1.515947e+00	4.825607e+02	4.328655e+02
2.309954e+00	1.285250e+00	5.688822e+02	6.661253e+03
2.201037e+00	1.342629e+00	8.117108e+02	2.040938e+03
2.595021e+00	1.161517e+00	5.624013e+02	5.259054e+03
2.478072e+00	1.209695e+00	1.008556e+03	9.109601e+03
2.077710e+00	1.414436e+00	7.096652e+02	2.569573e+03
1.853734e+00	1.575720e+00	1.287375e+03	1.920570e+03
2.037438e+00	1.442002e+00	4.214793e+02	2.451738e+03
2.260479e+00	1.310839e+00	2.824149e+02	1.478034e+03
2.657722e+00	1.138368e+00	4.846817e+02	7.098874e+03
2.592897e+00	1.162097e+00	2.914443e+02	4.547285e+03
1.723162e+00	1.693140e+00	1.223816e+03	4.500209e+02
2.191805e+00	1.348314e+00	1.487351e+03	5.254030e+03
2.414025e+00	1.236162e+00	9.029969e+02	2.798737e+03
2.082828e+00	1.412632e+00	1.639224e+03	9.897869e+02
1.926294e+00	1.518372e+00	1.441531e+03	2.101885e+02
1.990239e+00	1.472897e+00	1.114573e+02	4.300476e+03
2.096317e+00	1.404704e+00	7.427377e+02	5.212214e+03
1.795152e+00	1.626584e+00	5.335088e+01	9.716051e+02
1.742552e+00	1.674405e+00	2.480596e+03	1.049787e+03
2.518678e+00	1.192186e+00	2.526732e+02	9.409162e+03
1.937022e+00	1.510279e+00	1.098414e+03	2.416484e+02
1.876750e+00	1.557333e+00	1.854648e+02	8.123145e+02
2.434411e+00	1.227622e+00	4.313543e+02	5.861236e+03
1.781578e+00	1.639223e+00	3.808420e+02	5.058746e+03
2.532089e+00	1.186987e+00	1.954412e+02	7.217606e+03
1.945287e+00	1.505412e+00	1.168308e+03	4.284094e+03
1.783724e+00	1.636788e+00	1.734916e+02	4.324076e+02
2.579168e+00	1.167944e+00	4.573069e+02	8.793047e+03
1.930736e+00	1.515986e+00	1.764958e+02	7.035938e+03
2.449502e+00	1.220372e+00	3.601588e+00	2.554496e+03
1.824155e+00	1.601355e+00	2.879092e+02	2.124172e+02
2.536248e+00	1.184547e+00	2.540812e+02	6.185086e+03
2.730644e+00	1.112812e+00	7.613007e+02	9.383248e+03
2.751405e+00	1.106270e+00	1.782513e+02	5.668905e+03
2.590945e+00	1.163075e+00	2.388274e+01	8.652860e+03
2.644395e+00	1.143314e+00	3.704564e+02	9.745222e+03
2.585242e+00	1.164997e+00	3.265039e+02	3.008138e+02
1.765994e+00	1.651835e+00	3.362588e+02	4.264866e+02
2.109808e+00	1.394923e+00	4.304434e+02	5.181043e+02
2.571438e+00	1.170929e+00	5.684014e+02	2.747583e+03
2.513732e+00	1.192494e+00	5.554943e+01	5.939258e+03
2.298517e+00	1.290872e+00	6.299093e+01	7.165048e+02
2.004765e+00	1.463068e+00	1.455038e+03	9.165188e+03
2.475237e+00	1.209122e+00	4.721649e+02	8.579921e+03
2.529377e+00	1.187196e+00	3.739950e+02	1.730531e+03
2.601724e+00	1.159020e+00	5.105766e+02	4.529707e+03
2.177653e+00	1.355976e+00	2.204023e+03	5.139471e+02
1.958075e+00	1.496038e+00	2.466842e+03	8.311478e+01
2.595522e+00	1.161268e+00	2.990890e+02	4.561271e+03
2.089408e+00	1.407464e+00	1.301516e+02	4.598580e+02
2.372475e+00	1.255833e+00	1.751582e+02	2.723820e+03
2.506220e+00	1.196692e+00	1.781792e+02	8.462199e+03
2.400553e+00	1.241897e+00	2.264565e+02	7.013538e+01
2.263127e+00	1.308704e+00	6.847758e+01	5.711533e+03
2.518328e+00	1.192024e+00	3.666738e+01	8.686929e+03
2.052827e+00	1.431229e+00	2.608185e+02	5.108715e+03
2.544451e+00	1.181624e+00	7.957785e+02	3.048157e+03
2.180321e+00	1.353357e+00	1.305604e+02	7.401149e+01
2.490101e+00	1.203236e+00	1.593134e+01	1.818507e+03
1.872489e+00	1.561050e+00	6.306079e+02	5.792512e+01
1.913663e+00	1.528279e+00	3.807927e+02	3.281996e+02
1.921281e+00	1.523590e+00	3.989556e+02	6.504062e+02
1.895757e+00	1.541508e+00	5.832835e+02	1.945254e+02
1.984714e+00	1.478531e+00	1.568377e+03	2.463735e+03
1.923618e+00	1.521624e+00	1.219355e+03	4.185683e+03
2.573566e+00	1.169994e+00	5.441826e+02	4.332072e+03
2.529495e+00	1.186586e+00	3.610610e+02	2.924611e+03
1.924421e+00	1.519871e+00	1.452673e+03	2.826266e+02
2.546637e+00	1.180637e+00	2.070294e+02	7.554459e+03
1.769409e+00	1.649599e+00	2.581873e+03	5.845594e+02
1.788721e+00	1.631005e+00	1.968788e+02	7.180525e+02
1.709969e+00	1.707152e+00	1.298246e+03	1.281713e+02
2.452229e+00	1.219987e+00	1.313493e+02	2.049956e+03
2.616024e+00	1.152880e+00	1.485592e+02	7.823205e+03
1.762878e+00	1.655134e+00	3.036636e+03	8.407161e+02
2.076069e+00	1.416405e+00	7.088396e+01	5.622584e+03
2.505360e+00	1.196927e+00	2.419536e+02	3.521958e+03
2.391896e+00	1.245736e+00	5.965834e+01	7.684840e+02
2.059280e+00	1.427851e+00	1.088496e+03	2.433177e+03
1.719861e+00	1.697631e+00	1.335094e+03	1.188411e+03
2.533601e+00	1.185805e+00	1.327909e+02	7.056359e+03
1.962146e+00	1.492644e+00	1.035840e+03	2.855381e+01
1.964546e+00	1.491619e+00	2.317551e+03	1.054109e+03
2.682529e+00	1.129151e+00	1.264994e+02	8.223637e+03
2.134208e+00	1.380848e+00	2.598084e+02	3.287182e+03
2.594528e+00	1.161587e+00	2.166980e+02	4.219364e+03
1.834696e+00	1.590962e+00	7.211070e+02	2.892790e+02
2.574264e+00	1.169567e+00	1.188703e+02	7.618988e+03
2.652003e+00	1.141218e+00	9.365015e+00	5.454995e+03
1.742223e+00	1.676233e+00	6.397416e+02	3.193134e+03
1.767802e+00	1.650334e+00	4.813679e+01	4.484892e+02
1.878523e+00	1.556032e+00	2.304138e+02	1.743075e+02
2.076904e+00	1.416470e+00	1.246302e+01	7.195191e+03
2.414526e+00	1.235920e+00	2.726258e+02	6.316408e+02
1.759590e+00	1.658632e+00	2.569889e+03	5.508565e+02
2.359796e+00	1.261606e+00	1.290648e+03	9.510448e+02
2.151220e+00	1.370459e+00	8.891642e+01	5.014105e+03
2.206228e+00	1.339056e+00	2.092694e+02	1.940854e+02
2.595906e+00	1.161409e+00	1.203013e+02	6.623611e+03
2.165053e+00	1.363119e+00	6.097690e+02	4.156701e+03
1.748897e+00	1.669949e+00	2.520250e+03	1.361897e+03
2.256195e+00	1.313309e+00	8.542524e+02	1.506402e+03
2.113774e+00	1.393557e+00	1.267188e+03	5.525978e+02
2.570042e+00	1.171406e+00	3.953024e+02	5.591206e+03
2.245620e+00	1.318574e+00	1.737853e+03	8.001142e+02
1.980495e+00	1.479495e+00	4.296016e+02	3.904607e+00
2.412867e+00	1.236536e+00	1.225622e+02	2.970348e+03
1.864586e+00	1.567091e+00	3.647337e+03	2.556428e+01
1.920790e+00	1.522948e+00	1.341094e+03	4.522866e+02
1.922661e+00	1.521784e+00	6.419605e+01	6.096910e+02
2.027962e+00	1.447568e+00	2.250047e+02	6.292611e+03
2.038686e+00	1.440043e+00	4.179625e+02	2.627006e+03
2.252473e+00	1.315164e+00	2.296125e+02	1.888032e+03
1.821223e+00	1.603103e+00	8.211954e+02	2.435210e+03
2.112811e+00	1.393511e+00	6.489021e+02	4.617312e+03
2.462433e+00	1.214798e+00	2.793830e+02	2.220928e+03
2.556479e+00	1.176029e+00	3.037529e+01	1.960557e+03
1.938644e+00	1.509894e+00	4.777579e+02	4.793192e+02
2.624806e+00	1.150781e+00	3.200792e+02	4.673105e+03
2.190606e+00	1.349029e+00	6.414539e+02	4.841003e+03
1.938474e+00	1.510285e+00	9.257297e+00	4.899774e+03
2.132603e+00	1.381815e+00	9.633120e+02	2.948531e+03
1.771927e+00	1.647286e+00	9.420515e+02	1.866420e+03
1.915530e+00	1.527748e+00	1.943235e+03	2.160950e+03
2.432882e+00	1.228320e+00	1.729501e+02	1.799490e+03
2.363038e+00	1.259222e+00	2.414815e+02	2.726639e+03
2.228502e+00	1.327025e+00	3.948037e+02	3.971589e+03
2.574715e+00	1.169892e+00	6.440055e+02	1.849794e+03
2.097100e+00	1.402552e+00	3.842153e+02	1.923497e+02
2.226555e+00	1.328318e+00	2.440834e+00	1.195131e+03
2.269114e+00	1.306566e+00	1.706257e+03	2.084207e+02
2.678380e+00	1.130584e+00	1.770587e+02	5.833373e+03
2.377253e+00	1.252492e+00	5.736198e+01	9.332030e+02
1.878611e+00	1.556809e+00	3.398857e+02	6.034438e+03
2.554611e+00	1.177271e+00	1.086325e+03	3.535642e+03
2.423656e+00	1.231401e+00	2.712458e+02	4.004472e+03
1.722696e+00	1.694866e+00	3.304834e+03	1.693385e+03
2.655251e+00	1.139017e+00	4.844649e+02	7.286720e+03
1.827818e+00	1.597086e+00	1.692363e+03	1.108139e+03
2.368555e+00	1.257009e+00	3.014706e+02	2.065063e+03
1.719526e+00	1.699149e+00	3.520443e+03	5.474865e+02
2.664164e+00	1.136318e+00	1.045147e+03	3.561789e+03
2.455752e+00	1.217620e+00	5.813316e+01	1.338724e+03
2.252844e+00	1.314531e+00	4.466088e+02	4.055458e+03
2.672372e+00	1.132189e+00	1.076945e+01	7.295774e+03
2.548942e+00	1.179821e+00	5.419381e+02	3.672883e+03
2.383882e+00	1.249722e+00	5.693017e+02	4.797758e+03
2.498006e+00	1.199463e+00	1.152377e+01	5.779603e+03
1.823858e+00	1.601570e+00	8.640345e+02	2.080952e+02
2.638611e+00	1.145476e+00	6.807563e+02	1.734137e+03
2.037732e+00	1.441289e+00	8.333196e+02	3.915237e+03
1.714982e+00	1.700531e+00	3.770979e+02	4.726597e+02
2.482514e+00	1.205686e+00	1.435561e+02	7.986031e+03
2.146040e+00	1.373694e+00	7.453135e+02	1.136513e+03
2.122786e+00	1.387039e+00	1.710860e+02	8.466259e+02
2.523056e+00	1.190389e+00	5.374090e+01	2.827968e+03
1.738118e+00	1.679487e+00	1.380297e+03	7.864979e+02
2.759125e+00	1.102247e+00	3.842444e+03	8.152903e+03
2.336877e+00	1.271842e+00	3.134942e+02	4.404496e+03
1.798296e+00	1.624449e+00	1.490805e+03	5.853789e+02
2.299752e+00	1.290173e+00	1.422800e+02	2.062350e+03
2.632643e+00	1.147691e+00	4.194759e+02	2.207734e+03
1.920690e+00	1.523078e+00	1.281957e+03	1.935423e+03
1.740307e+00	1.676341e+00	2.910161e+02	6.342269e+02
1.797528e+00	1.624832e+00	5.067429e+02	2.821496e+03
2.264984e+00	1.307986e+00	5.848166e+01	7.272231e+02
2.037577e+00	1.441884e+00	9.383301e+02	7.111395e+03
2.493314e+00	1.202647e+00	9.162726e+02	2.383383e+03
2.424678e+00	1.231160e+00	4.721013e+01	4.820977e+03
2.125397e+00	1.386568e+00	1.161719e+03	5.204743e+02
1.945141e+00	1.505248e+00	2.239723e+03	1.356614e+03
1.881060e+00	1.554673e+00	3.694078e+03	1.226244e+03
1.714605e+00	1.701553e+00	1.466741e+03	1.456537e+03
2.091254e+00	1.407287e+00	2.277188e+02	7.304939e+03
1.882743e+00	1.552437e+00	3.706994e+02	1.070697e+03
2.278503e+00	1.300582e+00	8.929390e+01	3.599184e+03
1.934867e+00	1.511783e+00	1.006112e+02	1.213656e+03
1.968380e+00	1.489589e+00	3.722930e+02	6.963078e+03
1.976411e+00	1.481996e+00	1.865414e+02	4.058588e+02
2.617370e+00	1.153257e+00	1.755710e+03	7.025660e+03
1.718314e+00	1.697451e+00	4.433100e+02	7.008170e+02
2.103249e+00	1.399058e+00	1.189504e+03	7.909042e+03
2.147023e+00	1.372710e+00	1.093134e+03	7.369572e+02
2.037318e+00	1.442059e+00	8.717894e+01	3.901239e+03
2.261219e+00	1.311063e+00	4.486545e+02	8.875071e+02
2.118374e+00	1.390003e+00	6.619754e+02	1.955162e+03
1.776084e+00	1.642132e+00	1.855156e+01	8.053195e+02
2.586564e+00	1.164542e+00	2.521732e+02	5.183914e+03
2.867263e+00	1.068222e+00	3.377277e+02	2.842810e+03
1.875059e+00	1.559916e+00	7.310597e+01	1.543336e+03
2.058497e+00	1.427143e+00	4.637512e+02	2.850118e+03
1.823751e+00	1.600011e+00	3.676643e+02	1.870070e+03
2.626972e+00	1.148757e+00	9.227241e+01	7.582920e+03
2.642208e+00	1.143756e+00	3.131317e+02	4.461557e+03
2.616548e+00	1.153260e+00	1.402261e+02	4.052395e+03
2.451499e+00	1.219937e+00	3.048052e+00	4.487372e+02
2.049963e+00	1.434759e+00	1.766012e+03	3.173223e+03
2.660057e+00	1.138436e+00	2.835085e+02	2.729705e+03
1.868038e+00	1.565192e+00	4.335077e+02	5.689732e+03
2.167070e+00	1.361816e+00	7.304082e+02	3.680130e+03
2.022812e+00	1.451035e+00	2.788941e+02	2.324380e+03
1.911971e+00	1.529154e+00	1.401678e+03	1.747889e+02
2.225775e+00	1.329526e+00	5.627007e+02	4.037081e+03
2.287183e+00	1.297270e+00	4.606537e+02	8.888250e+03
2.433806e+00	1.227263e+00	3.244897e+02	5.939540e+03
2.171479e+00	1.357950e+00	2.511395e+02	1.825034e+02
2.433579e+00	1.227392e+00	6.302993e+02	1.424151e+03
2.432598e+00	1.228267e+00	9.076709e+02	9.385457e+02
2.528965e+00	1.187660e+00	1.338831e+02	6.898482e+03
2.191385e+00	1.347844e+00	1.024552e+03	3.354251e+03
1.947026e+00	1.503676e+00	3.820903e+02	2.169271e+03
1.868025e+00	1.565132e+00	2.117413e+03	3.547533e+02
1.884154e+00	1.550582e+00	1.228974e+02	2.610050e+02
2.097061e+00	1.402636e+00	4.346832e+02	2.200899e+03
1.856844e+00	1.573631e+00	1.889463e+03	7.173825e+03
2.080539e+00	1.413118e+00	2.242748e+02	1.832213e+02
2.378378e+00	1.252590e+00	9.190451e+02	1.394685e+03
1.929929e+00	1.516459e+00	5.577651e+02	6.429628e+02
1.766463e+00	1.651656e+00	1.752477e+02	3.889103e+02
2.636540e+00	1.145462e+00	1.645043e+02	5.493341e+03
2.253948e+00	1.314723e+00	1.897311e+03	2.037001e+03
1.949774e+00	1.502325e+00	1.661975e+03	2.457576e+03
1.867163e+00	1.564619e+00	1.605039e+03	4.033031e+02
1.923875e+00	1.521215e+00	1.682168e+03	7.588977e+02
1.948151e+00	1.503358e+00	4.540386e+01	7.997332e+03
2.007158e+00	1.462644e+00	3.960786e+02	3.668855e+03
2.298618e+00	1.290600e+00	1.180159e+02	2.785796e+02
1.966398e+00	1.489986e+00	2.174498e+02	5.101011e+03
2.723220e+00	1.114650e+00	2.539853e+02	6.954236e+03
1.906979e+00	1.533837e+00	1.897389e+02	5.320632e+02
2.182444e+00	1.352382e+00	9.984743e+02	1.085998e+03
1.741591e+00	1.675125e+00	6.115634e+02	8.368933e+02
2.446867e+00	1.222020e+00	1.691990e+01	9.224730e+03
2.348536e+00	1.266183e+00	1.966590e+01	2.165009e+03
1.828714e+00	1.597074e+00	1.085245e+03	7.701412e+02
2.151382e+00	1.370016e+00	2.841682e+02	3.398294e+03
1.772454e+00	1.647072e+00	3.537302e+02	3.013172e+03
2.445451e+00	1.222351e+00	6.032044e+02	6.181096e+03
1.870500e+00	1.561568e+00	4.167737e+02	1.469860e+03
1.866539e+00	1.564622e+00	3.324128e+02	1.409093e+03
2.612869e+00	1.154895e+00	4.367181e+01	8.634374e+03
2.217441e+00	1.334641e+00	4.175742e+02	4.137884e+03
1.979319e+00	1.480311e+00	4.209806e+02	2.431004e+03
1.945530e+00	1.504890e+00	8.886741e+02	3.376110e+03
2.095588e+00	1.404180e+00	3.701221e+02	2.873019e+02
1.898845e+00	1.540393e+00	7.721404e+02	6.308989e+02
2.498039e+00	1.201077e+00	3.126544e+02	7.590486e+03
2.331208e+00	1.274526e+00	6.939154e+01	4.689756e+03
2.543973e+00	1.181670e+00	7.116400e+02	6.512264e+03
1.948139e+00	1.502994e+00	1.175131e+03	1.747977e+03
1.930351e+00	1.515964e+00	4.854218e+02	3.042999e+03
2.214132e+00	1.335916e+00	4.094779e+02	7.408807e+03
2.595669e+00	1.160045e+00	9.214847e+01	2.967744e+03
2.004861e+00	1.462668e+00	2.036458e+02	4.250178e+03
1.797692e+00	1.623258e+00	4.153987e+02	4.637756e+02
2.586116e+00	1.163827e+00	1.427749e+02	6.528525e+03
2.363834e+00	1.259449e+00	8.274380e+01	2.112100e+03
2.378565e+00	1.253050e+00	7.882520e+02	6.271052e+01
1.843593e+00	1.583942e+00	1.610690e+02	1.291672e+02
1.864308e+00	1.568366e+00	2.855950e+03	9.562280e+02
2.335094e+00	1.273324e+00	2.501538e+02	5.916091e+03
2.675584e+00	1.131245e+00	7.577854e+01	9.651005e+03
1.898025e+00	1.541139e+00	1.205248e+03	1.626255e+01
2.603693e+00	1.158375e+00	1.625246e+03	7.097972e+03
2.176291e+00	1.357092e+00	1.465016e+02	7.066430e+03
2.161238e+00	1.364307e+00	5.020573e+02	3.386941e+03
1.750935e+00	1.667696e+00	2.699445e+03	2.105119e+03
1.868104e+00	1.564121e+00	8.236338e+02	1.522069e+03
2.581179e+00	1.166124e+00	2.222435e+02	8.658654e+03
1.723008e+00	1.694684e+00	8.944383e+02	2.088294e+03
1.769224e+00	1.650998e+00	2.488974e+03	1.659673e+03
2.555259e+00	1.177402e+00	2.589300e+02	6.149668e+03
1.914924e+00	1.528024e+00	1.270836e+03	1.671877e+03
2.155174e+00	1.367798e+00	3.650513e+01	6.654986e+02
2.417402e+00	1.235502e+00	7.034588e+01	1.548272e+03
2.587177e+00	1.164515e+00	3.988287e+02	4.873505e+03
2.013623e+00	1.457220e+00	8.199880e+01	4.397041e+03
2.259979e+00	1.310417e+00	1.609520e+02	3.535825e+02
2.676744e+00	1.131377e+00	2.974420e+02	9.804931e+03
1.838860e+00	1.588782e+00	3.829365e+02	6.950804e+02
2.215051e+00	1.334392e+00	6.273991e+01	8.199702e+02
2.601746e+00	1.159139e+00	5.606021e+02	8.578020e+03
1.929777e+00	1.516875e+00	1.249584e+03	3.340798e+03
1.996991e+00	1.468014e+00	4.866459e+02	2.294450e+03
2.281457e+00	1.299612e+00	5.411864e+02	3.186598e+03
1.760796e+00	1.657803e+00	8.717827e+02	2.307062e+03
2.049610e+00	1.432935e+00	3.132210e+01	4.568105e+03
2.325316e+00	1.278896e+00	7.706871e+02	3.116515e+03
2.189491e+00	1.348843e+00	1.716177e+02	7.880379e+02
2.393024e+00	1.246008e+00	8.556330e+02	1.691236e+03
1.797881e+00	1.623215e+00	6.574020e+02	1.243848e+02
2.211077e+00	1.336370e+00	5.010297e+01	1.104102e+03
1.834904e+00	1.591529e+00	9.771761e+02	3.935112e+03
1.958691e+00	1.495198e+00	3.966168e+02	1.013010e+01
2.147461e+00	1.372570e+00	3.725499e+02	4.470884e+02
1.979744e+00	1.480199e+00	4.552912e+02	5.598178e+03
2.570658e+00	1.171168e+00	5.114358e+02	3.447458e+03
1.710933e+00	1.705057e+00	3.976554e+01	2.473399e+03
2.579711e+00	1.167103e+00	3.981059e+02	4.766243e+03
2.614671e+00	1.154300e+00	3.125807e+02	5.981311e+03
1.868617e+00	1.563484e+00	9.386222e+01	1.345384e+03
2.350729e+00	1.265976e+00	3.203601e+02	8.863036e+02
1.953548e+00	1.499151e+00	1.387232e+02	2.054191e+03
1.993527e+00	1.472045e+00	1.062885e+03	7.807822e+03
2.077056e+00	1.414802e+00	2.876677e+02	3.075847e+02
2.170835e+00	1.359021e+00	1.157061e+03	7.983296e+01
1.736290e+00	1.681051e+00	7.710669e+02	2.422682e+03
1.818241e+00	1.606323e+00	4.006849e+01	1.727257e+03
1.885742e+00	1.550086e+00	4.000367e+02	2.304741e+03
2.570277e+00	1.170627e+00	2.803117e+02	4.327467e+03
1.724192e+00	1.693086e+00	2.831954e+03	2.174285e+03
1.796406e+00	1.625327e+00	3.905767e+02	3.314843e+02
2.647516e+00	1.141853e+00	1.223376e+02	4.456699e+03
1.781820e+00	1.638317e+00	1.058604e+03	1.570685e+03
2.115994e+00	1.391608e+00	2.378169e+01	3.190243e+03
1.817978e+00	1.605504e+00	5.269632e+01	1.004335e+03
2.514197e+00	1.193346e+00	1.485237e+02	9.126246e+03
2.582029e+00	1.166803e+00	9.083962e+02	4.238974e+03
1.725465e+00	1.691285e+00	1.986756e+03	2.293493e+03
2.541916e+00	1.182551e+00	5.481117e+02	5.393543e+03
1.768499e+00	1.651432e+00	2.647544e+03	2.140007e+02
1.879785e+00	1.555410e+00	5.861645e+02	6.281315e+02
1.797000e+00	1.625428e+00	2.755163e+03	8.354462e+02
2.335804e+00	1.272259e+00	2.421759e+02	9.228538e+02
2.353670e+00	1.263816e+00	6.384971e+02	3.166238e+03
1.745015e+00	1.671052e+00	1.871008e+03	1.315780e+03
1.734923e+00	1.682877e+00	3.739095e+03	2.121619e+03
2.115468e+00	1.391554e+00	3.751324e+02	1.351903e+03
1.721544e+00	1.694869e+00	1.983532e+03	1.159284e+03
1.980292e+00	1.480740e+00	1.804441e+03	4.414334e+02
1.873817e+00	1.559836e+00	1.096927e+02	4.044809e+03
2.373732e+00	1.254907e+00	6.634146e+02	1.635461e+03
2.455731e+00	1.217122e+00	3.325165e+02	2.992518e+03
1.995422e+00	1.469054e+00	4.082343e+02	2.004601e+03
2.190252e+00	1.348215e+00	4.440113e+02	2.383759e+03
2.531834e+00	1.187200e+00	2.622879e+02	7.566600e+03
2.091785e+00	1.405829e+00	2.528527e+03	3.179684e+03
1.720636e+00	1.695231e+00	1.863722e+02	5.943338e+02
1.943809e+00	1.506747e+00	1.737970e+03	2.368201e+03
1.969080e+00	1.488089e+00	1.321574e+02	3.669504e+03
2.595696e+00	1.161246e+00	1.211688e+02	6.737784e+03
1.955775e+00	1.497180e+00	3.792956e+02	2.548697e+03
2.591948e+00	1.162329e+00	3.643210e+01	2.203942e+03
2.665079e+00	1.134944e+00	1.580559e+02	5.226068e+03
2.556887e+00	1.176364e+00	5.281028e+02	1.424964e+03
1.951984e+00	1.498972e+00	9.944017e+02	1.406617e+03
1.817236e+00	1.607556e+00	2.729635e+03	9.279068e+02
1.901996e+00	1.537955e+00	7.141226e+01	5.098743e+03
2.041586e+00	1.439033e+00	3.895837e+01	3.011706e+03
1.843836e+00	1.583679e+00	2.013817e+02	2.889298e+02
2.018715e+00	1.453399e+00	2.183897e+03	7.801835e+02
1.982365e+00	1.478731e+00	1.754863e+03	5.743029e+03
2.169436e+00	1.359903e+00	4.544335e+01	2.931615e+03
2.163103e+00	1.364646e+00	1.492751e+03	6.186828e+03
2.677144e+00	1.130526e+00	1.933765e+02	7.907288e+03
2.132479e+00	1.381252e+00	3.864696e+02	1.032718e+03
2.329914e+00	1.275112e+00	1.416576e+01	9.736013e+02
1.974945e+00	1.484692e+00	2.074671e+03	1.510260e+03
2.120059e+00	1.388431e+00	8.330926e+02	6.801562e+02
2.014696e+00	1.456009e+00	9.874691e+02	2.652500e+03
2.021391e+00	1.451559e+00	8.304839e+02	3.360664e+03
2.590863e+00	1.163219e+00	2.773944e+02	7.050387e+03
2.137817e+00	1.378365e+00	4.389783e+02	6.670133e+03
2.129645e+00	1.383411e+00	1.028441e+03	1.996051e+03
2.299157e+00	1.290697e+00	1.265512e+02	3.559297e+03
1.947458e+00	1.503324e+00	6.167038e+02	2.555495e+02
2.423664e+00	1.231691e+00	3.140692e+01	1.248972e+03
1.721241e+00	1.696280e+00	8.063466e+02	5.318831e+03
2.293347e+00	1.294555e+00	6.454372e+02	1.320318e+03
2.437341e+00	1.225887e+00	1.403720e+02	6.280579e+03
2.249500e+00	1.316125e+00	9.085990e+02	5.758439e+03
1.946757e+00	1.503704e+00	5.466259e+02	1.334539e+02
2.191664e+00	1.347916e+00	1.790927e+02	4.705825e+03
2.289984e+00	1.295772e+00	7.702457e+02	3.425043e+03
2.314328e+00	1.283385e+00	7.159898e+01	6.356415e+03
2.566362e+00	1.172864e+00	2.937201e+02	5.222609e+03
2.176165e+00	1.356743e+00	5.660572e+02	3.847111e+03
2.380748e+00	1.251007e+00	2.675114e+02	4.164332e+03
1.903604e+00	1.536477e+00	1.227693e+03	1.760442e+02
2.526479e+00	1.187738e+00	8.672398e+01	3.190973e+02
1.797825e+00	1.624216e+00	1.032605e+03	1.777854e+03
2.454547e+00	1.218448e+00	1.090599e+02	2.574693e+03
2.446512e+00	1.221611e+00	6.296131e+02	3.877777e+03
2.048525e+00	1.435062e+00	8.339864e+02	1.347836e+03
1.816474e+00	1.607323e+00	1.343253e+03	2.798120e+03
2.649275e+00	1.140933e+00	2.248106e+01	6.597961e+03
2.301340e+00	1.289280e+00	1.687873e+02	2.204733e+03
2.560149e+00	1.174804e+00	1.256681e+03	9.260960e+03
2.531498e+00	1.186854e+00	1.254003e+02	7.947298e+03
1.909721e+00	1.531365e+00	1.702907e+02	2.279576e+02
1.712795e+00	1.703274e+00	1.395645e+02	5.550732e+02
2.666484e+00	1.134256e+00	1.132293e+02	7.562343e+03
2.010651e+00	1.457452e+00	2.113741e+01	1.155594e+03
1.906555e+00	1.535318e+00	4.526795e+03	2.734024e+02
1.732513e+00	1.684044e+00	1.061416e+03	1.506396e+03
2.594063e+00	1.161511e+00	2.558283e+02	3.278328e+03
1.857564e+00	1.574160e+00	6.442290e+02	3.704484e+03
1.735267e+00	1.681017e+00	3.629779e+01	4.882090e+02
2.154149e+00	1.368685e+00	6.148464e+02	4.048483e+03
2.171889e+00	1.358599e+00	1.005965e+03	1.256346e+03
1.995325e+00	1.469720e+00	1.440884e+03	1.435273e+03
1.928610e+00	1.517574e+00	1.507852e+03	3.996378e+03
1.912789e+00	1.529794e+00	1.329600e+03	4.063834e+03
1.873144e+00	1.560582e+00	1.067353e+02	8.013645e+02
1.917624e+00	1.526912e+00	1.558841e+03	4.045746e+03
1.935107e+00	1.511688e+00	6.390357e-01	4.407659e+02
2.582632e+00	1.166328e+00	3.325597e+02	5.644428e+03
2.338484e+00	1.271619e+00	3.446803e+02	5.244410e+03
1.927374e+00	1.518830e+00	7.432550e+02	2.692405e+03
2.401479e+00	1.241016e+00	3.141854e+02	2.013768e+03
2.557767e+00	1.175932e+00	3.181158e+02	4.688194e+03
2.488625e+00	1.203967e+00	1.791992e+02	1.716176e+03
2.533238e+00	1.185560e+00	3.812678e+02	9.217000e+03
1.800202e+00	1.622506e+00	1.835605e+03	1.073133e+03
1.944260e+00	1.505719e+00	1.592583e+03	2.058606e+02
1.737933e+00	1.678613e+00	4.424701e+02	7.311509e+02
1.918890e+00	1.525023e+00	1.602267e+03	2.150996e+03
2.060974e+00	1.426713e+00	1.551313e+03	1.893023e+03
2.460061e+00	1.215411e+00	3.955871e+02	3.913773e+03
2.441072e+00	1.224215e+00	2.138293e+01	9.233475e+02
1.917726e+00	1.524751e+00	1.475040e+03	4.708918e+01
2.355633e+00	1.263434e+00	4.892030e+02	9.840973e+03
1.803897e+00	1.617837e+00	2.948233e+02	4.487546e+02
1.733826e+00	1.684209e+00	3.124838e+03	2.077401e+03
2.120946e+00	1.388898e+00	1.316915e+03	6.278047e+02
1.863985e+00	1.566769e+00	4.747412e+02	1.332251e+03
2.523617e+00	1.190183e+00	1.189375e+01	5.949846e+03
2.183175e+00	1.352596e+00	7.906217e+02	5.543538e+03
2.534895e+00	1.185282e+00	5.203982e+02	2.014098e+03
1.883963e+00	1.552429e+00	7.205385e+02	3.241527e+03
2.420877e+00	1.233242e+00	1.845719e+02	4.628782e+03
2.641821e+00	1.143014e+00	4.164986e+02	6.131443e+03
2.296006e+00	1.293119e+00	1.817533e+03	7.247424e+03
1.955302e+00	1.496817e+00	3.136204e+02	8.385382e+02
1.839917e+00	1.586819e+00	2.738199e+02	3.019142e+02
1.914049e+00	1.529900e+00	7.521254e+02	4.032896e+03
2.488148e+00	1.204357e+00	4.158789e+01	9.471183e+03
1.826140e+00	1.601155e+00	4.654027e+03	6.285730e+01
2.009145e+00	1.460909e+00	1.955087e+03	5.375058e+03
1.717597e+00	1.698395e+00	5.870631e+02	2.101719e+03
1.825007e+00	1.600591e+00	3.549587e+03	9.879927e+02
2.271068e+00	1.304696e+00	6.492234e+02	2.060296e+03
2.199704e+00	1.342674e+00	2.032848e+02	8.401212e+02
1.813651e+00	1.611270e+00	2.727010e+03	7.600951e+02
1.906913e+00	1.534246e+00	2.869419e+03	1.575898e+02
2.026400e+00	1.448523e+00	2.885699e+02	7.809280e+03
2.265976e+00	1.307845e+00	3.273402e+02	3.952964e+03
2.024851e+00	1.449735e+00	6.135227e+02	3.416321e+03
2.222104e+00	1.329893e+00	6.532531e+01	3.901102e+02
2.042084e+00	1.439108e+00	4.885611e+03	1.906419e+03
2.408827e+00	1.238739e+00	8.468645e+02	1.826245e+02
2.672377e+00	1.133059e+00	1.530475e+03	5.875574e+03
2.506829e+00	1.196984e+00	1.950748e+03	3.899917e+03
1.973880e+00	1.484931e+00	9.371611e+02	2.453768e+03
1.944405e+00	1.505768e+00	9.919164e+02	4.888285e+03
1.911924e+00	1.530182e+00	1.993942e+03	1.255474e+02
2.584379e+00	1.165511e+00	1.464236e+02	2.024624e+03
1.960302e+00	1.493772e+00	1.348085e+03	1.434234e+02
2.023651e+00	1.450040e+00	7.608355e+01	4.482872e+03
2.427055e+00	1.230862e+00	2.025877e+02	7.094289e+03
1.948198e+00	1.502491e+00	4.890447e+02	1.714509e+02
2.420780e+00	1.233094e+00	8.019164e+02	4.262415e+03
2.015490e+00	1.455461e+00	5.826754e+02	7.966376e+02
2.571442e+00	1.169754e+00	1.907529e+02	2.501423e+03
2.046966e+00	1.434637e+00	8.911277e+01	3.475825e+03
2.131278e+00	1.382001e+00	8.090999e+02	4.234337e+03
2.667173e+00	1.135813e+00	1.176935e+03	6.062330e+02
2.277384e+00	1.301476e+00	9.524711e+01	6.537187e+03
2.206938e+00	1.338539e+00	1.626473e+03	1.389915e+03
2.533472e+00	1.185364e+00	2.122372e+01	1.700630e+03
1.781425e+00	1.640072e+00	6.817578e+02	1.882074e+03
1.799795e+00	1.622251e+00	9.731591e+02	1.393680e+03
1.959876e+00	1.493130e+00	4.681913e+02	1.939437e+03
2.265428e+00	1.307501e+00	6.871707e+02	4.493068e+03
1.797020e+00	1.624595e+00	8.566319e+02	3.154605e+02
2.138795e+00	1.377801e+00	4.432724e+02	4.359827e+03
1.941372e+00	1.507722e+00	4.209928e+02	2.914585e+03
1.722026e+00	1.693950e+00	1.432163e+02	4.446457e+02
2.421909e+00	1.232915e+00	5.850520e+02	1.682553e+03
2.314351e+00	1.283461e+00	1.273615e+03	7.848038e+02
1.892689e+00	1.545239e+00	1.198760e+03	1.640709e+03
1.851768e+00	1.578680e+00	2.557134e+03	1.484074e+03
2.219121e+00	1.331928e+00	2.670356e+02	4.487733e+01
2.631582e+00	1.147514e+00	3.866990e+02	5.235775e+03
2.122627e+00	1.387491e+00	2.200329e+02	2.381044e+03
2.669263e+00	1.133151e+00	1.917209e+02	9.301269e+03
1.925099e+00	1.519279e+00	6.976353e+01	3.232726e+02
2.541969e+00	1.182366e+00	4.510481e+02	9.401040e+03
2.346997e+00	1.267235e+00	1.296171e+02	1.371534e+03
2.092399e+00	1.405961e+00	9.079265e+02	2.354980e+03
2.316664e+00	1.282544e+00	3.913341e+01	6.482500e+03
2.226622e+00	1.328696e+00	7.691314e+02	3.196579e+03
2.021651e+00	1.451371e+00	5.079391e+02	8.662007e+02
2.389829e+00	1.247233e+00	2.665908e+02	3.041615e+03
2.361640e+00	1.260122e+00	7.135995e+01	7.776989e+02
2.146648e+00	1.373402e+00	7.189810e+02	2.918431e+03
1.759115e+00	1.658308e+00	1.925011e+03	6.191050e+02
1.767358e+00	1.650979e+00	4.705402e+02	7.697972e+02
1.866440e+00	1.566415e+00	1.880039e+03	9.141933e+02
2.621885e+00	1.151226e+00	6.545653e+01	4.504893e+02
2.284975e+00	1.297671e+00	1.491837e+02	1.489043e+03
2.634054e+00	1.147142e+00	1.688322e+03	6.262421e+03
2.378487e+00	1.252370e+00	1.236630e+03	1.475719e+03
2.430160e+00	1.229796e+00	1.109881e+02	1.791479e+03
1.943809e+00	1.506747e+00	1.737970e+03	2.368201e+03
2.075694e+00	1.416895e+00	1.263558e+03	2.386337e+03
1.846367e+00	1.580805e+00	4.888556e+02	8.417123e+00
1.759234e+00	1.658400e+00	1.008612e+02	6.556166e+02
2.466345e+00	1.213491e+00	2.223802e+02	1.820140e+03
2.489765e+00	1.202961e+00	1.276347e+03	5.950046e+03
2.308506e+00	1.287799e+00	1.845169e+03	9.711443e+02
2.117449e+00	1.391204e+00	9.504929e+02	3.478385e+03
2.638712e+00	1.144262e+00	2.263648e+02	5.653107e+03
2.402749e+00	1.240817e+00	5.260027e+01	7.036353e+02
1.777770e+00	1.641668e+00	1.189939e+03	4.604684e+02
2.123204e+00	1.387777e+00	1.704343e+03	6.054059e+02
1.987558e+00	1.475861e+00	3.039810e+03	1.280390e+01
2.726705e+00	1.113136e+00	2.832330e+02	7.327964e+02
2.056371e+00	1.428285e+00	5.136331e+02	3.785353e+02
1.712145e+00	1.705118e+00	2.038225e+02	1.694104e+03
2.802217e+00	1.088877e+00	6.422825e+02	7.133024e+03
2.082042e+00	1.411929e+00	8.429220e+02	4.370091e+03
2.217893e+00	1.332807e+00	5.219425e+01	9.156332e+02
2.586791e+00	1.164353e+00	4.215098e+01	3.953760e+03
2.085314e+00	1.410008e+00	4.075690e+01	1.931316e+03
2.706537e+00	1.120515e+00	5.592051e+02	6.733198e+03
2.614021e+00	1.154627e+00	8.975541e+02	4.892493e+03
2.538810e+00	1.183390e+00	3.019269e+02	6.432713e+03
2.282682e+00	1.299144e+00	1.296568e+03	2.149501e+03
2.501185e+00	1.198689e+00	1.982503e+02	6.138260e+03
2.550324e+00	1.178544e+00	5.953612e+02	8.786848e+03
1.961328e+00	1.493538e+00	1.110870e+03	1.701712e+03
2.147337e+00	1.372810e+00	5.611179e+02	7.099165e+02
2.199408e+00	1.343545e+00	9.935560e+02	2.504937e+03
2.342718e+00	1.268916e+00	1.816135e+02	6.138666e+02
2.613374e+00	1.154853e+00	2.249135e+02	2.078995e+03
1.902489e+00	1.538463e+00	2.507866e+03	3.169990e+03
2.166811e+00	1.361299e+00	3.390947e+02	1.604109e+03
2.272265e+00	1.304085e+00	9.663446e+01	2.074064e+02
2.141586e+00	1.375621e+00	5.066481e+01	5.772887e+02
2.487540e+00	1.204086e+00	6.311482e+02	4.560974e+03
1.997424e+00	1.468822e+00	9.747837e+02	6.234627e+03
2.058241e+00	1.427304e+00	8.612733e+02	1.570989e+03
1.851956e+00	1.577169e+00	1.983019e+03	6.453792e+02
2.343753e+00	1.268488e+00	8.625802e+02	2.521511e+02
2.368345e+00	1.256485e+00	9.392683e+01	2.208262e+03
2.310438e+00	1.285414e+00	2.696520e+02	4.294269e+02
1.757304e+00	1.660358e+00	5.996593e+02	9.734988e+02
2.084186e+00	1.412177e+00	8.395247e+02	1.376786e+03
1.732796e+00	1.683735e+00	2.648573e+02	7.459471e+02
2.245455e+00	1.318268e+00	6.473739e+02	2.302675e+03
1.721342e+00	1.694526e+00	7.674857e+02	1.288049e+02
2.518081e+00	1.192109e+00	1.019936e+03	2.601160e+03
2.424214e+00	1.231656e+00	5.223419e+01	1.298004e+03
2.045968e+00	1.434612e+00	2.673474e+02	2.780135e+02
1.857125e+00	1.572583e+00	8.583685e+02	1.552189e+03
1.959722e+00	1.494729e+00	4.180637e+02	5.046834e+03
1.993621e+00	1.470605e+00	9.750527e+02	1.978761e+03
1.937588e+00	1.511507e+00	1.577359e+03	2.237661e+03
1.838396e+00	1.590283e+00	2.709679e+03	3.793134e+03
2.400600e+00	1.241536e+00	2.478669e+02	1.115820e+03
2.593753e+00	1.162003e+00	1.605096e+02	7.820475e+02
1.838431e+00	1.589029e+00	5.595522e+02	5.554240e+02
2.170377e+00	1.359295e+00	2.938995e+02	5.656600e+03
1.719719e+00	1.697194e+00	4.948489e+03	7.815120e+02
1.852132e+00	1.579366e+00	2.744024e+02	3.754218e+03
2.608054e+00	1.157009e+00	4.094755e+02	6.454158e+03
2.563446e+00	1.173587e+00	3.736847e+02	2.955730e+03
2.059174e+00	1.427375e+00	1.914085e+03	3.278357e+02
2.309072e+00	1.285645e+00	8.365130e+02	5.620047e+03
2.012001e+00	1.458124e+00	4.263552e+02	9.750590e+02
2.613613e+00	1.154546e+00	4.527155e+02	4.029071e+03
2.358363e+00	1.261769e+00	2.838076e+02	1.872773e+02
1.926463e+00	1.518650e+00	1.398792e+03	1.717811e+03
2.337813e+00	1.272290e+00	1.782059e+03	9.820234e+03
2.526802e+00	1.187836e+00	6.713399e+00	1.400763e+03
2.051392e+00	1.432855e+00	9.314299e+01	8.153204e+03
2.599344e+00	1.159460e+00	3.531423e+02	4.583437e+03
1.936442e+00	1.511188e+00	1.000184e+03	9.506391e+02
1.873632e+00	1.559483e+00	8.123481e+02	2.080132e+03
2.102486e+00	1.399739e+00	7.936678e+02	2.594310e+03
1.748496e+00	1.669324e+00	1.639292e+03	1.528425e+03
2.175726e+00	1.357627e+00	3.659196e+02	4.940230e+03
2.160867e+00	1.366321e+00	2.305919e+03	5.648199e+02
2.004893e+00	1.462754e+00	6.605428e+02	1.578246e+03
1.884959e+00	1.551056e+00	3.309272e+02	8.628683e+02
2.309602e+00	1.285876e+00	4.600782e+02	4.850565e+03
2.371773e+00	1.256317e+00	9.027210e+01	7.637694e+03
2.493411e+00	1.201986e+00	4.967386e+02	3.070768e+03
1.951447e+00	1.500567e+00	6.790826e+02	6.269398e+02
2.046669e+00	1.434846e+00	5.812873e+02	1.811523e+02
2.238716e+00	1.321481e+00	4.437093e+01	8.879755e+02
2.507702e+00	1.195803e+00	1.503033e+02	5.679486e+03
2.176406e+00	1.357152e+00	3.460998e+03	4.548018e+03
1.927437e+00	1.519006e+00	2.597699e+02	3.587519e+03
2.546442e+00	1.180713e+00	7.024444e+02	3.280355e+03
1.742223e+00	1.676233e+00	6.397416e+02	3.193134e+03
1.796625e+00	1.625220e+00	1.223564e+03	1.800942e+03
2.150320e+00	1.370784e+00	4.324961e+02	4.755995e+03
2.243984e+00	1.318648e+00	3.345912e+02	4.046752e+03
2.516248e+00	1.192337e+00	5.338253e+01	2.230192e+03
1.992290e+00	1.471287e+00	1.080416e+02	1.948742e+03
1.947029e+00	1.503302e+00	9.025665e+02	7.237346e+02
1.946214e+00	1.504109e+00	1.260042e+03	1.796381e+03
1.810977e+00	1.611546e+00	2.465798e+02	3.097648e+02
1.903661e+00	1.536885e+00	1.407452e+03	4.698090e+03
1.733381e+00	1.684956e+00	2.383622e+03	7.499389e+02
1.758620e+00	1.659654e+00	1.138346e+03	1.711254e+03
2.272279e+00	1.304043e+00	9.158220e+01	6.192212e+02
2.154003e+00	1.368720e+00	4.845330e+02	1.896630e+03
2.302119e+00	1.288795e+00	1.182541e+02	4.739814e+02
1.874753e+00	1.559415e+00	8.087329e+01	1.272026e+03
2.371164e+00	1.255480e+00	9.349810e+01	9.135718e+02
1.904121e+00	1.536771e+00	1.652292e+03	8.150837e+02
1.708680e+00	1.707223e+00	3.561159e+01	5.562474e+02
1.877346e+00	1.556703e+00	1.402928e+03	5.467441e+02
2.002428e+00	1.464579e+00	7.931494e+02	1.832105e+03
2.714894e+00	1.117429e+00	9.557168e+01	8.028506e+03
2.145663e+00	1.373877e+00	7.776192e+02	1.582370e+03
2.213591e+00	1.335271e+00	8.004757e+01	5.833951e+02
2.190948e+00	1.348996e+00	9.309508e+02	7.363326e+03
2.696573e+00	1.124019e+00	2.873213e+01	2.719821e+03
2.169602e+00	1.360673e+00	1.633121e+03	6.346170e+03
2.245583e+00	1.318991e+00	4.194623e+02	3.131765e+03
2.545556e+00	1.181022e+00	7.288621e+02	7.144001e+03
2.061498e+00	1.424988e+00	3.839750e+02	9.116300e+02
2.308805e+00	1.287019e+00	4.134939e+02	3.976554e+03
2.549572e+00	1.179070e+00	2.724112e+02	5.846347e+03
2.116799e+00	1.390952e+00	9.082938e+01	6.870610e+02
2.516353e+00	1.192793e+00	3.019506e+02	3.322012e+03
2.061719e+00	1.425364e+00	1.814110e+02	3.680169e+03
1.882540e+00	1.551894e+00	1.865593e+02	2.414418e+02
1.999165e+00	1.466476e+00	4.504974e+02	1.654161e+03
2.542661e+00	1.182046e+00	1.758657e+02	8.046946e+03
2.377455e+00	1.253747e+00	1.054610e+02	1.796970e+03
1.837915e+00	1.589824e+00	1.967194e+03	7.388861e+02
2.145647e+00	1.373866e+00	6.413612e+02	6.209869e+02
2.652651e+00	1.140367e+00	9.899044e+02	4.257013e+03
2.524103e+00	1.189651e+00	9.475437e+02	2.877525e+03
2.223792e+00	1.330383e+00	4.308753e+02	5.315430e+03
2.099706e+00	1.400697e+00	2.610208e+02	4.557616e+03
2.218579e+00	1.332078e+00	6.936154e+01	2.204067e+02
2.239690e+00	1.321442e+00	5.018545e+00	6.150045e+03
2.085337e+00	1.410934e+00	6.301934e+01	6.541412e+03
2.625506e+00	1.150029e+00	4.974950e+02	8.465016e+03
2.012616e+00	1.458230e+00	9.055246e+01	1.677110e+03
1.862459e+00	1.569481e+00	3.969631e+02	2.024306e+03
1.926278e+00	1.518444e+00	2.973450e+02	5.113175e+02
2.469756e+00	1.211296e+00	3.472115e+01	6.765829e+02
2.221587e+00	1.331945e+00	1.263424e+03	1.845696e+03
2.898953e+00	1.059163e+00	1.236170e+03	5.874643e+03
2.364217e+00	1.259731e+00	2.013567e+02	5.894799e+03
1.786944e+00	1.634146e+00	3.599590e+03	1.859530e+02
2.462407e+00	1.215296e+00	5.659156e+02	1.990837e+03
2.773239e+00	1.098054e+00	4.614901e+02	9.112972e+03
2.654430e+00	1.139295e+00	2.719568e+02	4.135216e+03
1.923185e+00	1.521547e+00	3.274527e+02	2.615249e+03
2.148824e+00	1.372823e+00	1.037985e+03	3.690122e+03
2.501757e+00	1.198208e+00	1.599274e+02	5.646987e+02
2.323210e+00	1.278422e+00	2.143847e+02	3.688945e+02
2.045044e+00	1.436534e+00	1.328435e+02	2.658341e+03
2.633195e+00	1.147313e+00	1.344728e+03	5.506415e+03
2.480698e+00	1.206946e+00	3.891989e+01	1.209585e+02
1.875650e+00	1.558441e+00	7.256896e+02	4.740641e+02
1.919840e+00	1.523650e+00	1.377825e+03	5.792409e+02
2.240796e+00	1.320520e+00	1.974090e+02	3.598400e+03
1.978899e+00	1.482027e+00	2.058111e+03	1.876338e+03
2.578839e+00	1.166800e+00	2.943961e+01	1.063091e+03
1.772245e+00	1.647340e+00	2.668522e+03	8.249256e+02
2.384750e+00	1.250069e+00	1.695006e+02	5.291536e+03
2.902775e+00	1.057706e+00	8.536303e+01	6.868408e+03
2.547859e+00	1.179867e+00	2.638738e+02	4.161127e+03
1.883671e+00	1.551731e+00	3.833777e+02	2.899738e+03
2.587733e+00	1.164294e+00	1.627804e+01	2.649364e+03
2.660721e+00	1.137080e+00	1.873626e+02	5.165255e+03
2.701745e+00	1.122354e+00	5.311780e+02	8.177603e+03
2.063658e+00	1.423469e+00	4.500123e+02	5.692755e+02
1.894404e+00	1.543577e+00	6.717763e+02	2.903517e+02
2.112566e+00	1.393901e+00	7.600820e+02	2.040110e+03
2.190605e+00	1.348669e+00	2.253645e+03	6.106654e+03
2.377174e+00	1.253542e+00	5.399702e+02	2.054177e+03
2.595808e+00	1.161112e+00	1.424476e+01	8.606739e+03
1.973487e+00	1.485153e+00	8.268592e+01	4.707280e+03
2.071248e+00	1.417618e+00	1.278391e+02	2.327504e+02
2.078762e+00	1.414608e+00	1.307575e+03	1.713681e+03
1.722320e+00	1.694439e+00	2.716977e+03	4.317923e+02
2.038707e+00	1.441024e+00	2.197529e+03	8.215598e+02
2.242593e+00	1.320015e+00	2.890503e+02	3.738194e+03
2.361333e+00	1.259608e+00	6.083904e+01	2.790227e+01
2.577671e+00	1.168183e+00	1.905770e+01	9.728938e+03
2.200012e+00	1.342647e+00	2.993295e+02	3.494537e+02
1.864086e+00	1.567634e+00	5.024458e+02	7.297637e+01
1.951474e+00	1.500536e+00	1.983232e+01	8.293675e+02
2.436072e+00	1.226237e+00	1.142413e+02	3.164021e+02
2.446826e+00	1.222212e+00	9.181941e+01	2.008833e+03
2.173453e+00	1.357896e+00	7.532588e+02	1.904589e+03
2.245689e+00	1.317461e+00	2.597360e+02	1.084643e+03
2.563013e+00	1.173977e+00	3.564274e+02	4.169723e+03
2.286744e+00	1.296453e+00	2.880898e+02	6.033234e+02
2.121286e+00	1.388386e+00	1.255430e+03	1.880325e+03
2.371773e+00	1.256317e+00	9.027210e+01	7.637694e+03
1.980083e+00	1.480599e+00	6.222431e+01	4.942866e+03
2.274109e+00	1.302900e+00	7.297345e+01	1.405669e+02
2.266193e+00	1.307091e+00	6.458246e+02	2.456271e+03
1.843224e+00	1.585796e+00	1.457568e+03	6.533558e+02
1.870551e+00	1.563172e+00	3.572551e+03	9.122610e+02
2.270479e+00	1.306378e+00	6.516234e+02	2.005804e+03
2.546608e+00	1.180344e+00	4.519150e+01	8.524227e+03
1.858155e+00	1.572186e+00	5.137671e+02	2.878900e+03
2.224655e+00	1.329134e+00	2.616887e+02	2.806534e+02
2.364414e+00	1.259774e+00	5.057166e+02	3.463998e+03
1.930585e+00	1.515657e+00	1.427535e+03	2.013949e+03
2.284559e+00	1.297970e+00	1.173607e+03	4.667630e+03
1.909830e+00	1.531886e+00	1.750884e+01	1.998172e+03
1.762567e+00	1.655259e+00	1.239362e+03	7.510789e+01
2.082814e+00	1.412322e+00	6.377471e+02	1.610363e+03
2.792299e+00	1.092294e+00	2.883109e+02	2.278234e+03
1.905272e+00	1.535235e+00	5.751782e+02	8.859735e+02
1.712856e+00	1.703982e+00	9.541609e+02	1.941948e+03
1.816914e+00	1.608161e+00	3.236667e+03	1.788812e+03
1.955237e+00	1.497823e+00	2.222707e+02	3.965116e+03
2.007905e+00	1.460778e+00	3.207116e+02	3.800757e+03
1.786627e+00	1.633662e+00	1.735200e+02	3.066196e+03
2.581643e+00	1.166243e+00	1.158313e+02	3.702628e+03
2.092250e+00	1.406668e+00	2.574918e+01	6.736547e+03
2.115292e+00	1.391993e+00	4.504530e+02	2.537452e+03
1.891194e+00	1.545809e+00	3.113455e+02	2.471614e+03
1.944194e+00	1.505075e+00	1.554456e+03	1.827321e+02
1.871643e+00	1.562053e+00	5.177382e+02	2.170019e+03
1.791587e+00	1.629252e+00	2.439246e+02	2.426653e+02
2.725474e+00	1.114026e+00	9.008218e+01	1.649581e+03
1.729200e+00	1.688534e+00	2.921299e+03	1.673714e+03
2.508387e+00	1.195778e+00	1.522193e+02	8.993356e+03
2.182317e+00	1.352123e+00	1.129371e+02	3.731481e+01
2.488627e+00	1.203324e+00	4.119942e+02	3.083224e+02
1.892235e+00	1.545446e+00	4.757902e+02	5.372013e+02
2.189466e+00	1.348832e+00	7.181371e+02	4.084819e+03
2.116396e+00	1.390883e+00	3.429422e+02	9.003401e+02
1.974164e+00	1.484403e+00	1.438176e+03	2.385433e+03
1.960149e+00	1.494040e+00	4.937814e+02	2.356689e+02
2.281855e+00	1.299516e+00	4.109640e+01	2.638515e+02
2.662988e+00	1.135708e+00	1.013120e+02	6.820554e+03
2.158500e+00	1.366765e+00	1.456329e+03	7.986840e+03
2.595311e+00	1.160549e+00	4.899663e+02	6.123673e+03
2.381971e+00	1.252048e+00	1.060439e+03	1.990819e+03
2.606734e+00	1.157483e+00	7.243453e+02	4.861331e+03
2.138466e+00	1.378293e+00	3.866094e+02	4.135972e+03
2.597804e+00	1.160236e+00	9.293643e+00	2.634914e+03
2.083267e+00	1.411705e+00	3.578941e+01	2.051221e+03
2.164287e+00	1.363595e+00	5.032579e+02	4.474115e+03
2.171675e+00	1.359206e+00	6.112540e+02	6.524825e+03
2.481805e+00	1.207624e+00	4.483599e+03	8.732515e+03
1.851337e+00	1.578362e+00	8.870399e+02	1.090385e+03
2.397986e+00	1.242865e+00	7.333272e+02	2.912932e+03
2.632180e+00	1.146791e+00	1.825843e+02	7.006019e+03
2.210826e+00	1.336930e+00	6.404247e+02	3.818983e+03
1.731455e+00	1.684726e+00	2.197451e-01	8.252944e+02
2.589212e+00	1.162868e+00	4.648086e+02	6.401175e+03
2.317448e+00	1.282537e+00	6.810744e+02	2.857757e+03
2.627140e+00	1.150319e+00	3.312964e+02	2.937539e+03
1.979929e+00	1.480942e+00	9.169316e+01	5.725737e+03
1.851075e+00	1.577846e+00	1.799425e+03	9.289255e+02
2.530730e+00	1.187051e+00	1.056228e+03	2.924272e+03
2.750534e+00	1.104882e+00	1.333499e+02	8.702212e+03
2.045915e+00	1.435273e+00	9.557516e+02	2.404119e+03
2.137901e+00	1.378497e+00	9.078128e+02	2.390182e+03
2.235823e+00	1.323745e+00	4.883261e+01	4.652316e+03
2.364904e+00	1.259496e+00	4.501380e+02	3.998281e+03
2.309077e+00	1.285661e+00	7.535910e+02	5.776202e+03
1.839688e+00	1.587279e+00	5.581138e+02	2.009084e+03
1.949652e+00	1.502163e+00	2.651796e+01	1.960493e+03
1.993528e+00	1.470328e+00	3.618874e+02	3.369489e+03
2.598927e+00	1.159378e+00	1.125901e+02	6.875717e+03
2.078619e+00	1.413035e+00	2.386691e+02	2.715056e+01
2.124475e+00	1.386993e+00	9.104216e+02	3.179621e+03
1.833801e+00	1.592897e+00	1.114917e+03	6.673166e+02
2.159323e+00	1.366137e+00	7.265155e+02	2.422494e+03
2.282559e+00	1.299560e+00	1.068878e+03	2.865310e+03
2.132746e+00	1.381672e+00	8.001101e+02	4.450378e+03
2.473732e+00	1.210274e+00	5.357377e+02	6.992507e+03
3.081262e+00	1.007844e+00	5.399119e+02	7.664669e+03
1.834073e+00	1.593145e+00	3.633639e+02	7.447348e+02
1.884118e+00	1.550927e+00	7.936478e+01	6.881002e+02
2.148972e+00	1.371891e+00	6.494161e+02	6.205864e+03
2.124198e+00	1.385914e+00	9.754515e+01	7.594200e+02
2.374134e+00	1.254207e+00	9.447950e+01	1.272431e+03
2.421909e+00	1.232915e+00	5.850520e+02	1.682553e+03
2.584108e+00	1.165501e+00	7.423164e+02	3.539883e+03
2.247135e+00	1.317467e+00	3.310743e+02	5.116063e+03
2.140869e+00	1.376498e+00	2.786995e+03	3.965046e+03
1.933689e+00	1.512763e+00	1.306128e+03	4.204102e+02
2.410743e+00	1.238441e+00	1.027893e+03	5.142846e+03
2.714194e+00	1.117965e+00	5.436386e+01	1.942252e+03
2.584395e+00	1.165662e+00	4.821496e+02	4.199255e+03
1.835712e+00	1.590147e+00	2.101184e+02	2.021218e+03
1.809822e+00	1.613708e+00	1.456153e+03	1.259332e+03
1.968753e+00	1.488359e+00	6.462827e+02	3.377343e+03
2.616751e+00	1.153342e+00	3.644712e+02	6.260492e+03
2.191433e+00	1.346910e+00	7.077169e+01	4.508095e+02
1.786147e+00	1.634520e+00	3.006497e+03	6.755719e+03
1.927505e+00	1.518065e+00	4.459544e+02	2.623973e+03
2.735422e+00	1.111849e+00	7.173533e+02	6.406801e+03
1.727797e+00	1.689436e+00	5.236211e+02	3.016056e+02
2.725133e+00	1.114296e+00	3.387826e+02	7.703381e+03
2.194685e+00	1.346551e+00	1.111855e+03	6.947107e+02
1.746583e+00	1.671064e+00	2.953533e+02	7.505072e+02
1.738738e+00	1.679054e+00	3.268207e+03	7.227700e+02
1.903553e+00	1.535370e+00	2.556368e+01	8.790838e+02
2.384961e+00	1.250217e+00	4.355857e+02	1.475413e+03
1.916794e+00	1.527395e+00	2.335944e+03	4.320519e+03
2.211095e+00	1.336421e+00	1.352175e+02	6.164267e+02
2.087864e+00	1.409115e+00	3.159660e+02	7.185358e+03
2.383657e+00	1.250368e+00	3.493791e+02	4.789132e+03
2.585360e+00	1.165395e+00	2.597348e+02	3.970651e+03
2.040679e+00	1.440175e+00	2.571080e+03	6.340238e+02
1.867943e+00	1.564289e+00	2.674361e+02	6.739190e+02
1.867455e+00	1.564477e+00	5.634089e+02	3.078535e+02
1.812297e+00	1.610590e+00	3.649338e+02	1.523178e+02
2.267319e+00	1.306651e+00	3.755146e+01	3.483254e+02
1.996061e+00	1.469640e+00	9.528034e+01	3.462939e+03
1.996664e+00	1.468681e+00	2.536254e+02	1.926062e+03
2.596311e+00	1.161136e+00	2.047589e+01	3.931864e+03
2.100619e+00	1.400487e+00	1.492182e+03	3.976335e+02
2.002667e+00	1.465800e+00	3.105891e+03	1.441579e+03
1.921835e+00	1.522783e+00	4.468158e+02	3.160178e+03
2.256843e+00	1.313310e+00	1.252978e+03	8.078012e+03
1.891815e+00	1.544892e+00	1.553244e+02	4.218877e+02
2.206574e+00	1.339353e+00	6.583258e+02	2.481936e+03
2.045017e+00	1.435154e+00	2.412874e+02	1.457943e+03
2.470405e+00	1.211078e+00	9.425486e+01	5.314431e+03
2.316818e+00	1.281740e+00	3.686840e+02	3.442715e+02
1.869367e+00	1.562864e+00	1.504074e+02	7.371412e+02
2.300670e+00	1.289338e+00	3.248422e+02	3.605146e+03
1.886004e+00	1.550226e+00	1.244686e+03	1.370506e+03
2.589716e+00	1.162641e+00	4.524594e+02	7.015108e+03
2.409534e+00	1.238488e+00	6.510544e+01	4.212464e+03
2.507369e+00	1.196711e+00	5.357483e+02	3.787752e+03
2.215523e+00	1.334086e+00	1.762892e+02	1.283954e+03
2.658326e+00	1.137888e+00	3.145053e+02	3.800644e+03
1.960553e+00	1.494475e+00	8.748031e+02	1.702005e+03
2.513578e+00	1.193292e+00	4.404105e+02	4.935019e+02
1.855608e+00	1.574307e+00	2.249985e+02	9.677524e+02
1.963990e+00	1.490895e+00	1.195221e+01	1.199771e+03
1.953834e+00	1.500397e+00	1.268787e+03	6.924010e+03
2.163139e+00	1.363591e+00	2.193399e+02	4.787856e+02
1.973965e+00	1.483892e+00	1.034835e+02	1.812019e+03
2.336686e+00	1.271543e+00	1.485252e+02	9.447331e+02
1.877372e+00	1.556830e+00	7.880132e+02	1.503597e+03
1.951568e+00	1.500716e+00	7.242427e+00	2.156452e+03
2.580540e+00	1.166923e+00	3.218503e+02	3.944606e+03
2.012842e+00	1.457155e+00	7.862484e+02	4.420186e+03
1.915268e+00	1.527386e+00	7.595310e+01	6.471124e+02
2.296407e+00	1.291613e+00	1.657642e+02	9.667106e+02
1.897536e+00	1.541044e+00	2.331613e+00	4.422322e+02
2.140202e+00	1.377397e+00	1.528633e+03	1.240755e+02
2.281888e+00	1.299711e+00	9.944993e+02	8.229790e+02
1.755482e+00	1.661632e+00	1.753401e+03	6.048461e+02
2.044779e+00	1.434827e+00	6.507385e+01	4.061732e+02
1.984548e+00	1.476491e+00	7.489006e+01	2.256531e+03
1.841153e+00	1.587667e+00	9.825868e+02	3.546683e+03
2.521857e+00	1.189621e+00	7.166425e+01	3.056578e+03
2.245421e+00	1.318221e+00	1.792627e+02	1.118835e+03
2.626325e+00	1.149983e+00	6.452286e+02	1.111212e+03
2.592675e+00	1.161965e+00	1.552309e+01	2.202452e+03
1.977020e+00	1.482714e+00	2.222177e+03	2.819563e+03
1.920372e+00	1.524330e+00	1.788426e+03	1.832972e+03
2.185363e+00	1.350604e+00	3.345010e+02	4.116401e+02
2.481266e+00	1.207279e+00	1.141301e+02	9.330769e+03
1.877360e+00	1.556961e+00	4.873625e+02	3.075493e+02
2.368716e+00	1.257249e+00	2.084531e+02	1.395966e+03
1.873353e+00	1.560929e+00	1.805284e+03	7.084282e+02
1.738724e+00	1.677756e+00	7.445786e+02	1.057425e+03
2.186949e+00	1.350271e+00	1.732836e+02	7.932377e+02
2.131751e+00	1.381762e+00	1.200338e+01	8.478576e+02
2.015599e+00	1.455339e+00	1.650470e+02	4.652789e+03
1.724748e+00	1.691147e+00	2.528214e+02	1.046370e+02
1.975302e+00	1.483246e+00	4.819698e+02	3.484726e+02
2.147343e+00	1.373062e+00	1.125889e+03	1.878265e+03
1.829354e+00	1.596292e+00	1.171040e+02	6.729245e+02
2.091432e+00	1.406823e+00	1.222463e+03	1.670171e+03
2.586768e+00	1.164416e+00	1.346687e+02	1.952740e+03
2.287863e+00	1.296194e+00	2.127964e+02	1.379832e+03
1.955388e+00	1.497437e+00	8.988183e+01	1.535214e+03
1.868071e+00	1.564559e+00	1.108816e+03	6.875003e+00
2.559138e+00	1.176139e+00	1.401536e+02	7.526978e+03
2.516840e+00	1.192565e+00	3.125672e+02	7.563704e+03
1.975789e+00	1.482124e+00	7.643185e+02	4.624611e+01
1.837736e+00	1.589622e+00	2.693199e+02	6.682091e+02
2.259211e+00	1.312084e+00	5.827267e+02	9.888411e+02
2.306280e+00	1.286576e+00	1.840757e+01	7.288833e+02
1.971253e+00	1.487435e+00	7.370845e+02	4.296609e+03
2.594818e+00	1.161478e+00	3.379765e+01	9.895528e+03
2.538810e+00	1.183390e+00	3.019269e+02	6.432713e+03
2.728667e+00	1.112277e+00	3.873327e+01	8.897769e+03
1.887425e+00	1.548636e+00	6.304793e+02	2.050108e+03
2.184746e+00	1.350288e+00	2.268431e+02	1.387249e+03
2.186593e+00	1.349882e+00	1.975304e+02	1.652876e+03
1.899710e+00	1.538145e+00	1.680781e+02	1.190264e+03
2.503484e+00	1.197394e+00	2.851498e+01	2.404201e+02
2.587727e+00	1.164612e+00	3.760213e+02	4.769446e+03
1.982140e+00	1.479238e+00	1.647545e+03	1.718559e+03
2.019966e+00	1.451454e+00	1.721109e+02	2.064601e+03
1.950240e+00	1.501663e+00	5.539681e+01	3.136372e+03
1.938240e+00	1.510389e+00	4.235303e+02	3.553883e+03
2.018771e+00	1.453297e+00	4.389013e+02	5.890748e+02
1.741596e+00	1.675047e+00	1.351701e+03	1.822326e+03
2.006586e+00	1.461969e+00	8.164515e+02	1.683261e+03
2.431965e+00	1.228559e+00	2.117752e+02	2.133187e+03
2.131946e+00	1.381592e+00	1.206978e+02	2.005345e+03
2.558872e+00	1.175383e+00	1.561066e+02	5.299865e+03
2.657282e+00	1.138142e+00	1.901718e+02	7.869946e+03
2.111826e+00	1.393306e+00	7.920374e+01	2.027792e+02
2.156884e+00	1.366768e+00	2.839342e+02	4.454030e+03
2.549891e+00	1.178935e+00	3.473569e+01	7.754381e+03
2.426974e+00	1.230354e+00	7.852166e+01	6.924233e+02
1.966701e+00	1.489297e+00	1.611795e+03	4.408281e+02
2.028023e+00	1.447930e+00	8.578332e+02	3.195861e+03
1.870497e+00	1.563662e+00	7.005797e+01	7.646720e+03
2.778061e+00	1.095979e+00	1.055216e+02	5.711140e+02
1.881399e+00	1.553145e+00	4.326877e+02	1.144621e+02
1.992186e+00	1.471147e+00	1.908880e+02	3.658604e+02
2.389351e+00	1.247054e+00	1.316358e+02	9.722109e+03
1.852221e+00	1.577140e+00	3.310156e+01	4.129776e+03
2.144803e+00	1.374027e+00	2.705422e+02	2.527344e+02
2.478536e+00	1.207998e+00	2.011978e+02	9.105136e+03
1.985078e+00	1.477298e+00	3.318119e+03	1.961143e+03
2.584247e+00	1.165851e+00	3.698102e+01	4.995544e+03
2.264969e+00	1.308123e+00	1.063314e+01	2.392388e+03
1.823332e+00	1.601881e+00	1.190225e+02	8.996239e+02
2.065519e+00	1.423875e+00	1.732835e+02	2.477815e+03
2.207431e+00	1.339036e+00	9.517784e+02	3.137636e+03
2.612870e+00	1.154420e+00	2.436158e+01	2.337776e+03
1.850989e+00	1.579108e+00	1.245288e+03	4.314166e+03
2.607225e+00	1.155988e+00	8.470772e+01	6.076890e+03
2.257558e+00	1.312534e+00	3.150017e+02	8.078341e+03
1.737456e+00	1.680909e+00	2.732660e+03	4.035519e+02
1.767807e+00	1.650416e+00	1.306934e+02	8.162645e+02
1.764990e+00	1.652823e+00	2.893604e+01	1.190151e+03
2.462615e+00	1.214415e+00	1.290942e+02	5.165813e+03
1.965165e+00	1.489691e+00	2.798594e+01	6.592576e+02
1.747032e+00	1.670438e+00	2.978147e+03	8.317951e+02
2.214129e+00	1.335049e+00	2.771255e+02	5.360065e+03
1.732387e+00	1.683772e+00	2.964622e+00	5.273359e+02
1.994357e+00	1.469709e+00	8.733325e+02	4.924708e+03
2.096245e+00	1.404316e+00	1.176596e+02	6.253407e+03
2.564448e+00	1.173486e+00	7.785544e+02	3.447259e+03
2.507745e+00	1.195461e+00	5.494107e+02	7.002050e+03
2.045651e+00	1.434251e+00	1.002901e+02	1.107973e+03
1.813307e+00	1.609060e+00	7.828115e+01	3.747122e+02
2.205411e+00	1.339588e+00	8.034418e+02	5.705431e+03
2.427928e+00	1.229871e+00	8.273153e+02	7.638021e+03
2.280518e+00	1.300452e+00	1.306726e+01	2.049483e+02
2.459057e+00	1.216661e+00	5.892189e+02	6.424350e+03
1.984564e+00	1.476991e+00	1.546812e+01	9.660364e+02
2.236844e+00	1.322878e+00	2.637415e+02	1.667012e+03
2.423004e+00	1.232536e+00	8.792396e+02	1.111138e+02
2.514558e+00	1.192734e+00	9.817586e+01	1.463571e+02
1.969166e+00	1.487576e+00	3.682592e+02	2.525837e+03
2.317005e+00	1.282389e+00	5.366881e+02	3.969520e+03
1.949419e+00	1.502277e+00	3.855120e+01	1.844781e+03
2.191177e+00	1.346881e+00	6.168743e+02	2.162083e+02
1.958510e+00	1.495188e+00	4.308834e+02	3.192483e+03
2.203905e+00	1.341112e+00	1.582795e+03	8.825759e+02
2.324713e+00	1.278106e+00	2.044604e+02	1.268155e+03
2.018399e+00	1.454081e+00	1.948138e+03	5.077770e+03
1.856069e+00	1.574460e+00	1.406125e+03	1.442857e+03
1.955707e+00	1.498119e+00	4.961323e+01	6.831793e+03
2.086962e+00	1.409039e+00	1.522694e+03	5.324478e+03
1.889927e+00	1.546459e+00	2.601369e+02	2.038040e+02
2.449328e+00	1.220161e+00	4.558452e+02	3.438617e+02
1.932585e+00	1.513379e+00	3.887492e+02	2.418781e+02
2.259507e+00	1.311039e+00	5.890940e+02	3.647939e+03
1.932866e+00	1.514018e+00	1.404305e+03	9.206842e+02
2.529495e+00	1.186822e+00	4.236022e+02	4.227782e+03
2.332554e+00	1.273883e+00	8.935395e+00	6.042026e+02
2.598307e+00	1.160481e+00	1.880540e+02	6.469768e+03
2.716294e+00	1.116981e+00	9.671750e+01	6.984477e+03
2.538861e+00	1.183777e+00	6.671956e+02	2.895019e+03
2.601886e+00	1.158789e+00	1.485374e+02	7.134555e+03
2.515325e+00	1.192753e+00	3.144657e+02	4.590556e+03
2.034741e+00	1.442308e+00	8.037492e+01	1.446857e+03
2.345577e+00	1.268397e+00	3.354663e+02	4.973329e+03
2.557482e+00	1.175460e+00	5.878892e+01	2.034218e+01
2.585351e+00	1.165422e+00	2.925568e+01	4.022892e+03
1.797340e+00	1.625766e+00	5.025665e+02	5.800008e+03
2.382979e+00	1.250803e+00	9.561913e+02	8.748710e+02
1.844233e+00	1.584760e+00	2.404171e+03	9.126747e+03
2.078368e+00	1.414207e+00	5.908864e+02	7.304368e+01
2.438720e+00	1.225235e+00	4.476754e+02	3.956945e+03
2.687290e+00	1.126811e+00	6.909835e+00	7.891336e+03
1.726572e+00	1.688601e+00	1.925495e+03	8.544330e+02
2.286759e+00	1.297371e+00	1.689385e+02	1.681523e+02
1.974534e+00	1.484754e+00	4.119179e+03	5.493024e+03
2.612074e+00	1.155042e+00	8.350242e+01	7.327904e+03
2.526327e+00	1.188430e+00	4.451919e+02	1.680679e+03
1.842146e+00	1.586332e+00	8.195646e+01	5.563279e+03
1.792046e+00	1.629480e+00	6.321235e+02	2.768343e+02
2.207411e+00	1.339277e+00	9.030649e+00	5.018104e+03
2.445124e+00	1.222884e+00	1.725449e+01	4.202552e+03
2.186086e+00	1.351123e+00	6.158791e+02	3.981069e+03
1.878789e+00	1.555945e+00	4.370570e+02	5.388410e+03
2.055784e+00	1.429343e+00	4.148430e+02	3.481488e+03
2.518299e+00	1.191812e+00	5.145551e+02	8.625900e+03
2.154448e+00	1.369707e+00	5.498784e+02	4.228378e+03
2.537917e+00	1.184056e+00	2.169174e+02	7.828565e+03
1.728638e+00	1.687412e+00	4.852235e+02	2.896620e+03
2.198009e+00	1.344940e+00	5.604265e+02	7.075531e+03
2.530590e+00	1.188143e+00	9.926228e+02	3.704483e+03
2.402584e+00	1.240506e+00	2.872222e+02	2.018147e+03
1.996952e+00	1.469864e+00	1.832255e+02	8.811488e+03
2.825545e+00	1.080852e+00	1.257290e+01	2.196378e+03
2.187527e+00	1.350502e+00	4.600342e+01	3.802128e+03
2.048525e+00	1.435062e+00	8.339864e+02	1.347836e+03
1.766871e+00	1.652581e+00	2.995955e+03	8.148961e+02
2.082431e+00	1.411962e+00	7.649020e+02	9.669826e+02
2.383658e+00	1.250476e+00	3.095173e+02	6.063601e+02
2.312539e+00	1.283646e+00	1.852054e+02	4.902154e+02
2.466199e+00	1.213256e+00	2.234987e+02	3.935535e+03
2.035359e+00	1.441689e+00	2.850200e+02	2.062226e+03
1.945961e+00	1.504832e+00	1.332603e+03	3.801812e+03
1.900886e+00	1.538795e+00	8.578425e+01	2.617118e+02
1.946197e+00	1.503223e+00	5.209738e+01	1.825406e+02
1.937138e+00	1.511549e+00	9.810372e+02	2.449338e+03
2.030307e+00	1.446227e+00	7.210430e+02	1.332978e+03
2.313462e+00	1.283101e+00	5.147912e+01	3.775893e+03
2.205345e+00	1.339597e+00	3.627172e+01	1.121168e+03
2.102912e+00	1.399222e+00	3.871264e+02	3.490587e+03
1.873017e+00	1.560492e+00	1.804341e+03	1.427517e+02
2.349474e+00	1.266021e+00	1.617184e+02	2.763774e+03
2.794563e+00	1.091304e+00	6.863676e+02	1.972775e+03
2.434646e+00	1.227120e+00	4.360976e+02	3.059488e+03
1.739873e+00	1.678688e+00	2.431769e+03	8.512013e+02
2.715755e+00	1.118801e+00	2.918018e+02	6.112859e+03
1.886972e+00	1.548423e+00	6.182699e+02	1.781862e+02
2.223823e+00	1.330186e+00	9.393254e+02	3.824080e+03
2.158345e+00	1.366052e+00	1.476200e+02	1.808617e+03
2.082608e+00	1.411736e+00	5.459836e+02	2.911560e+03
1.930500e+00	1.515271e+00	8.810160e+02	5.950908e+02
2.786383e+00	1.095002e+00	1.857561e+02	7.351316e+03
2.611941e+00	1.154880e+00	1.645483e+02	4.018772e+03
1.711911e+00	1.704792e+00	1.891971e+03	2.817227e+03
1.734216e+00	1.683653e+00	2.787546e+03	2.087833e+03
1.875646e+00	1.557810e+00	4.285816e+02	4.016626e+02
2.700494e+00	1.122010e+00	4.009233e+01	6.630071e+03
2.406599e+00	1.240588e+00	1.597086e+03	3.897933e+03
2.097520e+00	1.403199e+00	3.022730e+02	7.883894e+03
2.350049e+00	1.265067e+00	2.764725e+02	1.472550e+03
1.831999e+00	1.594442e+00	1.113077e+03	8.834518e+02
2.460434e+00	1.216174e+00	6.029601e+02	9.188472e+03
2.480185e+00	1.207483e+00	5.133722e+02	8.037203e+03
2.094056e+00	1.404762e+00	1.866698e+02	3.517321e+03
2.331727e+00	1.274164e+00	3.347913e+02	2.104202e+02
1.814492e+00	1.608818e+00	1.369344e+02	4.092918e+03
2.209199e+00	1.338463e+00	8.391864e+02	3.642719e+03
1.774657e+00	1.645424e+00	1.523249e+03	1.988314e+03
2.039573e+00	1.439474e+00	1.240891e+03	5.095987e+03
2.084078e+00	1.410845e+00	9.950426e+02	4.002080e+03
2.502202e+00	1.198397e+00	6.091283e+02	1.357310e+03
1.927594e+00	1.519350e+00	2.953965e+02	8.920396e+03
2.562191e+00	1.174522e+00	7.554648e+02	2.357148e+03
1.946885e+00	1.502673e+00	4.470386e+01	1.087026e+03
2.373247e+00	1.254381e+00	1.082398e+02	5.385006e+02
2.485084e+00	1.205365e+00	5.612454e+02	5.440646e+03
1.738271e+00	1.679239e+00	4.813556e+02	1.659498e+02
2.463443e+00	1.214058e+00	4.796114e+02	8.465188e+03
1.826216e+00	1.598467e+00	1.243004e+02	1.791617e+02
2.463090e+00	1.214462e+00	5.617155e+02	4.482648e+02
2.333102e+00	1.274202e+00	7.856979e+02	3.996158e+03
1.854837e+00	1.574609e+00	8.264372e+02	1.489710e+03
1.808883e+00	1.613566e+00	4.958053e+02	3.620717e+02
2.454783e+00	1.218433e+00	1.712740e+02	1.864848e+03
2.185457e+00	1.350824e+00	2.402812e+02	8.617290e+02
2.140401e+00	1.377450e+00	1.861777e+03	2.008585e+03
2.070934e+00	1.419125e+00	1.347255e+02	5.203520e+03
2.244506e+00	1.319530e+00	9.919561e+02	3.586960e+03
1.806597e+00	1.615764e+00	3.325603e+02	1.081996e+03
2.333202e+00	1.273715e+00	4.775867e+00	1.003111e+03
2.017445e+00	1.453927e+00	7.012080e+02	2.513323e+03
1.990588e+00	1.472814e+00	5.091601e+02	7.278243e+02
2.238415e+00	1.321783e+00	1.689829e+02	2.775696e+02
1.839419e+00	1.588218e+00	2.133378e+03	2.908077e+02
2.294606e+00	1.293836e+00	6.571395e+02	3.728251e+03
2.438700e+00	1.224960e+00	2.688294e+02	2.946785e+01
2.422529e+00	1.232064e+00	2.648548e+02	5.685589e+03
1.889320e+00	1.548258e+00	7.856228e+02	3.412230e+03
2.323978e+00	1.278690e+00	1.288481e+02	3.739193e+03
1.775822e+00	1.643299e+00	1.545585e+02	1.056460e+03
1.954954e+00	1.498012e+00	3.802179e+02	5.768619e+03
2.191363e+00	1.348835e+00	1.068162e+03	6.544226e+03
2.211642e+00	1.336895e+00	7.708809e+02	8.828814e+03
2.490589e+00	1.202893e+00	4.135431e+02	4.615351e+03
2.550992e+00	1.178334e+00	1.077563e+01	1.493291e+03
2.564169e+00	1.173629e+00	2.708355e+02	4.238355e+03
2.481604e+00	1.206443e+00	7.704950e+01	2.318863e+03
2.522694e+00	1.190267e+00	6.047628e+01	8.125796e+03
2.699556e+00	1.122613e+00	1.541876e+02	6.741027e+03
2.357086e+00	1.262049e+00	1.497295e+01	1.427121e+03
2.504619e+00	1.196808e+00	2.789491e+01	3.188337e+03
2.406264e+00	1.240205e+00	6.457767e+02	3.498913e+03
2.170767e+00	1.359430e+00	6.766962e+02	2.692853e+03
2.703267e+00	1.121968e+00	1.107666e+02	9.595276e+03
1.995779e+00	1.470001e+00	2.414790e+03	2.035393e+03
1.871550e+00	1.561652e+00	1.833083e+02	8.716411e+02
1.798082e+00	1.623800e+00	1.032522e+03	1.596239e+03
1.960420e+00	1.494998e+00	2.303636e+03	4.192751e+03
2.204758e+00	1.340255e+00	3.392397e+02	3.207183e+03
2.097100e+00	1.402552e+00	3.842153e+02	1.923497e+02
2.441536e+00	1.224031e+00	1.846112e+02	5.198462e+02
1.986084e+00	1.475533e+00	5.940159e+01	6.480848e+02
2.226942e+00	1.327898e+00	4.918167e+02	1.585804e+01
1.814036e+00	1.610222e+00	8.370702e+01	3.881650e+03
1.721582e+00	1.695566e+00	2.979214e+03	1.423580e+02
2.318975e+00	1.280786e+00	1.096484e+02	3.847001e+02
2.025727e+00	1.447931e+00	1.228449e+02	1.396869e+03
1.769572e+00	1.649738e+00	5.173417e+02	8.788530e+02
2.625048e+00	1.150585e+00	9.179996e+02	4.043983e+03
1.778923e+00	1.641217e+00	1.864690e+03	1.681036e+02
2.619146e+00	1.151351e+00	1.028684e+02	2.307757e+03
2.414730e+00	1.236067e+00	3.705613e+02	2.818729e+03
2.634554e+00	1.146572e+00	6.528004e+02	5.602842e+03
2.175915e+00	1.355995e+00	1.124674e+01	1.047752e+03
1.762166e+00	1.656260e+00	3.140918e+02	7.751174e+02
1.805256e+00	1.617894e+00	1.859376e+03	5.863220e+02
2.484235e+00	1.206245e+00	6.510270e+02	2.729634e+03
1.777399e+00	1.642291e+00	8.060896e+02	3.887081e+03
2.408138e+00	1.239640e+00	3.579716e+01	2.301759e+03
2.123444e+00	1.387400e+00	5.725497e+02	4.951437e+03
2.485643e+00	1.204747e+00	2.635657e+00	5.927941e+03
1.914721e+00	1.527971e+00	1.010891e+02	1.214223e+03
2.149285e+00	1.371658e+00	1.283393e+03	2.144410e+03
1.838896e+00	1.588991e+00	3.270414e+03	1.373246e+03
2.215236e+00	1.334062e+00	1.958340e+02	3.536610e+02
2.065465e+00	1.423543e+00	1.009970e+01	3.156405e+03
1.914629e+00	1.529385e+00	3.297042e+03	8.013675e+02
2.248841e+00	1.317008e+00	8.808869e+02	3.101899e+03
1.843615e+00	1.584906e+00	2.987339e+03	5.814852e+02
2.132417e+00	1.380117e+00	3.384058e+02	2.295232e+03
2.378019e+00	1.252177e+00	4.915318e+01	5.589641e+02
2.458122e+00	1.216730e+00	4.052161e+02	3.925736e+03
2.033168e+00	1.445627e+00	1.437944e+03	5.182776e+03
2.626925e+00	1.149515e+00	1.821889e+02	9.094416e+03
2.404907e+00	1.240505e+00	1.417110e+00	2.168847e+03
1.753602e+00	1.664675e+00	3.058149e+02	1.082655e+02
2.087232e+00	1.409710e+00	1.373991e+03	4.629722e+02
1.794368e+00	1.626509e+00	5.560860e+02	1.078404e+02
1.814896e+00	1.610312e+00	2.089660e+03	9.041070e+03
2.641555e+00	1.144354e+00	3.210041e+02	5.784588e+03
2.474848e+00	1.209196e+00	1.734961e+02	9.748777e+02
1.996061e+00	1.469640e+00	9.528034e+01	3.462939e+03
2.492714e+00	1.202338e+00	8.424112e+02	4.149849e+03
1.755906e+00	1.662778e+00	2.634819e+03	1.418766e+03
1.780726e+00	1.638096e+00	1.438359e+02	9.581542e+01
2.730961e+00	1.111870e+00	3.992209e+02	1.171105e+03
1.766771e+00	1.653720e+00	3.592954e+03	1.300830e+03
2.271958e+00	1.304624e+00	1.196651e+02	1.578270e+03
1.942738e+00	1.506220e+00	1.504460e+03	5.546384e+02
2.046254e+00	1.435141e+00	5.130391e+02	1.538905e+03
1.863852e+00	1.567515e+00	1.564482e+02	3.778334e+02
1.738221e+00	1.678188e+00	2.350852e+02	7.672480e+02
2.155511e+00	1.367064e+00	3.809382e+02	1.347511e+03
2.302679e+00	1.288703e+00	5.083290e+01	1.403089e+03
2.625657e+00	1.149999e+00	2.497796e+02	5.571520e+03
2.310322e+00	1.285673e+00	1.063150e+02	1.517541e+03
2.012006e+00	1.457679e+00	1.283227e+02	1.183892e+03
1.797097e+00	1.624746e+00	8.577618e+02	2.679747e+02
2.309072e+00	1.285645e+00	8.365130e+02	5.620047e+03
1.958207e+00	1.496987e+00	3.269332e+03	1.027086e+03
1.759667e+00	1.658239e+00	4.765566e+02	1.031984e+03
2.592493e+00	1.162609e+00	3.610681e+02	4.677224e+03
2.598810e+00	1.159906e+00	2.671152e+01	5.020736e+03
1.843920e+00	1.584033e+00	6.649186e+02	3.875527e+01
2.668249e+00	1.134350e+00	2.563195e+02	5.304274e+03
1.987019e+00	1.475752e+00	6.411328e+02	4.997863e+03
1.957674e+00	1.496105e+00	6.033039e+02	1.011862e+03
1.753483e+00	1.664429e+00	1.212539e+03	2.100150e+03
1.746249e+00	1.670681e+00	1.995424e+02	2.139744e+02
2.631748e+00	1.147789e+00	4.682566e+02	3.909624e+03
2.478406e+00	1.208528e+00	5.342441e+02	2.349648e+03
1.810499e+00	1.612170e+00	1.202376e+02	1.371350e+03
1.919918e+00	1.523776e+00	8.972756e+01	1.937489e+03
2.017562e+00	1.454479e+00	5.109474e+02	2.595441e+03
1.973933e+00	1.484478e+00	2.503069e+02	6.429037e+02
2.070223e+00	1.419403e+00	4.333256e+02	4.107432e+03
2.073106e+00	1.418539e+00	1.438509e+03	4.289613e+02
2.525394e+00	1.189125e+00	5.847456e+02	4.864909e+03
2.526327e+00	1.188430e+00	4.451919e+02	1.680679e+03
1.723942e+00	1.692095e+00	2.371309e+02	6.306161e+02
2.170202e+00	1.360319e+00	1.469709e+03	7.772436e+03
2.466383e+00	1.213258e+00	1.641402e+01	5.383316e+02
1.780655e+00	1.638768e+00	2.491599e-01	6.264257e+02
1.748074e+00	1.669215e+00	2.206535e+02	6.960676e+02
2.106535e+00	1.398102e+00	5.517980e+02	4.125650e+03
2.458964e+00	1.215863e+00	1.224343e+02	2.265754e+02
2.576539e+00	1.168735e+00	1.999376e+02	8.409261e+03
1.855048e+00	1.575686e+00	9.343838e+02	2.284382e+03
2.404473e+00	1.240575e+00	1.247616e+01	1.876877e+03
1.880786e+00	1.553641e+00	6.158330e+02	1.887710e+03
1.840785e+00	1.587004e+00	4.664853e+02	5.006929e+02
2.452526e+00	1.219105e+00	4.601556e+02	5.426001e+03
1.977914e+00	1.482951e+00	1.545888e+02	8.149439e+03
2.135048e+00	1.379493e+00	5.225760e+01	1.325360e+02
2.296311e+00	1.292675e+00	1.073772e+03	2.747389e+03
2.509966e+00	1.194752e+00	1.065342e+02	4.072343e+02
2.717051e+00	1.116991e+00	7.340706e+01	9.864077e+03
1.976599e+00	1.484095e+00	1.974493e+03	3.435911e+02
1.893975e+00	1.543628e+00	5.202056e+02	2.643289e+03
1.960960e+00	1.493469e+00	1.574494e+03	1.161726e+03
1.791048e+00	1.630935e+00	2.648466e+03	1.894914e+02
1.924045e+00	1.520805e+00	1.380143e+03	1.705105e+03
1.941924e+00	1.507281e+00	1.083689e+03	2.077229e+03
1.778488e+00	1.641493e+00	1.596982e+03	1.548707e+03
2.317882e+00	1.281844e+00	2.248755e+01	4.506859e+03
2.145394e+00	1.372973e+00	3.831443e+02	1.291150e+03
2.503936e+00	1.197243e+00	1.820429e+02	3.405643e+03
1.790980e+00	1.631713e+00	4.573621e+03	7.443515e+01
2.573123e+00	1.170067e+00	6.324693e+02	2.219819e+03
2.278332e+00	1.300752e+00	8.380424e+01	6.099890e+00
2.553133e+00	1.177269e+00	1.713729e+02	5.084578e+03
2.290336e+00	1.295311e+00	1.364382e+03	6.779156e+01
2.184004e+00	1.352468e+00	9.138227e+02	4.244967e+03
2.598549e+00	1.160400e+00	4.391249e+02	3.953008e+03
2.004237e+00	1.463793e+00	6.621226e+01	4.661069e+03
2.485947e+00	1.205284e+00	4.934384e+02	3.573195e+03
2.109207e+00	1.395627e+00	3.498213e+02	4.749202e+03
2.381068e+00	1.251205e+00	1.273819e+02	1.524592e+03
2.505321e+00	1.197659e+00	5.945944e+02	3.924296e+03
1.839705e+00	1.588216e+00	5.465784e+02	8.900865e+01
2.643640e+00	1.143260e+00	2.756262e+02	4.593488e+03
2.504129e+00	1.197000e+00	1.174031e+02	4.613727e+02
2.049094e+00	1.433213e+00	5.704256e+02	2.209572e+03
1.968374e+00	1.487964e+00	2.983855e+02	9.139066e+01
2.094314e+00	1.405042e+00	2.551569e+02	4.432973e+03
2.099627e+00	1.401976e+00	1.663504e+03	7.684675e+02
2.216987e+00	1.333926e+00	1.016663e+03	2.093810e+03
2.287948e+00	1.297749e+00	2.695439e+03	1.856759e+03
1.792075e+00	1.629102e+00	3.977521e+02	2.864972e+03
1.823877e+00	1.600978e+00	1.060170e+03	2.892854e+01
2.565120e+00	1.173290e+00	1.914532e+02	6.030657e+03
1.834624e+00	1.591598e+00	1.856823e+03	3.520988e+02
2.426470e+00	1.230424e+00	8.217989e+01	9.224181e+02
1.723347e+00	1.693580e+00	3.430959e+03	3.370536e+02
2.450734e+00	1.219840e+00	6.798054e+01	1.540487e+03
2.649697e+00	1.141146e+00	2.983772e+02	8.550025e+03
2.692676e+00	1.125181e+00	1.029772e+02	9.726057e+03
2.609589e+00	1.155972e+00	1.684152e+02	4.252666e+03
2.542285e+00	1.182036e+00	2.708785e+02	6.579264e+03
2.493308e+00	1.202095e+00	3.675253e+01	6.559782e+03
2.422878e+00	1.231250e+00	3.365903e+02	4.695631e+03
2.031859e+00	1.444512e+00	8.291439e+01	2.085622e+03
1.959580e+00	1.495762e+00	1.900005e+03	2.157443e+03
2.287072e+00	1.297090e+00	6.358422e+02	3.803532e+03
2.412771e+00	1.236565e+00	2.196603e+01	9.743977e+03
2.051633e+00	1.431734e+00	2.577026e+02	2.370806e+03
2.671804e+00	1.132632e+00	7.222281e+01	7.935559e+03
2.208950e+00	1.337324e+00	9.361152e+02	2.272395e+03
2.000556e+00	1.466108e+00	8.628326e+02	2.260512e+03
2.593976e+00	1.161831e+00	2.935022e+01	2.561323e+03
1.949307e+00	1.503276e+00	1.378577e+03	4.898861e+03
1.832000e+00	1.593477e+00	2.511776e+02	1.746931e+02
2.358076e+00	1.261538e+00	9.430985e+00	8.000963e+02
2.067990e+00	1.422284e+00	4.259030e+02	1.309018e+03
2.648178e+00	1.140910e+00	2.374990e+01	6.745085e+03
2.114027e+00	1.393290e+00	9.312116e+02	3.056530e+03
2.145895e+00	1.373295e+00	1.928264e+02	4.600583e+03
1.992880e+00	1.470164e+00	8.587991e+01	2.240321e+03
2.585817e+00	1.165234e+00	4.738258e+02	9.815314e+03
1.891141e+00	1.545906e+00	3.986242e+02	1.339046e+03
1.833080e+00	1.593671e+00	2.720332e+02	6.401762e+02
1.940645e+00	1.508439e+00	2.090468e+03	3.172067e+01
1.872299e+00	1.561791e+00	6.553615e+02	3.657669e+03
2.659309e+00	1.137763e+00	1.800403e+03	5.555056e+03
1.918766e+00	1.525562e+00	5.652434e+02	3.222922e+03
1.782596e+00	1.638542e+00	3.054763e+03	1.966259e+03
2.399213e+00	1.243368e+00	5.435431e+02	4.288204e+03
1.923493e+00	1.521420e+00	1.681020e+03	1.175972e+03
1.975016e+00	1.483560e+00	4.880721e+02	9.869557e+02
2.527645e+00	1.188098e+00	1.010836e+02	8.129047e+03
1.862852e+00	1.568913e+00	1.102352e+03	7.758470e+02
2.774354e+00	1.097660e+00	1.104317e+02	9.070399e+03
2.250404e+00	1.316077e+00	6.852098e+02	3.369444e+03
1.847041e+00	1.582153e+00	4.601611e+02	5.814037e+02
2.504727e+00	1.196374e+00	1.316023e+02	7.877063e+03
2.131172e+00	1.383520e+00	6.369924e+02	5.310403e+03
2.281157e+00	1.300780e+00	2.131022e+03	3.929202e+02
2.146649e+00	1.372972e+00	1.994974e+02	4.830951e+02
2.330180e+00	1.275896e+00	1.386940e+02	5.566976e+03
2.015166e+00	1.456066e+00	4.001125e+02	7.541266e+02
1.743337e+00	1.674013e+00	3.094864e+03	6.502431e+02
1.741903e+00	1.674903e+00	5.723950e+02	1.179728e+03
2.279775e+00	1.300783e+00	3.749872e+03	1.032153e+03
1.896331e+00	1.542192e+00	3.221640e+02	3.561804e+02
3.034872e+00	1.019757e+00	1.716187e+02	4.257844e+03
2.423703e+00	1.231922e+00	2.124872e+01	1.986643e+03
1.897434e+00	1.541553e+00	9.622287e+02	2.461009e+03
2.279531e+00	1.301146e+00	3.066308e+02	6.244050e+03
1.986556e+00	1.477279e+00	2.387030e+03	5.031896e+01
2.229638e+00	1.326275e+00	1.916339e+03	2.374033e+03
1.856779e+00	1.573778e+00	1.542985e+02	7.655483e+02
2.381149e+00	1.251491e+00	2.170879e+01	1.677577e+03
2.032896e+00	1.443863e+00	3.056489e+02	3.529170e+03
1.724771e+00	1.693097e+00	2.642062e+03	4.232665e+02
1.944530e+00	1.505488e+00	5.354747e+02	1.248554e+03
2.082030e+00	1.412477e+00	1.072087e+03	4.200953e+03
2.738643e+00	1.109575e+00	2.661316e+02	1.380373e+03
2.146766e+00	1.373145e+00	1.347963e+01	4.962813e+03
1.836204e+00	1.591220e+00	1.086803e+03	2.250479e+03
2.232452e+00	1.325594e+00	1.100710e+03	1.701344e+03
1.880800e+00	1.552815e+00	2.923386e+01	7.062817e+00
1.980535e+00	1.479086e+00	2.004234e+02	4.436060e+03
1.726715e+00	1.689302e+00	3.736655e+02	9.925185e+01
2.147136e+00	1.372714e+00	3.921985e+02	3.888638e+03
2.730516e+00	1.112606e+00	3.631069e+02	5.857419e+03
2.455582e+00	1.218100e+00	5.851739e+02	8.305726e+03
2.280217e+00	1.299856e+00	1.490594e+02	1.180705e+03
2.357346e+00	1.262531e+00	5.235312e+02	5.119900e+03
2.270180e+00	1.305544e+00	4.995152e+01	8.259145e+02
2.347269e+00	1.267294e+00	1.123245e+03	5.981946e+02
2.203425e+00	1.341472e+00	1.937733e+03	5.936837e+02
2.283906e+00	1.298695e+00	1.161420e+03	1.762130e+03
2.519190e+00	1.191632e+00	7.815278e+01	2.014408e+03
1.959167e+00	1.493881e+00	2.985303e+02	3.283347e+02
2.549534e+00	1.179512e+00	1.246290e+02	6.196634e+03
1.858280e+00	1.572057e+00	1.584161e+02	4.363562e+01
2.061719e+00	1.425364e+00	1.814110e+02	3.680169e+03
2.578201e+00	1.167861e+00	1.246418e+02	5.056241e+03
1.754880e+00	1.662678e+00	1.091077e+03	2.261630e+02
2.462796e+00	1.214556e+00	1.626085e+02	2.655253e+03
2.006046e+00	1.462235e+00	2.015608e+02	2.922834e+03
2.591492e+00	1.163146e+00	3.553222e+02	5.758956e+03
2.291511e+00	1.294392e+00	2.041331e+02	3.841335e+03
1.753036e+00	1.665632e+00	3.158970e+02	4.774741e+03
2.184843e+00	1.351457e+00	2.125666e+02	2.691275e+03
2.051053e+00	1.431937e+00	7.992342e+02	1.743156e+03
2.028033e+00	1.448042e+00	2.527888e+03	5.245369e+02
2.628509e+00	1.148810e+00	1.887825e+01	8.185094e+03
2.154308e+00	1.368702e+00	4.439941e+01	5.746828e+03
2.122923e+00	1.387712e+00	5.011866e+02	1.404849e+03
2.180711e+00	1.352903e+00	2.974753e+02	3.813149e+02
2.263045e+00	1.308637e+00	2.224715e+02	6.472658e+02
2.816739e+00	1.084245e+00	5.866132e+02	5.746858e+03
2.018396e+00	1.452710e+00	1.073416e+02	2.267923e+03
2.400785e+00	1.242693e+00	4.448135e+02	3.121898e+03
2.242432e+00	1.319495e+00	5.954599e+00	2.566642e+01
1.945530e+00	1.504890e+00	8.886741e+02	3.376110e+03
1.879249e+00	1.556001e+00	2.926038e+03	1.110176e+03
2.203226e+00	1.340082e+00	2.865511e+02	2.862642e+03
2.372231e+00	1.255294e+00	4.745052e+01	1.295393e+03
2.458317e+00	1.217133e+00	4.858715e+02	8.740707e+03
2.455441e+00	1.217645e+00	2.299876e+02	2.699125e+01
2.356877e+00	1.263337e+00	1.108161e+02	2.285881e+03
2.453496e+00	1.219392e+00	3.796849e+02	3.461525e+03
2.484221e+00	1.205541e+00	1.763230e+00	2.475807e+02
1.906805e+00	1.532987e+00	4.566879e+02	4.579661e+02
2.206491e+00	1.339324e+00	1.352869e+02	4.849175e+03
2.327483e+00	1.277357e+00	6.289048e+02	3.768885e+03
1.891934e+00	1.546584e+00	1.312979e+03	3.113064e+03
2.518254e+00	1.191644e+00	2.694932e+02	9.839372e+03
2.232949e+00	1.325779e+00	6.913222e+02	3.896368e+03
2.671921e+00	1.131950e+00	4.632697e+01	8.259796e+03
1.763060e+00	1.654804e+00	1.002815e+03	6.541368e+02
2.156324e+00	1.368215e+00	6.304430e+02	3.120539e+03
1.728459e+00	1.687248e+00	8.374913e+02	3.656084e+02
2.114217e+00	1.393703e+00	1.043881e+03	4.306099e+03
2.180885e+00	1.352853e+00	1.778618e+02	7.256726e+02
1.937782e+00	1.510425e+00	5.677112e+02	9.633947e+01
2.160060e+00	1.365577e+00	7.580376e+02	1.349286e+03
2.061331e+00	1.425896e+00	1.145205e+03	1.059724e+03
2.655089e+00	1.138119e+00	7.794557e+01	7.568015e+03
2.606734e+00	1.157483e+00	7.243453e+02	4.861331e+03
2.052576e+00	1.431346e+00	3.976528e+01	5.132924e+03
2.648630e+00	1.141104e+00	1.064063e+02	7.766255e+03
2.104262e+00	1.399575e+00	2.083408e+03	2.898696e+03
1.734417e+00	1.682444e+00	4.476976e+03	5.671247e+02
2.021459e+00	1.450172e+00	1.366338e+01	1.301711e+03
2.307142e+00	1.287364e+00	4.829169e+02	2.230216e+03
2.145793e+00	1.373219e+00	2.475868e+02	1.033207e+02
2.023047e+00	1.450022e+00	2.855371e+02	2.135231e+02
2.111372e+00	1.394621e+00	3.942215e+02	5.323700e+03
1.795472e+00	1.626163e+00	1.619945e+03	1.833326e+03
1.973439e+00	1.485247e+00	8.125271e+02	2.887760e+03
2.068329e+00	1.420310e+00	2.605214e+02	3.066099e+01
1.842027e+00	1.585019e+00	3.214498e+02	1.294842e+02
2.640609e+00	1.144472e+00	1.778548e+02	5.737217e+03
2.613089e+00	1.154690e+00	1.836269e+02	8.450610e+03
2.002244e+00	1.465205e+00	1.351040e+01	6.525529e+03
2.503937e+00	1.197859e+00	4.121421e+02	4.586704e+03
2.181995e+00	1.352767e+00	2.862651e+02	8.681105e+02
2.346114e+00	1.267990e+00	7.466086e+02	2.945000e+03
2.331601e+00	1.275332e+00	3.615772e+02	2.326996e+03
1.860873e+00	1.570341e+00	4.906963e+02	3.996544e+02
1.754563e+00	1.662515e+00	5.921648e+02	4.061623e+02
1.988813e+00	1.473354e+00	1.063895e+02	4.562656e+02
1.755241e+00	1.662313e+00	1.257335e+02	3.117871e+03
2.238450e+00	1.322786e+00	8.203277e+02	3.579661e+03
1.988655e+00	1.473408e+00	1.101548e+02	1.740612e+02
1.744185e+00	1.673036e+00	1.628166e+03	8.825913e+02
2.530895e+00	1.186728e+00	4.923116e+02	1.752683e+03
1.733130e+00	1.683127e+00	1.843473e+02	4.389641e+02
2.003124e+00	1.463593e+00	2.185435e+03	8.152151e+02
2.064495e+00	1.424085e+00	1.309752e+02	1.740329e+03
2.421317e+00	1.232947e+00	2.714716e+02	1.754662e+03
2.093552e+00	1.405766e+00	2.329040e+02	6.898455e+03
2.601443e+00	1.158927e+00	2.375531e+02	3.642201e+03
2.532940e+00	1.185420e+00	1.579733e+02	1.106312e+03
2.522688e+00	1.189603e+00	1.006330e+02	7.958447e+01
1.920976e+00	1.522028e+00	7.531381e+01	9.981745e+02
2.318166e+00	1.280395e+00	7.461716e+01	6.278361e+02
2.153985e+00	1.368540e+00	6.220389e+02	1.497835e+03
2.120221e+00	1.389302e+00	1.107618e+03	5.686238e+03
2.346327e+00	1.267836e+00	8.063944e+02	3.982220e+03
2.126374e+00	1.385610e+00	8.463798e+02	3.347045e+03
2.712254e+00	1.118308e+00	3.307880e+02	2.966171e+02
1.811442e+00	1.612193e+00	6.378673e+02	4.036773e+02
2.269441e+00	1.305550e+00	1.644558e+01	9.174208e+02
2.172192e+00	1.358839e+00	1.276000e+03	1.961743e+03
2.500605e+00	1.198864e+00	6.119916e+02	8.250858e+03
2.188902e+00	1.349645e+00	7.883349e+02	3.706362e+03
2.170767e+00	1.359430e+00	6.766962e+02	2.692853e+03
2.385920e+00	1.250050e+00	2.195941e+02	7.394356e+03
2.011975e+00	1.457153e+00	2.489402e+02	1.753620e+03
1.872319e+00	1.560702e+00	1.310423e+02	2.133847e+02
1.988865e+00	1.473714e+00	1.443032e+02	1.539514e+03
2.659611e+00	1.136824e+00	2.958901e+01	7.472460e+03
2.589392e+00	1.162591e+00	4.057670e+00	9.169578e+02
2.626733e+00	1.148656e+00	5.265683e+02	6.199374e+03
2.059331e+00	1.427492e+00	7.936284e+02	2.673264e+03
2.300775e+00	1.289698e+00	6.055886e+02	1.138976e+03
1.714084e+00	1.701770e+00	2.120845e+02	2.644111e+02
1.890658e+00	1.546843e+00	6.037938e+02	4.505982e+02
2.428694e+00	1.230239e+00	6.130242e+02	1.389915e+03
2.415715e+00	1.235336e+00	4.129234e+01	3.563334e+02
2.033913e+00	1.442534e+00	3.581113e+01	1.029877e+03
2.425972e+00	1.231412e+00	6.039868e+02	3.672187e+03
2.243318e+00	1.319298e+00	5.756495e+01	1.252884e+03
2.178124e+00	1.355178e+00	7.125025e+01	1.349470e+03
1.908963e+00	1.531925e+00	2.040367e+02	4.700893e+02
2.546377e+00	1.180668e+00	6.685689e+02	4.364399e+03
2.392886e+00	1.245925e+00	3.520461e+02	5.547253e+03
2.338672e+00	1.271603e+00	1.019958e+03	8.935562e+02
2.304157e+00	1.288929e+00	9.516262e+00	3.894004e+03
1.996059e+00	1.468845e+00	2.199879e+02	1.407512e+03
2.013684e+00	1.458091e+00	8.842612e+02	3.510670e+03
2.454797e+00	1.218434e+00	3.353021e+02	5.285890e+03
2.043292e+00	1.437606e+00	4.644700e+02	4.027616e+03
2.360350e+00	1.261711e+00	9.131185e+01	9.056931e+02
2.003822e+00	1.463651e+00	1.058301e+03	1.903079e+03
2.632370e+00	1.148413e+00	7.939036e+02	5.449721e+03
2.468575e+00	1.212682e+00	6.539862e+02	2.298354e+03
2.533743e+00	1.185406e+00	6.983444e+01	1.684200e+03
2.274432e+00	1.303019e+00	1.495231e+02	2.057028e+03
2.211595e+00	1.336462e+00	6.461748e+01	4.672166e+02
1.823291e+00	1.602178e+00	1.259342e+03	1.227396e+03
2.196063e+00	1.344272e+00	4.395275e+02	7.220674e+02
2.674875e+00	1.131189e+00	8.050349e+01	2.031803e+03
2.365913e+00	1.258706e+00	7.517532e+02	4.852947e+03
2.322901e+00	1.279972e+00	2.531830e+02	1.309391e+03
1.947229e+00	1.503010e+00	8.886046e+01	9.747844e+02
2.551289e+00	1.178653e+00	1.917764e+02	7.607495e+03
2.085545e+00	1.410341e+00	1.339383e+03	2.852305e+03
1.958798e+00	1.496609e+00	5.518440e+02	2.089872e+03
1.857910e+00	1.571879e+00	2.552560e+02	2.016525e+00
1.899620e+00	1.539291e+00	4.649034e+01	1.432184e+02
2.239121e+00	1.322458e+00	1.129158e+03	4.571359e+03
2.297497e+00	1.291228e+00	3.216214e+02	2.061307e+02
2.359137e+00	1.261356e+00	1.376433e+02	3.637220e+03
1.792469e+00	1.628006e+00	3.738964e+02	2.108288e+03
2.554895e+00	1.177471e+00	6.381328e+02	4.619951e+03
1.973418e+00	1.484071e+00	6.128037e+02	3.011155e+03
1.918274e+00	1.524852e+00	1.230753e+03	1.742096e+03
2.682008e+00	1.129056e+00	2.212152e+02	7.399638e+03
2.471001e+00	1.211402e+00	2.348508e+02	3.036333e+03
1.748376e+00	1.668878e+00	2.177648e+02	7.653860e+02
2.533362e+00	1.185737e+00	1.041446e+03	3.730044e+03
2.283375e+00	1.298734e+00	7.337544e+02	2.054932e+03
1.753192e+00	1.665099e+00	3.312641e+02	5.575918e+02
2.528888e+00	1.187588e+00	3.570469e+02	2.419300e+03
2.705254e+00	1.120859e+00	2.154147e+02	1.687988e+03
1.799478e+00	1.622243e+00	9.655315e+02	3.396320e+02
1.787439e+00	1.634187e+00	2.059179e+03	3.112574e+03
2.465881e+00	1.213650e+00	6.013215e+02	8.262663e+03
1.981695e+00	1.478657e+00	1.040327e+03	1.685289e+03
1.957528e+00	1.495976e+00	7.707253e+02	2.188153e+03
2.569968e+00	1.171350e+00	1.068791e+03	3.621332e+03
1.896584e+00	1.542380e+00	3.178242e+03	6.421002e+02
1.826746e+00	1.599045e+00	9.939563e+02	8.005522e+02
2.099248e+00	1.401903e+00	3.346271e+02	2.650309e+03
2.012513e+00	1.457560e+00	9.471495e+01	4.343028e+03
2.699176e+00	1.123373e+00	5.528375e+02	1.785874e+03
1.840066e+00	1.588821e+00	2.180510e+03	1.999399e+03
2.111371e+00	1.394805e+00	8.164766e+02	3.901814e+03
2.060784e+00	1.425537e+00	5.527695e+02	2.743698e+03
2.577329e+00	1.168455e+00	4.838566e+02	5.174050e+03
2.009054e+00	1.460885e+00	1.956284e+03	2.282357e+03
2.305360e+00	1.287573e+00	7.838162e+01	1.676038e+02
1.976067e+00	1.483996e+00	1.784343e+03	5.239285e+03
2.402819e+00	1.240944e+00	5.134776e+02	1.236599e+03
2.212732e+00	1.335373e+00	3.348077e+02	1.732786e+02
2.468501e+00	1.212488e+00	3.278208e+01	2.287423e+03
2.163579e+00	1.363025e+00	5.716373e+02	3.485158e+03
2.577525e+00	1.168506e+00	1.224083e+02	9.627098e+03
2.382863e+00	1.249942e+00	4.447168e+01	1.312913e+03
2.404106e+00	1.240321e+00	1.775586e+02	6.738364e+02
1.969005e+00	1.488431e+00	3.071423e+03	2.970081e+03
2.143404e+00	1.374839e+00	3.518969e+01	1.192538e+03
1.924293e+00	1.520849e+00	4.932225e+02	7.916130e+01
2.323006e+00	1.280139e+00	2.050348e+03	6.719744e+02
2.488086e+00	1.204361e+00	2.027225e+02	7.279376e+03
1.964820e+00	1.490750e+00	3.316320e+02	1.529857e+03
2.526667e+00	1.188566e+00	4.149045e+02	8.286405e+03
2.112702e+00	1.393562e+00	1.180271e+02	4.269742e+02
2.529121e+00	1.186919e+00	5.966489e+02	1.870661e+03
2.022928e+00	1.450793e+00	8.957169e+01	3.427493e+03
2.722228e+00	1.114620e+00	1.011465e+02	4.549601e+03
2.679849e+00	1.129798e+00	3.777167e+02	1.540603e+03
2.157386e+00	1.366431e+00	2.560134e+02	6.668527e+02
2.335686e+00	1.273079e+00	1.711678e+02	6.005191e+03
2.230309e+00	1.325452e+00	1.458313e+02	7.772287e+03
2.302701e+00	1.288566e+00	1.266656e+02	2.663599e+01
2.582496e+00	1.166657e+00	8.317986e+02	4.194393e+03
1.938884e+00	1.509756e+00	6.865267e+02	3.268181e+03
2.626357e+00	1.149986e+00	3.266002e+02	5.756222e+03
1.846428e+00	1.582361e+00	4.383269e+02	1.573679e+03
2.518639e+00	1.191336e+00	8.823737e+00	9.397912e+02
2.630148e+00	1.148533e+00	4.781685e+02	4.298174e+03
2.541649e+00	1.182217e+00	1.866800e+02	1.638154e+03
2.224712e+00	1.329755e+00	9.965768e+02	2.105665e+03
2.383719e+00	1.249767e+00	3.979546e+02	2.697557e+03
2.761687e+00	1.101969e+00	3.268785e+02	4.768068e+03
2.140389e+00	1.376812e+00	2.462628e+02	5.166763e+03
2.563261e+00	1.173851e+00	2.480731e+01	9.670452e+03
2.280879e+00	1.299721e+00	4.245231e+02	7.975472e+02
1.864337e+00	1.569093e+00	1.642581e+03	8.052643e+03
1.808259e+00	1.615052e+00	1.615702e+02	3.158961e+03
2.486274e+00	1.205072e+00	3.762961e+02	4.522473e+03
2.016631e+00	1.455569e+00	2.556819e+03	1.209927e+03
2.186054e+00	1.351202e+00	2.144570e+03	9.410711e+02
2.351280e+00	1.264396e+00	1.299504e+02	3.005945e+03
1.904733e+00	1.535685e+00	1.186706e+03	1.680731e+01
1.873817e+00	1.559836e+00	1.096927e+02	4.044809e+03
2.257204e+00	1.313166e+00	6.040821e+02	2.339614e+03
2.457519e+00	1.216838e+00	2.185921e+02	2.521149e+01
1.726307e+00	1.692212e+00	2.162313e+03	4.315787e+03
2.605852e+00	1.157426e+00	2.541980e+02	7.151073e+03
1.711018e+00	1.705283e+00	7.001537e+02	7.609919e+02
2.394172e+00	1.245133e+00	8.341793e+01	9.688640e+02
2.456140e+00	1.216541e+00	3.510212e+02	4.453038e+03
1.849929e+00	1.579263e+00	8.958128e+02	4.129002e+03
2.471970e+00	1.211265e+00	2.229702e+02	9.420119e+03
1.865721e+00	1.565977e+00	8.341077e+02	1.808138e+03
2.255484e+00	1.312557e+00	2.093094e+02	1.962300e+02
1.873146e+00	1.560735e+00	3.322612e+02	9.335614e+02
1.988924e+00	1.473939e+00	2.895930e+03	5.118177e+01
2.363856e+00	1.259274e+00	9.230966e+01	3.087423e+03
2.050025e+00	1.433914e+00	2.347247e+03	1.090459e+03
2.394605e+00	1.244776e+00	2.325087e+02	5.427739e+03
1.874265e+00	1.559293e+00	8.241968e+01	1.617645e+03
2.471004e+00	1.211588e+00	4.131652e+01	2.520563e+03
2.410164e+00	1.238234e+00	6.364340e+02	6.006206e+03
2.164047e+00	1.362915e+00	6.155074e+02	4.096929e+03
1.949477e+00	1.501899e+00	6.535505e+02	1.864378e+03
1.878066e+00	1.556593e+00	2.882092e+02	3.621805e+02
1.773338e+00	1.646592e+00	2.570126e+03	4.753223e+02
2.335397e+00	1.273417e+00	2.910675e+02	6.406091e+03
1.994821e+00	1.468596e+00	2.136935e+02	1.020647e+02
2.263953e+00	1.308849e+00	1.896530e+01	4.808336e+03
2.546865e+00	1.180708e+00	3.476189e+02	5.998964e+03
2.060931e+00	1.426491e+00	2.545635e+03	2.184196e+03
1.991982e+00	1.473287e+00	1.323209e+03	7.404745e+03
2.235603e+00	1.324057e+00	4.548040e+02	3.009575e+03
1.917602e+00	1.525585e+00	4.271939e+02	5.522858e+01
1.960653e+00	1.494705e+00	2.232089e+03	3.069586e+02
2.506119e+00	1.196524e+00	2.738838e+01	1.747083e+03
2.151217e+00	1.370385e+00	1.123583e+03	6.892981e+02
2.435085e+00	1.227779e+00	1.581583e+02	1.392792e+03
1.929549e+00	1.516580e+00	4.884065e+02	2.456419e+02
2.225069e+00	1.329010e+00	5.429678e+02	4.211874e+03
2.743484e+00	1.107560e+00	1.911061e+02	1.095977e+03
1.921740e+00	1.522870e+00	1.499691e+03	3.893188e+03
2.117907e+00	1.389675e+00	2.282271e+02	4.010897e+01
2.305220e+00	1.287358e+00	8.681709e+02	4.974535e+03
2.553797e+00	1.177639e+00	4.911822e+02	4.798320e+03
1.816416e+00	1.607773e+00	2.101241e+03	2.358869e+02
1.812190e+00	1.610546e+00	5.255038e+02	2.143530e+02
2.419685e+00	1.234068e+00	4.845771e+01	8.117715e+02
2.634999e+00	1.146936e+00	6.193022e+02	4.823925e+03
2.337212e+00	1.272177e+00	1.058267e+02	5.766276e+03
1.987376e+00	1.474112e+00	1.338828e+02	9.561891e+01
2.015390e+00	1.456777e+00	1.257148e+02	1.987672e+03
2.165944e+00	1.361769e+00	2.818164e+02	4.398915e+03
2.158448e+00	1.366145e+00	3.642345e+02	2.037824e+03
2.077930e+00	1.415087e+00	1.640231e+02	1.800879e+03
1.947198e+00	1.504199e+00	1.780271e+03	3.236128e+03
2.139579e+00	1.378591e+00	7.253529e+02	4.352056e+03
1.951273e+00	1.500550e+00	5.287130e+02	2.904103e+02
2.163928e+00	1.363168e+00	1.095405e+03	2.106372e+03
2.729564e+00	1.113153e+00	3.748656e+02	5.290102e+03
2.255500e+00	1.312480e+00	2.883616e+01	3.869572e+02
2.545482e+00	1.180417e+00	6.862267e+02	3.078396e+02
2.174922e+00	1.356979e+00	1.197737e+03	2.908115e+03
2.259131e+00	1.311018e+00	2.205144e+02	7.367366e+03
1.721375e+00	1.693724e+00	2.585716e+02	1.857959e+03
2.543169e+00	1.181958e+00	3.822800e+01	2.793674e+03
1.888101e+00	1.547623e+00	5.539854e+02	2.719994e+03
2.196295e+00	1.345969e+00	1.485969e+03	4.481249e+03
1.935040e+00	1.512528e+00	5.171681e+02	3.207649e+03
1.968279e+00	1.488314e+00	4.772113e+02	2.317384e+03
2.004613e+00	1.462407e+00	1.127482e+02	4.634056e+02
2.541913e+00	1.181885e+00	5.244845e+02	8.801920e+03
1.831787e+00	1.594583e+00	8.575409e+01	1.708484e+03
1.984846e+00	1.477448e+00	1.678475e+03	5.993181e+02
2.442071e+00	1.224811e+00	2.811774e+02	1.932585e+03
2.084662e+00	1.409976e+00	3.853887e+02	2.051966e+03
2.512577e+00	1.194131e+00	3.893565e+02	8.621603e+03
2.131208e+00	1.381128e+00	1.503475e+02	7.725013e+02
1.909312e+00	1.532337e+00	1.211630e+03	1.691508e+03
1.923218e+00	1.520570e+00	1.441278e+03	1.255588e+02
2.119033e+00	1.390427e+00	3.492054e+01	2.437374e+03
1.966559e+00	1.490292e+00	2.236921e+02	4.256052e+03
1.968910e+00	1.489096e+00	1.840696e+03	5.439529e+03
1.909453e+00	1.531406e+00	1.156963e+02	5.548526e+02
2.184739e+00	1.351200e+00	1.137168e+03	1.213797e+02
2.679718e+00	1.130514e+00	1.973047e+02	9.549763e+03
1.888772e+00	1.548153e+00	4.208660e+02	4.532610e+03
2.464762e+00	1.215013e+00	2.154327e+02	8.079691e+03
1.778551e+00	1.640275e+00	2.597640e+02	4.344352e+02
2.615320e+00	1.153153e+00	7.287563e+01	7.111258e+03
2.471421e+00	1.211254e+00	7.309248e+02	7.891423e+03
2.486661e+00	1.204858e+00	1.246678e+02	1.963163e+03
2.046792e+00	1.435368e+00	7.727428e+02	1.404265e+03
2.526227e+00	1.189097e+00	1.305558e+02	2.183362e+03
2.631821e+00	1.147300e+00	4.842981e+00	2.782933e+03
1.820383e+00	1.603496e+00	4.234396e+02	2.302786e+02
2.168938e+00	1.359854e+00	1.777886e+02	6.334998e+01
1.880357e+00	1.554837e+00	1.478704e+03	7.476460e+02
1.850788e+00	1.578469e+00	1.461617e+02	1.979495e+03
2.262442e+00	1.308990e+00	6.578202e+01	1.731850e+03
2.042243e+00	1.437804e+00	9.976238e+02	2.370109e+03
1.936012e+00	1.511227e+00	2.492027e+03	9.571044e+02
1.733544e+00	1.682794e+00	6.170629e+01	4.059492e+02
1.830623e+00	1.595647e+00	4.891392e+02	9.128572e+02
2.246017e+00	1.317171e+00	5.134135e+01	2.640554e+03
2.557478e+00	1.176104e+00	1.873035e+02	1.985998e+03
2.090320e+00	1.407104e+00	2.657132e+02	3.111700e+03
1.906494e+00	1.532998e+00	1.077329e+03	5.400842e+02
1.742018e+00	1.675022e+00	9.722289e+02	1.789224e+03
2.128470e+00	1.383286e+00	7.539780e+01	2.619380e+03
2.087311e+00	1.409256e+00	7.760956e+01	2.779166e+03
3.019723e+00	1.023736e+00	1.406048e+00	6.650070e+03
2.747446e+00	1.106543e+00	6.137220e+02	7.048273e+03
2.054855e+00	1.429741e+00	1.008326e+03	4.283390e+03
1.825100e+00	1.599389e+00	7.153793e+02	3.993049e+01
2.066873e+00	1.422695e+00	1.073328e+03	1.214541e+03
2.131911e+00	1.381688e+00	6.331720e+01	1.142301e+03
1.714985e+00	1.700862e+00	2.050044e+02	2.168109e+02
2.179844e+00	1.354328e+00	1.138785e+03	1.522257e+03
2.253519e+00	1.313711e+00	1.657772e+02	1.158101e+03
1.774527e+00	1.645611e+00	2.951502e+03	1.142586e+03
2.318835e+00	1.280529e+00	5.378363e+01	7.726867e+02
2.035095e+00	1.442742e+00	6.027998e+02	6.168159e+03
2.270344e+00	1.305647e+00	1.058917e+02	3.341354e+02
2.080230e+00	1.413932e+00	3.784634e+02	2.400687e+03
2.697683e+00	1.123590e+00	8.978117e+01	7.674572e+03
1.893802e+00	1.543685e+00	7.667929e+02	1.116511e+03
2.024657e+00	1.449769e+00	1.238540e+02	7.372755e+03
2.564464e+00	1.173668e+00	1.674622e+02	2.219961e+03
1.816749e+00	1.607130e+00	9.100332e+00	3.744270e+03
2.455947e+00	1.217556e+00	3.268301e+02	2.441564e+03
2.351235e+00	1.265727e+00	2.416809e+02	2.175244e+03
2.278596e+00	1.301274e+00	1.121011e+02	7.637234e+03
1.805950e+00	1.616054e+00	9.933086e+01	1.202378e+03
2.005545e+00	1.462916e+00	4.780916e+02	2.144416e+03
2.045762e+00	1.435330e+00	9.546037e+02	2.028620e+03
2.222130e+00	1.331226e+00	6.222263e+02	3.595876e+03
2.358363e+00	1.261769e+00	2.838076e+02	1.872773e+02
2.289984e+00	1.295772e+00	7.702457e+02	3.425043e+03
2.026766e+00	1.447240e+00	9.484689e+00	2.617678e+03
1.919968e+00	1.524202e+00	1.952246e+01	1.630823e+03
2.476612e+00	1.209102e+00	9.221615e+01	2.769454e+03
2.178678e+00	1.355047e+00	3.134799e+02	8.959649e+03
1.948049e+00	1.503112e+00	2.311386e+02	4.586239e+03
2.009933e+00	1.459310e+00	4.608311e+02	2.070866e+03
2.185916e+00	1.350893e+00	6.552615e+01	6.475372e+03
2.473821e+00	1.210123e+00	8.511922e+02	6.733358e+03
1.721125e+00	1.695035e+00	9.935870e+02	1.090094e+02
1.736070e+00	1.679672e+00	2.763768e+02	2.924506e+02
2.578555e+00	1.167765e+00	4.026215e+02	3.782411e+03
1.988430e+00	1.475130e+00	3.196259e+03	1.045293e+03
2.446847e+00	1.221336e+00	6.131086e+02	1.140014e+03
2.266663e+00	1.307720e+00	8.074208e+02	2.780275e+03
2.266702e+00	1.306915e+00	1.038919e+02	5.356583e+01
1.865809e+00	1.567438e+00	1.926411e+03	7.398104e+02
2.412991e+00	1.236307e+00	2.226465e+02	3.766625e+02
1.786941e+00	1.633180e+00	1.384927e+03	2.170406e+03
2.210328e+00	1.337325e+00	4.378556e+02	2.927513e+03
1.917832e+00	1.524808e+00	1.396277e+03	3.213277e+02
2.524336e+00	1.189348e+00	6.991883e+01	2.695530e+03
2.589679e+00	1.163745e+00	3.770072e+02	5.633488e+03
2.190382e+00	1.348105e+00	6.951072e+02	4.589969e+03
2.371575e+00	1.255256e+00	8.729111e+01	9.295187e+03
1.775320e+00	1.643386e+00	1.514962e+03	1.118736e+03
2.009698e+00	1.459955e+00	8.117188e+02	1.411527e+03
1.918938e+00	1.524495e+00	1.377773e+03	3.678665e+03
1.941773e+00	1.507395e+00	1.065843e+03	1.991676e+03
2.350861e+00	1.265048e+00	2.018531e+02	2.539479e+02
2.296534e+00	1.292095e+00	2.046302e+02	8.389965e+02
2.087913e+00	1.408024e+00	7.942972e+01	7.571111e+03
1.854216e+00	1.575737e+00	8.222039e+02	1.491075e+03
2.257082e+00	1.312540e+00	5.507219e+02	3.248772e+03
1.855468e+00	1.574922e+00	2.917411e+02	1.806957e+03
2.368130e+00	1.257974e+00	6.970802e+01	2.766254e+03
1.883523e+00	1.551651e+00	5.787492e+02	2.613902e+03
2.415689e+00	1.234959e+00	2.781624e+02	4.674810e+03
2.008373e+00	1.459553e+00	1.255636e+01	2.468584e+03
2.167741e+00	1.361176e+00	1.006101e+03	1.753349e+03
2.501678e+00	1.198853e+00	6.046570e+02	3.251061e+03
1.932721e+00	1.513475e+00	9.639233e+02	1.017775e+02
2.552414e+00	1.178072e+00	4.251905e+02	1.567334e+03
2.035431e+00	1.442152e+00	8.317456e+02	2.490951e+03
2.695725e+00	1.123686e+00	1.228895e+02	8.145300e+03
1.884387e+00	1.551642e+00	3.468142e+03	1.823292e+02
1.972586e+00	1.484149e+00	2.594472e+02	2.000720e+03
2.591706e+00	1.162999e+00	1.513854e+02	9.405195e+03
2.541766e+00	1.182560e+00	2.847497e+02	6.936460e+03
1.888824e+00	1.547792e+00	8.095777e+01	9.147239e+03
1.929451e+00	1.516593e+00	2.742219e+02	2.623885e+02
1.913722e+00	1.528802e+00	1.302250e+02	4.743295e+03
2.427079e+00	1.230914e+00	9.443756e+00	3.750573e+03
2.280093e+00	1.299776e+00	3.018513e+02	3.181638e+03
2.260011e+00	1.310791e+00	4.388520e+01	4.575611e+02
2.597635e+00	1.160757e+00	8.686109e+02	6.445203e+03
2.478515e+00	1.208706e+00	1.181420e+03	1.201749e+03
2.269802e+00	1.305989e+00	3.664261e+02	3.649458e+03
2.032416e+00	1.443098e+00	6.089351e+02	1.263581e+03
2.395366e+00	1.244154e+00	2.511291e+02	1.690775e+03
1.840330e+00	1.588687e+00	2.759325e+03	3.732466e+03
1.743956e+00	1.674790e+00	2.041313e+03	5.351056e+03
1.804764e+00	1.617207e+00	8.053887e+01	9.219240e+02
2.426732e+00	1.230531e+00	4.666112e+01	3.084922e+03
2.537622e+00	1.183822e+00	1.576997e+02	1.773180e+03
2.088295e+00	1.408935e+00	1.441896e+03	1.690838e+02
2.028890e+00	1.447329e+00	1.338195e+02	2.124551e+03
2.256289e+00	1.312583e+00	1.400125e+02	4.929219e+03
1.792139e+00	1.629828e+00	3.744601e+02	5.295989e+03
2.581390e+00	1.167014e+00	6.407573e+02	4.236853e+03
2.352873e+00	1.265229e+00	8.530696e+02	1.657959e+03
1.919568e+00	1.525184e+00	1.915835e+03	1.837496e+03
2.455364e+00	1.218573e+00	3.021467e+03	2.376269e+03
2.801497e+00	1.089416e+00	5.503038e+02	6.793239e+03
2.117504e+00	1.390284e+00	4.723470e+02	1.667406e+03
2.258189e+00	1.311199e+00	2.291177e+02	4.079404e+02
2.190282e+00	1.348562e+00	6.858576e+02	1.069602e+03
1.834700e+00	1.591974e+00	9.411350e+02	2.813352e+03
2.195879e+00	1.345173e+00	7.866940e+02	2.683058e+03
2.591020e+00	1.162634e+00	5.529769e+01	4.294600e+02
1.903656e+00	1.536360e+00	5.549483e+02	4.930634e+02
2.032492e+00	1.444114e+00	3.083498e+02	8.065152e+02
2.527291e+00	1.188129e+00	2.493329e+02	5.437132e+03
2.208305e+00	1.337578e+00	2.769494e+02	3.825742e+03
2.125798e+00	1.386104e+00	5.760789e+02	3.286129e+03
1.974982e+00	1.483479e+00	3.786029e+02	2.434881e+03
1.819494e+00	1.605240e+00	8.677148e+01	8.062254e+02
2.214214e+00	1.335559e+00	2.339865e+03	6.701738e+03
2.184004e+00	1.352468e+00	9.138227e+02	4.244967e+03
2.467139e+00	1.213108e+00	1.346222e+02	1.178291e+03
2.545393e+00	1.180799e+00	2.161971e+02	2.257352e+03
2.017105e+00	1.454798e+00	1.042268e+02	6.291047e+03
2.587546e+00	1.164379e+00	2.355372e+02	6.041394e+03
2.186161e+00	1.350287e+00	3.043958e+02	1.635525e+02
2.218756e+00	1.333286e+00	7.757872e+02	4.352423e+03
2.188565e+00	1.349661e+00	9.370464e+02	3.049783e+03
2.362144e+00	1.261182e+00	2.586508e+02	3.112537e+03
1.953593e+00	1.499620e+00	1.142492e+03	3.061268e+03
1.937794e+00	1.511225e+00	1.650878e+03	3.066316e+03
2.600578e+00	1.159587e+00	9.808070e+02	7.097593e+03
2.658493e+00	1.137139e+00	2.277930e+02	8.951145e+03
2.124131e+00	1.386234e+00	3.303769e+02	1.067456e+03
1.873505e+00	1.561237e+00	6.367235e+02	3.954413e+03
1.932006e+00	1.515832e+00	4.287829e+03	3.383921e+02
1.893771e+00	1.543690e+00	1.854924e+02	2.010077e+02
1.846360e+00	1.582045e+00	8.003486e+02	2.672583e+03
2.063158e+00	1.425156e+00	1.082871e+02	5.446995e+03
2.028473e+00	1.446522e+00	4.758422e+02	1.897592e+02
2.354076e+00	1.264182e+00	1.885613e+02	2.825379e+03
2.620285e+00	1.151770e+00	2.378371e+02	4.263651e+03
2.083539e+00	1.410952e+00	4.341138e+02	3.343052e+02
2.265096e+00	1.308569e+00	2.979431e+02	5.444625e+03
2.792299e+00	1.092294e+00	2.883109e+02	2.278234e+03
2.639099e+00	1.145217e+00	2.203078e+02	9.556634e+03
2.672727e+00	1.131898e+00	9.297567e+01	8.826375e+03
2.580548e+00	1.167092e+00	5.711031e+02	4.090595e+03
2.092073e+00	1.406660e+00	6.301399e+02	1.509408e+03
2.082868e+00	1.411856e+00	5.259850e+02	4.987210e+03
1.824053e+00	1.601467e+00	2.974453e+03	1.424212e+03
2.743371e+00	1.107291e+00	6.238874e+01	8.757055e+03
2.178460e+00	1.355518e+00	7.074459e+02	2.717068e+03
1.992272e+00	1.471490e+00	5.536049e+02	4.112011e+03
2.639894e+00	1.144565e+00	3.456300e+02	3.758430e+03
2.424524e+00	1.232276e+00	5.408168e+02	1.824291e+03
1.970514e+00	1.488341e+00	4.466931e+02	8.314827e+03
1.744902e+00	1.671964e+00	2.104441e+03	3.483048e+02
2.637607e+00	1.145851e+00	5.238936e+02	4.015032e+03
2.104714e+00	1.398139e+00	2.204480e+02	3.180001e+02
2.040943e+00	1.438703e+00	6.894569e+02	3.383836e+03
1.752542e+00	1.665991e+00	1.796010e+03	1.508973e+03
1.995120e+00	1.469819e+00	6.268610e+02	1.932207e+03
1.798600e+00	1.622429e+00	1.132030e+02	6.202570e+02
2.281758e+00	1.299030e+00	2.530016e+02	1.718628e+03
1.910602e+00	1.530303e+00	1.585396e+03	2.799343e+02
2.627582e+00	1.149570e+00	1.925936e+02	5.885410e+03
1.961645e+00	1.493681e+00	1.543477e+03	2.757821e+03
2.486693e+00	1.204480e+00	1.265997e+02	3.044382e+03
2.150875e+00	1.371441e+00	9.688053e+02	3.663212e+03
1.758710e+00	1.658994e+00	1.300560e+02	9.667689e+02
2.206373e+00	1.339730e+00	1.030086e+03	3.257595e+03
1.904991e+00	1.536042e+00	4.945552e+02	3.951637e+03
1.763597e+00	1.654609e+00	1.153551e+03	2.432960e+03
2.030533e+00	1.445465e+00	4.351199e+02	2.587640e+03
2.116980e+00	1.390996e+00	1.579289e+03	2.908078e+03
2.481380e+00	1.206733e+00	9.968121e+02	9.674392e+03
1.827450e+00	1.598107e+00	1.840785e+03	5.248961e+02
1.764972e+00	1.653675e+00	2.525403e+01	2.694200e+03
2.392075e+00	1.246695e+00	1.606805e+02	1.824716e+03
2.460585e+00	1.216089e+00	5.402007e+02	3.030683e+03
2.559494e+00	1.175308e+00	3.530230e+02	3.933468e+03
1.914058e+00	1.528137e+00	2.187471e+03	2.326181e+03
1.959118e+00	1.495754e+00	1.734178e+03	2.318307e+03
2.313556e+00	1.283207e+00	1.243320e+02	1.016144e+03
1.748305e+00	1.668887e+00	1.674748e+03	3.795957e+03
2.740607e+00	1.109078e+00	2.122550e+02	4.991541e+03
1.979624e+00	1.480085e+00	3.803512e+02	2.895332e+02
1.866060e+00	1.566832e+00	3.413513e+03	1.119041e+03
1.951218e+00	1.500821e+00	2.041803e+02	4.678245e+03
1.814205e+00	1.609508e+00	5.271568e+02	7.816126e+02
2.097722e+00	1.402887e+00	1.265343e+03	2.044587e+03
1.918739e+00	1.524114e+00	1.518550e+03	3.352789e+02
2.302160e+00	1.290019e+00	2.567789e+01	1.661586e+03
2.303441e+00	1.288519e+00	8.594388e+02	5.642171e+03
1.962380e+00	1.492447e+00	4.519427e+02	3.168244e+03
1.830310e+00	1.595248e+00	1.327823e+03	1.754083e+03
2.144399e+00	1.374263e+00	4.225318e+02	3.242621e+03
2.030728e+00	1.446623e+00	2.772214e+02	5.479883e+02
1.959578e+00	1.494653e+00	1.354514e+03	2.868828e+03
2.011660e+00	1.458000e+00	6.276898e+02	5.729705e+02
2.289132e+00	1.295554e+00	1.041767e+03	3.484472e+03
2.482643e+00	1.207030e+00	1.115527e+03	2.409570e+03
2.066207e+00	1.422770e+00	1.871995e+03	3.400642e+01
2.614021e+00	1.154627e+00	8.975541e+02	4.892493e+03
1.764912e+00	1.654381e+00	1.593704e+03	1.148874e+03
2.137289e+00	1.378317e+00	2.775564e+02	1.348191e+03
2.071534e+00	1.418867e+00	4.267847e+02	1.813447e+03
2.411246e+00	1.236863e+00	1.021410e+02	6.724062e+02
1.869372e+00	1.562667e+00	6.627448e+02	1.782367e+02
2.251271e+00	1.314778e+00	1.426472e+02	8.969285e+02
1.956431e+00	1.496827e+00	1.095288e+03	1.312729e+03
2.112806e+00	1.392749e+00	2.357542e+02	3.484881e+02
2.083267e+00	1.411705e+00	3.578941e+01	2.051221e+03
1.737431e+00	1.679054e+00	2.773398e+02	4.340077e+02
2.107220e+00	1.397256e+00	1.789529e+02	1.046779e+03
2.346586e+00	1.267266e+00	7.249521e+02	2.641427e+03
1.717820e+00	1.699173e+00	6.747604e+02	1.391997e+03
2.591530e+00	1.162961e+00	3.643784e+01	8.134395e+03
2.031167e+00	1.445012e+00	1.797153e+03	1.320627e+02
1.743583e+00	1.675376e+00	3.953758e+03	3.374198e+03
1.759178e+00	1.656886e+00	4.896835e+02	6.178873e+02
1.916149e+00	1.526951e+00	1.461691e+03	3.958805e+03
2.222483e+00	1.331009e+00	2.871540e+02	5.333484e+03
1.938036e+00	1.511184e+00	1.686399e+03	1.912261e+03
2.148421e+00	1.372538e+00	5.340772e+02	3.448489e+03
2.590722e+00	1.163569e+00	4.417547e+02	5.688473e+03
1.900776e+00	1.537493e+00	1.475712e+02	2.188676e+03
1.984414e+00	1.477930e+00	1.287688e+03	3.950088e+03
2.732048e+00	1.111777e+00	1.420173e+02	1.572662e+03
1.939692e+00	1.508869e+00	2.610524e+03	3.465000e+02
1.951977e+00	1.500491e+00	2.324143e+03	7.400450e+02
1.999917e+00	1.467047e+00	2.181035e+01	6.128617e+03
1.739901e+00	1.677922e+00	9.441041e+02	1.920593e+03
2.609553e+00	1.156134e+00	5.319835e+02	7.461800e+03
1.921334e+00	1.522177e+00	1.456455e+03	2.680153e+02
2.581818e+00	1.165616e+00	2.745610e+02	2.416612e+03
1.969954e+00	1.486236e+00	2.662137e+02	8.596622e+01
2.522146e+00	1.190628e+00	5.920538e+02	5.552363e+03
2.601992e+00	1.158763e+00	1.869003e+02	4.096037e+03
1.800177e+00	1.623080e+00	2.724277e+03	5.199858e+02
2.461723e+00	1.215734e+00	2.787229e+02	9.068844e+03
1.948893e+00	1.502561e+00	3.953029e+01	5.879423e+03
1.830918e+00	1.595093e+00	2.884387e+03	1.306585e+03
2.500441e+00	1.198944e+00	4.730124e+01	1.119224e+03
2.648511e+00	1.141430e+00	4.832678e+02	8.100932e+03
2.430808e+00	1.228449e+00	4.686924e+01	1.800070e+03
2.654142e+00	1.138729e+00	1.913500e+02	6.975710e+03
2.142640e+00	1.375465e+00	6.068049e+02	4.412976e+03
1.725139e+00	1.692638e+00	2.145591e+03	2.158061e+03
2.578935e+00	1.167875e+00	1.677601e+03	5.898989e+03
2.395148e+00	1.244409e+00	5.671613e+01	6.192226e+02
2.457639e+00	1.217154e+00	1.466443e+02	2.741236e+03
2.315848e+00	1.282306e+00	1.269491e+02	1.347003e+03
1.844539e+00	1.583281e+00	8.184578e+02	2.009092e+03
1.886675e+00	1.549637e+00	1.405962e+03	6.531755e+03
2.313512e+00	1.283773e+00	8.430291e-01	1.158313e+03
2.218414e+00	1.332328e+00	1.852633e+02	4.530658e+02
1.904387e+00	1.535415e+00	7.871599e+01	5.744791e+02
1.783981e+00	1.636868e+00	2.773640e+03	8.935049e+02
2.670614e+00	1.134561e+00	1.575937e+03	9.529964e+03
2.678923e+00	1.129867e+00	1.327557e+02	7.872019e+03
2.103962e+00	1.399099e+00	9.318277e+02	2.736053e+03
2.422116e+00	1.232972e+00	7.506862e+02	8.729927e+02
1.905500e+00	1.534734e+00	9.280495e+02	2.124106e+03
1.777785e+00	1.641438e+00	5.023364e+02	5.977767e+02
1.964055e+00	1.491074e+00	1.021371e+03	1.431655e+03
2.019144e+00	1.453840e+00	1.651487e+03	1.208082e+03
1.929703e+00	1.516666e+00	2.716158e+03	1.385113e+03
2.468482e+00	1.212474e+00	5.147822e+02	8.406010e+03
2.270679e+00	1.306377e+00	8.079108e+02	3.685396e+03
2.455794e+00	1.218494e+00	1.425236e+02	9.644304e+03
1.785717e+00	1.635449e+00	2.771816e+03	6.644068e+02
1.835885e+00	1.591996e+00	2.994642e+03	5.166821e+02
1.779842e+00	1.639606e+00	2.491335e+03	1.730439e+03
2.156490e+00	1.367496e+00	1.046667e+03	6.763357e+02
2.485732e+00	1.205353e+00	3.286701e+02	8.364917e+03
2.199265e+00	1.343786e+00	1.541334e+03	4.332160e+03
1.867587e+00	1.564681e+00	1.047759e+03	3.129847e+02
2.402591e+00	1.242693e+00	2.350247e+02	8.840277e+03
1.879635e+00	1.556176e+00	8.772674e+02	5.053345e+03
2.587758e+00	1.164507e+00	1.256965e+03	6.947751e+03
1.741315e+00	1.675148e+00	3.159710e+03	8.852353e+02
1.988176e+00	1.474020e+00	4.121241e+02	1.600914e+03
2.094931e+00	1.404538e+00	1.498782e+03	9.503687e+03
1.737882e+00	1.680754e+00	2.191949e+03	2.343696e+03
2.536619e+00	1.184495e+00	4.579756e+02	4.760326e+03
2.073549e+00	1.417962e+00	1.083550e+03	7.342598e+02
2.546406e+00	1.180518e+00	4.701724e+02	4.208890e+03
2.004652e+00	1.462967e+00	3.073223e+03	8.466410e+02
1.840702e+00	1.586938e+00	1.867725e+03	2.122064e+02
2.101168e+00	1.400718e+00	8.717125e+02	2.961416e+03
2.577097e+00	1.168623e+00	4.974192e+02	9.563517e+03
2.212403e+00	1.336606e+00	9.815700e+02	2.915078e+03
2.539370e+00	1.183131e+00	2.780548e+02	9.236075e+03
1.764319e+00	1.653727e+00	5.914149e+02	3.408442e+02
2.653290e+00	1.139740e+00	2.499459e+01	3.168852e+03
2.297141e+00	1.292178e+00	7.698105e+02	3.490140e+03
2.061645e+00	1.425531e+00	1.338647e+02	2.794962e+03
2.257998e+00	1.312243e+00	8.723649e+02	3.585379e+03
2.490151e+00	1.202842e+00	7.841037e+02	1.817362e+03
2.536175e+00	1.184777e+00	1.106891e+01	9.821973e+03
1.761252e+00	1.656533e+00	2.661492e+02	5.030555e+02
2.366764e+00	1.258161e+00	4.635601e+01	5.889971e+03
2.682076e+00	1.129228e+00	1.065324e+01	8.260676e+03
1.729003e+00	1.688060e+00	2.047626e+03	2.721028e+03
2.074361e+00	1.416807e+00	8.854603e+02	1.622715e+03
2.477460e+00	1.208315e+00	2.168164e+02	4.977822e+03
2.243948e+00	1.319474e+00	8.956175e+02	3.922787e+03
2.119416e+00	1.389517e+00	1.056464e+03	1.408842e+02
2.460766e+00	1.215367e+00	6.284227e+02	6.904199e+02
2.224564e+00	1.328915e+00	3.085910e+02	2.248726e+02
2.012616e+00	1.458230e+00	9.055246e+01	1.677110e+03
2.418608e+00	1.233884e+00	7.990181e+01	9.754374e+03
1.864106e+00	1.567574e+00	1.492519e+03	3.226606e+02
2.470069e+00	1.211886e+00	2.917743e+02	6.065178e+03
1.709508e+00	1.706051e+00	1.807793e+03	5.646183e+02
1.932716e+00	1.514900e+00	1.585255e+03	2.437699e+03
2.527276e+00	1.188223e+00	2.567088e+02	4.797804e+03
2.500507e+00	1.198933e+00	5.593841e+00	3.600031e+03
2.013631e+00	1.456710e+00	4.879194e+02	4.890676e+02
2.386650e+00	1.249320e+00	5.117565e+01	2.292961e+03
1.942445e+00	1.507211e+00	8.238352e+02	3.263956e+03
2.144143e+00	1.374694e+00	3.753965e+02	1.796743e+03
2.731078e+00	1.112156e+00	6.210274e+01	8.168780e+02
2.435038e+00	1.227289e+00	5.157181e+01	8.812023e+03
2.268251e+00	1.305361e+00	1.579352e+02	2.921473e+03
2.575355e+00	1.168866e+00	6.338813e+01	4.310718e+03
1.931257e+00	1.515624e+00	5.969035e+02	2.920519e+03
2.120662e+00	1.389223e+00	8.989200e+02	3.773214e+03
1.777174e+00	1.642161e+00	6.395280e+01	2.747963e+03
1.939681e+00	1.509000e+00	6.542842e+02	2.387055e+03
2.322033e+00	1.278959e+00	2.819465e+02	2.581430e+03
2.137211e+00	1.378614e+00	5.555910e+02	1.607445e+03
2.257754e+00	1.311474e+00	1.578550e+02	1.437425e+03
2.364964e+00	1.258647e+00	7.746890e+02	2.199170e+03
2.641660e+00	1.143169e+00	3.185324e+02	6.023539e+03
2.322831e+00	1.279009e+00	1.306537e+00	7.639586e+02
1.750397e+00	1.666714e+00	1.654106e+02	4.088716e+02
2.645447e+00	1.143014e+00	5.142821e+02	3.923412e+03
1.899348e+00	1.538836e+00	5.448356e+02	1.166973e+03
2.232872e+00	1.324258e+00	5.773097e+01	5.130016e+02
2.068651e+00	1.421719e+00	2.730806e+03	7.875548e+02
1.768031e+00	1.651484e+00	3.388681e+03	8.501517e+02
2.461304e+00	1.215507e+00	8.048077e+02	7.088865e+02
2.035188e+00	1.442841e+00	2.103596e+01	6.643111e+03
2.232134e+00	1.324801e+00	7.102145e+02	4.594306e+01
1.886943e+00	1.550199e+00	2.285828e+02	5.920694e+03
1.921835e+00	1.522783e+00	4.468158e+02	3.160178e+03
2.368999e+00	1.257645e+00	8.508002e+02	2.948084e+03
1.988330e+00	1.473865e+00	3.217059e+01	3.466264e+02
2.491170e+00	1.202129e+00	7.990804e+01	9.265197e+02
1.850410e+00	1.577947e+00	7.504621e+02	1.789288e+03
2.404760e+00	1.240542e+00	1.010130e+02	2.061618e+02
2.647481e+00	1.142228e+00	1.478652e+03	6.823987e+03
2.410966e+00	1.236874e+00	2.526678e+02	3.581509e+03
2.657842e+00	1.137181e+00	2.056041e+02	6.991448e+03
2.596412e+00	1.161185e+00	3.098163e+01	3.018463e+03
2.396712e+00	1.244084e+00	4.481174e+02	2.121644e+03
2.492536e+00	1.202096e+00	3.843923e+02	4.061982e+03
1.884219e+00	1.553636e+00	1.632579e+03	6.614846e+03
2.525956e+00	1.188813e+00	2.320482e+02	6.363696e+03
1.910035e+00	1.531653e+00	3.449751e+02	4.848680e+03
1.801731e+00	1.619873e+00	1.039489e+03	6.392374e+02
2.548502e+00	1.179765e+00	2.498507e+02	6.447361e+03
2.224666e+00	1.330040e+00	4.366078e+02	3.675112e+03
1.915567e+00	1.527237e+00	1.036626e+03	7.545481e+02
1.814988e+00	1.609213e+00	4.218102e+02	3.211988e+03
1.892818e+00	1.544109e+00	5.720931e+02	1.329726e+02
2.101243e+00	1.400104e+00	8.951826e+01	2.724031e+02
2.133404e+00	1.380733e+00	4.701320e+02	2.129622e+03
1.949701e+00	1.502692e+00	4.688869e+01	6.061635e+03
1.847750e+00	1.580735e+00	5.472413e+02	5.907006e+02
2.244169e+00	1.319578e+00	5.070719e+01	4.919439e+03
2.250503e+00	1.315796e+00	5.852359e+01	1.105639e+03
1.968577e+00	1.487182e+00	5.457617e+01	2.803103e+02
2.733603e+00	1.111272e+00	7.223988e+02	6.632609e+03
2.593409e+00	1.161999e+00	4.132267e+01	4.953539e+03
1.822007e+00	1.602258e+00	2.116963e+02	1.431714e+02
1.782504e+00	1.638178e+00	1.820223e+03	3.266570e+03
2.570832e+00	1.170919e+00	5.617480e+01	9.683093e+03
1.787704e+00	1.632017e+00	4.164139e+02	9.767411e+01
2.591037e+00	1.163219e+00	6.155793e+02	9.607905e+03
2.327814e+00	1.276185e+00	1.086150e+02	2.611918e+03
2.398441e+00	1.243323e+00	7.973721e+02	1.328881e+03
2.377409e+00	1.253107e+00	3.690039e+02	5.711581e+03
2.409977e+00	1.238188e+00	4.601293e+02	2.691332e+03
2.014820e+00	1.456889e+00	2.440211e+03	2.037751e+03
2.463157e+00	1.214100e+00	2.327129e+02	2.921738e+03
2.626143e+00	1.149740e+00	1.881397e+02	4.195438e+03
2.356861e+00	1.262311e+00	1.515263e+02	1.103252e+03
2.357524e+00	1.261834e+00	1.846274e+02	4.430038e+01
2.608443e+00	1.156259e+00	5.180558e+01	3.828581e+03
2.733045e+00	1.111660e+00	5.925362e+02	1.878574e+03
2.238129e+00	1.321906e+00	9.597037e+01	2.308038e+02
2.398702e+00	1.243534e+00	8.616202e+02	1.016431e+03
2.425024e+00	1.230515e+00	3.516474e+01	5.231912e+02
2.042847e+00	1.436659e+00	3.886653e+02	1.906889e+03
1.843242e+00	1.584294e+00	2.767741e+00	8.573346e+02
2.265891e+00	1.308330e+00	5.672841e+02	4.985572e+03
1.916358e+00	1.526331e+00	2.067414e+03	2.311781e+03
2.174239e+00	1.356742e+00	3.710702e+02	5.875803e+02
1.950392e+00	1.500917e+00	1.459227e+01	1.081989e+03
1.749539e+00	1.668447e+00	1.063824e+03	2.308838e+03
1.763617e+00	1.654528e+00	4.630250e+02	5.643171e+02
2.125344e+00	1.385106e+00	3.835495e+02	1.247170e+03
2.077218e+00	1.415231e+00	1.361709e+03	3.583119e+03
2.206430e+00	1.340779e+00	8.795597e+02	6.159481e+03
2.529108e+00	1.187611e+00	5.778335e+02	4.682780e+03
1.709129e+00	1.707920e+00	6.984177e+02	1.716303e+02
2.126088e+00	1.385590e+00	7.333291e+01	3.385932e+03
1.930927e+00	1.515978e+00	1.090523e+03	1.517403e+02
2.085116e+00	1.411274e+00	1.327666e+03	2.571345e+03
1.918291e+00	1.524995e+00	1.984360e+03	3.221205e+02
2.562296e+00	1.174483e+00	6.259653e+02	7.742774e+03
2.052008e+00	1.431599e+00	7.306725e+01	6.081493e+03
2.167724e+00	1.360766e+00	4.054375e+02	6.528046e+02
2.102458e+00	1.399064e+00	2.175610e+02	3.223447e+03
1.792703e+00	1.628281e+00	2.759086e+02	2.843165e+03
2.213916e+00	1.335172e+00	5.797167e+02	2.160758e+03
1.771124e+00	1.649421e+00	1.286956e+03	2.854399e+03
1.982691e+00	1.478413e+00	3.182727e+02	2.648159e+03
1.918779e+00	1.526057e+00	1.956414e+01	7.544037e+03
2.266069e+00	1.307626e+00	1.095498e+03	2.265186e+03
2.040719e+00	1.440103e+00	3.068750e+03	4.827820e+03
2.521468e+00	1.190880e+00	5.321810e+02	7.366528e+03
2.220820e+00	1.331812e+00	1.076661e+03	3.237619e+03
1.809413e+00	1.613969e+00	3.675659e+02	1.104680e+03
2.159129e+00	1.365662e+00	2.212607e+02	5.723978e+03
2.550931e+00	1.178592e+00	4.284221e+02	3.629301e+03
1.798509e+00	1.623704e+00	1.391235e+03	1.800071e+03
1.873789e+00	1.559781e+00	3.248608e+02	6.926601e+02
2.197087e+00	1.345165e+00	7.747969e+02	4.522378e+03
2.012719e+00	1.458317e+00	1.558089e+03	1.507241e+03
2.416804e+00	1.236064e+00	9.874204e+02	1.571489e+03
2.630780e+00	1.148677e+00	5.090894e+02	1.520228e+03
2.023635e+00	1.451183e+00	2.043735e+03	1.615505e+03
2.210890e+00	1.336584e+00	1.205904e+02	7.563425e+03
1.985873e+00	1.476685e+00	2.222810e+03	4.186115e+03
1.804251e+00	1.618219e+00	4.482127e+02	4.435325e+02
1.725045e+00	1.690293e+00	3.154462e+02	3.302062e+02
2.120416e+00	1.388037e+00	7.715260e+01	2.982409e+01
2.623187e+00	1.152030e+00	6.150043e+00	5.720146e+03
2.419243e+00	1.234291e+00	7.781832e+02	4.432454e+02
2.532928e+00	1.186282e+00	5.155981e+01	6.210429e+03
2.027312e+00	1.447889e+00	1.387393e+03	2.740086e+03
2.060254e+00	1.426432e+00	5.460122e+02	3.808074e+03
1.984258e+00	1.477236e+00	3.296079e+02	5.481344e+03
2.046247e+00	1.435946e+00	2.360947e+03	2.454551e+03
1.901190e+00	1.537341e+00	8.235021e+01	2.343765e+02
2.333480e+00	1.273539e+00	8.978425e+01	1.777751e+03
1.951622e+00	1.500370e+00	5.270498e+02	2.903053e+02
2.066180e+00	1.421665e+00	2.134752e+02	2.475438e+02
1.874709e+00	1.559586e+00	5.935478e+01	1.769598e+03
2.663826e+00	1.135911e+00	4.054972e+01	8.181643e+03
2.441353e+00	1.223953e+00	2.687938e+02	3.611744e+03
2.641716e+00	1.143235e+00	7.066727e+01	3.444259e+03
2.335234e+00	1.272939e+00	1.197399e+03	2.223502e+02
1.936356e+00	1.511063e+00	2.072256e+02	5.209780e+02
2.401430e+00	1.241703e+00	3.398316e+02	2.683247e+03
2.511592e+00	1.194328e+00	1.395901e+02	4.531988e+03
2.320711e+00	1.280756e+00	4.804898e+02	5.100863e+03
2.366190e+00	1.257983e+00	4.128641e+01	1.789983e+03
1.931415e+00	1.515344e+00	1.875029e+02	8.522336e+02
2.462515e+00	1.214845e+00	5.213101e+02	2.630627e+03
1.712937e+00	1.703214e+00	4.709466e+02	3.300442e+02
2.097707e+00	1.401596e+00	5.565951e+02	2.006656e+03
2.053437e+00	1.431025e+00	2.863780e+02	5.360639e+03
1.773810e+00	1.645747e+00	1.259593e+03	1.731159e+03
2.632795e+00	1.147580e+00	1.042662e+02	6.991996e+03
2.535381e+00	1.184797e+00	4.245336e+01	7.049816e+03
1.802842e+00	1.619021e+00	1.446824e+02	7.252078e+02
2.269384e+00	1.305561e+00	3.565880e+00	9.072870e+02
2.080623e+00	1.413505e+00	1.220638e+03	1.137316e+03
2.008922e+00	1.459255e+00	2.879045e+02	6.209591e+02
2.166846e+00	1.362035e+00	2.343291e+02	3.463449e+03
2.008264e+00	1.461040e+00	1.808808e+01	5.210027e+03
2.066423e+00	1.422697e+00	1.944706e+03	1.078905e+02
2.080327e+00	1.412555e+00	1.672295e+02	5.519989e+02
2.216847e+00	1.334483e+00	1.152437e+03	4.267619e+03
2.408823e+00	1.238080e+00	6.168641e+02	6.817923e+02
2.491492e+00	1.203196e+00	1.409717e+02	2.815829e+03
1.844041e+00	1.585637e+00	3.674360e+02	3.791755e+03
2.505650e+00	1.196961e+00	4.467649e+02	3.156091e+03
2.399976e+00	1.241871e+00	1.539825e+02	3.053609e+03
2.642464e+00	1.143751e+00	7.637435e+01	7.584047e+03
1.743024e+00	1.674331e+00	1.231672e+03	1.487724e+03
1.928404e+00	1.518022e+00	2.875635e+03	7.480577e+02
2.337723e+00	1.271706e+00	5.928156e+02	3.268320e+03
2.094887e+00	1.405195e+00	4.428068e+01	5.349612e+03
1.798790e+00	1.623517e+00	1.710933e+03	1.473246e+02
2.485506e+00	1.205268e+00	1.878657e+02	2.062463e+03
2.219193e+00	1.332623e+00	4.142767e+02	7.480286e+02
2.471717e+00	1.211807e+00	1.077931e+03	4.140340e+03
1.941914e+00	1.508392e+00	1.484041e+00	6.053470e+03
1.980288e+00	1.479713e+00	6.529386e+02	2.192190e+03
2.156084e+00	1.368798e+00	3.355502e+03	4.583843e+03
2.656280e+00	1.137694e+00	9.867498e+01	5.983537e+03
2.171209e+00	1.359418e+00	1.513807e+02	4.340505e+03
2.123479e+00	1.387168e+00	3.109234e+02	3.708126e+02
2.035965e+00	1.443440e+00	1.008710e+02	3.325314e+03
2.272399e+00	1.304523e+00	4.420839e+02	3.992373e+03
2.703257e+00	1.121559e+00	9.836192e+01	9.850844e+03
2.557355e+00	1.177655e+00	1.301654e+02	6.832130e+03
1.817445e+00	1.606901e+00	1.638782e+02	6.367514e+02
2.469557e+00	1.211434e+00	5.324662e+02	7.698957e+03
2.621971e+00	1.151506e+00	1.156086e+03	4.575684e+03
1.944194e+00	1.505075e+00	1.554456e+03	1.827321e+02
1.812772e+00	1.612227e+00	1.156292e+03	4.907146e+03
2.386067e+00	1.248741e+00	5.666974e+02	4.686828e+03
1.776557e+00	1.643270e+00	2.571132e+00	3.243567e+03
1.987088e+00	1.475029e+00	2.737407e+03	9.780630e+02
1.915988e+00	1.527038e+00	9.621799e+02	4.950122e+03
1.929252e+00	1.517100e+00	4.991304e+02	5.444207e+02
1.878824e+00	1.556405e+00	3.630714e+02	3.561842e+03
2.016620e+00	1.454899e+00	1.264503e+02	4.613466e+03
2.442289e+00	1.224336e+00	8.855529e+02	3.782423e+03
1.794343e+00	1.628795e+00	4.474877e+03	1.672735e+03
2.460904e+00	1.215304e+00	1.990747e+02	3.950979e+03
1.915058e+00	1.527409e+00	5.442044e+02	2.781574e+02
2.415284e+00	1.236081e+00	3.703507e+01	4.931036e+03
2.156650e+00	1.366911e+00	3.485854e+02	1.604239e+01
2.650902e+00	1.141787e+00	2.705544e+02	2.406809e+03
2.478471e+00	1.208507e+00	1.206582e+01	6.767945e+02
2.696094e+00	1.124449e+00	7.129565e+01	6.624564e+03
1.968206e+00	1.489305e+00	6.101738e+02	2.955251e+03
2.334620e+00	1.273100e+00	4.844340e+02	1.575177e+03
1.891016e+00	1.546626e+00	3.120377e+03	7.304709e+02
2.093332e+00	1.404068e+00	5.507744e+00	1.380079e+03
2.416493e+00	1.235061e+00	1.289710e+02	3.955512e+02
2.416554e+00	1.235352e+00	3.534631e+02	2.471476e+03
2.249085e+00	1.316257e+00	1.309844e+01	8.281878e+02
2.231509e+00	1.325410e+00	2.288726e+02	1.695358e+02
1.872927e+00	1.560890e+00	1.062383e+03	9.695540e+02
2.313048e+00	1.284264e+00	6.203495e+02	2.142359e+03
2.520592e+00	1.191735e+00	2.739569e+03	2.432720e+03
2.040184e+00	1.439380e+00	4.658706e+02	2.225943e+03
1.878778e+00	1.555583e+00	6.282223e+01	8.128921e+02
2.619232e+00	1.152101e+00	4.944269e+02	4.319737e+03
2.257006e+00	1.312766e+00	1.004146e+03	2.260945e+03
1.812961e+00	1.609994e+00	5.319255e+02	3.637296e+02
1.716744e+00	1.699261e+00	1.946868e+02	9.373797e+01
2.475063e+00	1.209302e+00	5.200723e+02	4.159466e+03
1.740330e+00	1.677431e+00	7.301796e+02	2.541478e+03
2.142883e+00	1.375741e+00	1.060566e+03	2.463975e+03
2.401505e+00	1.242053e+00	4.281327e+02	2.259361e+03
1.833760e+00	1.593046e+00	2.176765e+03	3.414605e+02
1.980294e+00	1.479963e+00	6.061575e+02	2.928093e+03
2.131174e+00	1.381773e+00	1.914375e+02	5.042328e+02
2.286141e+00	1.297363e+00	7.686917e+02	1.323194e+03
2.096914e+00	1.403299e+00	9.102137e+01	4.286618e+03
2.536767e+00	1.184526e+00	6.524244e+02	2.759071e+03
1.962805e+00	1.492563e+00	1.879364e+02	2.080323e+03
2.294009e+00	1.293036e+00	5.499465e+00	3.860790e+01
2.179475e+00	1.354916e+00	1.114103e+03	1.799905e+03
1.838082e+00	1.588370e+00	9.406257e+02	1.348123e+03
2.279223e+00	1.300493e+00	1.224845e+02	6.781684e+01
2.084883e+00	1.411828e+00	2.494750e+02	4.709244e+03
2.557999e+00	1.175789e+00	2.083612e+02	6.484043e+03
2.173129e+00	1.358185e+00	5.930626e+02	2.201114e+03
2.156939e+00	1.367684e+00	2.347165e+03	6.045290e+02
2.394745e+00	1.244893e+00	4.396955e+01	4.080654e+02
1.814782e+00	1.608063e+00	2.254876e+02	1.559715e+03
2.574551e+00	1.169186e+00	6.602988e+02	8.700374e+03
2.559416e+00	1.175630e+00	7.094442e+02	9.333533e+02
1.842494e+00	1.584144e+00	4.149947e+02	1.139120e+03
1.750713e+00	1.665930e+00	2.016478e+02	3.380368e+02
1.977746e+00	1.480426e+00	1.741231e+02	1.697492e+02
2.538894e+00	1.183698e+00	7.292234e+01	3.772451e+03
2.444112e+00	1.223002e+00	1.678369e+01	2.156928e+03
2.171570e+00	1.357789e+00	2.529241e+02	1.086642e+03
2.670320e+00	1.134032e+00	5.775740e+02	2.724441e+03
2.260226e+00	1.310964e+00	1.850672e+02	3.136069e+03
2.598512e+00	1.160346e+00	1.044777e+02	6.284306e+03
2.441561e+00	1.224231e+00	1.122892e+02	6.616961e+01
2.599139e+00	1.160093e+00	5.389871e+02	9.900475e+03
1.986242e+00	1.475621e+00	3.884018e+02	5.014829e+02
1.981676e+00	1.479340e+00	8.140546e+02	2.773898e+03
1.822877e+00	1.602664e+00	5.780396e+02	3.339074e+03
2.264218e+00	1.308296e+00	9.951619e+02	2.833863e+02
1.737251e+00	1.679269e+00	4.496978e+02	5.173693e+02
2.289076e+00	1.296917e+00	2.589707e+02	1.341747e+03
2.291551e+00	1.295465e+00	7.986035e+02	5.087356e+03
2.019878e+00	1.451853e+00	1.654071e+02	2.249343e+02
2.629447e+00	1.148648e+00	3.801784e+02	9.364399e+03
2.607135e+00	1.155848e+00	3.490398e+01	6.651317e+03
1.901528e+00	1.539321e+00	1.186810e+03	4.290258e+03
1.738015e+00	1.679311e+00	7.764690e+02	2.229164e+03
2.090961e+00	1.406840e+00	5.251216e+02	3.860692e+03
2.020287e+00	1.452000e+00	9.227946e+02	2.324763e+03
2.563922e+00	1.173704e+00	4.893756e+02	6.874726e+03
2.389829e+00	1.247233e+00	2.665908e+02	3.041615e+03
2.262753e+00	1.309092e+00	8.440228e+01	3.737928e+03
1.734377e+00	1.682705e+00	2.284117e+02	2.365932e+02
2.406145e+00	1.239793e+00	3.445505e+01	6.781316e+02
2.400203e+00	1.242180e+00	5.629512e+01	5.179074e+02
2.470938e+00	1.211736e+00	1.205026e+02	9.003929e+03
1.997698e+00	1.467503e+00	1.654272e+02	2.061792e+03
1.906305e+00	1.534650e+00	7.553797e+01	1.489755e+03
1.945283e+00	1.504067e+00	4.371372e+02	1.832044e+03
2.334804e+00	1.273213e+00	9.138703e+02	6.175334e+03
2.647290e+00	1.142259e+00	2.682827e+02	2.381719e+03
2.727723e+00	1.113059e+00	1.473399e+02	8.151169e+03
2.019352e+00	1.452056e+00	2.311714e+01	1.782518e+03
2.014814e+00	1.456116e+00	4.904868e+02	2.175538e+03
2.451485e+00	1.219391e+00	7.037008e+01	1.276421e+03
2.163311e+00	1.363453e+00	4.944512e+02	1.775460e+03
2.135210e+00	1.380352e+00	4.149360e+02	1.000119e+03
1.887329e+00	1.550313e+00	2.513880e+03	3.303758e+03
2.460046e+00	1.216209e+00	3.384619e+02	8.725756e+03
1.723658e+00	1.692355e+00	1.285856e+02	1.190549e+02
2.603785e+00	1.158278e+00	9.116351e+02	7.657678e+03
1.813165e+00	1.610580e+00	1.995489e+02	4.988810e+02
2.284967e+00	1.298051e+00	1.540281e+03	4.402840e+03
1.947565e+00	1.503807e+00	2.140727e+02	1.732876e+03
2.638822e+00	1.145047e+00	5.270220e+02	7.617382e+03
1.879694e+00	1.555672e+00	4.011103e+03	1.034930e+03
1.889395e+00	1.547112e+00	2.096940e+02	9.419316e+02
2.088929e+00	1.407949e+00	4.715390e+02	3.555310e+03
1.936206e+00	1.511666e+00	6.125961e+02	4.688791e+02
2.010953e+00	1.458982e+00	2.786853e+01	3.838092e+03
2.394523e+00	1.244574e+00	1.543434e+02	3.972006e+03
1.962700e+00	1.491647e+00	1.630147e+02	4.649839e+02
1.774948e+00	1.644520e+00	9.302913e+02	1.060301e+03
2.533756e+00	1.185782e+00	3.596970e+02	5.949074e+03
2.176837e+00	1.356164e+00	6.656861e+02	3.686283e+03
2.015930e+00	1.455656e+00	2.663667e+02	4.938727e+03
2.764115e+00	1.100641e+00	2.365801e+02	1.653619e+03
2.512466e+00	1.194063e+00	7.492269e+02	1.718205e+03
2.576790e+00	1.168579e+00	1.045798e+02	7.367417e+03
2.134002e+00	1.381635e+00	8.043737e+02	6.669512e+03
2.168719e+00	1.358892e+00	1.084286e+02	1.792044e+03
2.679997e+00	1.130341e+00	8.221849e+02	9.837222e+03
1.751886e+00	1.666722e+00	3.725074e+02	1.767992e+03
2.021260e+00	1.451768e+00	6.722153e+02	8.048332e+02
1.904014e+00	1.536454e+00	2.132480e+02	4.869885e+03
2.442135e+00	1.224003e+00	1.210588e+03	1.678306e+03
1.800457e+00	1.621103e+00	6.681913e+01	1.053539e+03
2.684972e+00	1.127874e+00	1.564494e+02	5.918619e+03
1.772255e+00	1.647607e+00	2.767543e+03	4.113386e+02
2.312467e+00	1.283538e+00	2.014043e+02	2.752344e+02
1.863572e+00	1.568066e+00	2.208186e+02	2.406978e+02
2.343157e+00	1.269053e+00	1.292521e+01	6.940682e+02
1.711964e+00	1.704168e+00	1.458635e+02	2.792708e+03
1.938030e+00	1.509522e+00	1.363405e+03	3.374900e+02
2.070763e+00	1.420420e+00	1.871901e+03	2.951824e+03
2.493528e+00	1.201362e+00	6.655450e+01	6.475767e+02
2.489708e+00	1.203268e+00	2.804527e+01	8.813248e+03
1.883336e+00	1.553239e+00	3.029142e+03	1.822951e+03
2.199348e+00	1.343403e+00	9.850764e+01	6.496707e+03
2.363038e+00	1.259222e+00	2.414815e+02	2.726639e+03
2.079355e+00	1.413684e+00	1.335890e+02	2.804445e+03
1.747554e+00	1.671709e+00	4.136828e+03	6.742360e+02
1.850242e+00	1.579135e+00	2.043097e+01	7.418446e+02
2.317115e+00	1.281692e+00	3.516364e+02	4.226415e+02
2.019073e+00	1.453811e+00	8.373170e+02	9.998448e+03
1.987750e+00	1.475283e+00	2.543365e+03	1.209983e+03
2.594647e+00	1.161430e+00	2.189940e+02	4.081505e+03
2.596464e+00	1.160950e+00	1.326801e+02	2.335488e+03
1.962525e+00	1.492913e+00	9.254997e+02	4.088692e+03
2.247282e+00	1.318198e+00	8.687739e+02	3.762576e+03
2.182139e+00	1.352079e+00	9.205313e+01	3.802432e+01
2.004832e+00	1.463247e+00	5.018186e+02	3.237776e+03
2.611606e+00	1.155224e+00	1.413634e+03	5.700136e+03
2.130807e+00	1.382311e+00	1.004407e+03	3.905404e+03
1.744341e+00	1.672314e+00	2.491750e+02	3.902006e+02
1.989833e+00	1.473422e+00	1.945986e+03	2.071029e+03
2.375321e+00	1.253680e+00	2.803242e+00	1.673985e+03
2.609132e+00	1.156182e+00	3.037191e+02	4.334271e+03
2.701694e+00	1.122481e+00	2.704223e+02	4.996321e+03
1.935267e+00	1.512827e+00	1.874869e+03	1.606161e+03
3.063693e+00	1.011748e+00	3.795469e+02	3.527896e+03
2.568683e+00	1.171701e+00	2.906160e+02	5.230666e+03
1.754218e+00	1.663078e+00	1.590463e+01	9.116176e+02
2.298669e+00	1.291146e+00	7.363926e+01	1.795242e+03
1.957758e+00	1.496168e+00	2.579148e+02	5.993448e+02
2.419950e+00	1.233218e+00	4.173167e+02	4.421862e+03
2.334405e+00	1.274939e+00	3.766631e+03	6.733122e+03
2.400767e+00	1.241724e+00	2.244524e+02	8.346811e+02
2.485699e+00	1.205128e+00	4.260406e+02	4.721075e+03
2.138357e+00	1.378406e+00	1.091810e+03	1.911820e+03
1.993143e+00	1.472161e+00	4.917588e+02	3.722186e+03
1.790003e+00	1.630608e+00	5.151623e+02	6.918164e+02
1.981848e+00	1.479053e+00	1.894883e+02	1.083914e+03
1.904824e+00	1.537120e+00	3.360868e+03	7.549597e+02
2.043736e+00	1.436393e+00	8.374607e+02	1.007054e+03
2.588926e+00	1.163015e+00	5.363665e+01	5.902829e+02
1.854468e+00	1.575837e+00	4.786808e+02	4.290815e+03
1.774274e+00	1.646118e+00	5.750246e+02	4.741964e+03
1.719705e+00	1.696302e+00	9.027771e+02	1.346310e+02
2.170075e+00	1.359389e+00	2.356585e+02	5.071892e+03
1.940730e+00	1.509009e+00	1.658999e+03	2.744908e+03
1.857175e+00	1.573168e+00	1.078728e+03	2.385238e+03
1.902056e+00	1.538302e+00	1.585822e+03	9.638042e+02
2.005773e+00	1.463321e+00	1.827160e+03	1.645211e+03
2.062991e+00	1.424306e+00	5.149443e+02	2.020745e+03
1.939058e+00	1.509783e+00	1.154799e+03	9.858144e+01
1.823832e+00	1.601493e+00	6.807529e+02	3.125197e+02
1.989990e+00	1.471903e+00	8.683371e+01	4.636367e+02
2.384800e+00	1.250149e+00	1.593182e+02	4.836663e+03
2.412989e+00	1.236580e+00	4.109883e+02	4.023325e+03
1.709150e+00	1.707982e+00	2.670465e+03	5.161288e+02
2.334855e+00	1.273972e+00	3.103758e+02	2.039125e+03
2.205695e+00	1.340112e+00	4.956557e+02	4.261313e+03
2.465677e+00	1.213680e+00	7.972268e+02	8.337887e+03
2.110571e+00	1.394978e+00	1.196773e+03	2.835861e+03
1.851767e+00	1.577961e+00	9.575463e+02	2.405310e+03
2.474159e+00	1.210178e+00	2.004409e+02	3.379241e+03
1.771853e+00	1.647144e+00	1.469098e+03	9.326114e+02
2.667377e+00	1.134642e+00	6.768870e+01	3.331836e+03
2.070707e+00	1.420043e+00	4.496506e+02	3.751264e+03
1.934635e+00	1.513367e+00	1.217671e+03	3.839017e+03
2.373619e+00	1.254186e+00	5.509875e+01	5.640556e+02
2.600966e+00	1.158996e+00	1.358165e+02	2.327972e+03
1.971766e+00	1.486755e+00	3.752840e+01	4.926832e+03
1.896271e+00	1.542312e+00	1.257594e+03	3.501706e+03
1.894332e+00	1.542253e+00	1.272096e+02	4.498226e+01
2.502538e+00	1.198224e+00	1.063481e+02	1.900674e+03
1.837261e+00	1.589903e+00	1.489057e+03	3.730114e+02
2.580751e+00	1.166834e+00	2.533271e+02	4.585585e+03
2.721412e+00	1.115528e+00	1.309877e+02	2.122986e+03
2.233392e+00	1.324146e+00	4.135111e+01	4.523422e+02
1.991309e+00	1.472037e+00	7.363325e+02	2.216822e+03
2.098271e+00	1.402431e+00	3.164836e+02	2.235951e+03
1.768073e+00	1.650254e+00	2.065087e+03	2.128182e+02
2.301385e+00	1.289679e+00	3.465656e+02	4.731685e+03
2.407204e+00	1.240047e+00	6.926238e+01	4.049633e+03
1.852034e+00	1.577273e+00	4.798582e+02	4.588706e+02
2.136607e+00	1.379145e+00	1.353492e+03	8.723894e+03
2.006433e+00	1.461102e+00	4.014319e+02	5.932850e+03
1.950766e+00	1.500918e+00	1.492596e+03	1.207889e+03
1.893932e+00	1.543586e+00	6.411795e+02	1.121273e+02
2.166933e+00	1.361102e+00	1.577644e+02	1.259053e+02
2.374127e+00	1.254540e+00	2.943830e+02	5.234155e+03
1.879075e+00	1.555440e+00	2.024695e+02	6.465255e+02
2.009733e+00	1.460422e+00	2.853424e+03	2.026206e+03
1.805340e+00	1.616839e+00	5.637120e+02	4.280344e+02
2.437742e+00	1.225049e+00	4.557108e+00	9.120042e+03
2.482306e+00	1.206285e+00	4.870491e+02	2.317544e+03
1.914694e+00	1.528374e+00	1.267040e+03	3.106023e+03
2.619245e+00	1.152551e+00	4.012881e+02	3.998430e+03
2.054996e+00	1.429266e+00	7.248308e+02	4.788182e+03
1.849365e+00	1.580464e+00	1.682638e+03	2.181503e+03
1.990792e+00	1.472278e+00	8.979709e+02	2.535406e+03
2.160963e+00	1.365286e+00	5.969180e+02	2.808231e+03
1.946413e+00	1.504061e+00	1.495868e+03	2.480780e+03
2.397066e+00	1.244451e+00	9.160138e+01	1.620204e+03
2.045737e+00	1.436065e+00	5.675279e+02	3.314358e+03
1.870163e+00	1.562751e+00	4.763137e+02	1.318175e+02
2.546430e+00	1.180426e+00	4.764961e+00	3.442209e+03
1.949061e+00	1.502033e+00	1.113322e+03	2.151139e+03
2.276811e+00	1.301698e+00	2.154299e+02	1.210308e+02
2.498109e+00	1.200066e+00	4.738971e+02	1.171032e+03
1.711038e+00	1.704866e+00	2.306936e+02	1.638848e+02
2.630706e+00	1.148410e+00	4.779642e+02	5.767271e+03
2.111432e+00	1.393821e+00	8.491280e+02	4.124704e+03
2.462421e+00	1.214700e+00	1.658814e+02	3.489374e+02
2.108141e+00	1.396442e+00	8.270788e+02	3.044810e+03
2.413333e+00	1.237110e+00	3.553323e+02	3.160093e+03
2.564162e+00	1.173727e+00	6.292731e+02	3.350236e+03
2.256195e+00	1.313309e+00	8.542524e+02	1.506402e+03
1.779271e+00	1.640734e+00	1.183900e+03	1.773854e+03
2.036374e+00	1.441714e+00	5.929748e+02	2.919322e+03
2.360651e+00	1.260269e+00	1.199992e+02	7.019563e+02
2.603266e+00	1.157714e+00	7.573175e+01	6.189387e+03
1.984926e+00	1.477020e+00	9.589089e+02	2.070429e+03
2.027356e+00	1.448105e+00	8.570785e+02	3.056432e+03
2.425210e+00	1.231095e+00	6.543054e+01	7.145337e+02
2.425173e+00	1.231733e+00	2.432123e+02	5.894258e+03
2.225560e+00	1.329875e+00	2.660309e+02	5.885386e+03
2.586668e+00	1.164744e+00	7.673039e+01	5.750852e+03
2.494218e+00	1.201975e+00	5.333872e+02	1.705192e+03
1.914069e+00	1.528945e+00	2.114845e+03	2.432443e+03
1.934368e+00	1.512127e+00	2.981382e+01	1.126465e+03
1.922424e+00	1.522572e+00	9.939880e+02	2.976641e+03
2.161973e+00	1.363173e+00	9.698968e+01	2.751556e+03
2.102262e+00	1.400703e+00	6.142376e+02	7.855225e+03
1.873125e+00	1.560438e+00	7.659769e+02	9.823206e+02
2.002566e+00	1.464180e+00	6.659804e+02	6.127736e+02
1.997178e+00	1.469419e+00	2.662537e+02	7.944585e+03
2.187787e+00	1.349682e+00	4.139130e+02	2.949585e+02
2.325419e+00	1.277123e+00	3.209179e+02	1.433226e+02
2.396627e+00	1.244251e+00	3.343687e+02	2.431562e+03
2.585027e+00	1.165015e+00	9.652063e+00	5.467697e+03
2.085276e+00	1.410471e+00	5.885516e+02	2.814768e+03
1.748228e+00	1.667252e+00	3.644516e+02	1.015436e+03
2.589177e+00	1.164080e+00	4.863018e+02	4.076043e+03
1.939077e+00	1.508972e+00	1.059879e+02	3.142991e+02
1.755669e+00	1.662930e+00	1.586667e+03	1.392034e+03
2.306769e+00	1.286917e+00	1.022490e+03	5.637728e+03
1.866041e+00	1.565112e+00	7.317235e+02	2.316595e+03
2.066841e+00	1.422691e+00	6.720371e+02	3.700439e+03
2.274121e+00	1.303577e+00	8.060153e+02	2.018508e+03
2.096021e+00	1.404765e+00	8.145080e+02	1.947408e+03
1.830783e+00	1.594975e+00	2.423485e+01	8.637619e+02
2.515668e+00	1.193244e+00	4.518943e+02	5.451269e+03
2.232427e+00	1.325439e+00	1.621610e+02	9.559923e+03
2.668053e+00	1.133851e+00	1.266901e+02	7.915454e+02
2.424642e+00	1.231215e+00	9.448592e+02	5.810918e+02
2.148807e+00	1.372711e+00	1.587362e+02	1.195610e+03
1.773454e+00	1.646928e+00	2.579027e+03	2.049997e+03
1.837688e+00	1.588255e+00	2.500787e+01	3.347961e+02
2.374820e+00	1.253841e+00	3.373580e+02	1.306497e+02
2.706515e+00	1.120760e+00	5.531547e+02	4.078057e+03
2.269348e+00	1.306378e+00	3.626628e+02	1.550724e+03
2.054946e+00	1.429475e+00	3.209130e+02	3.517064e+03
2.183002e+00	1.352002e+00	9.209160e+02	2.389667e+03
1.941634e+00	1.508565e+00	5.317151e+02	3.839321e+03
2.569809e+00	1.171485e+00	5.671508e+02	4.623235e+03
2.286653e+00	1.296448e+00	2.281216e+02	7.384253e+02
2.442021e+00	1.224103e+00	9.711105e+02	2.469939e+03
2.496641e+00	1.201939e+00	9.948999e+02	6.605549e+03
2.130485e+00	1.383449e+00	1.658969e+03	3.127180e+03
2.150893e+00	1.371857e+00	1.973134e+03	1.697651e+03
2.223541e+00	1.330910e+00	8.949027e+02	5.600921e+03
2.296169e+00	1.292064e+00	2.562694e+01	1.568774e+03
1.755625e+00	1.663857e+00	2.171875e+03	1.771769e+02
2.015427e+00	1.455577e+00	5.725242e+02	2.301583e+03
1.923771e+00	1.521694e+00	2.062236e+03	2.891735e+03
2.575731e+00	1.169317e+00	7.358877e+02	1.572919e+03
2.164303e+00	1.363157e+00	1.226157e+03	2.874948e+03
2.401016e+00	1.241479e+00	1.871543e+02	1.451350e+03
2.339451e+00	1.271475e+00	9.220679e+02	3.326349e+03
2.347981e+00	1.267007e+00	2.440276e+02	4.771353e+03
2.446615e+00	1.222668e+00	1.448915e+02	2.205302e+03
2.571150e+00	1.170497e+00	1.207731e+02	1.291740e+03
2.383443e+00	1.250371e+00	6.305701e+02	3.373772e+03
2.283024e+00	1.298744e+00	1.918382e+03	3.679221e+03
2.261659e+00	1.310362e+00	2.166722e+02	6.244737e+03
1.721943e+00	1.694529e+00	2.902024e+03	3.444246e+02
2.156793e+00	1.367343e+00	7.016295e+01	3.989101e+03
2.477049e+00	1.207972e+00	3.087015e+01	6.145974e+03
1.960031e+00	1.494580e+00	1.734730e+03	5.754543e+03
2.563834e+00	1.173748e+00	4.829618e+02	4.248799e+03
2.451824e+00	1.219543e+00	7.376943e+02	9.680355e+02
1.947257e+00	1.504064e+00	1.522758e+03	3.291318e+03
2.032062e+00	1.444372e+00	7.963460e+02	2.007172e+03
2.245455e+00	1.318268e+00	6.473739e+02	2.302675e+03
2.591100e+00	1.161883e+00	5.740723e+02	5.893603e+03
1.980638e+00	1.479794e+00	2.708259e+02	4.717177e+03
2.102121e+00	1.400077e+00	2.500373e+02	1.338942e+03
2.108714e+00	1.395929e+00	5.837951e+02	2.356112e+03
1.841100e+00	1.587011e+00	6.472766e+02	8.024053e+02
1.947542e+00	1.502556e+00	1.122165e+03	1.800711e+02
2.674200e+00	1.131582e+00	3.894441e+01	7.450381e+03
1.882633e+00	1.554006e+00	2.536937e+03	3.224982e+03
2.524841e+00	1.188774e+00	2.748763e+01	3.249104e+03
1.804482e+00	1.618324e+00	2.816380e+03	1.360767e+03
1.909988e+00	1.530597e+00	4.098944e+01	1.101888e+03
1.917480e+00	1.525926e+00	1.224407e+03	3.320780e+03
1.845263e+00	1.582533e+00	3.262678e+02	4.481189e+02
2.000541e+00	1.466530e+00	1.915787e+03	3.254175e+03
2.195343e+00	1.345160e+00	4.406541e+02	3.733675e+01
2.474995e+00	1.209847e+00	2.778947e+01	2.734233e+03
2.404648e+00	1.239774e+00	3.217655e+02	1.757494e+02
2.227801e+00	1.327437e+00	8.364780e+01	1.008467e+03
2.154190e+00	1.369360e+00	1.918409e+02	6.281394e+03
2.225756e+00	1.328862e+00	6.446156e+02	3.505552e+03
2.041709e+00	1.437704e+00	1.412984e+02	2.821878e+02
2.661676e+00	1.136705e+00	2.303623e+02	8.882662e+03
2.079638e+00	1.414747e+00	5.573950e+02	4.626029e+03
2.285634e+00	1.298573e+00	7.605416e+02	2.984490e+03
2.525345e+00	1.188702e+00	3.828179e+01	2.391242e+03
1.942879e+00	1.506213e+00	1.176654e+02	6.856466e+02
1.834341e+00	1.591572e+00	2.413404e+02	3.785335e+02
2.215503e+00	1.334348e+00	8.023826e+02	4.361767e+03
2.510547e+00	1.195208e+00	2.592850e+02	4.432891e+03
1.761930e+00	1.656080e+00	1.317020e+02	8.955006e+02
2.053796e+00	1.428735e+00	7.142406e+01	3.412767e+03
1.803360e+00	1.619948e+00	4.341603e+02	1.778174e+03
1.887001e+00	1.548536e+00	1.913911e+02	9.121896e+03
1.876967e+00	1.556994e+00	2.678778e+02	7.587810e+02
2.181207e+00	1.354257e+00	3.710056e+02	5.136046e+03
1.865007e+00	1.566049e+00	6.918570e+02	2.390821e+03
1.814426e+00	1.609052e+00	2.389077e+02	2.937048e+02
2.139927e+00	1.377833e+00	3.990680e+02	3.728685e+03
1.794368e+00	1.626509e+00	5.560860e+02	1.078404e+02
2.483403e+00	1.205798e+00	5.601550e+00	3.558200e+02
2.609448e+00	1.156187e+00	6.025607e+02	3.246135e+03
2.280174e+00	1.300753e+00	1.862688e+02	4.369641e+03
2.445892e+00	1.221620e+00	4.489331e+01	5.052914e+03
1.943144e+00	1.508193e+00	2.750623e+01	6.026132e+03
2.241551e+00	1.320454e+00	4.259190e+02	3.020069e+03
2.107428e+00	1.397620e+00	2.535938e+02	6.876101e+03
2.706451e+00	1.120569e+00	1.516457e+02	8.429672e+03
2.132199e+00	1.383018e+00	4.866518e+02	1.189665e+03
1.937845e+00	1.512590e+00	2.823329e+03	3.592195e+03
2.224597e+00	1.329719e+00	4.997462e+02	2.024503e+03
1.841536e+00	1.587403e+00	2.498170e+03	1.607536e+03
1.924824e+00	1.520536e+00	5.850083e+02	6.041130e+02
2.170784e+00	1.360370e+00	6.975660e+02	4.197017e+03
1.740813e+00	1.678344e+00	2.202719e+03	3.201827e+02
1.946100e+00	1.505001e+00	9.235190e+02	1.652104e+03
1.813198e+00	1.610672e+00	6.239526e+02	6.519967e+02
2.251466e+00	1.315964e+00	5.610467e+02	1.146448e+03
1.835723e+00	1.592331e+00	2.591545e+03	1.640419e+03
2.716977e+00	1.117016e+00	5.683031e+02	9.408904e+03
2.528470e+00	1.187566e+00	5.379463e+02	2.316902e+03
2.365339e+00	1.258217e+00	5.199328e+01	3.919859e+02
2.320171e+00	1.280495e+00	2.393744e+02	4.557257e+03
2.079068e+00	1.413950e+00	3.026159e+02	3.132647e+03
2.184170e+00	1.351868e+00	1.175100e+03	2.827889e+03
2.451875e+00	1.218802e+00	2.250153e+02	6.958449e+03
2.174195e+00	1.356611e+00	1.097229e+01	7.157865e+02
2.070398e+00	1.420568e+00	1.414894e+03	3.045235e+02
1.883963e+00	1.552429e+00	7.205385e+02	3.241527e+03
1.793593e+00	1.628574e+00	4.236231e+03	1.123268e+03
2.135856e+00	1.379802e+00	4.377286e+02	8.360803e+02
1.979453e+00	1.480142e+00	1.176920e+02	1.474205e+03
1.867494e+00	1.564144e+00	3.847979e+02	1.179741e+03
2.402859e+00	1.242148e+00	9.623987e+02	4.501858e+03
2.270664e+00	1.304960e+00	1.443606e+03	1.321158e+03
2.226764e+00	1.328031e+00	5.740248e+01	5.075745e+03
1.877799e+00	1.555608e+00	6.689392e+01	2.049232e+03
2.589102e+00	1.162655e+00	9.035709e+01	6.870989e+03
2.010199e+00	1.458877e+00	1.980087e+02	2.306346e+03
1.839597e+00	1.588244e+00	2.271329e+03	6.052973e+02
2.300013e+00	1.290416e+00	4.738694e+02	5.578706e+03
2.256434e+00	1.312846e+00	3.510595e+02	4.727110e+03
2.586888e+00	1.164634e+00	4.805713e+02	4.898434e+03
2.018566e+00	1.453804e+00	3.903436e+02	2.606801e+03
2.576411e+00	1.168503e+00	1.160989e+02	7.676702e+03
1.717058e+00	1.700573e+00	2.247447e+03	1.717048e+03
1.901621e+00	1.538316e+00	1.877490e+02	4.928213e+02
2.266656e+00	1.307418e+00	5.697305e+02	2.126830e+03
1.716871e+00	1.699018e+00	2.173485e+02	3.419019e+02
2.359800e+00	1.261153e+00	5.661808e+02	4.208903e+03
2.339499e+00	1.270629e+00	1.906796e+02	1.926594e+03
2.575126e+00	1.168917e+00	2.415938e+02	4.439587e+03
2.547347e+00	1.179676e+00	8.356706e+01	2.199874e+02
1.934262e+00	1.513491e+00	2.432572e+02	6.560441e+03
1.954140e+00	1.497885e+00	6.202513e+02	1.361292e+03
2.118182e+00	1.390574e+00	3.644330e+02	6.816141e+03
1.768988e+00	1.649152e+00	5.546269e+02	3.496162e+01
1.832259e+00	1.593332e+00	3.729116e+02	6.672128e+02
1.917602e+00	1.525585e+00	4.271939e+02	5.522858e+01
2.612376e+00	1.154886e+00	2.162903e+02	5.448191e+03
2.229145e+00	1.326597e+00	3.413336e+02	1.410399e+03
2.215332e+00	1.334230e+00	6.838260e+02	3.133313e+03
1.946653e+00	1.503137e+00	2.596292e+02	2.450577e+02
1.724981e+00	1.690953e+00	3.961053e+01	7.956482e+02
1.917896e+00	1.525579e+00	2.005593e+02	4.780089e+03
2.162375e+00	1.363649e+00	1.471367e+02	1.280617e+03
2.768427e+00	1.100610e+00	8.268074e+01	6.116670e+03
2.469399e+00	1.211569e+00	3.996175e+02	8.047296e+03
2.573352e+00	1.170042e+00	5.919271e+02	1.011561e+03
2.208280e+00	1.338237e+00	7.103709e+02	1.881632e+03
2.449848e+00	1.220683e+00	2.568917e+02	7.779394e+03
1.930005e+00	1.516162e+00	1.934947e+03	3.694800e+02
1.909097e+00	1.532140e+00	6.493173e+02	4.446802e+02
1.925395e+00	1.520324e+00	1.015822e+03	5.343784e+03
2.165719e+00	1.362435e+00	6.326330e+02	3.680233e+03
2.014699e+00	1.456135e+00	8.376887e+02	2.307910e+03
2.553124e+00	1.178012e+00	6.102811e+02	4.546038e+03
2.235458e+00	1.323356e+00	1.308278e+02	3.135502e+03
1.984759e+00	1.475987e+00	4.863954e+02	6.747562e+02
2.609170e+00	1.155934e+00	8.722265e+01	6.979000e+03
1.788943e+00	1.633262e+00	3.163050e+03	7.469655e+02
2.396584e+00	1.244335e+00	1.012629e+02	9.637389e+02
2.514964e+00	1.193458e+00	6.086199e+02	1.825977e+03
2.553935e+00	1.177684e+00	2.522130e+02	5.583354e+03
2.132674e+00	1.381273e+00	8.252192e+02	1.377876e+03
2.091365e+00	1.406789e+00	6.288055e+02	4.050826e+03
2.151992e+00	1.370278e+00	1.191989e+02	3.408744e+03
2.619264e+00	1.152116e+00	3.293903e+01	3.811700e+03
2.598732e+00	1.159225e+00	3.818130e+02	6.368227e+03
2.602136e+00	1.158908e+00	3.027604e+02	7.008105e+03
1.849409e+00	1.579483e+00	5.719066e+02	4.705504e+01
2.366915e+00	1.257751e+00	5.768525e+01	1.420345e+03
1.924446e+00	1.520910e+00	1.415640e+00	1.590153e+03
2.586181e+00	1.165298e+00	1.642251e+03	2.774815e+03
1.934283e+00	1.512931e+00	3.211873e+02	2.014502e+03
2.480569e+00	1.206703e+00	3.704888e+02	7.117617e+03
1.890695e+00	1.546770e+00	9.415667e+00	1.558847e+03
2.390147e+00	1.246880e+00	9.959319e+01	1.388307e+03
2.435435e+00	1.226216e+00	8.197497e+01	1.221249e+03
1.883478e+00	1.552034e+00	7.392406e+01	1.541534e+03
2.205564e+00	1.340135e+00	5.742084e+02	5.299501e+03
1.791396e+00	1.628866e+00	4.765875e+00	1.041832e+03
2.132689e+00	1.381907e+00	1.445947e+03	1.351298e+03
2.452715e+00	1.220012e+00	4.583508e+02	8.095940e+02
2.353673e+00	1.264150e+00	6.306020e+02	3.080499e+03
1.987062e+00	1.476801e+00	1.764395e+03	6.115067e+03
1.986400e+00	1.477004e+00	3.445888e+03	8.570814e+02
1.890537e+00	1.546992e+00	3.961114e+02	5.073836e+02
2.195859e+00	1.345930e+00	8.905218e+02	3.653169e+03
2.308963e+00	1.285698e+00	6.464605e+02	1.754233e+03
2.180533e+00	1.353922e+00	6.691066e+02	6.980670e+03
2.054372e+00	1.428933e+00	1.652813e+03	7.623839e+03
2.150031e+00	1.372389e+00	9.542769e+02	7.038564e+03
2.103329e+00	1.398543e+00	4.028379e+02	3.021291e+02
2.020572e+00	1.451149e+00	3.857363e+02	1.144071e+03
2.034622e+00	1.443945e+00	2.355571e+02	7.240800e+03
2.174765e+00	1.356952e+00	7.103974e+02	1.945471e+02
2.366982e+00	1.258476e+00	7.149276e+02	2.750074e+03
2.212983e+00	1.336442e+00	8.591113e+02	4.449556e+03
2.145141e+00	1.374900e+00	1.096954e+03	3.561819e+03
1.936151e+00	1.512097e+00	9.270051e+02	2.412391e+03
2.471728e+00	1.211511e+00	2.330045e+02	2.902617e+03
2.339251e+00	1.270596e+00	2.220943e+02	1.074337e+02
2.160954e+00	1.364903e+00	5.600821e+02	1.611128e+03
2.483021e+00	1.205983e+00	1.521101e+02	4.494831e+03
2.668527e+00	1.134379e+00	4.509638e+01	4.704767e+03
2.328714e+00	1.276558e+00	1.704385e+02	1.806441e+03
2.630795e+00	1.147806e+00	5.945699e+01	3.138221e+02
2.085762e+00	1.409975e+00	1.544691e+02	1.881151e+03
1.838559e+00	1.589809e+00	2.786600e+03	1.970119e+02
1.910534e+00	1.530697e+00	8.393811e+01	4.692040e+02
2.350012e+00	1.265546e+00	1.019060e+02	1.046534e+03
2.182583e+00	1.353146e+00	2.163848e+03	9.663067e+02
2.398929e+00	1.243857e+00	5.919214e+02	1.810214e+03
1.959391e+00	1.494475e+00	1.286250e+03	4.334090e+02
2.559966e+00	1.174092e+00	2.126234e+02	2.339748e+03
2.221293e+00	1.331331e+00	6.703017e+02	3.648840e+03
2.627048e+00	1.150318e+00	3.206015e+02	3.046969e+03
2.395340e+00	1.244518e+00	2.939157e+02	1.828517e+02
2.062181e+00	1.426658e+00	1.827146e+03	3.866924e+03
2.603730e+00	1.158532e+00	4.565309e+02	9.696448e+03
2.797466e+00	1.091257e+00	5.794876e+01	6.770288e+03
2.655159e+00	1.139075e+00	2.194913e+02	5.165911e+03
2.259044e+00	1.310469e+00	7.176997e+01	4.378531e+02
2.657400e+00	1.138775e+00	3.361755e+02	2.541927e+03
1.728445e+00	1.689288e+00	7.625229e+02	5.473666e+03
2.002679e+00	1.464234e+00	3.035270e+02	3.562934e+03
2.076776e+00	1.416384e+00	3.058433e+00	6.122899e+03
1.786724e+00	1.633192e+00	5.973902e+02	1.280895e+02
2.372972e+00	1.254591e+00	5.411825e+02	3.428866e+03
1.760003e+00	1.657518e+00	2.907141e+02	1.289302e+00
2.388554e+00	1.248222e+00	3.187397e+02	3.983904e+03
2.410824e+00	1.237338e+00	1.778457e+01	8.414447e+02
2.219210e+00	1.332228e+00	1.995768e+02	3.222477e+03
1.892042e+00	1.544660e+00	9.290511e+02	1.413968e+03
2.380000e+00	1.251580e+00	5.726660e+02	4.705587e+03
2.502536e+00	1.198720e+00	8.000798e+02	2.134466e+03
2.163000e+00	1.364112e+00	1.264261e+03	2.813131e+02
2.183855e+00	1.352172e+00	1.169740e+03	2.017009e+03
2.360287e+00	1.261045e+00	8.407599e+02	6.078508e+03
2.448014e+00	1.221059e+00	5.949272e+02	3.455095e+03
2.185471e+00	1.350754e+00	9.741493e+01	4.717906e+02
2.501091e+00	1.198880e+00	2.585347e+01	3.089632e+03
2.351978e+00	1.265042e+00	3.311612e+02	2.342576e+03
2.059307e+00	1.426937e+00	4.971743e+02	3.423705e+03
2.054445e+00	1.430604e+00	8.333543e+01	3.910129e+03
2.039054e+00	1.440325e+00	7.109537e+02	1.635652e+03
2.236461e+00	1.322667e+00	2.376964e+02	8.886995e+01
2.570853e+00	1.171106e+00	6.342979e+02	3.526902e+03
1.825313e+00	1.599746e+00	2.676501e+02	3.213467e+02
2.668566e+00	1.134685e+00	7.572521e+02	2.314012e+03
1.942391e+00	1.508055e+00	2.554416e+02	7.070121e+03
2.518420e+00	1.191726e+00	3.787249e+02	5.106733e+03
1.707942e+00	1.707794e+00	6.785316e+00	6.590042e+02
1.811961e+00	1.610492e+00	7.699628e+02	8.314684e+02
2.518230e+00	1.191955e+00	1.752996e+02	4.981697e+03
1.819090e+00	1.605299e+00	1.220534e+02	2.582799e+03
2.368331e+00	1.257023e+00	2.386232e+02	3.424016e+01
2.393330e+00	1.246012e+00	2.187620e+02	2.692843e+03
2.534904e+00	1.185056e+00	1.252110e+02	6.589449e+03
2.443235e+00	1.223983e+00	1.209451e+02	7.007948e+02
2.278080e+00	1.301181e+00	1.611337e+02	4.861940e+02
1.909302e+00	1.532808e+00	3.477851e+03	3.962252e+02
1.999578e+00	1.467003e+00	8.436774e+01	2.653427e+03
1.810537e+00	1.613276e+00	1.193239e+03	1.040077e+03
2.580998e+00	1.167082e+00	2.902903e+02	4.304499e+03
2.274201e+00	1.303283e+00	1.061633e+02	9.280044e+02
1.897271e+00	1.540936e+00	1.357818e+03	1.407011e+03
2.616610e+00	1.153057e+00	4.112415e+00	5.859555e+03
2.164108e+00	1.362844e+00	3.472916e+02	1.842451e+02
2.288735e+00	1.296153e+00	2.427511e+01	5.940406e+02
2.210569e+00	1.336417e+00	6.406958e+02	2.333507e+03
2.233589e+00	1.324783e+00	4.994437e+01	4.618236e+03
1.779973e+00	1.640272e+00	7.221972e+02	4.465232e+01
3.023399e+00	1.023271e+00	4.085763e+02	6.834057e+03
2.252430e+00	1.314527e+00	8.349589e+01	7.792514e+02
2.460169e+00	1.215670e+00	2.217553e+02	3.886539e+03
2.404378e+00	1.240563e+00	2.828143e+02	5.517058e+03
1.851739e+00	1.578792e+00	2.472480e+03	2.024772e+03
2.680787e+00	1.129509e+00	7.167164e+01	7.400865e+03
1.900358e+00	1.538578e+00	1.554870e+03	1.672350e+03
2.264688e+00	1.308185e+00	7.947811e+02	4.801491e+03
2.616680e+00	1.153410e+00	4.786361e+02	3.136482e+03
2.133220e+00	1.380808e+00	3.067620e+01	2.773813e+03
2.229782e+00	1.326861e+00	1.568938e+02	6.659842e+03
2.205748e+00	1.340552e+00	1.916944e+03	3.028499e+03
2.068645e+00	1.421155e+00	2.125077e+03	1.468573e+03
2.362336e+00	1.259950e+00	2.062502e+01	2.375301e+03
2.619323e+00	1.152335e+00	2.866716e+02	9.257219e+03
2.604787e+00	1.159000e+00	4.979476e+02	2.597023e+03
2.389726e+00	1.247656e+00	3.810744e+02	3.227275e+03
1.839705e+00	1.588216e+00	5.465784e+02	8.900865e+01
2.220473e+00	1.331850e+00	8.393124e+01	6.130808e+03
2.012548e+00	1.458755e+00	1.483153e+03	6.332463e+03
2.605983e+00	1.157660e+00	8.343402e+02	3.413565e+03
2.025142e+00	1.449903e+00	1.299820e+03	6.060406e+03
2.282899e+00	1.299588e+00	1.915187e+03	9.690249e+02
1.828132e+00	1.598090e+00	6.507289e+02	3.286680e+02
1.940711e+00	1.508953e+00	2.785191e+03	8.104330e+02
1.935834e+00	1.511975e+00	5.253523e+02	1.324946e+03
2.273183e+00	1.303685e+00	2.167094e+02	1.021636e+03
1.952968e+00	1.500595e+00	1.567591e+03	3.092264e+03
2.359411e+00	1.260895e+00	2.725820e+02	8.840304e+02
2.198651e+00	1.343652e+00	4.933804e+02	2.065912e+03
2.116877e+00	1.391159e+00	1.194430e+03	5.405265e+03
2.518409e+00	1.191800e+00	7.372510e+00	5.329868e+02
2.163749e+00	1.363635e+00	6.624347e+02	7.746580e+01
2.079596e+00	1.413596e+00	3.007059e+01	1.001887e+03
2.251858e+00	1.315179e+00	1.558096e+03	7.568122e+02
1.932509e+00	1.515759e+00	4.681891e+02	4.510200e+03
2.607081e+00	1.157061e+00	2.822015e+02	5.835110e+03
2.192162e+00	1.346921e+00	6.071336e+02	4.791814e+03
1.981776e+00	1.479282e+00	6.478050e+01	4.744031e+03
1.956734e+00	1.497413e+00	2.249844e+02	5.762336e+03
1.946948e+00	1.504719e+00	6.937879e+02	5.221204e+03
1.986750e+00	1.474224e+00	3.899290e+02	1.431743e+03
1.800821e+00	1.622131e+00	8.733251e+02	2.740874e+03
1.730517e+00	1.685826e+00	2.034338e+02	1.341166e+02
2.191978e+00	1.346956e+00	4.933153e+00	7.634972e+02
2.002231e+00	1.464730e+00	3.615085e+02	4.589326e+03
2.661371e+00	1.137191e+00	6.706807e+02	3.516184e+03
2.462531e+00	1.214898e+00	9.022593e+02	4.465768e+03
2.258711e+00	1.311497e+00	4.530624e+02	3.918580e+03
1.793513e+00	1.628238e+00	1.687114e+03	1.437079e+03
1.869636e+00	1.564485e+00	1.204034e+03	2.728067e+03
2.911095e+00	1.054139e+00	1.869492e+02	3.861511e+03
1.929653e+00	1.515839e+00	1.432425e+03	4.073769e+02
2.206348e+00	1.339391e+00	6.365842e+02	3.499151e+03
2.344743e+00	1.269450e+00	1.766794e+02	9.565420e+03
2.023342e+00	1.450302e+00	5.762893e+02	1.741971e+03
1.919863e+00	1.524177e+00	9.062760e+02	3.930222e+03
1.783460e+00	1.636807e+00	8.665260e+02	4.343928e+03
1.853885e+00	1.576385e+00	1.240676e+03	4.555628e+02
1.854252e+00	1.575299e+00	4.867843e+02	1.520380e+03
2.582132e+00	1.166477e+00	1.376696e+01	3.586788e+03
2.447787e+00	1.221803e+00	3.748284e+02	4.762956e+03
1.973573e+00	1.484392e+00	6.322129e+02	2.601756e+03
2.384298e+00	1.249546e+00	4.379111e+01	4.944654e+03
2.596926e+00	1.160637e+00	1.110422e+02	6.921379e+03
2.035922e+00	1.442072e+00	2.838132e+02	1.315775e+03
2.474094e+00	1.209711e+00	1.064816e+02	2.445128e+03
2.429126e+00	1.229960e+00	1.474815e+02	5.075661e+03
2.038924e+00	1.442000e+00	3.548811e+03	2.438150e+03
1.977670e+00	1.482084e+00	9.502942e+02	2.504657e+03
1.789211e+00	1.630585e+00	1.223276e+02	3.071557e+02
2.517165e+00	1.191490e+00	1.637251e+01	2.414932e+02
2.470092e+00	1.211942e+00	6.977291e+02	6.004078e+03
2.618486e+00	1.152661e+00	8.156577e+00	8.822018e+03
1.730125e+00	1.686620e+00	1.256707e+03	7.394661e+02
1.909926e+00	1.532206e+00	1.115009e+03	9.769281e+02
2.024164e+00	1.448587e+00	4.980490e+01	4.319826e+02
1.861968e+00	1.570801e+00	2.965871e+02	3.657206e+03
2.467134e+00	1.212560e+00	9.185171e+02	1.581667e+03
1.718080e+00	1.699221e+00	1.673461e+03	1.724806e+03
1.874140e+00	1.559283e+00	1.149768e+03	2.584153e+03
1.958204e+00	1.494162e+00	4.017414e+02	1.785423e+03
2.460457e+00	1.216315e+00	1.158404e+02	2.919113e+03
2.379658e+00	1.252552e+00	1.802571e+03	9.793297e+03
2.250598e+00	1.316690e+00	2.692622e+02	5.151154e+03
2.120026e+00	1.387960e+00	4.732933e+02	1.030772e+03
2.101283e+00	1.401800e+00	5.245384e+02	1.131486e+03
2.577393e+00	1.168321e+00	5.442731e+02	2.854254e+03
2.303990e+00	1.288177e+00	1.193711e+02	1.950828e+03
1.953792e+00	1.499271e+00	9.695277e+02	4.168130e+03
2.351675e+00	1.265227e+00	2.353680e+02	1.785035e+03
2.297141e+00	1.292178e+00	7.698105e+02	3.490140e+03
2.097668e+00	1.403052e+00	1.725528e+03	4.357232e+02
1.937301e+00	1.510761e+00	1.827061e+03	7.201714e+02
1.966157e+00	1.491726e+00	1.542461e+03	2.257722e+03
2.402930e+00	1.240566e+00	6.733710e+01	4.862406e+02
2.278143e+00	1.302195e+00	1.970719e+02	5.637517e+03
2.188398e+00	1.349324e+00	1.282060e+03	5.946086e+00
2.634539e+00	1.147181e+00	8.619849e+02	4.154735e+03
2.609467e+00	1.156381e+00	7.063520e+02	4.316254e+03
2.073274e+00	1.417131e+00	2.249962e+02	6.126769e+01
2.552514e+00	1.178265e+00	3.139814e+02	6.329672e+03
2.136702e+00	1.380155e+00	2.323052e+03	1.796030e+03
1.848601e+00	1.580369e+00	1.588754e+03	8.434808e+02
2.560648e+00	1.173964e+00	9.701407e+01	2.691429e+03
2.247648e+00	1.317014e+00	3.292738e+02	5.695387e+02
2.204152e+00	1.341188e+00	5.118596e+02	4.164777e+03
1.753775e+00	1.664472e+00	2.179117e+03	5.309454e+02
2.252627e+00	1.314956e+00	2.618779e+03	4.086965e+03
2.038117e+00	1.440062e+00	7.647135e+02	2.533410e+03
2.727168e+00	1.112987e+00	5.635279e+01	8.956255e+03
1.731609e+00	1.685967e+00	6.257692e+02	5.475075e+03
2.183900e+00	1.351952e+00	8.929768e+02	2.001660e+03
2.433640e+00	1.227852e+00	6.528891e+02	7.848368e+03
2.204608e+00	1.340941e+00	1.596324e+03	1.293586e+03
2.673537e+00	1.132083e+00	2.894861e+01	1.985024e+03
1.984924e+00	1.477476e+00	2.351991e+03	3.555751e+03
1.961240e+00	1.493412e+00	2.040164e+03	3.012776e+02
2.391484e+00	1.246813e+00	6.070321e+01	6.757834e+03
1.799537e+00	1.621981e+00	2.974218e+02	7.180260e+02
1.902894e+00	1.536033e+00	1.176456e+02	9.364911e+02
1.770596e+00	1.648974e+00	1.342233e+03	1.411471e+03
2.569813e+00	1.171439e+00	1.303536e+02	6.159227e+03
1.965950e+00	1.490458e+00	8.538909e+02	1.803212e+03
2.268091e+00	1.306981e+00	3.160881e+02	6.394742e+03
1.834950e+00	1.591323e+00	6.490329e+02	5.248095e+02
2.053984e+00	1.431279e+00	3.463604e+02	5.325814e+03
1.738715e+00	1.678256e+00	4.817844e+01	2.505011e+03
1.934175e+00	1.512356e+00	1.341833e+03	3.332528e+02
2.190590e+00	1.348536e+00	6.101774e+02	3.676596e+03
1.864577e+00	1.567688e+00	4.468521e+02	9.154881e+02
2.547956e+00	1.180069e+00	1.020983e+02	4.658450e+03
2.188261e+00	1.349801e+00	4.769114e+02	1.461943e+03
2.399665e+00	1.242357e+00	4.429974e+01	1.691298e+03
1.930585e+00	1.515657e+00	1.427535e+03	2.013949e+03
2.331807e+00	1.274888e+00	9.362748e+02	4.728577e+03
2.342655e+00	1.269733e+00	1.085765e+02	6.541758e+03
2.669641e+00	1.133660e+00	4.800412e+02	8.375110e+03
2.056862e+00	1.428707e+00	4.144856e+01	6.996658e+03
2.711628e+00	1.118903e+00	2.827873e+01	8.721731e+03
1.834278e+00	1.592473e+00	2.101890e+03	3.881067e+02
1.938467e+00	1.510504e+00	1.428587e+03	7.973677e+02
2.440572e+00	1.225136e+00	9.561802e+02	3.386550e+03
2.265895e+00	1.307069e+00	3.061931e+02	5.231756e+03
1.961731e+00	1.494134e+00	3.008366e+02	8.642381e+02
2.211570e+00	1.336885e+00	1.972689e+02	7.304776e+03
1.757607e+00	1.659498e+00	5.497906e+01	1.098237e+02
2.091282e+00	1.407088e+00	6.101706e+02	4.229141e+03
2.539274e+00	1.183394e+00	2.212890e+02	2.867666e+03
1.854666e+00	1.575713e+00	1.689579e+03	8.981859e+02
1.874492e+00	1.560083e+00	1.681426e+03	1.320379e+03
2.305364e+00	1.286786e+00	3.889931e+02	3.787569e+03
2.057417e+00	1.427938e+00	7.066911e+02	2.749158e+03
1.912434e+00	1.528943e+00	5.505896e+02	2.305245e+02
2.085337e+00	1.410934e+00	6.301934e+01	6.541412e+03
2.509643e+00	1.195692e+00	1.047221e+03	2.457055e+03
2.643280e+00	1.143777e+00	3.340190e+02	2.359991e+03
1.949648e+00	1.501614e+00	2.528006e+03	7.223368e+02
2.283927e+00	1.298868e+00	4.259369e+02	5.452825e+03
2.266915e+00	1.306833e+00	8.720781e+02	4.599753e+03
2.062393e+00	1.425408e+00	7.302138e+02	5.222889e+03
2.552672e+00	1.178095e+00	2.264749e+02	2.790411e+03
2.394260e+00	1.244815e+00	7.527310e+01	9.876269e+03
2.338567e+00	1.271571e+00	1.227127e+02	6.278838e+03
1.902636e+00	1.536374e+00	6.287236e+02	1.483705e+02
1.790615e+00	1.630790e+00	1.631032e+03	6.461262e+02
2.399885e+00	1.243368e+00	5.784728e+02	1.491795e+03
1.774864e+00	1.644053e+00	2.092956e+02	2.658374e+02
2.325153e+00	1.277647e+00	2.951438e+02	1.715084e+03
2.129172e+00	1.384026e+00	5.324909e+02	1.740153e+03
2.626357e+00	1.149986e+00	3.266002e+02	5.756222e+03
2.479601e+00	1.207779e+00	6.759633e+01	2.689227e+03
1.895204e+00	1.541659e+00	4.141219e+01	2.522534e+02
1.745564e+00	1.672377e+00	4.048930e+00	2.307311e+03
2.014903e+00	1.456414e+00	3.754083e+02	1.608021e+03
2.405391e+00	1.241564e+00	1.702393e+03	2.999553e+03
1.877809e+00	1.556889e+00	3.172575e+02	1.330304e+03
1.951439e+00	1.501291e+00	3.341115e+01	1.548529e+03
1.978262e+00	1.481107e+00	2.577022e+02	3.847179e+03
2.546711e+00	1.180470e+00	3.283166e+02	4.055647e+03
2.086025e+00	1.410662e+00	1.805616e+03	3.529349e+03
1.877135e+00	1.558043e+00	2.538447e+03	1.859988e+02
1.948243e+00	1.502955e+00	3.018726e+02	4.391627e+03
2.104791e+00	1.397781e+00	3.914895e+02	2.396946e+02
2.567738e+00	1.171288e+00	5.086318e+01	4.091404e+03
2.355733e+00	1.263262e+00	5.702305e+02	2.659763e+02
1.802116e+00	1.620442e+00	1.032569e+03	1.756492e+03
2.369216e+00	1.256899e+00	7.852375e+02	7.506826e+03
2.196882e+00	1.345338e+00	3.592290e+02	4.407444e+03
1.979329e+00	1.480312e+00	1.286525e+02	3.763897e+03
2.342865e+00	1.269117e+00	4.842811e+00	4.401102e+02
2.035710e+00	1.442378e+00	5.232458e+02	1.983655e+03
2.555240e+00	1.177002e+00	3.002796e+02	6.823180e+03
1.709857e+00	1.707988e+00	2.480272e+03	8.465718e+02
2.558008e+00	1.175801e+00	4.266413e+01	1.515743e+03
2.275959e+00	1.302681e+00	4.170255e+02	4.236663e+03
2.074628e+00	1.416929e+00	8.437604e+02	4.689053e+02
1.885861e+00	1.550650e+00	1.306520e+03	1.310153e+02
1.974712e+00	1.485002e+00	1.746296e+03	3.441233e+03
2.538134e+00	1.183997e+00	2.989374e+02	6.465675e+03
2.326313e+00	1.278206e+00	2.583002e+02	1.457907e+03
2.643354e+00	1.143469e+00	9.059363e+01	7.336788e+03
1.901621e+00	1.538316e+00	1.877490e+02	4.928213e+02
1.854158e+00	1.574760e+00	4.242539e+02	4.750697e+02
1.967115e+00	1.490117e+00	2.449704e+03	3.749925e+03
1.801891e+00	1.620026e+00	3.067355e+02	9.274580e+02
1.891878e+00	1.544705e+00	7.277163e+02	2.170240e+03
2.370440e+00	1.256358e+00	7.911009e+02	1.386917e+03
2.237833e+00	1.322038e+00	3.375119e+01	1.122185e+02
2.170880e+00	1.359112e+00	7.059866e+01	5.495595e+02
2.484238e+00	1.206118e+00	1.297048e+02	2.470298e+03
2.110017e+00	1.394577e+00	2.535386e+02	3.398408e+02
2.588218e+00	1.164473e+00	1.869291e+02	6.753186e+03
2.582699e+00	1.166391e+00	4.896249e+02	3.783303e+03
2.291120e+00	1.294608e+00	1.360556e+02	9.422544e+02
2.408808e+00	1.238032e+00	1.655351e+02	8.320129e+03
1.940441e+00	1.508763e+00	1.192696e+03	2.395876e+03
2.079070e+00	1.413736e+00	4.274125e+02	2.735642e+02
2.136326e+00	1.380096e+00	9.779745e+02	1.731344e+02
1.905385e+00	1.535835e+00	1.745030e+03	1.484396e+03
1.909853e+00	1.531883e+00	1.014957e+03	4.308429e+03
2.243040e+00	1.319490e+00	6.496908e+02	1.753847e+03
2.060474e+00	1.425938e+00	4.315013e+02	3.808433e+03
2.206575e+00	1.340087e+00	5.128125e+02	3.178572e+03
2.514884e+00	1.193494e+00	9.763683e+02	2.520837e+03
2.181868e+00	1.353313e+00	7.412604e+02	9.733361e+02
1.964911e+00	1.490642e+00	1.333345e+02	8.594917e+02
1.712451e+00	1.703361e+00	2.267857e+02	5.637027e+02
2.441302e+00	1.224196e+00	2.275539e+02	2.092720e+03
1.942071e+00	1.507848e+00	1.102492e+03	4.147426e+03
2.139192e+00	1.377282e+00	7.167989e+02	4.728252e+03
1.872978e+00	1.560797e+00	2.992143e+03	8.071143e+02
1.903448e+00	1.536613e+00	7.999516e+02	1.592959e+03
2.581699e+00	1.166706e+00	7.889908e+02	4.241156e+03
2.130807e+00	1.382311e+00	1.004407e+03	3.905404e+03
1.823496e+00	1.600902e+00	1.098582e+03	1.518565e+03
1.773634e+00	1.644531e+00	5.281423e+02	1.493741e+03
2.419250e+00	1.233521e+00	1.723061e+02	1.181516e+01
1.925131e+00	1.520096e+00	4.138910e+02	6.146418e+02
1.936039e+00	1.511048e+00	1.511364e+03	1.604240e+02
2.067593e+00	1.420636e+00	1.246045e+03	5.379484e+03
2.355519e+00	1.263433e+00	9.657431e+01	8.339078e+03
2.712945e+00	1.118360e+00	1.567545e+02	8.404443e+03
2.003506e+00	1.463447e+00	5.995603e+01	4.199910e+03
1.876082e+00	1.559562e+00	6.282076e+02	3.662486e+03
1.904529e+00	1.536282e+00	2.314600e+03	1.342754e+03
1.946734e+00	1.504150e+00	1.207849e+03	1.454479e+03
3.027598e+00	1.021759e+00	1.261347e+02	4.785081e+03
1.941586e+00	1.507980e+00	3.504141e+02	3.845327e+03
2.146250e+00	1.373109e+00	2.422775e+02	1.116527e+03
2.442468e+00	1.224091e+00	3.469498e+02	6.755500e+03
2.007402e+00	1.460829e+00	1.197421e+02	3.054139e+03
1.993155e+00	1.470733e+00	5.081907e+02	2.972261e+03
2.403968e+00	1.241358e+00	4.570795e+02	4.138982e+03
2.045588e+00	1.435879e+00	2.303297e+03	1.127875e+03
2.666125e+00	1.134593e+00	1.023742e+02	8.413168e+03
1.760796e+00	1.657803e+00	8.717827e+02	2.307062e+03
1.995824e+00	1.469450e+00	5.135923e+02	1.994272e+03
2.413857e+00	1.236600e+00	4.945433e+02	2.877509e+03
2.455350e+00	1.218244e+00	2.101986e+01	5.686040e+03
2.104766e+00	1.398400e+00	9.676600e+01	7.369574e+02
2.230116e+00	1.326218e+00	1.275033e+02	1.290000e+03
2.199286e+00	1.343265e+00	4.565316e+02	3.929145e+03
1.968456e+00	1.488202e+00	4.917894e+02	2.595647e+03
2.016982e+00	1.454425e+00	1.706514e+02	4.036730e+02
2.424066e+00	1.231481e+00	3.583834e+02	4.417930e+03
1.934348e+00	1.513876e+00	2.913068e+03	7.265514e+03
2.450270e+00	1.220125e+00	1.877367e+01	3.548072e+03
2.078368e+00	1.414207e+00	5.908864e+02	7.304368e+01
1.733719e+00	1.683541e+00	9.060207e+02	1.891997e+03
2.019032e+00	1.453261e+00	9.954874e+02	1.921220e+03
2.303340e+00	1.288333e+00	1.043619e+03	5.247402e+03
2.245732e+00	1.318605e+00	9.089371e+02	2.227988e+03
2.428356e+00	1.229221e+00	4.772819e+02	6.560339e+01
2.298352e+00	1.290734e+00	1.267151e+02	9.948760e+02
2.527893e+00	1.187960e+00	1.613694e+02	3.124140e+03
1.787216e+00	1.633201e+00	2.245008e+02	2.814696e+03
1.715122e+00	1.700654e+00	2.876637e+02	1.769520e+02
1.866740e+00	1.564490e+00	6.985621e+02	1.809419e+02
1.891657e+00	1.545505e+00	7.598123e+02	2.365987e+03
2.285172e+00	1.297688e+00	3.634705e+01	6.014177e+02
2.563005e+00	1.173458e+00	5.739041e+02	4.838975e+02
2.531982e+00	1.186407e+00	3.209797e+02	5.192116e+03
2.155860e+00	1.367612e+00	5.278590e+02	1.116280e+03
2.413892e+00	1.236278e+00	1.770970e+01	1.331407e+03
2.100630e+00	1.400950e+00	8.422107e+01	5.184228e+03
1.958146e+00	1.495554e+00	7.050698e+02	2.898029e+03
2.636211e+00	1.145977e+00	7.916245e+02	3.854699e+03
1.988085e+00	1.474665e+00	1.307385e+02	2.182838e+03
1.935263e+00	1.512677e+00	1.231555e+03	1.552087e+03
1.961691e+00	1.492835e+00	1.749928e+02	2.884908e+03
2.672839e+00	1.131917e+00	1.081100e+02	7.787816e+03
1.838019e+00	1.589371e+00	1.964355e+03	8.781885e+02
2.310364e+00	1.285568e+00	6.066274e+02	4.022106e+03
1.933466e+00	1.513904e+00	9.706478e+02	2.696670e+03
2.070188e+00	1.420217e+00	6.791053e+02	1.379383e+03
1.961836e+00	1.491895e+00	1.658938e+02	4.260594e+02
2.226041e+00	1.328877e+00	2.256429e+02	1.348600e+03
1.849062e+00	1.579953e+00	1.637177e+03	9.011737e+02
2.339831e+00	1.270152e+00	1.259465e+01	3.049310e+02
1.963359e+00	1.492902e+00	8.101567e+02	2.618337e+03
2.021831e+00	1.450184e+00	2.515793e+02	2.999708e+02
2.447004e+00	1.222075e+00	1.858515e+02	1.307003e+03
2.064629e+00	1.425039e+00	2.842491e+02	4.300520e+03
1.993577e+00	1.470592e+00	6.223079e+02	3.240018e+03
1.742982e+00	1.675095e+00	1.392527e+03	1.162993e+03
1.748294e+00	1.668757e+00	1.306604e+02	3.861681e+02
2.346259e+00	1.267467e+00	6.872409e+01	2.568849e+03
1.886621e+00	1.549741e+00	2.524428e+02	1.199294e+02
2.406488e+00	1.239402e+00	3.098983e+02	2.515486e+03
2.641196e+00	1.143779e+00	2.969543e+01	2.950775e+02
2.400140e+00	1.242427e+00	2.135907e+02	3.317624e+03
2.520588e+00	1.190423e+00	6.807059e+01	1.491939e+02
1.708482e+00	1.707027e+00	3.542398e+02	3.701738e+02
2.285721e+00	1.297575e+00	4.468361e+02	3.915215e+03
2.645422e+00	1.142673e+00	8.839008e+01	7.830498e+03
2.659996e+00	1.136889e+00	2.718984e+02	3.743422e+03
2.621315e+00	1.151819e+00	2.058328e+02	8.614259e+03
2.143356e+00	1.375213e+00	6.812918e+02	3.311085e+03
1.910568e+00	1.531232e+00	1.752878e+03	7.059915e+02
2.658215e+00	1.138155e+00	2.590305e+02	9.023685e+03
2.509209e+00	1.195344e+00	2.285275e+02	5.456779e+03
1.888324e+00	1.548574e+00	1.239456e+02	1.071693e+03
2.395715e+00	1.244604e+00	4.122913e+02	3.674766e+03
1.892963e+00	1.544991e+00	1.699045e+03	1.126249e+03
1.944258e+00	1.506697e+00	1.311071e+02	5.155486e+03
1.807878e+00	1.615323e+00	1.988549e+03	4.640336e+02
2.077280e+00	1.415836e+00	4.165720e+01	3.335908e+03
2.308861e+00	1.286059e+00	3.572963e+02	9.217210e+03
2.112321e+00	1.393729e+00	9.162327e+02	7.076527e+02
2.483501e+00	1.206128e+00	7.012059e+02	1.808418e+03
2.576802e+00	1.168697e+00	8.563530e+02	6.039133e+03
2.112146e+00	1.394478e+00	2.365434e+03	7.347235e+02
2.545798e+00	1.180865e+00	1.812802e+02	6.846107e+03
1.804301e+00	1.617263e+00	3.251725e+02	3.353414e+02
2.365549e+00	1.258688e+00	7.685306e+01	2.264276e+03
1.812486e+00	1.611332e+00	2.466497e+03	8.800758e+02
2.400178e+00	1.242725e+00	1.561740e+01	2.177914e+03
2.010942e+00	1.459165e+00	7.840700e+02	2.549990e+03
1.976394e+00	1.482425e+00	4.358734e+02	2.979184e+03
1.859818e+00	1.570608e+00	1.318107e+02	1.901977e+02
1.887671e+00	1.547741e+00	6.189770e+02	1.138763e+03
1.739747e+00	1.677057e+00	2.358339e+02	8.667494e+02
2.407110e+00	1.239570e+00	7.468379e+01	2.674561e+03
2.528754e+00	1.187476e+00	2.718213e+02	4.238699e+03
2.363328e+00	1.259421e+00	2.285155e+01	1.169622e+03
2.094621e+00	1.405818e+00	5.011738e+02	6.918876e+02
1.739456e+00	1.677142e+00	4.412325e+02	2.637465e+01
2.575513e+00	1.169166e+00	4.543735e+02	8.543638e+03
1.830115e+00	1.595018e+00	2.823291e+02	2.669611e+03
2.024938e+00	1.450273e+00	2.381789e+03	2.035634e+03
1.914229e+00	1.527427e+00	8.386746e+02	7.109809e+01
2.135401e+00	1.380525e+00	1.358015e+03	1.267484e+02
1.741042e+00	1.675728e+00	2.478275e+02	2.941748e+02
1.958570e+00	1.495993e+00	1.032210e+03	2.405430e+03
1.835842e+00	1.591177e+00	2.174704e+03	1.174190e+02
2.467775e+00	1.213153e+00	1.219069e+03	3.081910e+03
2.670036e+00	1.133519e+00	2.302714e+02	4.136034e+03
2.625048e+00	1.150585e+00	9.179996e+02	4.043983e+03
1.931250e+00	1.515905e+00	1.161891e+03	2.541030e+03
2.323965e+00	1.278580e+00	8.876556e+02	8.693926e+02
2.598809e+00	1.160369e+00	7.986211e+02	8.914681e+03
2.629297e+00	1.147701e+00	2.765430e+02	5.948543e+03
2.331229e+00	1.275803e+00	3.226343e+02	4.479905e+02
1.726944e+00	1.689598e+00	4.996758e+02	1.266130e+03
2.594261e+00	1.161464e+00	2.710456e+02	5.068811e+03
1.856844e+00	1.573631e+00	1.889463e+03	7.173825e+03
2.616701e+00	1.153313e+00	2.891071e+02	8.576846e+03
2.097606e+00	1.403235e+00	2.174781e+03	2.046166e+03
2.591561e+00	1.163089e+00	6.930138e+02	2.767131e+03
2.297879e+00	1.292020e+00	1.717545e+01	3.260753e+03
2.577227e+00	1.168906e+00	4.619207e+02	9.409157e+03
1.806878e+00	1.617337e+00	2.535042e+03	1.564406e+03
2.446652e+00	1.222523e+00	1.821324e+03	9.839730e+02
2.103681e+00	1.398732e+00	1.538210e+02	4.541048e+03
1.735189e+00	1.681322e+00	1.846893e+02	1.813483e+02
1.903979e+00	1.536416e+00	1.501079e+03	2.959193e+03
1.867943e+00	1.564006e+00	5.859344e+02	2.551965e+03
2.105944e+00	1.397304e+00	3.027225e+02	4.046348e+03
1.957976e+00	1.495587e+00	1.057865e+03	1.701048e+03
2.152781e+00	1.368759e+00	6.954646e+02	1.660433e+03
1.786513e+00	1.634156e+00	9.922794e+02	9.900748e+01
1.859492e+00	1.571382e+00	6.620305e+02	1.844566e+03
1.944178e+00	1.505051e+00	1.623925e+02	4.814787e+02
2.386220e+00	1.249115e+00	5.525921e+02	1.705406e+03
1.796193e+00	1.625949e+00	1.247034e+03	1.090205e+03
2.468339e+00	1.212848e+00	7.109261e+02	1.422524e+03
2.284761e+00	1.298559e+00	4.278889e+02	4.192670e+03
2.614750e+00	1.153728e+00	2.376303e+02	2.582818e+03
1.815264e+00	1.609423e+00	1.017343e+02	5.768880e+03
1.709148e+00	1.707922e+00	3.046097e+03	1.327806e+02
2.020722e+00	1.453252e+00	2.570323e+02	3.270064e+03
1.854093e+00	1.576461e+00	7.518874e+02	3.028525e+03
2.407296e+00	1.239079e+00	6.586020e+01	8.126532e+02
2.293587e+00	1.293808e+00	3.396520e+02	4.814410e+03
1.715593e+00	1.700602e+00	1.163435e+03	1.586896e+03
2.524775e+00	1.189689e+00	1.673592e+03	4.402518e+03
2.537355e+00	1.184084e+00	1.079423e+01	2.827983e+03
1.865890e+00	1.566167e+00	2.011557e+03	6.709799e+02
2.447907e+00	1.221681e+00	3.233033e+02	3.698704e+03
1.920806e+00	1.523411e+00	1.019356e+03	3.030333e+03
2.371972e+00	1.256010e+00	4.902302e+02	2.581775e+03
2.325429e+00	1.277503e+00	1.135455e+02	1.502540e+03
1.900322e+00	1.538843e+00	2.261468e+01	9.075308e+02
1.860936e+00	1.569980e+00	5.040306e+01	1.065182e+03
1.933780e+00	1.513932e+00	9.513688e+02	4.026986e+03
2.387341e+00	1.248778e+00	1.384234e+02	1.503220e+03
2.709908e+00	1.119573e+00	4.544292e+01	8.268972e+03
1.777366e+00	1.642576e+00	1.303786e+03	1.215901e+03
2.157675e+00	1.366984e+00	6.493315e+02	2.327626e+03
2.973036e+00	1.037050e+00	1.427928e+02	4.650228e+03
2.503239e+00	1.198153e+00	8.434552e+01	8.950335e+03
1.783235e+00	1.636919e+00	2.057734e+03	1.537911e+02
2.062519e+00	1.424638e+00	1.624145e+03	8.592266e+02
2.568952e+00	1.171284e+00	3.546516e+02	5.499725e+03
1.894610e+00	1.543564e+00	1.399825e+02	6.716971e+02
1.928066e+00	1.517774e+00	1.267202e+02	3.386684e+03
1.997365e+00	1.467326e+00	1.601367e+02	2.732964e+02
1.924176e+00	1.520864e+00	6.284464e+02	2.823978e+02
1.918771e+00	1.524620e+00	2.492238e+02	8.781137e+02
2.561266e+00	1.174987e+00	9.681708e+02	2.074620e+03
2.394154e+00	1.245548e+00	1.069967e+03	1.357663e+03
2.224385e+00	1.330108e+00	1.179454e+03	3.493722e+03
2.303056e+00	1.288256e+00	2.410208e+02	8.816690e+02
2.208075e+00	1.338955e+00	1.016211e+03	2.317530e+03
2.092571e+00	1.405166e+00	1.693459e+02	4.328614e+02
1.764466e+00	1.654865e+00	3.829048e+02	4.946582e+03
2.438444e+00	1.225937e+00	1.021959e+03	4.405132e+03
1.756159e+00	1.661362e+00	3.654138e+02	3.926662e+02
2.045951e+00	1.436747e+00	6.046867e+02	5.439869e+03
2.100008e+00	1.400579e+00	3.146334e+02	5.385145e+02
2.003753e+00	1.463538e+00	2.624043e+02	8.231313e+02
2.652918e+00	1.140018e+00	2.514704e+02	8.992566e+03
2.004215e+00	1.464472e+00	2.923971e+03	1.530145e+03
2.415532e+00	1.234994e+00	9.255994e+01	8.685950e+03
2.156439e+00	1.366515e+00	3.583496e+02	1.387324e+03
1.996309e+00	1.468470e+00	1.815807e+02	3.202340e+03
1.896596e+00	1.542230e+00	1.214239e+03	2.018049e+01
2.586672e+00	1.164739e+00	7.469981e+01	7.857318e+03
2.379981e+00	1.251809e+00	9.433690e+01	1.892303e+03
2.560909e+00	1.174639e+00	4.458083e+02	6.643805e+03
1.920806e+00	1.523411e+00	1.019356e+03	3.030333e+03
1.740581e+00	1.676676e+00	3.507521e+03	8.854008e+02
1.965408e+00	1.490158e+00	1.048020e+03	2.903003e+03
2.330205e+00	1.274823e+00	4.880958e+01	2.212333e+03
2.349368e+00	1.266863e+00	6.005923e+02	4.603171e+03
2.527483e+00	1.187614e+00	3.473905e+01	1.117907e+03
2.397824e+00	1.243522e+00	2.041896e+02	1.156868e+02
2.478684e+00	1.208167e+00	1.848985e+02	4.875639e+03
2.605936e+00	1.157541e+00	1.285352e+03	7.118486e+03
1.971626e+00	1.485980e+00	2.211640e+03	1.436646e+03
1.868584e+00	1.563812e+00	9.180854e+02	3.193961e+02
2.638816e+00	1.144786e+00	5.699167e+02	5.483288e+03
2.124764e+00	1.386715e+00	6.915347e+02	6.114837e+01
2.039615e+00	1.439375e+00	5.720565e+01	2.468504e+03
2.674576e+00	1.132337e+00	6.487996e+02	3.775458e+03
2.685319e+00	1.127419e+00	2.558382e+01	7.942903e+03
1.999096e+00	1.467168e+00	3.811578e+02	3.780197e+03
2.384242e+00	1.250050e+00	4.773143e+02	5.977845e+03
2.174345e+00	1.357256e+00	5.305178e+02	2.980427e+03
1.955712e+00	1.498088e+00	1.352516e+01	1.827809e+03
2.080801e+00	1.414212e+00	6.109400e+02	5.413242e+03
2.445251e+00	1.221957e+00	9.784153e+01	5.150444e+03
1.890737e+00	1.545839e+00	1.143245e+03	2.344793e+03
1.840219e+00	1.587630e+00	5.823988e+02	6.568148e+03
2.252948e+00	1.313965e+00	1.633855e+02	2.797296e+01
2.397152e+00	1.243342e+00	3.330974e+02	4.789937e+03
2.035033e+00	1.443669e+00	9.970322e+02	6.263685e+03
1.800949e+00	1.620377e+00	1.900349e+02	2.669486e+02
1.991882e+00	1.471254e+00	3.699433e+02	4.133785e+03
1.829181e+00	1.597332e+00	3.596264e+03	3.826001e+02
1.749365e+00	1.669347e+00	3.886214e+02	1.176922e+03
1.976828e+00	1.482686e+00	9.359544e+02	2.542347e+03
1.795287e+00	1.626902e+00	1.864215e+03	1.280576e+03
2.526959e+00	1.187816e+00	3.141486e+02	3.826107e+03
1.837289e+00	1.590177e+00	9.897100e+01	4.850127e+02
2.382210e+00	1.250407e+00	1.791375e+01	1.108451e+03
1.829240e+00	1.596033e+00	2.650754e+02	1.880574e+02
2.320276e+00	1.279552e+00	1.848742e+02	7.938346e+02
2.564516e+00	1.174854e+00	1.706247e+02	7.188400e+03
1.875015e+00	1.559230e+00	1.869969e+03	1.765112e+03
1.897647e+00	1.541971e+00	4.456338e+03	1.937214e+02
2.139436e+00	1.377715e+00	5.575394e+02	3.729540e+03
2.504100e+00	1.197617e+00	5.362609e+02	8.497926e+03
2.896751e+00	1.059220e+00	4.519022e+02	2.670741e+03
1.758910e+00	1.660270e+00	3.027608e+03	1.364163e+03
1.901485e+00	1.538565e+00	1.989970e+03	3.048607e+03
1.954638e+00	1.499373e+00	1.852187e+03	1.541130e+03
1.734775e+00	1.683222e+00	3.375621e+03	1.678190e+03
2.488888e+00	1.203523e+00	1.294204e+02	2.069123e+02
1.720529e+00	1.695198e+00	3.518404e+02	6.800475e+02
1.783467e+00	1.637010e+00	1.248241e+03	1.808068e+03
1.876972e+00	1.558055e+00	3.263053e+02	5.967694e+03
2.558875e+00	1.175152e+00	1.243530e+02	8.885551e+02
2.273914e+00	1.303131e+00	2.166125e+02	4.041583e+03
2.611941e+00	1.154035e+00	2.507904e+02	5.098186e+03
2.238083e+00	1.322100e+00	1.457311e+01	4.058737e+03
2.608385e+00	1.156600e+00	9.265789e+02	5.670678e+03
1.735957e+00	1.681576e+00	5.763937e+02	2.902656e+03
2.007656e+00	1.460441e+00	7.899620e+02	2.172872e+03
2.522825e+00	1.190046e+00	1.243151e+02	3.791811e+03
2.441624e+00	1.224155e+00	4.389012e+01	6.435759e+03
2.169350e+00	1.360503e+00	1.086469e+02	4.957340e+03
2.312895e+00	1.284087e+00	1.992549e+02	1.165746e+03
1.756663e+00	1.660874e+00	1.500836e+02	8.565197e+02
1.866958e+00	1.565929e+00	3.372111e+03	2.950465e+02
1.933296e+00	1.513528e+00	1.471168e+03	4.020887e+02
1.855635e+00	1.574967e+00	9.055887e+01	5.935901e+02
2.023669e+00	1.450463e+00	2.146653e+03	1.383129e+03
1.777853e+00	1.642159e+00	6.797552e+02	5.505469e+02
2.020518e+00	1.451956e+00	3.168043e+02	2.990234e+03
2.093427e+00	1.405440e+00	8.976185e+01	2.587462e+03
2.135823e+00	1.379356e+00	6.828973e+01	5.778757e+03
2.369856e+00	1.257502e+00	4.789179e+02	4.240998e+03
1.795130e+00	1.626651e+00	3.840440e+02	2.895791e+03
2.302849e+00	1.288388e+00	6.885139e+02	5.502573e+01
1.717613e+00	1.698172e+00	8.025132e+01	4.897116e+02
2.166767e+00	1.361792e+00	1.188849e+03	2.713076e+03
2.045486e+00	1.434294e+00	1.015454e+02	7.814550e+02
2.399458e+00	1.242872e+00	3.961844e+01	1.088401e+03
1.912775e+00	1.529431e+00	1.470551e+03	1.455028e+03
2.621971e+00	1.151506e+00	1.156086e+03	4.575684e+03
1.909633e+00	1.531082e+00	1.438422e+03	6.249496e+01
2.483676e+00	1.206124e+00	2.815570e+01	3.612280e+01
1.763340e+00	1.655273e+00	4.002256e+02	1.697021e+02
2.613789e+00	1.154539e+00	5.917169e+02	7.161134e+03
1.967977e+00	1.487969e+00	4.662073e+00	9.653783e+02
2.288069e+00	1.296850e+00	1.339776e+02	2.074205e+03
2.377261e+00	1.253507e+00	2.321488e+02	8.548103e+02
1.924421e+00	1.519871e+00	1.452673e+03	2.826266e+02
2.315511e+00	1.282521e+00	2.195411e+02	5.340090e+03
3.076817e+00	1.008321e+00	9.360331e+01	6.107485e+03
2.111307e+00	1.393838e+00	5.134182e+02	2.879641e+02
2.478922e+00	1.208024e+00	1.249979e+03	3.244934e+01
1.806705e+00	1.616440e+00	6.237645e+02	1.389661e+02
1.861677e+00	1.569419e+00	2.961663e+02	6.608188e+02
1.710619e+00	1.705129e+00	1.580405e+02	1.017781e+02
1.852242e+00	1.578609e+00	1.814157e+01	4.016234e+03
1.938216e+00	1.510252e+00	6.244345e+02	8.796253e+01
2.325159e+00	1.277952e+00	9.932018e+02	5.851220e+03
2.634596e+00	1.146499e+00	9.642513e+01	3.520659e+02
1.857857e+00	1.572505e+00	5.576695e+01	7.660643e+02
1.959797e+00	1.494211e+00	4.343826e+02	1.033830e+01
2.117805e+00	1.390757e+00	4.314506e+02	2.264082e+03
2.144210e+00	1.375347e+00	4.203323e+02	4.856444e+03
1.973141e+00	1.484850e+00	1.846180e+01	9.727645e+02
2.020784e+00	1.453130e+00	1.573258e+02	3.501285e+03
1.721580e+00	1.694262e+00	8.139142e+02	1.154331e+03
2.595075e+00	1.161615e+00	3.963795e+02	4.007112e+03
2.173227e+00	1.358290e+00	2.379645e+02	4.998162e+03
1.942451e+00	1.506842e+00	1.395533e+03	4.528172e+02
2.148284e+00	1.371874e+00	1.203808e+01	1.473147e+03
1.957596e+00	1.495834e+00	4.378112e+02	8.762664e+01
1.876857e+00	1.557730e+00	3.096999e+02	1.070399e+03
2.473278e+00	1.209997e+00	2.590108e+02	5.505485e+03
1.993264e+00	1.470417e+00	5.924394e+01	1.911133e+03
2.258307e+00	1.311273e+00	3.956960e+02	3.742988e+03
2.600236e+00	1.159657e+00	5.288168e+02	3.865173e+03
2.068329e+00	1.420310e+00	2.605214e+02	3.066099e+01
2.565248e+00	1.172559e+00	5.596735e+01	9.126526e+01
1.718858e+00	1.697345e+00	2.243385e+03	1.454717e+02
2.268346e+00	1.306009e+00	4.868928e+02	3.776851e+02
1.964055e+00	1.491074e+00	1.021371e+03	1.431655e+03
1.981471e+00	1.479127e+00	1.858064e+03	1.930683e+03
1.837805e+00	1.589734e+00	8.718553e+01	7.107677e+02
2.414468e+00	1.235942e+00	5.204978e+02	3.108418e+03
1.734881e+00	1.681354e+00	2.215863e+02	7.620708e+02
2.491098e+00	1.202633e+00	4.492686e+02	2.653852e+03
2.010785e+00	1.458538e+00	6.704712e+02	1.195984e+03
1.898567e+00	1.540246e+00	3.867447e+02	7.075315e+02
2.216582e+00	1.333333e+00	4.797880e+02	3.595327e+03
2.112404e+00	1.394603e+00	1.828691e+03	2.828670e+03
2.454711e+00	1.218501e+00	7.906669e+01	5.578323e+03
2.331692e+00	1.274309e+00	1.220162e+02	2.596775e+03
1.845441e+00	1.583194e+00	1.135115e+03	2.441353e+03
2.450683e+00	1.219742e+00	2.298211e+02	4.159792e+03
1.848228e+00	1.582431e+00	1.512308e+02	4.685790e+03
2.867338e+00	1.068583e+00	1.036136e+01	4.234937e+03
2.263094e+00	1.308898e+00	6.371186e+02	1.602464e+03
2.605973e+00	1.158048e+00	7.897519e+02	5.601808e+03
2.456912e+00	1.217006e+00	7.092189e+01	5.452121e+03
1.943898e+00	1.506772e+00	1.674007e+03	2.853985e+03
1.878996e+00	1.555525e+00	6.251943e+02	4.702571e+02
2.569586e+00	1.171479e+00	3.973094e+01	2.423086e+03
2.458370e+00	1.216811e+00	3.844343e+02	3.051008e+03
2.383924e+00	1.249524e+00	1.215319e+02	1.531579e+03
2.013749e+00	1.457586e+00	3.115221e+02	5.802458e+03
2.503788e+00	1.197762e+00	2.590746e+02	5.245875e+03
1.829784e+00	1.597075e+00	1.946589e+03	2.394633e+03
2.511678e+00	1.193836e+00	1.967585e+02	3.688330e+03
1.868402e+00	1.563308e+00	9.983097e+02	5.908132e+02
2.631973e+00	1.147731e+00	7.016110e+01	6.569996e+03
1.815444e+00	1.608855e+00	8.990529e+02	1.771572e+03
2.447426e+00	1.221570e+00	5.165245e+01	2.713666e+03
2.747168e+00	1.107022e+00	2.112427e+01	9.579801e+03
2.200624e+00	1.343148e+00	1.003740e+03	3.301327e+03
2.232553e+00	1.325850e+00	7.562509e+02	8.582143e+03
2.274490e+00	1.303474e+00	2.258921e+02	5.078150e+03
1.789318e+00	1.631905e+00	8.443706e+02	2.422021e+03
2.232901e+00	1.324117e+00	9.691619e+02	2.520581e+03
2.177619e+00	1.355018e+00	5.897757e+01	9.788126e+02
2.487350e+00	1.204237e+00	4.280735e+02	8.868526e+03
1.758407e+00	1.659367e+00	4.130374e+02	2.569168e+02
1.953542e+00	1.500350e+00	1.255889e+03	3.603832e+03
2.049524e+00	1.433513e+00	1.066568e+02	2.602516e+03
2.822929e+00	1.082438e+00	1.654913e+02	6.673998e+03
2.104848e+00	1.399111e+00	9.324768e+01	2.543491e+03
1.797360e+00	1.625093e+00	2.704808e+03	7.361037e+02
1.964258e+00	1.490793e+00	8.141259e+02	2.008306e+03
2.268575e+00	1.306862e+00	7.493509e+02	2.002155e+03
2.599541e+00	1.159582e+00	9.867870e-01	4.303836e+03
1.934647e+00	1.512174e+00	6.462711e+01	1.755764e+02
2.358386e+00	1.261090e+00	1.006893e+02	9.987631e+02
2.046545e+00	1.434485e+00	2.600612e+02	7.033286e+01
1.973924e+00	1.485043e+00	4.298593e+01	4.975412e+03
2.027691e+00	1.447744e+00	4.254562e+02	2.859204e+03
2.266463e+00	1.307379e+00	5.430825e+02	3.173776e+03
1.884675e+00	1.551467e+00	5.341692e+02	3.963799e+02
2.077416e+00	1.415146e+00	3.303486e+02	3.060171e+03
1.767577e+00	1.651949e+00	1.563034e+03	9.714604e+02
2.289399e+00	1.295495e+00	1.608282e+02	3.842048e+03
2.056815e+00	1.429039e+00	7.978393e+02	3.862603e+03
1.823624e+00	1.600272e+00	4.756175e+02	3.755157e+02
1.976558e+00	1.482347e+00	4.803297e+02	2.965280e+03
2.586094e+00	1.164871e+00	3.776377e+02	7.125348e+03
1.891409e+00	1.546766e+00	1.716129e+02	2.360744e+03
2.014988e+00	1.456631e+00	1.198422e+03	1.585345e+03
1.819365e+00	1.604920e+00	1.609113e+02	1.994968e+03
2.860473e+00	1.070732e+00	7.068748e+02	7.210040e+03
2.278175e+00	1.301404e+00	8.570572e+02	2.025283e+03
1.859472e+00	1.572556e+00	4.310242e+03	6.506860e+01
1.773199e+00	1.648030e+00	1.583173e+03	4.276510e+03
2.620627e+00	1.151983e+00	4.199537e+02	4.086485e+03
2.447278e+00	1.221931e+00	2.498367e+02	3.009124e+03
1.786277e+00	1.634715e+00	2.976637e+03	7.942512e+01
1.922649e+00	1.522214e+00	2.519406e+02	4.297115e+02
2.616992e+00	1.153331e+00	5.258383e+02	4.575974e+03
2.315929e+00	1.282972e+00	9.274097e+01	4.282604e+03
2.104135e+00	1.399822e+00	2.923596e+03	3.997872e+03
2.066015e+00	1.423363e+00	1.960696e+02	7.962512e+03
2.344814e+00	1.268090e+00	8.547259e+01	1.682139e+03
1.994622e+00	1.470012e+00	1.437413e+03	6.887275e+02
1.748553e+00	1.669255e+00	2.261882e+02	3.865093e+02
1.982068e+00	1.478210e+00	1.739625e+03	7.142005e+02
1.724101e+00	1.691915e+00	2.265342e+02	3.322830e+02
2.102085e+00	1.401033e+00	4.785537e+03	2.106160e+03
1.774473e+00	1.644104e+00	4.063774e+02	9.087688e+01
2.636436e+00	1.144891e+00	3.031836e+01	6.742778e+03
2.643354e+00	1.143469e+00	9.059363e+01	7.336788e+03
2.736519e+00	1.109968e+00	5.952406e+00	5.184298e+03
1.899840e+00	1.539518e+00	1.254710e+03	3.470799e+03
1.838051e+00	1.588302e+00	1.812891e+02	1.236355e+02
1.818793e+00	1.604446e+00	5.217013e+02	4.703044e+02
1.765632e+00	1.652196e+00	2.683136e+02	2.320384e+02
2.387796e+00	1.247786e+00	1.756082e+02	1.104486e+02
2.080868e+00	1.413915e+00	1.629797e+03	1.729171e+03
1.944386e+00	1.505997e+00	9.876488e+02	2.336064e+03
2.147502e+00	1.371926e+00	9.424362e+01	5.420162e+02
1.824951e+00	1.600552e+00	8.880826e+02	1.847601e+03
2.551648e+00	1.178496e+00	1.885226e+02	5.791180e+03
2.232165e+00	1.325236e+00	2.127695e+01	6.737588e+02
2.323347e+00	1.278692e+00	1.110765e+02	3.683802e+02
2.398896e+00	1.243856e+00	2.650625e+02	2.147893e+03
1.969587e+00	1.488114e+00	3.899742e+02	3.077838e+03
2.176112e+00	1.356481e+00	5.216888e+02	8.464456e+02
1.861417e+00	1.570795e+00	7.285776e+02	3.779156e+03
1.897415e+00	1.540411e+00	9.323046e+02	1.581446e+03
2.300421e+00	1.289566e+00	3.959190e+02	2.039434e+03
2.649949e+00	1.140902e+00	2.111372e+01	3.718942e+03
1.870410e+00	1.561517e+00	5.172244e+02	1.899949e+03
2.147519e+00	1.372003e+00	6.947471e+00	1.732957e+03
2.495760e+00	1.201162e+00	1.625498e+02	3.374356e+03
3.060755e+00	1.013327e+00	4.649750e+02	7.498026e+03
2.219030e+00	1.332852e+00	1.086787e+03	2.032533e+03
1.924716e+00	1.520429e+00	8.787648e+02	4.724495e+03
1.989254e+00	1.473513e+00	2.638355e+03	4.821876e+02
2.159718e+00	1.365404e+00	9.880996e+02	9.586757e+02
2.502000e+00	1.198321e+00	1.766978e+02	8.566919e+02
2.224437e+00	1.329411e+00	5.890794e+01	3.004983e+03
2.798715e+00	1.089775e+00	5.375341e+02	1.879859e+03
2.287213e+00	1.297438e+00	7.804291e+02	4.180984e+03
2.385022e+00	1.249366e+00	7.836087e+01	1.624292e+03
2.449337e+00	1.220084e+00	4.669899e+02	8.596619e+03
2.139258e+00	1.378213e+00	1.022006e+03	2.497559e+01
2.610779e+00	1.156781e+00	5.153794e+02	7.458256e+03
2.162864e+00	1.363129e+00	1.596199e+02	2.233047e+02
1.806437e+00	1.616740e+00	2.697127e+03	1.367088e+03
1.821842e+00	1.604826e+00	2.230580e+03	7.852693e+03
1.825388e+00	1.599976e+00	1.937145e+03	2.745103e+02
1.884169e+00	1.550500e+00	3.810139e+02	1.549837e+03
1.723079e+00	1.693602e+00	6.340136e+02	4.466906e+02
2.529796e+00	1.187056e+00	1.633453e+02	2.252564e+03
2.278060e+00	1.302054e+00	2.585086e+02	8.573235e+03
1.922703e+00	1.521526e+00	2.447590e+02	2.356422e+03
2.384121e+00	1.249368e+00	9.744852e+01	1.082975e+03
1.896213e+00	1.541888e+00	6.272081e+02	1.180945e+03
2.035710e+00	1.442378e+00	5.232458e+02	1.983655e+03
2.617617e+00	1.152860e+00	5.165529e+01	8.120196e+03
1.999646e+00	1.467581e+00	1.711795e+03	2.436961e+03
2.441311e+00	1.223530e+00	6.528792e+01	8.646106e+03
1.918421e+00	1.525725e+00	1.080642e+03	4.188329e+03
2.296372e+00	1.294400e+00	1.217578e+03	9.878454e+03
2.130632e+00	1.382286e+00	1.868812e+02	1.995972e+03
2.544460e+00	1.180863e+00	2.167707e+02	4.829568e+03
2.145614e+00	1.374117e+00	6.797913e+02	2.897899e+03
2.752613e+00	1.104794e+00	7.746675e+01	1.730754e+03
1.722366e+00	1.694999e+00	6.085449e+02	5.533318e+03
2.177972e+00	1.354248e+00	1.939660e+02	2.048408e+03
2.552510e+00	1.178098e+00	6.276995e+02	5.895932e+03
2.137513e+00	1.378743e+00	1.288677e+03	4.535216e+02
1.989256e+00	1.473409e+00	5.442186e+02	2.992458e+03
2.033379e+00	1.443602e+00	5.297192e+02	5.305613e+02
2.727464e+00	1.113326e+00	4.331761e+01	9.919528e+03
1.939038e+00	1.510052e+00	1.116560e+02	1.744764e+03
1.758443e+00	1.659701e+00	1.005955e+03	1.649488e+03
1.734011e+00	1.682326e+00	1.364642e+03	3.770066e+03
1.815130e+00	1.608297e+00	2.073065e+02	4.089505e+03
1.817605e+00	1.607504e+00	1.235497e+03	8.145911e+02
2.168010e+00	1.360709e+00	8.476255e+02	1.133688e+03
2.108419e+00	1.395910e+00	2.388074e+02	3.857638e+03
2.013693e+00	1.458408e+00	1.520386e+03	5.437375e+03
2.295584e+00	1.292506e+00	1.985174e+02	1.744417e+03
2.542950e+00	1.182079e+00	3.606409e+02	5.027740e+03
1.974814e+00	1.482594e+00	6.143162e+02	2.120660e+02
2.011848e+00	1.459139e+00	8.801579e+02	3.284878e+03
1.734721e+00	1.681883e+00	5.931233e+02	3.374613e+02
2.218663e+00	1.333453e+00	2.485199e+02	4.582534e+03
2.268086e+00	1.307714e+00	2.562832e+02	6.130889e+03
2.255594e+00	1.312512e+00	8.637290e+01	4.777014e+03
2.097592e+00	1.403709e+00	1.428769e+01	5.892965e+03
2.360886e+00	1.260507e+00	6.304235e+01	1.161788e+03
2.620112e+00	1.151998e+00	2.395874e+01	4.249699e+03
2.602077e+00	1.157858e+00	2.061844e+02	5.416592e+03
2.245937e+00	1.317671e+00	5.487534e+02	1.383891e+03
1.811468e+00	1.612764e+00	2.764504e+03	1.634784e+03
2.358759e+00	1.261305e+00	4.050265e+02	3.519952e+03
2.473546e+00	1.209741e+00	4.720177e+02	7.988416e+03
1.880346e+00	1.554713e+00	4.321491e+02	6.677496e+02
2.614499e+00	1.154286e+00	8.397491e+02	6.238293e+03
2.340871e+00	1.271224e+00	1.191840e+03	5.259254e+03
2.565854e+00	1.173108e+00	5.539874e+02	2.807691e+03
2.380152e+00	1.251130e+00	1.044003e+02	4.386938e+01
1.941946e+00	1.507307e+00	8.476338e+01	1.666139e+03
1.980892e+00	1.479513e+00	5.338993e+02	7.964702e+01
1.904392e+00	1.536415e+00	2.079794e+03	2.837564e+03
2.091686e+00	1.407092e+00	2.059995e+02	2.265149e+03
1.731382e+00	1.685583e+00	5.243316e+02	3.722053e+02
2.546422e+00	1.180961e+00	3.866914e+02	6.021065e+03
2.251813e+00	1.315358e+00	5.493247e+01	2.926536e+03
2.380660e+00	1.251166e+00	1.851036e+02	1.762140e+03
1.743376e+00	1.674328e+00	1.527411e+03	7.384884e+02
2.349096e+00	1.266766e+00	9.618233e+02	4.799163e+02
2.877210e+00	1.065911e+00	1.575912e+03	8.537666e+03
2.282447e+00	1.299819e+00	9.425147e+02	1.021047e+03
2.422552e+00	1.232035e+00	8.584953e+01	7.026509e+02
2.249720e+00	1.316106e+00	6.506029e+02	2.546655e+03
2.393932e+00	1.245176e+00	1.032923e+02	6.971170e+02
2.477046e+00	1.209115e+00	3.993942e+02	7.543855e+02
1.712081e+00	1.704623e+00	9.150687e+02	2.070832e+03
1.848525e+00	1.579792e+00	4.731736e+00	6.731964e+02
2.551078e+00	1.178188e+00	2.827456e+01	2.618857e+02
1.815460e+00	1.608892e+00	3.049081e+03	1.122128e+03
1.993976e+00	1.470181e+00	1.771123e+03	3.673387e+01
1.755338e+00	1.662928e+00	2.173037e+03	1.536765e+03
2.212652e+00	1.336325e+00	6.096939e+02	4.588499e+03
1.758910e+00	1.660270e+00	3.027608e+03	1.364163e+03
2.589586e+00	1.163559e+00	6.076675e+02	3.251509e+03
2.601485e+00	1.158010e+00	2.258942e+02	3.738330e+03
1.997363e+00	1.469112e+00	2.059437e+03	1.635602e+03
1.982020e+00	1.478544e+00	1.153836e+03	2.039287e+03
2.475901e+00	1.208317e+00	9.222405e+01	6.107382e+03
2.966316e+00	1.038374e+00	4.404402e+02	5.091202e+03
2.139251e+00	1.377931e+00	1.086781e+03	2.011841e+03
2.687485e+00	1.126956e+00	9.831715e+01	6.503831e+03
2.175951e+00	1.355914e+00	2.858755e+02	2.746754e+02
2.475431e+00	1.209112e+00	2.238557e+02	4.314471e+03
1.752106e+00	1.665276e+00	1.156483e+03	1.824905e+03
2.446492e+00	1.221684e+00	3.102645e+02	2.413137e+03
2.166895e+00	1.361262e+00	4.274029e+02	1.621836e+03
2.139846e+00	1.377509e+00	1.583674e+03	4.008322e+02
2.278992e+00	1.301529e+00	4.281681e+02	1.995634e+03
2.112426e+00	1.393855e+00	1.941756e+03	1.637025e+03
2.074614e+00	1.417854e+00	1.700895e+03	1.173947e+03
1.780667e+00	1.639302e+00	2.016647e+03	3.007245e+02
2.595213e+00	1.161763e+00	6.994632e+02	2.321275e+03
1.949648e+00	1.501614e+00	2.528006e+03	7.223368e+02
1.972094e+00	1.485479e+00	1.212762e+00	1.162397e+03
1.954973e+00	1.497125e+00	1.382876e+03	2.209562e+02
2.091417e+00	1.407097e+00	9.521404e+02	3.838968e+03
1.925712e+00	1.518348e+00	3.313604e+02	5.236190e+02
2.263843e+00	1.308525e+00	7.187447e+02	5.454666e+03
1.908948e+00	1.532984e+00	1.244755e+03	1.883963e+03
2.496616e+00	1.201078e+00	4.606598e+02	2.128090e+03
2.421819e+00	1.232196e+00	1.743689e+02	3.965426e+02
1.995631e+00	1.469167e+00	5.734400e+02	1.768322e+02
1.903036e+00	1.537590e+00	1.516104e+03	5.657314e+03
2.591706e+00	1.164583e+00	2.100010e+02	7.805035e+03
1.992057e+00	1.471727e+00	1.927007e+03	1.015480e+03
2.075744e+00	1.416171e+00	4.908417e+02	3.017347e+03
2.597690e+00	1.160580e+00	8.996612e+02	7.660374e+03
2.072235e+00	1.418484e+00	4.103824e+02	2.976824e+03
2.121965e+00	1.387422e+00	3.625591e+02	1.955517e+02
2.380728e+00	1.251178e+00	6.591869e+01	5.826005e+03
2.427053e+00	1.230788e+00	1.071811e+02	4.867370e+03
1.988605e+00	1.474000e+00	2.501745e+03	1.040686e+03
2.061306e+00	1.425506e+00	6.888661e+02	3.679166e+03
1.725032e+00	1.690964e+00	2.353682e+02	1.979927e+02
2.608602e+00	1.156381e+00	4.495590e+02	3.426419e+03
2.648811e+00	1.141072e+00	1.723974e+02	2.813748e+03
1.973056e+00	1.485173e+00	5.306401e+02	5.612336e+02
2.450799e+00	1.219859e+00	4.912994e+01	1.625665e+03
2.392260e+00	1.246379e+00	5.470298e+02	2.104296e+03
2.334450e+00	1.273688e+00	4.031467e+02	4.386008e+03
2.419483e+00	1.234035e+00	8.682596e+02	5.613092e+03
2.476384e+00	1.209267e+00	8.442665e+02	4.231715e+03
1.967208e+00	1.490307e+00	1.880727e+03	2.106886e+03
2.333163e+00	1.274117e+00	2.298523e+02	1.367196e+03
2.339761e+00	1.269924e+00	1.855954e+01	9.421034e+02
2.571318e+00	1.170716e+00	3.334051e+02	6.879574e+02
2.127460e+00	1.384344e+00	3.069650e+02	1.402955e+03
2.709533e+00	1.119896e+00	1.788250e+02	7.575738e+03
2.011985e+00	1.460217e+00	2.246515e+03	5.017516e+02
1.987576e+00	1.475140e+00	5.939032e+02	2.564014e+03
2.619398e+00	1.151464e+00	1.698845e+02	1.456077e+03
2.693033e+00	1.125005e+00	5.579911e+01	7.926221e+03
2.637868e+00	1.145638e+00	4.355986e+02	8.666396e+03
1.781051e+00	1.638256e+00	5.551239e+02	1.402101e+01
1.970445e+00	1.486942e+00	1.003784e+02	4.546445e+03
2.434144e+00	1.227260e+00	2.170974e+02	6.342437e+03
2.238607e+00	1.322068e+00	4.618136e+01	4.653929e+03
2.128740e+00	1.383799e+00	9.969434e+01	4.928156e+02
2.254300e+00	1.314690e+00	6.997044e+02	2.319479e+03
2.119177e+00	1.388679e+00	1.686637e+02	2.544121e+02
2.226398e+00	1.328405e+00	8.883157e+02	2.566248e+03
1.960021e+00	1.495138e+00	9.303150e+02	2.555572e+03
2.122230e+00	1.388670e+00	1.005432e+03	3.843798e+03
2.334731e+00	1.273108e+00	3.997861e+02	1.417361e+03
1.937635e+00	1.510503e+00	1.012407e+03	2.137683e+03
2.012635e+00	1.459006e+00	4.501021e+03	1.752140e+03
2.518416e+00	1.191026e+00	2.288438e+02	4.583781e+03
2.137430e+00	1.380270e+00	2.773486e+02	3.864126e+03
2.300447e+00	1.289595e+00	3.501745e+02	7.415275e+01
1.951231e+00	1.500782e+00	6.477089e+02	4.536295e+03
2.570880e+00	1.169719e+00	1.410723e+02	6.277152e+03
1.922231e+00	1.522014e+00	1.566047e+03	7.323797e+02
2.706122e+00	1.121088e+00	5.816153e+02	3.474423e+03
2.258487e+00	1.311427e+00	1.791126e+03	6.289571e+03
2.168858e+00	1.360104e+00	1.815766e+02	5.611048e+03
2.481932e+00	1.206754e+00	5.791980e+02	8.656020e+03
2.662576e+00	1.135595e+00	1.353146e+02	6.788498e+03
2.364253e+00	1.258789e+00	3.788274e+01	5.495355e+02
2.302907e+00	1.291235e+00	9.434016e+02	7.245611e+03
2.342219e+00	1.268894e+00	4.973736e+02	9.012873e+02
2.474238e+00	1.209718e+00	9.982515e+02	1.854773e+03
2.553828e+00	1.177336e+00	4.547824e+02	1.959915e+03
2.046054e+00	1.434620e+00	3.377552e+02	1.456483e+03
2.594474e+00	1.161760e+00	7.335440e+01	7.017041e+03
2.488105e+00	1.203776e+00	6.881807e+01	3.447230e+03
2.393350e+00	1.246242e+00	8.134418e+02	1.613050e+03
2.257953e+00	1.311966e+00	2.013616e+02	3.759587e+03
1.952669e+00	1.498850e+00	2.192679e+02	2.708168e+02
1.814027e+00	1.609989e+00	9.582489e+02	3.851445e+03
1.889181e+00	1.547143e+00	8.046208e+02	8.549019e+03
2.286892e+00	1.296780e+00	1.416969e+02	3.922281e+03
2.529056e+00	1.187210e+00	6.329533e+01	2.451766e+03
1.828865e+00	1.596672e+00	8.244650e+02	1.077495e+03
1.894659e+00	1.543330e+00	1.271651e+03	2.757886e+03
1.800989e+00	1.620836e+00	1.663734e+01	3.242453e+03
2.176656e+00	1.355886e+00	3.377146e+02	3.940182e+02
2.760227e+00	1.102725e+00	6.318904e+02	6.433190e+03
2.609889e+00	1.155872e+00	3.080619e+01	9.493980e+03
2.525851e+00	1.188914e+00	2.566813e+02	6.799448e+03
2.085146e+00	1.410935e+00	9.657272e+01	7.374182e+03
2.502921e+00	1.199074e+00	4.158279e+01	2.079024e+03
2.002131e+00	1.464722e+00	2.090787e+02	4.852986e+03
1.888737e+00	1.548414e+00	1.331822e+02	1.502443e+03
2.284334e+00	1.298787e+00	8.568052e+02	4.726884e+03
1.843532e+00	1.583995e+00	2.384161e+03	1.543641e+03
1.708862e+00	1.706901e+00	1.023743e+02	5.040914e+02
1.854986e+00	1.575508e+00	6.495388e+01	5.914516e+02
2.099700e+00	1.399901e+00	4.036932e+02	1.639090e+03
2.393557e+00	1.245579e+00	6.678843e+01	2.694064e+03
2.156075e+00	1.367753e+00	1.034490e+03	6.545422e+02
1.720076e+00	1.695691e+00	2.293595e+02	1.210371e+02
1.934789e+00	1.513450e+00	1.020954e+03	4.657578e+03
2.576714e+00	1.168930e+00	5.548760e+02	2.424484e+03
1.777549e+00	1.643853e+00	3.495326e+03	1.589770e+03
2.007612e+00	1.461767e+00	3.383611e+02	5.111163e+03
2.339693e+00	1.270689e+00	1.288147e+02	3.608256e+03
1.710626e+00	1.706781e+00	3.306315e+03	1.594610e+03
2.049524e+00	1.433513e+00	1.066568e+02	2.602516e+03
2.530668e+00	1.186260e+00	5.072382e+01	2.286306e+03
2.465071e+00	1.214107e+00	7.945006e+01	3.246000e+02
1.903792e+00	1.537247e+00	1.542230e+03	2.931928e+03
1.973487e+00	1.483908e+00	9.345787e+02	4.858605e+03
1.898061e+00	1.540399e+00	8.307274e+01	1.511943e+03
1.801325e+00	1.620435e+00	1.581255e+02	1.163135e+03
2.328975e+00	1.275510e+00	2.792322e+02	2.036459e+02
1.904193e+00	1.537100e+00	2.445857e+03	3.386661e+03
2.620112e+00	1.151998e+00	2.395874e+01	4.249699e+03
2.363294e+00	1.259454e+00	2.422502e+00	5.718972e+02
2.328871e+00	1.276052e+00	2.257564e+02	3.163472e+02
2.446645e+00	1.221453e+00	9.418048e+01	2.089918e+01
2.536875e+00	1.184543e+00	1.160003e+03	7.281402e+03
1.902686e+00	1.537649e+00	6.540057e+02	4.039819e+02
1.914481e+00	1.528772e+00	1.835600e+03	1.473456e+03
2.315953e+00	1.281809e+00	2.393732e+02	2.507914e+02
2.630780e+00	1.148677e+00	5.090894e+02	1.520228e+03
1.890695e+00	1.546770e+00	9.415667e+00	1.558847e+03
1.752406e+00	1.665079e+00	1.386672e+03	3.273146e+03
1.857653e+00	1.573162e+00	1.847283e+02	1.277306e+03
1.844912e+00	1.582379e+00	2.993814e+02	1.548544e+03
2.610911e+00	1.155400e+00	6.776098e+01	7.028643e+03
2.329838e+00	1.275854e+00	2.398545e+03	2.942228e+03
1.859900e+00	1.571149e+00	1.227504e+03	1.921236e+03
2.335294e+00	1.272587e+00	5.244032e+02	2.932412e+03
2.314793e+00	1.282533e+00	4.142623e+01	1.656797e+03
2.651419e+00	1.140386e+00	2.118837e+02	5.032069e+03
1.998743e+00	1.466934e+00	6.214924e+02	1.073672e+03
1.986290e+00	1.475345e+00	3.669799e+02	2.927795e+02
2.224420e+00	1.329252e+00	4.241468e+02	2.031072e+03
2.803657e+00	1.088392e+00	8.332484e+02	6.978683e+03
2.353167e+00	1.264478e+00	1.159127e+02	7.239783e+03
2.119981e+00	1.389076e+00	1.393030e+02	6.950439e+02
1.856029e+00	1.574049e+00	2.316063e+02	1.783710e+02
1.870872e+00	1.561535e+00	2.785940e+01	2.025410e+02
2.326134e+00	1.276929e+00	2.512749e+02	1.219559e+03
2.619744e+00	1.152329e+00	2.969831e+01	5.072506e+03
1.809384e+00	1.613352e+00	2.252955e+02	1.054267e+03
2.036484e+00	1.441446e+00	5.150868e+02	3.413182e+03
2.112844e+00	1.393818e+00	1.530493e+03	1.343873e+03
2.715755e+00	1.118801e+00	2.918018e+02	6.112859e+03
2.152513e+00	1.368815e+00	4.057342e+02	2.962347e+03
2.248380e+00	1.316678e+00	6.281084e+02	2.788733e+03
1.782119e+00	1.637061e+00	7.446214e+02	1.386138e+03
2.026682e+00	1.448533e+00	8.480878e+02	2.952741e+03
1.853899e+00	1.575294e+00	2.739798e+02	3.171310e+02
2.001385e+00	1.465208e+00	3.077244e+03	8.102492e+02
2.392669e+00	1.246094e+00	2.859619e+02	3.650222e+03
2.650538e+00	1.141290e+00	9.847749e+02	3.401604e+03
2.224216e+00	1.330088e+00	5.746869e+02	4.596053e+03
2.016778e+00	1.455687e+00	9.846217e+02	2.654399e+03
1.965000e+00	1.491633e+00	4.053290e+02	3.819370e+03
1.943369e+00	1.506139e+00	1.959814e+03	2.132649e+03
1.831380e+00	1.595172e+00	1.460606e+03	2.084457e+03
2.313479e+00	1.284680e+00	1.917374e+03	4.452284e+03
2.576518e+00	1.168680e+00	5.542748e+02	4.586863e+03
1.832815e+00	1.592833e+00	2.160779e+02	4.406404e+01
1.791752e+00	1.628909e+00	1.297402e+02	9.745790e+02
2.297828e+00	1.291534e+00	7.791221e+02	5.895741e+03
2.452662e+00	1.219292e+00	3.551544e+02	4.039744e+03
1.955520e+00	1.497698e+00	6.483875e+02	2.501788e+03
2.575253e+00	1.169170e+00	2.943162e+02	6.849990e+03
1.740393e+00	1.677421e+00	2.542908e+03	1.982211e+03
2.131316e+00	1.381989e+00	4.411158e+00	2.443811e+03
1.982020e+00	1.478544e+00	1.153836e+03	2.039287e+03
2.419515e+00	1.233692e+00	5.252345e+01	1.002895e+03
1.915414e+00	1.526295e+00	4.827951e+02	1.301916e+01
2.284471e+00	1.297457e+00	1.760655e+02	1.691401e+03
1.918453e+00	1.524222e+00	5.846059e+02	3.872701e+03
1.937097e+00	1.509949e+00	6.893842e+01	1.031407e+03
2.318920e+00	1.280249e+00	6.427632e+02	1.038862e+03
2.256723e+00	1.311770e+00	4.404124e+01	4.113449e+02
2.479807e+00	1.207756e+00	5.238920e+01	5.554977e+03
2.568966e+00	1.171673e+00	2.556082e+02	2.949592e+03
1.734895e+00	1.683252e+00	4.985270e+03	1.910328e+02
2.121918e+00	1.387366e+00	6.326619e+01	1.628644e+03
2.004372e+00	1.463535e+00	8.210088e+01	6.996882e+03
1.972609e+00	1.486012e+00	1.204235e+03	2.180195e+03
2.464773e+00	1.214288e+00	7.257598e+02	2.118520e+03
2.096352e+00	1.403588e+00	4.793409e+02	2.370739e+03
2.104116e+00	1.398156e+00	4.385269e+02	1.596299e+02
2.000028e+00	1.466286e+00	1.957472e+03	8.406936e+02
2.474297e+00	1.210576e+00	2.083942e+02	1.684931e+03
2.627673e+00	1.149571e+00	1.117592e+03	2.569703e+03
1.894219e+00	1.543771e+00	1.391575e+03	9.711105e+02
2.205215e+00	1.340487e+00	5.098106e+02	2.408300e+03
2.297143e+00	1.291095e+00	1.898583e+02	5.135379e+02
2.509311e+00	1.195244e+00	2.810275e+01	8.189839e+03
2.583013e+00	1.166481e+00	4.824013e+02	5.130768e+03
1.766271e+00	1.651978e+00	4.653624e+02	1.058762e+03
2.406511e+00	1.239299e+00	3.953888e+01	2.875665e+03
2.658872e+00	1.136800e+00	6.095484e+01	6.543451e+03
2.556456e+00	1.176924e+00	3.358502e+01	1.823409e+03
2.133901e+00	1.380280e+00	3.246503e+02	8.544854e+01
2.014021e+00	1.456561e+00	5.549295e+02	1.965019e+03
2.259779e+00	1.310994e+00	1.139704e+03	3.168068e+03
2.283030e+00	1.298767e+00	2.719428e+01	1.010687e+03
2.541916e+00	1.182551e+00	5.481117e+02	5.393543e+03
1.829523e+00	1.596068e+00	1.781841e+02	3.729993e+02
2.150477e+00	1.370244e+00	2.540351e+01	6.387558e+02
2.512477e+00	1.193882e+00	1.415789e+01	1.253197e+03
1.971698e+00	1.485939e+00	2.089697e+03	8.010643e+02
2.608113e+00	1.156108e+00	8.948915e+01	3.922105e+02
2.556409e+00	1.176851e+00	3.841494e+02	4.979702e+03
1.804263e+00	1.617440e+00	3.673020e+02	2.334208e+03
1.936945e+00	1.511586e+00	1.859481e+03	1.019528e+03
1.716213e+00	1.700174e+00	2.579928e+02	6.194415e+02
2.462479e+00	1.215046e+00	2.254073e+02	2.920571e+03
2.029975e+00	1.446190e+00	1.427841e+03	2.994499e+03
2.028446e+00	1.447803e+00	3.025081e+03	5.080794e+02
2.359863e+00	1.261584e+00	1.309625e+02	2.282905e+03
2.496353e+00	1.200463e+00	2.428239e+02	3.351870e+03
2.694438e+00	1.125027e+00	2.457289e+01	8.284848e+03
2.177521e+00	1.355226e+00	8.371760e+01	9.716521e+02
1.785524e+00	1.635981e+00	1.351289e+03	1.066292e+03
1.878843e+00	1.556384e+00	1.613623e+03	5.404006e+02
2.062739e+00	1.424782e+00	1.144317e+03	1.149202e+03
2.532153e+00	1.186105e+00	2.198554e+02	9.424473e+03
2.283580e+00	1.297952e+00	3.625123e+02	4.080901e+01
2.437857e+00	1.226198e+00	5.753876e+02	6.793756e+03
1.865576e+00	1.565715e+00	1.233589e+02	4.297588e+02
2.184843e+00	1.351457e+00	2.125666e+02	2.691275e+03
2.567310e+00	1.172276e+00	4.036632e+01	6.871106e+03
2.119390e+00	1.388902e+00	6.086068e+02	4.034672e+03
2.025478e+00	1.449724e+00	8.699419e+02	2.936771e+03
1.987552e+00	1.474760e+00	7.053329e+02	3.385412e+03
1.962318e+00	1.493325e+00	4.371433e+02	3.468058e+03
2.074673e+00	1.417064e+00	2.979697e+02	4.358818e+03
1.874264e+00	1.559233e+00	7.162547e+02	2.372364e+03
2.627022e+00	1.149650e+00	1.828604e+01	5.030089e+03
1.931978e+00	1.515308e+00	3.317793e+03	3.659132e+03
2.276691e+00	1.302822e+00	5.808350e+02	6.115131e+03
1.927487e+00	1.518960e+00	5.057536e+01	2.141367e+03
2.362444e+00	1.259890e+00	5.342495e+02	3.029643e+03
2.040437e+00	1.439419e+00	2.484649e+03	7.391544e+03
2.393046e+00	1.246192e+00	3.180847e+01	5.866161e+03
2.549809e+00	1.178099e+00	1.074821e+02	6.083637e+03
2.276845e+00	1.301552e+00	1.080506e+02	4.363518e+03
2.455813e+00	1.217553e+00	2.409916e+02	2.551061e+03
2.165080e+00	1.362555e+00	2.303756e+02	7.079242e+03
2.212236e+00	1.336643e+00	3.926937e+02	4.624512e+03
1.800088e+00	1.622590e+00	2.451914e+03	2.029292e+03
2.235512e+00	1.323901e+00	2.814322e+02	3.374316e+03
2.511835e+00	1.194784e+00	7.798833e+01	1.950119e+03
1.928669e+00	1.516712e+00	2.593986e+02	4.160693e+03
2.197267e+00	1.344395e+00	2.390627e+02	3.336413e+03
2.123133e+00	1.386952e+00	3.642718e+02	3.732175e+03
2.481620e+00	1.206369e+00	5.720379e+02	8.050283e+03
1.927794e+00	1.517880e+00	1.983976e+03	4.570907e+02
2.450316e+00	1.220171e+00	2.904872e+02	5.893160e+03
2.087509e+00	1.409021e+00	9.702208e+01	2.606559e+03
2.409350e+00	1.239000e+00	3.028666e+02	1.122443e+03
2.207785e+00	1.339005e+00	1.159159e+03	1.200814e+03
2.706891e+00	1.120670e+00	1.286911e+02	6.361608e+02
1.879654e+00	1.554543e+00	5.252843e+02	2.158147e+02
2.010412e+00	1.460021e+00	1.289503e+02	3.160637e+03
1.733168e+00	1.683251e+00	4.151436e+02	6.405399e+02
2.423408e+00	1.232703e+00	3.750183e+01	1.623623e+03
2.624806e+00	1.150781e+00	3.200792e+02	4.673105e+03
2.306280e+00	1.286576e+00	1.840757e+01	7.288833e+02
2.394011e+00	1.245777e+00	3.388886e+02	4.873681e+03
2.606251e+00	1.157459e+00	3.114934e+02	5.264120e+03
1.741584e+00	1.675201e+00	6.054613e+02	1.259732e+02
2.264962e+00	1.308689e+00	3.412221e+02	4.614178e+03
2.101922e+00	1.399629e+00	4.491402e+02	2.465605e+03
2.670379e+00	1.133564e+00	5.870026e+02	8.389572e+03
2.491906e+00	1.202866e+00	1.320073e+03	9.418921e+03
2.119663e+00	1.389726e+00	8.956825e+02	6.502639e+03
1.814307e+00	1.610085e+00	5.564140e+02	1.243736e+03
2.577449e+00	1.168273e+00	1.047185e+02	7.383809e+03
2.091769e+00	1.406539e+00	2.759385e+03	5.688299e+03
2.183409e+00	1.351594e+00	1.953810e+01	5.774437e+02
2.237992e+00	1.322418e+00	2.340792e+02	3.675668e+03
2.393053e+00	1.245506e+00	1.061428e+02	1.043261e+03
2.516895e+00	1.192379e+00	9.775517e+01	1.167684e+03
2.631743e+00	1.147650e+00	2.385012e+01	8.629889e+03
1.846047e+00	1.584252e+00	4.197452e+03	8.987964e+02
2.397221e+00	1.243893e+00	3.321698e+02	9.099143e+03
1.739086e+00	1.677779e+00	9.157556e+02	1.751330e+03
1.923912e+00	1.521119e+00	1.534749e+03	3.953476e+03
1.807732e+00	1.615550e+00	1.333223e+03	9.205874e+02
2.669788e+00	1.132932e+00	3.176792e+00	7.579653e+03
1.890206e+00	1.547121e+00	4.177467e+02	9.878229e+02
2.417021e+00	1.234815e+00	3.912885e+01	7.471110e+03
2.218680e+00	1.333088e+00	8.601577e+02	3.530897e+03
1.998997e+00	1.468546e+00	1.413265e+03	6.678705e+03
1.862032e+00	1.569059e+00	2.081965e+02	2.164210e+02
2.592843e+00	1.162504e+00	2.456198e+02	3.661936e+03
1.868643e+00	1.564106e+00	2.724624e+02	2.904135e+03
2.175917e+00	1.355383e+00	1.319451e+02	1.841294e+03
1.743624e+00	1.673587e+00	5.157089e+02	7.870962e+02
2.551764e+00	1.178119e+00	5.135080e+01	4.049899e+03
2.131950e+00	1.381234e+00	9.382078e+01	6.294176e+03
2.564666e+00	1.173397e+00	4.819785e+02	3.872535e+03
2.483183e+00	1.205552e+00	4.476917e+02	1.777056e+02
2.011421e+00	1.458134e+00	2.109924e+02	6.178379e+03
2.110332e+00	1.395862e+00	3.019788e+02	6.699775e+03
1.982519e+00	1.478823e+00	3.228222e+03	2.565746e+03
2.442168e+00	1.223278e+00	1.834207e+01	2.217345e+02
1.752539e+00	1.664166e+00	2.514333e+03	4.157586e+01
2.505159e+00	1.197477e+00	4.962442e+02	7.091294e+03
2.509177e+00	1.195430e+00	6.631902e+02	2.008904e+03
2.411671e+00	1.237944e+00	1.035162e+02	2.091900e+03
2.191353e+00	1.348238e+00	8.317886e+01	7.460787e+03
2.447648e+00	1.221643e+00	6.721314e+02	1.441536e+03
1.884169e+00	1.553267e+00	1.236563e+03	5.839726e+02
1.884791e+00	1.551076e+00	2.099226e+02	7.462782e+02
1.830567e+00	1.595596e+00	8.596493e+02	6.022595e+03
2.231806e+00	1.325395e+00	4.033430e+01	5.965158e+02
2.633628e+00	1.146893e+00	5.122207e+02	4.064901e+03
2.279495e+00	1.301217e+00	4.146968e+01	6.293599e+03
1.945199e+00	1.505677e+00	1.416653e+02	7.018153e+03
1.987443e+00	1.476459e+00	2.570391e+03	2.684485e+02
2.048332e+00	1.434508e+00	7.409895e+01	9.671368e+02
2.434249e+00	1.227369e+00	3.635763e+02	5.086171e+03
2.418382e+00	1.234223e+00	3.947884e+01	8.436007e+02
1.821881e+00	1.603229e+00	2.508949e+03	6.602426e+03
2.240194e+00	1.320722e+00	1.376157e+03	5.150197e+03
2.124878e+00	1.386713e+00	9.870009e+01	3.497394e+03
2.221327e+00	1.331326e+00	8.968909e+02	2.027171e+03
2.392723e+00	1.246119e+00	1.532680e+02	4.380700e+03
2.315848e+00	1.282306e+00	1.269491e+02	1.347003e+03
1.734305e+00	1.683560e+00	2.698754e+03	3.559109e+02
2.399437e+00	1.242746e+00	1.727330e+02	4.523316e+03
2.099703e+00	1.401887e+00	1.771100e+03	2.611521e+02
1.818105e+00	1.605503e+00	3.728398e+02	7.180441e+02
1.895669e+00	1.541899e+00	4.645546e+02	4.408068e+02
2.467681e+00	1.212480e+00	1.608386e+02	2.588095e+03
2.672085e+00	1.132115e+00	1.415950e+02	7.779217e+03
1.735257e+00	1.680958e+00	3.275140e+02	9.105801e+02
2.066224e+00	1.421861e+00	3.532558e+02	3.798391e+01
2.064535e+00	1.422045e+00	7.559078e+01	1.168097e+03
2.029722e+00	1.446025e+00	9.987078e+02	1.953721e+03
2.523258e+00	1.190167e+00	2.496198e+02	8.997079e+03
1.724569e+00	1.691295e+00	2.529666e+02	3.703068e+02
1.735061e+00	1.680851e+00	1.443169e+03	2.150104e+02
2.608534e+00	1.155546e+00	1.245122e+01	7.816697e+02
1.805204e+00	1.617397e+00	1.744071e+03	2.130756e+02
1.721306e+00	1.694385e+00	2.609665e+02	3.292400e+02
2.364816e+00	1.259269e+00	3.935285e+02	5.548320e+03
1.912678e+00	1.529871e+00	9.631795e+02	2.441600e+02
2.326324e+00	1.277462e+00	8.460107e+01	2.165395e+03
2.524687e+00	1.189267e+00	3.072324e+02	5.870733e+03
2.624563e+00	1.150397e+00	1.322354e+02	5.861164e+03
1.861925e+00	1.570536e+00	1.100925e+02	1.358976e+03
1.836439e+00	1.590645e+00	2.826794e+03	1.047652e+02
2.008776e+00	1.458913e+00	9.705732e+01	5.044462e+02
2.149695e+00	1.371214e+00	1.189946e+02	1.241598e+03
2.334995e+00	1.273511e+00	7.235566e+02	1.631770e+03
1.908044e+00	1.532312e+00	9.845187e+02	1.224933e+02
2.033086e+00	1.443750e+00	9.107624e+02	1.262600e+02
2.563402e+00	1.173759e+00	2.120507e+02	6.473139e+03
1.996146e+00	1.468966e+00	8.754148e+01	4.095150e+03
2.525951e+00	1.188494e+00	8.661678e+01	2.053058e+03
2.224680e+00	1.329852e+00	3.639219e+02	5.314493e+03
2.451878e+00	1.219733e+00	2.299000e+00	3.610301e+03
2.411993e+00	1.236734e+00	1.504148e+02	9.497604e+03
2.323374e+00	1.279383e+00	6.168998e+01	1.691619e+03
2.272820e+00	1.303916e+00	4.355690e+02	3.636225e+03
2.291814e+00	1.294954e+00	1.653541e+02	4.082075e+03
2.111317e+00	1.394088e+00	2.660149e+02	6.932456e+02
2.097445e+00	1.402956e+00	5.433970e+02	3.090113e+03
2.533514e+00	1.185562e+00	4.029665e+02	3.676835e+03
2.639460e+00	1.144853e+00	3.169783e+02	4.422399e+03
1.893871e+00	1.544664e+00	4.438615e+02	3.215125e+02
1.991360e+00	1.472607e+00	3.016355e+01	8.081120e+03
2.065529e+00	1.422347e+00	8.854663e+02	1.621242e+03
1.805209e+00	1.616940e+00	8.693542e+01	9.622201e+02
1.867221e+00	1.563731e+00	2.138158e+02	1.562822e+03
1.906417e+00	1.534001e+00	2.033702e+02	2.256567e+03
1.957594e+00	1.495901e+00	3.618742e+02	2.133243e+03
2.603238e+00	1.159481e+00	7.910713e+02	1.015974e+03
1.809699e+00	1.613012e+00	2.859170e+02	3.666677e+02
2.103239e+00	1.398831e+00	4.687847e+02	2.295714e+02
2.440520e+00	1.225234e+00	7.152246e+02	5.272664e+03
1.975686e+00	1.483179e+00	1.384455e+02	1.060110e+03
2.168462e+00	1.360846e+00	1.106358e+03	2.289242e+03
2.241660e+00	1.320173e+00	1.252628e+02	6.012674e+02
2.539732e+00	1.183291e+00	3.231335e+02	4.829562e+03
1.988843e+00	1.473625e+00	2.962140e+02	3.726490e+03
1.837766e+00	1.591309e+00	4.298190e+03	1.032913e+03
1.850429e+00	1.579516e+00	7.544048e+02	3.002977e+03
2.636555e+00	1.144895e+00	2.349108e+02	5.732771e+03
2.087542e+00	1.409164e+00	1.246119e+03	1.706081e+03
2.444206e+00	1.222510e+00	1.314282e+02	1.232127e+03
1.938636e+00	1.510143e+00	1.220060e+03	1.765394e+03
2.465462e+00	1.213373e+00	9.357759e+02	2.053374e+03
2.598398e+00	1.160155e+00	8.208307e+01	9.418944e+03
2.518449e+00	1.191645e+00	2.443750e+01	2.353260e+03
2.638071e+00	1.145667e+00	6.693813e+02	2.039026e+03
1.764183e+00	1.654308e+00	3.882984e+03	5.848062e+02
1.716391e+00	1.699336e+00	1.511519e+02	3.477042e+02
2.093521e+00	1.405151e+00	2.737063e+02	4.396048e+03
2.138724e+00	1.377620e+00	2.321754e+02	3.940713e+02
2.161470e+00	1.364114e+00	2.189050e+02	1.496746e+01
2.641745e+00	1.143151e+00	1.545162e+02	5.698102e+03
1.842027e+00	1.586038e+00	1.371263e+02	1.470466e+03
1.887710e+00	1.549217e+00	5.856245e+02	2.156790e+03
2.095392e+00	1.404172e+00	3.096146e+03	4.596357e+03
2.262513e+00	1.308994e+00	4.064725e+02	5.778652e+03
1.928939e+00	1.517676e+00	2.028235e+03	2.506411e+03
2.376886e+00	1.253475e+00	7.152627e+02	1.875381e+03
1.976134e+00	1.483246e+00	8.303089e+02	2.684448e+03
2.490554e+00	1.203176e+00	1.033265e+02	2.545950e+03
2.244615e+00	1.318439e+00	8.283444e+01	5.377886e+02
2.343391e+00	1.269589e+00	6.077086e+02	3.642437e+03
1.907198e+00	1.534082e+00	6.650206e+02	4.015742e+03
2.693645e+00	1.125254e+00	2.322428e+01	6.929926e+03
2.100801e+00	1.401058e+00	1.600652e+03	9.622143e+02
2.922017e+00	1.051675e+00	3.886487e+02	2.523268e+03
2.948026e+00	1.044485e+00	2.447031e+02	4.726109e+03
1.825905e+00	1.599440e+00	1.933908e+03	7.281288e+03
2.511887e+00	1.194666e+00	9.175196e+02	2.849817e+03
2.525569e+00	1.189148e+00	1.425698e+03	6.848833e+03
2.151681e+00	1.370300e+00	1.216648e+03	2.279670e+03
1.971904e+00	1.486114e+00	3.554948e+02	4.005274e+03
2.525721e+00	1.189002e+00	1.819427e+02	7.306386e+03
2.204017e+00	1.341534e+00	1.052998e+03	2.731276e+03
2.198356e+00	1.345189e+00	5.434672e+02	1.096177e+02
2.017181e+00	1.454662e+00	4.175516e+01	6.233212e+03
2.271037e+00	1.304555e+00	2.870361e+02	2.160897e+03
2.614891e+00	1.153177e+00	1.643076e+02	1.022675e+03
1.967690e+00	1.487771e+00	3.668653e+02	7.097524e+01
1.899042e+00	1.539633e+00	5.848223e+02	2.543572e+03
1.962570e+00	1.491795e+00	2.605122e+02	8.380496e+02
2.247408e+00	1.317783e+00	7.287802e+02	2.757160e+03
2.636728e+00	1.146039e+00	3.851849e+01	7.911958e+03
1.954064e+00	1.498445e+00	2.408151e+02	9.359057e+02
1.754592e+00	1.662423e+00	2.597060e+02	6.950871e+02
1.842347e+00	1.585100e+00	1.728822e+03	1.801500e+02
2.567258e+00	1.171718e+00	2.542543e+01	1.020340e+03
2.533060e+00	1.184900e+00	8.245834e+01	7.959479e+02
1.834071e+00	1.592388e+00	1.061269e+03	1.974270e+02
1.990068e+00	1.473125e+00	6.517890e+02	1.642563e+03
2.011910e+00	1.457972e+00	5.498861e+02	2.242634e+03
2.074160e+00	1.416907e+00	4.315929e+02	6.062479e+02
2.259208e+00	1.310666e+00	2.012830e+02	1.446135e+03
2.412287e+00	1.236514e+00	2.141079e+02	1.652335e+01
1.879176e+00	1.555765e+00	1.896621e+03	1.779414e+03
1.843023e+00	1.585235e+00	4.196275e+02	3.046370e+03
2.568445e+00	1.171507e+00	1.649028e+02	6.728653e+03
2.703127e+00	1.121129e+00	1.366713e+02	7.979707e+03
2.003901e+00	1.464248e+00	2.689552e+03	2.152600e+03
2.350491e+00	1.265759e+00	8.118875e+01	5.588337e+03
2.040437e+00	1.440028e+00	7.846211e+02	3.647115e+03
1.898266e+00	1.540326e+00	1.017445e+03	2.134813e+03
2.173016e+00	1.358037e+00	1.576834e+02	1.246979e+03
2.406998e+00	1.239888e+00	2.185057e+01	1.657047e+03
2.436424e+00	1.225712e+00	2.782303e+01	9.246480e+03
2.494995e+00	1.201853e+00	1.984129e+02	2.555021e+03
2.492866e+00	1.202976e+00	7.437370e+01	6.719456e+03
2.288774e+00	1.296020e+00	1.162134e+02	4.124363e+03
2.451179e+00	1.220192e+00	2.894792e+02	7.867673e+03
2.004785e+00	1.462383e+00	8.323811e+02	1.831020e+03
2.160026e+00	1.365975e+00	1.028720e+03	6.209861e+03
2.287955e+00	1.297161e+00	9.106190e+02	8.025027e+03
2.312466e+00	1.284018e+00	1.961398e+02	5.799857e+03
2.459257e+00	1.217400e+00	2.240017e+02	8.136278e+03
2.082400e+00	1.412076e+00	2.746734e+02	3.039727e+03
1.740991e+00	1.675859e+00	5.805395e+02	6.006970e+02
2.446668e+00	1.221563e+00	3.425275e+02	4.271734e+03
2.571414e+00	1.170616e+00	2.646478e+02	4.060507e+03
2.361457e+00	1.260052e+00	7.987978e+02	2.579280e+02
1.853246e+00	1.576920e+00	6.854406e+02	3.759079e+02
2.038117e+00	1.440062e+00	7.647135e+02	2.533410e+03
1.724761e+00	1.691886e+00	3.061889e+03	9.371903e+02
2.573124e+00	1.168848e+00	9.052456e+01	6.205988e+03
2.244169e+00	1.319578e+00	5.070719e+01	4.919439e+03
1.804155e+00	1.617524e+00	8.542874e+02	2.161849e+03
2.551266e+00	1.178807e+00	7.752615e+01	7.792832e+03
2.500860e+00	1.199292e+00	3.378952e+02	6.360124e+03
1.740037e+00	1.676732e+00	1.538318e+03	2.329300e+03
2.546943e+00	1.180326e+00	1.697784e+02	7.833833e+03
2.483835e+00	1.205761e+00	2.268585e+02	1.476431e+03
2.440613e+00	1.224139e+00	1.511701e+02	1.405754e+03
2.185079e+00	1.350602e+00	5.293979e+01	8.917658e+02
2.492921e+00	1.201578e+00	3.497801e+02	1.410317e+03
2.018365e+00	1.453340e+00	7.713729e+02	2.706126e+03
2.247346e+00	1.317186e+00	1.961469e+01	6.032423e+03
2.174249e+00	1.357375e+00	9.054496e+02	1.970315e+03
1.926235e+00	1.519119e+00	1.647877e+03	1.230247e+02
2.153055e+00	1.370419e+00	9.282773e+02	3.805756e+03
1.871200e+00	1.562480e+00	5.678391e+02	1.359708e+03
2.419514e+00	1.233246e+00	2.227344e+02	6.312981e+01
1.759131e+00	1.658836e+00	3.564850e+02	8.375624e+02
2.114292e+00	1.392948e+00	9.208154e+02	6.364990e+03
2.678526e+00	1.129729e+00	1.565113e+02	8.511097e+03
2.574091e+00	1.169703e+00	1.749050e+02	7.205735e+03
2.028590e+00	1.447439e+00	8.304149e+02	2.975901e+03
2.581405e+00	1.165950e+00	6.123748e+01	4.680261e+01
2.006185e+00	1.462226e+00	1.238409e+03	4.324394e+03
1.742214e+00	1.674462e+00	1.991152e+02	7.382957e+02
2.695261e+00	1.123800e+00	1.523472e+02	2.718857e+03
1.826642e+00	1.598159e+00	3.164527e+02	8.822306e+02
2.654942e+00	1.139175e+00	4.361083e+01	3.368929e+03
1.979474e+00	1.481156e+00	1.606926e+03	1.305717e+03
2.650945e+00	1.139727e+00	1.018660e+02	8.189294e+03
1.953758e+00	1.498737e+00	2.070543e+03	1.064259e+03
2.511497e+00	1.195086e+00	5.968099e+02	1.828444e+03
1.884511e+00	1.551977e+00	5.333597e+02	2.206753e+03
2.181662e+00	1.353213e+00	4.081685e+02	5.563578e+02
2.226795e+00	1.328736e+00	9.239679e+02	3.313697e+03
1.843986e+00	1.586340e+00	1.945469e+02	4.053359e+03
2.497332e+00	1.200193e+00	1.890855e+02	5.082585e+03
2.643844e+00	1.143137e+00	9.066115e+01	2.760357e+03
2.523629e+00	1.189936e+00	8.070780e+02	9.576319e+02
1.847492e+00	1.581724e+00	4.883294e+02	5.643406e+03
2.051163e+00	1.431921e+00	4.998576e+02	1.008783e+03
1.869363e+00	1.564545e+00	9.157769e+02	1.997920e+03
2.281918e+00	1.300456e+00	9.644655e+02	3.048565e+03
2.336765e+00	1.271823e+00	1.248530e+02	7.031646e+02
1.775188e+00	1.643869e+00	2.296110e+02	1.247942e+02
1.746016e+00	1.671706e+00	1.257369e+02	2.044570e+02
2.532026e+00	1.185877e+00	2.294167e+02	5.426126e+03
2.263926e+00	1.307984e+00	8.641575e+02	7.451379e+02
2.469222e+00	1.211626e+00	3.318624e+02	7.580656e+02
2.552025e+00	1.177273e+00	1.706857e+02	7.905083e+02
2.876966e+00	1.065884e+00	1.149870e+01	2.718107e+03
1.756182e+00	1.661457e+00	1.091984e+03	4.856705e+02
2.024907e+00	1.449864e+00	1.624937e+03	6.163500e+02
2.567779e+00	1.172067e+00	1.897071e+02	9.605344e+03
2.469989e+00	1.211384e+00	2.369715e+02	5.133849e+03
1.957925e+00	1.496619e+00	2.205846e+03	1.517006e+03
2.254017e+00	1.313530e+00	1.688073e+02	1.145162e+03
1.765119e+00	1.653261e+00	7.521364e+02	1.320748e+03
2.147138e+00	1.373841e+00	7.632818e+02	2.980663e+03
1.988747e+00	1.474177e+00	5.505399e+02	3.215851e+03
2.985712e+00	1.032390e+00	2.028069e+02	3.800260e+03
1.772694e+00	1.646828e+00	8.730626e+02	2.305419e+03
2.231577e+00	1.325774e+00	8.585644e+01	4.542557e+03
2.240826e+00	1.321412e+00	5.121682e+02	4.165203e+03
2.725022e+00	1.114337e+00	6.860777e+02	9.683802e+03
2.016861e+00	1.455224e+00	2.488981e+03	1.452797e+02
2.505152e+00	1.197884e+00	4.577053e+02	4.031239e+03
2.442057e+00	1.223139e+00	6.763609e+01	5.550212e+01
2.250635e+00	1.315261e+00	3.946734e+02	2.294129e+02
2.199242e+00	1.342633e+00	1.140314e+02	5.604952e+02
2.687500e+00	1.128066e+00	7.717916e+02	6.778500e+03
2.548194e+00	1.180128e+00	6.857293e+02	4.793866e+03
2.656185e+00	1.138689e+00	2.413186e+02	5.786251e+03
2.015991e+00	1.456545e+00	2.507932e+03	5.333960e+02
2.589815e+00	1.163632e+00	5.065668e+02	9.962523e+03
2.111192e+00	1.394283e+00	7.017090e+02	2.625733e+02
2.482023e+00	1.206573e+00	3.417426e+02	8.101278e+03
1.762397e+00	1.655251e+00	9.037029e+02	1.995439e+03
2.437995e+00	1.225532e+00	2.896045e+02	5.830284e+03
2.573092e+00	1.170228e+00	1.296034e+02	6.835928e+03
2.326030e+00	1.278604e+00	1.919232e+03	9.163372e+02
1.872834e+00	1.561072e+00	1.511342e+03	5.813897e+02
1.762566e+00	1.656847e+00	3.078103e+02	5.273393e+03
2.229709e+00	1.326789e+00	6.681259e+02	2.804418e+03
2.757402e+00	1.103230e+00	2.759130e+02	1.542825e+03
1.825822e+00	1.600440e+00	2.717029e+03	1.003632e+03
2.295718e+00	1.292995e+00	1.728583e+02	1.785897e+03
2.569586e+00	1.171451e+00	3.473553e+02	6.774764e+03
2.166563e+00	1.362314e+00	5.370633e+02	6.678138e+03
2.584043e+00	1.166052e+00	6.114496e+02	8.026142e+03
2.063959e+00	1.423805e+00	8.460908e+02	1.890413e+03
2.126298e+00	1.385516e+00	1.740321e+03	1.044030e+03
2.484612e+00	1.205903e+00	5.956802e+02	1.847618e+03
1.735451e+00	1.680694e+00	4.616172e+02	4.780319e+02
2.015975e+00	1.455713e+00	1.607452e+03	2.304142e+03
1.916754e+00	1.525486e+00	7.126036e+02	3.548029e+02
2.474083e+00	1.209524e+00	6.597156e+02	9.594770e+02
2.021148e+00	1.452410e+00	1.215757e+02	5.713333e+03
2.138865e+00	1.377352e+00	1.135414e+02	8.055946e+02
2.432968e+00	1.228857e+00	2.166502e+03	2.940494e+02
2.134014e+00	1.380502e+00	1.167469e+02	1.465813e+03
2.234259e+00	1.323816e+00	6.341195e+02	2.491244e+03
1.888079e+00	1.548397e+00	4.153652e+02	3.125409e+02
2.643387e+00	1.142972e+00	3.283029e+02	3.524802e+03
1.851036e+00	1.578610e+00	1.694679e+03	2.092353e+03
2.128721e+00	1.383907e+00	6.830638e+01	6.170405e+02
1.939046e+00	1.508705e+00	3.782097e+02	1.011141e+03
2.370585e+00	1.255896e+00	1.056072e+02	1.047445e+03
1.945760e+00	1.504986e+00	7.126908e+01	1.663729e+03
1.776579e+00	1.642703e+00	2.296359e+02	1.945079e+02
2.299065e+00	1.292036e+00	2.159637e+02	1.308569e+03
2.149614e+00	1.370959e+00	2.386601e+02	1.592373e+02
2.082845e+00	1.411364e+00	9.766942e+01	1.676459e+02
2.561118e+00	1.174196e+00	6.004448e+02	3.077539e+03
2.592666e+00	1.162680e+00	9.747349e+02	3.865235e+03
1.910055e+00	1.531001e+00	2.131533e+02	5.860885e+02
1.980302e+00	1.480325e+00	2.883590e+02	3.854333e+03
2.350000e+00	1.266139e+00	2.388014e+03	6.598157e+03
2.274288e+00	1.302954e+00	1.337266e+03	9.880688e+02
2.229044e+00	1.327245e+00	4.482516e+02	2.777468e+03
2.571023e+00	1.170998e+00	9.985525e+01	7.685665e+03
2.165279e+00	1.362552e+00	8.465152e+02	3.717617e+03
2.609797e+00	1.156102e+00	4.108222e+02	8.907361e+03
1.883649e+00	1.551123e+00	2.904361e+01	4.648597e+02
2.115808e+00	1.390872e+00	1.484716e+02	9.649524e+01
2.466974e+00	1.212629e+00	4.114397e+00	8.790134e+03
2.386262e+00	1.248873e+00	9.400700e+02	2.874114e+03
2.532350e+00	1.186258e+00	3.852723e+02	7.896942e+03
1.830068e+00	1.594217e+00	1.446076e+02	2.339958e+03
2.363817e+00	1.259408e+00	2.011681e+02	9.458793e+03
1.829602e+00	1.596605e+00	1.954482e+03	1.950204e+03
2.550318e+00	1.179000e+00	5.828814e+02	4.624302e+03
1.786297e+00	1.634956e+00	3.330769e+03	9.283846e+02
2.664836e+00	1.134887e+00	7.974157e+01	7.847995e+03
2.472542e+00	1.210780e+00	2.507376e+02	1.606561e+03
1.865461e+00	1.567268e+00	8.272568e+02	3.578555e+03
2.413075e+00	1.236323e+00	1.738878e+02	3.885452e+03
2.294865e+00	1.293152e+00	1.502370e+03	2.740400e+03
1.902148e+00	1.537432e+00	4.184925e+02	4.072562e+02
1.956595e+00	1.496615e+00	3.179048e+02	2.659530e+03
2.408827e+00	1.238739e+00	8.468645e+02	1.826245e+02
1.928862e+00	1.518243e+00	1.757387e+03	2.489016e+03
2.256765e+00	1.312237e+00	4.691135e+02	4.473247e+03
2.435638e+00	1.227127e+00	1.073833e+01	3.315856e+03
2.514062e+00	1.193532e+00	6.164564e+02	8.280983e+03
2.433515e+00	1.228000e+00	3.215495e+01	1.065133e+03
1.777997e+00	1.642162e+00	2.523076e+03	7.736898e+02
1.946885e+00	1.502673e+00	4.470386e+01	1.087026e+03
2.489310e+00	1.203407e+00	1.172237e+02	2.865374e+03
1.843412e+00	1.585180e+00	2.172421e+03	8.600787e+02
2.165063e+00	1.363534e+00	1.823504e+03	2.156525e+03
2.421236e+00	1.233062e+00	3.761955e+00	5.110979e+02
1.779508e+00	1.640408e+00	3.771403e+02	2.826216e+03
2.609381e+00	1.156187e+00	1.316877e+02	5.139472e+02
2.322369e+00	1.279460e+00	1.850827e+02	5.516678e+03
2.049094e+00	1.433213e+00	5.704256e+02	2.209572e+03
2.591961e+00	1.163575e+00	1.053692e+03	6.604362e+02
1.912556e+00	1.529846e+00	9.344247e+02	2.354096e+03
2.713926e+00	1.118331e+00	1.794867e+02	7.529371e+03
1.720408e+00	1.695214e+00	2.173070e+03	8.045897e+01
1.759485e+00	1.657895e+00	3.016041e+02	4.978852e+02
2.092590e+00	1.405954e+00	3.468608e+02	2.733254e+03
2.326688e+00	1.276873e+00	2.578163e+02	9.116239e+02
2.564170e+00	1.173751e+00	6.433524e+02	6.636557e+03
1.907977e+00	1.534717e+00	3.358564e+03	7.258353e+02
1.891215e+00	1.545498e+00	1.060031e+03	2.748792e+03
2.273246e+00	1.303680e+00	4.758048e+01	6.440862e+03
1.972945e+00	1.485938e+00	1.485822e+03	2.642878e+03
2.278821e+00	1.301120e+00	1.564021e+02	6.968157e+03
1.762131e+00	1.655930e+00	2.315648e+02	8.732114e+02
1.747927e+00	1.671278e+00	1.962789e+02	4.585291e+03
2.577307e+00	1.168783e+00	1.111105e+03	4.317166e+03
2.547470e+00	1.180203e+00	1.760511e+02	6.506794e+03
1.824759e+00	1.600139e+00	1.906587e+03	1.615210e+02
1.943691e+00	1.505322e+00	6.523792e+02	5.547987e+01
2.091200e+00	1.406181e+00	1.578328e+03	7.411857e+02
2.641358e+00	1.143662e+00	1.462184e+02	8.115796e+03
1.947396e+00	1.504349e+00	1.715891e+03	1.884942e+03
2.351280e+00	1.264396e+00	1.299504e+02	3.005945e+03
2.024947e+00	1.449101e+00	4.299756e+02	1.928342e+03
2.316596e+00	1.281534e+00	2.532342e+02	6.159617e+02
2.297595e+00	1.291743e+00	6.798606e+02	1.433401e+03
2.304978e+00	1.287890e+00	1.276464e+03	4.123817e+03
2.207721e+00	1.338460e+00	1.683043e+02	4.394427e+03
2.441836e+00	1.224499e+00	4.240858e+02	3.331628e+03
2.554441e+00	1.177488e+00	1.859098e+02	5.883162e+03
1.937118e+00	1.510005e+00	7.428247e+01	9.051674e+02
1.850989e+00	1.579108e+00	1.245288e+03	4.314166e+03
2.247378e+00	1.318375e+00	1.139731e+03	3.046957e+03
2.121519e+00	1.387664e+00	1.117759e+02	5.026599e+03
2.650395e+00	1.140852e+00	1.893705e+02	8.699562e+03
1.871200e+00	1.562480e+00	5.678391e+02	1.359708e+03
2.591008e+00	1.162630e+00	7.682681e+01	2.442710e+03
2.244647e+00	1.318129e+00	6.224561e+02	2.497548e+03
2.498000e+00	1.199661e+00	1.718536e+02	1.189068e+03
2.094548e+00	1.404949e+00	2.175217e+02	4.339723e+03
2.593855e+00	1.161973e+00	3.471053e+02	5.942561e+03
1.939505e+00	1.509960e+00	1.702948e+03	3.436475e+03
2.805775e+00	1.087112e+00	4.830789e+01	1.667050e+03
1.953500e+00	1.498928e+00	1.253527e+03	1.267389e+03
1.770500e+00	1.650841e+00	2.433117e+03	5.137162e+03
2.247913e+00	1.317251e+00	6.353849e+02	2.909232e+03
2.092049e+00	1.406337e+00	9.985059e+02	9.729630e+02
2.662899e+00	1.135457e+00	1.270743e+02	8.295632e+03
2.584108e+00	1.165501e+00	7.423164e+02	3.539883e+03
2.018726e+00	1.454330e+00	2.854938e+03	1.706525e+03
1.750560e+00	1.666493e+00	2.513590e+02	2.856645e+02
1.976955e+00	1.483081e+00	8.712653e+02	2.908104e+03
2.242075e+00	1.320485e+00	3.396333e+02	5.654167e+03
1.868234e+00	1.563853e+00	8.913907e+02	1.994439e+03
2.424505e+00	1.231464e+00	7.971194e+01	2.536931e+03
1.785688e+00	1.634811e+00	2.177434e+02	2.517201e+02
2.595444e+00	1.161611e+00	5.791211e+02	5.726492e+02
2.494343e+00	1.201711e+00	1.524869e+02	2.606126e+03
2.510126e+00	1.195911e+00	3.303517e+02	7.614423e+03
1.814123e+00	1.609635e+00	8.434026e+02	4.135566e+03
1.949640e+00	1.502099e+00	3.393641e+02	3.945229e+03
1.931602e+00	1.516044e+00	3.512731e+03	1.783923e+03
2.216216e+00	1.333259e+00	1.399253e+01	4.088728e+03
2.184093e+00	1.352674e+00	1.709209e+03	4.183933e+03
1.933676e+00	1.513949e+00	3.173734e+03	7.499226e+03
2.735530e+00	1.110814e+00	2.496124e+02	4.583330e+03
2.128870e+00	1.383938e+00	1.362028e+02	4.028525e+03
1.890456e+00	1.546941e+00	1.197834e+03	3.533993e+03
1.803066e+00	1.618910e+00	1.616629e+02	5.091790e+02
2.291832e+00	1.294958e+00	7.835506e+02	2.060736e+03
1.866817e+00	1.565957e+00	1.684740e+03	2.818067e+02
1.958782e+00	1.495922e+00	2.449517e+02	4.572069e+03
1.860891e+00	1.570213e+00	8.421566e+02	1.198634e+03
2.700265e+00	1.123073e+00	3.408039e+02	5.103305e+03
2.701899e+00	1.121572e+00	1.336164e+01	7.989086e+03
2.606035e+00	1.157580e+00	8.926627e+01	6.933617e+03
2.603572e+00	1.158444e+00	7.967076e+02	1.271519e+03
1.910982e+00	1.531507e+00	3.718980e+01	1.647058e+03
1.896213e+00	1.541888e+00	6.272081e+02	1.180945e+03
2.065456e+00	1.423821e+00	4.762532e+02	2.387243e+03
2.319773e+00	1.279739e+00	5.049797e+02	7.971408e+02
1.782650e+00	1.638531e+00	2.005763e+03	3.286712e+03
2.333868e+00	1.272830e+00	4.905691e+02	7.059283e+02
1.744031e+00	1.673150e+00	2.686826e+02	6.355669e+02
2.299014e+00	1.291099e+00	1.068444e+03	1.516715e+03
2.433694e+00	1.228245e+00	1.815131e+02	1.903772e+03
2.636879e+00	1.145800e+00	2.601736e+02	5.103606e+03
1.948920e+00	1.501796e+00	1.468636e+03	4.888944e+02
1.709540e+00	1.706624e+00	1.905820e+03	2.889472e+03
1.917603e+00	1.525025e+00	1.329987e+02	3.713612e+02
2.015629e+00	1.456331e+00	1.700340e+03	1.910467e+03
1.947787e+00	1.503679e+00	1.431770e+03	1.710899e+03
2.052381e+00	1.431172e+00	2.918893e+02	1.098204e+03
1.813829e+00	1.609448e+00	3.434777e+02	2.905839e+02
2.053703e+00	1.430256e+00	1.029340e+03	2.964461e+02
2.578486e+00	1.167800e+00	6.997718e+01	9.619902e+03
2.067710e+00	1.422019e+00	1.945885e+03	3.387708e+02
2.583568e+00	1.165947e+00	8.240640e+02	5.934184e+03
2.519410e+00	1.192097e+00	1.899265e+03	5.275230e+03
2.301934e+00	1.289432e+00	8.874333e+02	2.606162e+03
2.447573e+00	1.220157e+00	6.751171e+01	5.823216e+03
2.465460e+00	1.213135e+00	3.912319e+02	7.963405e+03
2.600484e+00	1.159834e+00	2.133089e+02	6.008997e+03
2.427491e+00	1.230936e+00	7.037854e+01	2.329067e+03
1.993668e+00	1.470616e+00	5.298815e+02	3.219417e+01
2.157567e+00	1.367253e+00	5.099044e+01	5.395310e+03
2.544101e+00	1.181163e+00	3.092420e+02	6.355465e+03
2.341206e+00	1.269684e+00	9.803296e+00	7.873091e+02
2.436632e+00	1.227186e+00	1.937242e+02	8.161670e+03
2.298640e+00	1.291830e+00	9.688751e+02	5.137154e+03
1.842805e+00	1.585347e+00	1.677345e+02	1.245737e+03
1.772927e+00	1.646415e+00	3.620859e+02	2.849007e+03
1.909355e+00	1.533094e+00	2.323652e+03	8.530499e+03
2.132122e+00	1.382206e+00	8.212927e+02	5.810399e+03
2.502365e+00	1.199289e+00	9.118707e+02	2.306210e+03
2.298942e+00	1.291244e+00	8.562000e+01	1.706990e+03
2.523095e+00	1.190147e+00	4.721402e+02	4.207191e+03
1.882668e+00	1.552428e+00	7.701162e+02	2.100207e+03
2.743378e+00	1.108036e+00	1.430042e+01	8.479708e+03
2.531403e+00	1.186585e+00	2.230570e+02	2.965695e+03
2.222169e+00	1.330441e+00	5.027860e+02	1.458378e+03
2.018174e+00	1.454115e+00	8.768455e+02	2.650557e+03
1.947333e+00	1.503603e+00	1.002336e+03	8.406833e+02
2.017487e+00	1.454431e+00	5.536232e+02	2.180998e+03
2.661610e+00	1.137020e+00	1.656724e+03	6.045133e+03
2.179608e+00	1.355102e+00	1.006582e+02	5.992595e+03
2.469195e+00	1.211646e+00	5.786780e+01	8.606365e+03
2.092588e+00	1.405250e+00	3.656351e+02	4.299345e+02
1.743024e+00	1.674331e+00	1.231672e+03	1.487724e+03
1.862542e+00	1.568126e+00	1.137652e+02	5.432056e+02
2.285524e+00	1.297329e+00	1.368086e+02	3.379664e+02
2.521686e+00	1.190034e+00	8.846911e+01	5.256724e+00
2.010110e+00	1.460051e+00	1.881136e+02	4.762762e+03
2.630823e+00	1.148328e+00	7.482069e+02	4.736705e+03
2.055817e+00	1.429559e+00	1.404066e+03	4.975580e+01
2.308453e+00	1.285960e+00	2.500429e+02	2.442388e+03
2.137899e+00	1.379127e+00	9.672271e+02	3.053288e+03
2.018279e+00	1.453554e+00	3.514430e+02	8.004512e+02
1.937642e+00	1.509335e+00	1.182581e+03	7.292803e+02
2.167366e+00	1.361217e+00	1.457797e+02	3.633142e+02
1.977683e+00	1.482474e+00	3.226708e+03	1.988572e+03
2.466557e+00	1.212639e+00	2.642949e+01	3.049328e+03
2.490164e+00	1.203458e+00	1.355634e+02	3.784295e+03
1.920062e+00	1.525443e+00	3.000687e+03	8.939861e+02
2.290970e+00	1.294673e+00	5.109444e+02	3.354933e+03
2.648766e+00	1.140534e+00	3.868292e+02	6.859001e+03
1.993079e+00	1.472133e+00	1.553249e+03	8.060853e+03
2.545069e+00	1.181233e+00	1.047427e+02	8.004735e+03
1.946597e+00	1.503727e+00	2.335616e+02	3.703605e+02
1.859039e+00	1.571747e+00	4.620423e+02	4.925548e+02
1.949202e+00	1.503954e+00	1.438976e+03	2.724915e+03
2.162817e+00	1.363921e+00	7.017031e+01	6.207670e+03
2.327284e+00	1.276213e+00	1.019410e+03	1.296038e+03
2.212140e+00	1.335995e+00	7.812332e+01	1.282483e+03
1.915760e+00	1.527591e+00	1.137597e+03	9.030445e+01
2.518902e+00	1.191612e+00	1.160744e+02	2.784441e+03
2.223430e+00	1.330180e+00	5.361976e+02	3.043942e+03
2.600529e+00	1.159852e+00	6.627193e+02	4.713700e+03
1.784065e+00	1.636926e+00	2.865311e+03	5.748763e+02
2.760608e+00	1.102098e+00	4.071165e+01	2.228820e+03
1.968266e+00	1.489058e+00	1.388617e+03	1.496346e+03
2.273131e+00	1.303712e+00	6.688104e+02	4.865958e+03
1.852420e+00	1.576849e+00	2.812119e+02	2.948801e+03
2.293738e+00	1.293464e+00	1.484136e+02	3.695446e+03
1.956012e+00	1.497512e+00	1.010101e+03	2.877582e+03
2.298897e+00	1.291490e+00	4.164590e+02	1.211827e+03
1.875732e+00	1.559684e+00	1.101742e+03	8.288838e+02
1.819884e+00	1.604978e+00	7.936377e+02	4.512244e+02
1.831676e+00	1.593790e+00	6.164605e+02	2.685400e+02
1.937815e+00	1.510503e+00	1.025761e+03	9.659581e+02
1.720392e+00	1.695999e+00	3.063366e+03	7.218660e+02
2.101359e+00	1.400233e+00	2.497238e+02	4.397896e+03
1.893428e+00	1.544621e+00	2.877488e+02	2.951825e+02
1.938488e+00	1.509075e+00	3.004829e+02	1.845182e+01
1.981385e+00	1.479761e+00	3.010864e+03	1.259042e+02
2.564890e+00	1.173117e+00	2.616171e+02	5.056424e+03
2.283874e+00	1.298384e+00	4.219077e+02	3.345457e+03
2.115313e+00	1.392424e+00	1.558214e+03	2.531761e+02
2.629318e+00	1.148740e+00	4.626385e+02	4.066024e+03
2.106820e+00	1.397529e+00	6.727160e+02	1.817994e+03
2.567368e+00	1.171488e+00	5.138998e+01	8.774081e+01
1.896331e+00	1.542192e+00	3.221640e+02	3.561804e+02
1.909142e+00	1.532057e+00	3.169842e-01	7.701890e+02
2.138414e+00	1.377601e+00	1.679597e+02	3.467250e+02
2.379245e+00	1.251823e+00	6.940049e+01	4.309227e+03
1.872592e+00	1.560523e+00	1.639532e+02	4.883186e+01
1.824471e+00	1.601699e+00	9.881790e+02	9.682511e+03
2.217413e+00	1.333797e+00	1.468893e+02	4.497333e+03
1.745535e+00	1.670758e+00	2.566046e+03	8.445147e+01
2.384881e+00	1.249046e+00	1.836722e+00	7.522222e+02
2.631750e+00	1.146951e+00	1.366200e+02	6.874429e+03
2.115227e+00	1.392375e+00	1.707642e+03	5.516911e+02
2.367895e+00	1.257174e+00	4.551389e+02	4.651342e+03
2.408709e+00	1.238345e+00	1.036683e+03	6.840049e+03
2.221181e+00	1.331043e+00	1.479869e+02	1.351458e+03
1.917749e+00	1.525711e+00	1.485234e+02	2.749109e+03
1.759717e+00	1.657873e+00	9.254751e+01	7.997494e+02
1.712152e+00	1.703637e+00	1.987381e+02	3.555426e+02
2.511094e+00	1.194103e+00	1.098309e+02	2.508833e+03
2.148401e+00	1.372260e+00	4.749392e+02	4.905961e+03
2.379505e+00	1.251800e+00	1.912621e+02	4.391675e+03
1.805931e+00	1.618188e+00	3.434586e+03	1.319152e+03
2.262853e+00	1.309325e+00	8.669116e+02	3.341681e+03
1.925332e+00	1.519837e+00	4.051855e+02	3.428099e+02
2.258274e+00	1.312232e+00	3.129757e+02	4.977673e+03
2.656173e+00	1.138902e+00	4.310114e+02	4.789998e+03
2.600229e+00	1.160067e+00	8.232244e+02	4.765847e+03
2.623138e+00	1.150800e+00	2.576386e+02	4.416902e+03
2.298328e+00	1.291169e+00	1.657639e+02	3.865167e+03
2.049966e+00	1.431325e+00	2.125253e+02	4.343963e+01
2.127246e+00	1.384911e+00	8.640451e+02	3.900618e+03
1.714558e+00	1.702272e+00	2.996155e+03	3.284503e+02
1.828392e+00	1.597418e+00	2.261095e+03	7.073407e+02
2.459346e+00	1.216745e+00	5.233471e+00	2.064284e+03
1.906642e+00	1.533039e+00	1.887376e+02	4.094995e+02
1.814027e+00	1.609989e+00	9.582489e+02	3.851445e+03
2.434677e+00	1.227498e+00	2.426539e+02	1.130311e+03
1.787974e+00	1.633449e+00	6.705241e+00	2.375192e+03
1.724471e+00	1.692037e+00	1.048401e+03	1.508151e+03
1.861263e+00	1.570037e+00	1.897946e+02	2.575943e+03
2.504203e+00	1.197055e+00	1.324035e+02	1.399907e+03
2.560909e+00	1.174639e+00	4.458083e+02	6.643805e+03
2.037438e+00	1.442002e+00	4.214793e+02	2.451738e+03
1.785118e+00	1.635059e+00	2.702383e+02	2.953599e+03
2.027597e+00	1.446685e+00	1.123961e+03	2.370941e+02
2.360784e+00	1.260149e+00	5.321204e+01	2.572137e+02
1.979509e+00	1.480240e+00	2.813752e+02	3.765406e+03
1.911094e+00	1.530545e+00	2.597532e+02	1.974218e+03
2.523944e+00	1.189502e+00	2.515010e+02	5.619475e+03
2.572204e+00	1.170509e+00	1.308295e+02	6.395628e+03
1.932155e+00	1.513974e+00	1.446280e+03	2.765096e+02
2.180418e+00	1.354898e+00	3.424335e+03	4.783542e+03
1.787151e+00	1.632847e+00	1.037819e+03	1.403888e+02
2.143199e+00	1.374743e+00	3.418882e+02	1.399673e+02
2.177142e+00	1.355963e+00	9.318700e+02	2.666715e+03
1.976828e+00	1.481548e+00	3.097520e+02	8.866744e+02
1.995676e+00	1.470102e+00	1.614057e+03	5.178427e+03
1.828328e+00	1.597531e+00	9.062048e+02	1.440095e+03
2.333392e+00	1.275060e+00	1.331025e+03	4.730342e+03
1.926962e+00	1.519265e+00	2.821531e+02	4.644715e+03
2.651477e+00	1.140777e+00	4.049159e+02	4.908921e+03
2.168938e+00	1.359854e+00	1.777886e+02	6.334998e+01
2.592164e+00	1.161653e+00	4.310431e+02	6.057256e+03
2.483062e+00	1.206708e+00	9.104839e+02	8.698938e+03
2.444354e+00	1.222410e+00	3.050355e+02	1.846256e+02
1.785569e+00	1.634934e+00	1.891627e+02	9.276501e+02
1.989896e+00	1.472899e+00	1.978922e+02	5.347267e+03
2.186175e+00	1.350505e+00	2.793983e+02	2.004055e+03
2.149595e+00	1.371438e+00	9.431169e+01	4.602371e+03
2.070420e+00	1.420691e+00	4.679214e+03	2.083672e+03
1.888125e+00	1.549423e+00	2.782801e+03	1.674522e+03
1.997415e+00	1.468122e+00	2.926138e+02	7.876365e+03
2.594389e+00	1.161881e+00	2.843539e+02	6.207864e+03
2.616215e+00	1.153432e+00	3.231501e+02	6.069188e+03
2.307626e+00	1.285660e+00	1.379106e+02	1.233964e+02
2.181782e+00	1.352724e+00	1.880853e+02	1.828280e+02
2.388392e+00	1.247926e+00	3.358842e+02	2.785276e+03
2.635426e+00	1.146311e+00	1.013684e+02	3.294855e+03
1.856606e+00	1.573353e+00	2.767623e+02	7.725205e+01
2.194991e+00	1.345565e+00	2.394033e+02	6.475323e+02
1.962316e+00	1.493259e+00	3.130173e+03	3.183537e+03
1.911994e+00	1.529787e+00	2.403173e+02	2.760642e+03
1.874622e+00	1.559412e+00	5.620156e+02	4.996048e+02
2.041381e+00	1.439134e+00	6.395299e+02	1.807702e+03
2.150605e+00	1.371101e+00	1.928619e+02	4.644728e+03
1.914205e+00	1.528716e+00	8.562982e+02	4.423009e+02
1.977346e+00	1.482172e+00	4.114314e+02	4.310330e+03
2.491689e+00	1.201708e+00	1.609128e+02	7.890639e+03
2.376093e+00	1.253763e+00	5.610016e+01	1.339370e+03
1.742051e+00	1.674647e+00	1.848700e+02	1.082003e+02
1.956351e+00	1.496695e+00	2.460421e+02	6.163034e+03
1.962737e+00	1.493119e+00	2.492310e+01	5.045085e+03
2.036047e+00	1.441977e+00	7.384492e+02	2.549941e+03
2.128590e+00	1.383819e+00	3.635725e+02	5.115714e+03
2.013915e+00	1.455877e+00	9.665312e+01	5.123867e+02
2.307718e+00	1.286515e+00	7.927361e+01	9.530227e+01
2.479168e+00	1.207983e+00	2.849301e+02	2.415901e+03
2.118430e+00	1.389649e+00	4.795510e+02	1.623750e+03
2.053205e+00	1.431405e+00	2.293847e+03	1.203283e+03
2.870372e+00	1.067757e+00	6.575662e+01	8.468038e+02
2.160573e+00	1.365346e+00	6.205494e+01	4.814976e+03
2.622507e+00	1.150722e+00	1.389583e+02	5.494286e+03
1.947240e+00	1.504403e+00	4.863833e+02	3.281028e+03
2.622602e+00	1.150233e+00	7.001976e+01	6.654445e+03
1.722297e+00	1.692837e+00	1.416401e+02	1.254703e+02
2.499051e+00	1.199746e+00	3.165723e+02	8.149082e+03
1.956174e+00	1.497458e+00	1.001202e+03	1.143513e+03
2.375422e+00	1.253643e+00	3.572761e+01	1.628884e+03
2.122886e+00	1.387278e+00	1.985264e+02	4.746767e+03
1.708060e+00	1.708002e+00	2.787896e+02	1.063345e+03
2.427296e+00	1.230725e+00	2.109270e+02	6.031071e+03
1.822491e+00	1.602735e+00	1.312429e+03	1.088445e+03
2.000214e+00	1.466050e+00	3.285030e+02	1.170692e+03
1.890469e+00	1.546414e+00	1.392959e+03	1.461994e+03
2.146255e+00	1.373561e+00	7.172173e+02	3.179049e+03
2.496566e+00	1.200430e+00	4.419088e+02	3.320051e+03
1.957605e+00	1.495584e+00	1.766531e+02	2.151683e+03
2.136067e+00	1.379275e+00	3.830520e+01	5.331877e+03
2.221293e+00	1.331331e+00	6.703017e+02	3.648840e+03
2.442871e+00	1.223585e+00	9.301663e+01	4.507819e+02
1.963494e+00	1.491732e+00	9.134860e+02	1.827350e+03
2.494322e+00	1.201480e+00	3.102187e+01	1.002236e+03
2.307497e+00	1.286345e+00	7.850932e+02	5.384444e+03
1.993950e+00	1.469755e+00	6.073219e+01	7.998835e+02
2.685848e+00	1.128335e+00	1.641533e+03	6.493289e+03
1.988813e+00	1.473571e+00	1.343993e+01	1.199650e+03
1.821063e+00	1.603922e+00	8.907924e+02	2.013340e+03
2.329743e+00	1.275950e+00	3.335872e+02	1.701303e+03
2.083363e+00	1.413096e+00	5.950021e+02	4.538767e+03
1.854859e+00	1.574835e+00	2.712597e+02	2.722132e+03
2.213099e+00	1.335462e+00	7.107902e+01	3.624595e+03
2.088063e+00	1.408319e+00	3.475932e+02	3.227134e+03
2.166739e+00	1.362175e+00	1.416905e+03	4.224045e+03
2.774713e+00	1.097505e+00	3.159394e+02	1.618838e+03
2.534004e+00	1.185580e+00	2.356077e+02	6.192733e+03
1.922644e+00	1.521701e+00	2.829171e+02	2.483843e+03
2.888082e+00	1.062140e+00	5.488289e+02	6.885211e+03
1.709354e+00	1.706569e+00	1.822193e+02	4.811775e+02
1.953792e+00	1.499271e+00	9.695277e+02	4.168130e+03
1.784231e+00	1.636264e+00	1.137456e+03	1.784604e+03
2.007797e+00	1.460425e+00	5.354497e+02	2.818930e+02
2.133819e+00	1.379858e+00	1.095604e+02	1.949958e+03
2.030317e+00	1.446727e+00	3.324073e+03	5.747859e+03
2.059468e+00	1.427252e+00	2.472415e+03	3.910196e+02
2.142683e+00	1.375535e+00	4.650125e+02	3.772777e+03
2.629982e+00	1.148278e+00	8.207394e+01	8.960509e+03
1.864843e+00	1.567216e+00	3.020044e+02	7.083245e+02
2.348742e+00	1.266055e+00	1.322303e+02	3.162702e+03
2.388320e+00	1.247740e+00	1.312565e+02	1.964730e+02
2.507980e+00	1.195936e+00	6.337756e+02	3.045501e+03
1.855743e+00	1.575106e+00	7.643367e+02	3.667693e+03
2.174986e+00	1.356439e+00	2.226988e+02	1.660431e+03
1.879226e+00	1.555652e+00	2.125548e+03	6.408216e+02
2.638848e+00	1.145112e+00	3.674642e+02	8.817806e+03
1.898995e+00	1.542034e+00	3.097052e+03	1.692143e+02
2.193760e+00	1.346147e+00	1.097345e+02	2.965988e+02
2.098455e+00	1.401848e+00	1.110535e+02	6.005758e+02
2.304073e+00	1.288426e+00	1.434275e+03	4.722835e+03
2.526434e+00	1.188125e+00	2.070151e+02	5.355016e+03
2.330702e+00	1.274935e+00	6.882238e+02	1.103034e+03
2.086831e+00	1.409947e+00	1.267215e+03	3.878880e+03
1.757999e+00	1.660686e+00	3.199019e+02	7.221070e+03
1.779754e+00	1.640721e+00	2.779642e+03	5.410581e+02
1.943831e+00	1.506027e+00	6.468537e+02	3.602394e+02
2.372103e+00	1.255102e+00	3.959869e+02	4.003142e+03
1.710005e+00	1.706370e+00	1.239403e+03	5.340299e+02
2.206768e+00	1.340038e+00	3.854646e+02	5.426624e+03
1.990937e+00	1.472680e+00	1.450795e+02	4.726813e+03
2.613330e+00	1.154759e+00	1.178694e+02	6.190019e+03
2.625014e+00	1.149984e+00	3.647166e+02	7.052245e+03
2.238827e+00	1.321260e+00	1.080018e+03	4.252646e+03
2.818965e+00	1.083733e+00	6.198776e+02	6.726821e+03
2.618530e+00	1.152737e+00	1.253935e+03	6.046027e+03
1.997692e+00	1.468063e+00	7.149565e+02	1.912463e+03
2.488978e+00	1.203619e+00	4.544065e+02	3.829827e+03
1.972416e+00	1.485398e+00	9.985470e+01	4.584482e+03
2.449618e+00	1.219062e+00	3.737645e+02	5.294335e+03
2.661609e+00	1.136671e+00	2.435712e+02	4.581607e+03
1.809348e+00	1.614857e+00	4.078458e+03	1.101688e+03
1.968662e+00	1.487341e+00	3.574738e+02	2.391633e+02
2.579573e+00	1.167292e+00	7.952437e+02	2.575290e+03
2.437914e+00	1.226127e+00	1.684024e+02	1.041720e+03
2.560562e+00	1.174513e+00	1.165223e+01	1.209702e+03
2.303958e+00	1.287699e+00	3.881740e+01	2.238476e+02
2.411165e+00	1.237600e+00	1.264459e+03	2.393420e+02
1.830267e+00	1.595449e+00	7.648913e+01	3.966221e+03
2.501033e+00	1.198905e+00	3.336439e+01	1.366692e+03
1.823923e+00	1.601395e+00	8.777113e+02	5.035290e+03
2.241377e+00	1.320771e+00	3.962191e+02	4.107331e+02
2.588613e+00	1.163918e+00	2.554344e+02	5.405968e+03
1.938027e+00	1.510394e+00	2.680759e+02	3.519634e+02
2.230110e+00	1.325807e+00	1.799402e+02	3.608571e+03
2.561873e+00	1.174332e+00	9.478975e+01	4.079285e+03
2.275938e+00	1.302048e+00	9.505308e+01	3.582551e+02
1.756084e+00	1.661307e+00	2.590070e+02	8.732695e+02
2.481620e+00	1.206369e+00	5.720379e+02	8.050283e+03
2.595099e+00	1.161699e+00	5.535721e+01	4.692427e+03
2.125361e+00	1.385472e+00	8.497125e+01	5.011424e+01
1.873620e+00	1.561086e+00	1.889349e+03	1.123476e+02
2.410755e+00	1.238264e+00	2.609377e+02	7.369382e+03
2.511193e+00	1.194735e+00	6.018236e+02	7.998700e+03
2.007550e+00	1.462301e+00	2.380378e+02	7.729041e+03
2.734551e+00	1.110625e+00	1.551483e+02	1.456368e+03
2.679925e+00	1.129476e+00	1.641415e+01	8.054870e+03
2.842558e+00	1.075769e+00	1.497166e+03	1.112599e+03
2.617015e+00	1.154200e+00	2.204262e+01	4.351001e+03
2.424097e+00	1.231835e+00	1.113021e+02	6.284675e+02
2.638387e+00	1.144243e+00	3.689559e+02	6.247884e+03
2.592110e+00	1.162648e+00	2.559236e+02	6.216307e+03
1.869363e+00	1.564545e+00	9.157769e+02	1.997920e+03
2.564370e+00	1.172753e+00	3.568770e+02	3.421873e+03
2.561936e+00	1.173896e+00	4.628323e+02	5.112625e+03
2.239537e+00	1.321336e+00	8.175053e+01	3.604370e+03
1.987637e+00	1.474346e+00	8.046417e+02	3.530990e+02
2.171479e+00	1.357950e+00	2.511395e+02	1.825034e+02
1.947526e+00	1.503130e+00	1.020021e+03	1.679534e+03
1.907279e+00	1.534411e+00	6.371632e+01	2.265816e+03
1.870648e+00	1.562235e+00	3.622051e+02	2.720350e+03
2.243743e+00	1.318350e+00	4.447592e+02	2.921887e+03
2.261951e+00	1.310384e+00	9.194762e+02	3.050363e+03
1.913555e+00	1.528438e+00	3.957378e+02	2.654082e+03
2.217380e+00	1.332861e+00	4.480214e+02	1.347934e+03
2.487587e+00	1.204653e+00	2.975279e+02	3.114481e+03
1.875240e+00	1.559413e+00	2.082096e+03	3.531357e+02
2.371989e+00	1.255731e+00	1.342653e+02	6.366205e+03
2.153022e+00	1.368761e+00	2.426569e+02	8.774564e+01
1.791770e+00	1.630121e+00	2.930260e+02	5.350273e+03
2.091124e+00	1.406669e+00	2.373596e+01	6.386035e+03
2.740607e+00	1.109078e+00	2.122550e+02	4.991541e+03
2.361558e+00	1.260824e+00	4.279552e+02	3.640652e+03
1.994663e+00	1.468965e+00	2.859124e+02	1.882862e+03
1.923935e+00	1.519918e+00	1.348883e+02	2.478918e+02
2.221834e+00	1.331290e+00	2.102776e+02	4.488846e+03
2.090502e+00	1.407296e+00	3.264527e+02	4.293922e+03
1.838445e+00	1.589271e+00	4.396411e+02	3.109230e+01
2.515723e+00	1.192340e+00	5.978910e+02	6.033324e+02
2.047286e+00	1.434584e+00	3.009604e+02	3.874721e+03
2.493476e+00	1.201427e+00	7.262715e+01	5.421729e+03
2.775407e+00	1.097400e+00	4.322419e+02	1.394853e+03
2.355489e+00	1.262434e+00	8.154373e+01	7.226668e+02
1.909128e+00	1.533153e+00	7.307983e+02	5.283289e+03
2.109010e+00	1.395813e+00	1.355122e+02	2.807837e+03
2.358358e+00	1.261541e+00	5.359474e+01	1.688003e+03
2.068120e+00	1.421709e+00	2.102538e+02	3.131889e+03
1.846360e+00	1.582045e+00	8.003486e+02	2.672583e+03
1.720316e+00	1.696711e+00	5.261273e+02	2.077998e+02
2.348135e+00	1.266516e+00	1.690748e+02	7.384917e+02
2.473848e+00	1.210599e+00	8.449215e+01	3.053823e+03
1.732712e+00	1.683871e+00	9.793122e+02	2.520044e+03
2.727719e+00	1.113327e+00	1.237410e+02	7.175757e+03
2.453739e+00	1.219508e+00	8.001020e+02	5.361561e+03
1.751611e+00	1.666164e+00	5.103570e+02	2.266075e+02
2.645914e+00	1.141788e+00	8.244779e+01	7.232443e+03
2.675765e+00	1.130896e+00	9.673000e+01	7.151825e+03
1.796043e+00	1.625691e+00	2.495838e+02	3.296632e+02
1.840604e+00	1.587420e+00	1.659551e+03	7.602052e+02
1.884805e+00	1.550601e+00	1.487681e+02	1.094504e+03
2.554072e+00	1.177389e+00	4.526038e+02	5.428369e+03
1.796025e+00	1.625647e+00	1.218096e+03	2.804362e+02
1.853435e+00	1.577763e+00	2.515339e+03	3.518040e+03
2.432030e+00	1.228198e+00	3.585436e+02	5.004417e+03
2.608443e+00	1.156259e+00	5.180558e+01	3.828581e+03
2.064183e+00	1.423810e+00	7.346393e+01	2.484062e+03
2.364275e+00	1.259613e+00	7.044927e+02	2.009027e+03
2.269232e+00	1.306100e+00	7.024259e+02	2.368301e+03
2.006546e+00	1.460590e+00	1.629971e+00	2.245799e+02
2.585807e+00	1.164540e+00	1.168806e+02	3.294185e+03
2.370217e+00	1.255937e+00	6.660308e+02	8.799370e+02
1.860759e+00	1.569266e+00	3.680413e+02	3.667386e+03
2.033898e+00	1.443160e+00	9.427108e+02	1.558987e+03
1.818880e+00	1.605766e+00	1.852346e+03	5.151116e+02
2.455525e+00	1.217826e+00	6.013670e+02	4.201811e+03
1.913097e+00	1.530517e+00	2.629829e+03	1.379946e+03
1.850894e+00	1.578613e+00	2.068971e+02	2.168694e+03
2.374646e+00	1.254182e+00	1.397907e+03	1.144280e+03
2.133486e+00	1.381036e+00	9.459630e+02	1.630264e+03
2.635295e+00	1.146639e+00	5.763260e+02	3.235559e+03
2.167073e+00	1.361255e+00	3.531902e+02	1.538354e+03
1.898605e+00	1.540115e+00	3.279910e+02	4.493949e+02
2.498416e+00	1.200209e+00	1.103390e+02	5.376516e+03
2.321279e+00	1.279729e+00	3.459670e+02	2.020220e+03
2.212891e+00	1.336282e+00	6.282645e+02	7.489190e+02
2.563708e+00	1.173818e+00	1.185943e+02	6.254817e+03
1.842604e+00	1.585798e+00	1.536551e+03	4.838422e+02
2.402551e+00	1.241936e+00	4.581984e+02	4.703949e+03
2.467526e+00	1.212252e+00	5.951995e+02	2.378959e+02
2.490004e+00	1.203106e+00	1.480126e+02	3.677748e+03
2.386106e+00	1.248799e+00	3.635336e+02	4.001862e+03
1.968439e+00	1.487969e+00	1.362860e+03	1.939951e+02
2.238489e+00	1.323014e+00	2.498302e+03	1.620850e+03
2.223746e+00	1.330337e+00	7.498842e+02	3.440603e+03
2.340795e+00	1.269752e+00	2.929911e+02	4.349835e+02
2.598085e+00	1.160574e+00	1.185742e+01	5.249996e+03
2.174869e+00	1.356817e+00	5.703125e+02	2.252895e+03
1.962562e+00	1.493444e+00	1.547002e+03	6.395458e+03
1.996005e+00	1.469105e+00	8.256052e+02	2.133697e+03
2.246725e+00	1.318859e+00	5.133610e+02	5.154341e+02
1.733753e+00	1.682590e+00	6.515514e+02	1.175471e+03
1.745262e+00	1.673223e+00	2.454671e+03	1.074910e+03
2.622018e+00	1.152175e+00	8.002783e+02	8.741060e+01
2.610834e+00	1.155715e+00	1.151034e+03	4.712577e+03
2.264759e+00	1.308636e+00	2.396187e+02	6.566682e+03
2.105450e+00	1.397676e+00	9.966341e+00	2.260948e+03
1.955542e+00	1.498196e+00	2.611706e+03	5.961300e+02
1.896259e+00	1.542028e+00	5.294614e+02	3.017782e+02
1.749253e+00	1.669412e+00	2.468513e+03	9.629070e+02
2.151707e+00	1.370202e+00	4.835739e+02	5.388499e+03
2.011792e+00	1.458476e+00	5.717431e+02	3.090233e+03
2.529976e+00	1.187348e+00	1.068068e+03	4.056609e+03
2.229174e+00	1.326279e+00	7.921892e+01	6.840065e+01
2.138219e+00	1.377759e+00	7.697478e+01	3.498648e+02
3.069680e+00	1.010987e+00	5.033606e+02	7.091402e+03
2.629081e+00	1.147772e+00	1.846003e+02	6.125283e+03
2.728169e+00	1.112737e+00	3.123127e+02	1.137911e+03
1.860110e+00	1.571574e+00	2.157950e+03	8.995000e+03
2.460396e+00	1.215373e+00	1.386316e+02	8.832185e+00
1.907589e+00	1.532197e+00	2.315950e+02	5.192746e+01
2.470888e+00	1.211854e+00	7.082164e+02	4.206851e+03
1.875566e+00	1.558837e+00	5.624714e+02	5.230654e+03
1.868691e+00	1.564850e+00	2.844994e+03	4.008091e+02
2.593013e+00	1.162265e+00	2.440527e+02	7.800336e+03
1.806207e+00	1.616892e+00	1.616547e+02	3.169286e+03
2.490589e+00	1.202893e+00	4.135431e+02	4.615351e+03
2.551136e+00	1.178549e+00	4.713699e+00	9.373479e+03
2.173385e+00	1.358511e+00	9.335766e+02	3.764557e+03
2.163366e+00	1.363582e+00	1.443672e+01	4.744364e+03
1.857648e+00	1.575236e+00	9.354342e+02	4.127173e+03
2.142177e+00	1.377133e+00	3.720075e+03	6.342178e+03
1.967962e+00	1.488433e+00	1.417878e+03	1.242489e+02
2.654660e+00	1.139596e+00	1.185720e+02	8.467110e+03
1.972102e+00	1.485016e+00	5.030579e+01	4.329565e+02
2.575646e+00	1.169149e+00	4.409750e+02	7.634651e+03
1.992885e+00	1.472455e+00	1.582380e+03	5.341404e+03
2.369337e+00	1.256309e+00	5.537631e+02	2.630683e+03
2.151043e+00	1.369133e+00	1.078045e+02	6.971039e+02
2.079773e+00	1.413880e+00	1.736500e+03	9.483063e+03
1.927843e+00	1.518761e+00	1.653595e+03	2.014532e+03
2.251540e+00	1.314706e+00	3.282677e+02	3.780539e+03
2.181755e+00	1.353399e+00	1.886472e+02	3.839031e+03
2.134192e+00	1.380158e+00	3.473529e+02	2.366502e+02
1.717155e+00	1.698265e+00	2.096348e+02	7.902129e+02
2.055707e+00	1.430258e+00	9.802948e+02	2.395376e+03
2.106398e+00	1.396998e+00	2.469653e+02	4.395652e+03
1.931346e+00	1.515315e+00	8.751141e+02	6.441464e+02
2.363642e+00	1.259480e+00	8.904855e+02	1.012956e+03
1.975207e+00	1.483104e+00	6.760759e+02	5.688526e+02
2.143729e+00	1.376405e+00	2.318043e+03	5.374029e+02
1.739858e+00	1.676133e+00	7.330939e+02	1.123373e+03
1.914924e+00	1.528024e+00	1.270836e+03	1.671877e+03
2.278655e+00	1.300721e+00	3.368638e+02	1.647040e+03
2.294989e+00	1.292623e+00	3.872664e+01	1.174635e+03
2.619656e+00	1.152027e+00	2.701661e+02	8.099234e+03
2.124127e+00	1.386235e+00	4.611812e+02	2.653137e+03
2.163548e+00	1.363265e+00	3.260261e+02	6.488426e+02
1.720791e+00	1.695160e+00	2.044510e+02	4.017626e+02
1.869362e+00	1.564857e+00	5.926103e+02	4.357608e+03
2.224746e+00	1.329746e+00	3.711090e+02	1.046503e+03
2.295704e+00	1.292378e+00	1.553934e+02	5.071131e+03
1.919795e+00	1.523532e+00	2.357275e+02	6.290637e+02
2.669189e+00	1.134202e+00	1.698380e+03	5.753312e+03
2.473958e+00	1.209730e+00	1.395358e+02	5.636480e+02
1.812647e+00	1.610912e+00	1.865981e+03	2.808383e+03
2.272904e+00	1.305670e+00	2.596050e+03	8.096838e+03
1.799577e+00	1.622773e+00	4.488719e+02	2.948675e+03
2.302971e+00	1.289146e+00	3.713296e+02	5.460689e+03
1.738937e+00	1.677649e+00	2.739784e+02	1.976775e+02
2.607045e+00	1.157198e+00	3.973318e+02	9.120170e+03
2.334708e+00	1.273087e+00	1.185802e+02	1.432323e+03
2.417644e+00	1.234590e+00	2.760227e+02	3.230564e+03
1.971091e+00	1.486648e+00	2.705806e+03	3.213219e+03
2.144283e+00	1.374907e+00	1.251976e+03	1.449080e+03
2.315080e+00	1.282294e+00	5.011153e+02	8.034216e+03
2.345901e+00	1.267361e+00	2.031959e+02	1.322871e+03
2.593784e+00	1.161452e+00	4.192169e+01	1.294762e+03
2.614210e+00	1.154738e+00	6.533306e+02	1.422089e+03
2.310823e+00	1.286472e+00	2.445683e+03	9.864850e+03
2.613013e+00	1.154848e+00	1.191530e+02	8.760115e+03
2.103130e+00	1.399296e+00	6.139588e+02	4.206529e+01
2.247135e+00	1.317467e+00	3.310743e+02	5.116063e+03
2.468942e+00	1.212479e+00	1.874833e+03	7.089405e+03
1.754730e+00	1.662505e+00	7.409489e+02	8.764090e+01
1.904454e+00	1.536745e+00	2.399878e+03	4.034406e+03
1.759435e+00	1.660451e+00	4.273876e+03	7.374965e+02
2.386430e+00	1.248912e+00	5.434019e+01	2.159299e+03
1.834961e+00	1.592718e+00	5.136935e+02	1.008539e+03
2.336818e+00	1.272344e+00	1.470209e+03	1.918542e+03
2.632827e+00	1.147583e+00	6.410505e+02	2.179606e+03
2.152695e+00	1.368993e+00	3.121888e+02	5.513811e+02
2.661371e+00	1.137191e+00	6.706807e+02	3.516184e+03
2.322915e+00	1.278605e+00	1.680228e+03	3.878654e+03
2.429766e+00	1.229265e+00	4.465119e+02	4.579136e+03
1.943163e+00	1.505941e+00	1.646991e+02	3.574714e+02
2.396101e+00	1.244545e+00	9.619748e+02	8.125681e+02
2.144691e+00	1.375306e+00	8.714314e+00	5.343142e+03
2.610148e+00	1.155204e+00	7.548710e+00	8.217178e+02
2.313307e+00	1.284788e+00	5.916987e+02	4.811839e+03
2.561396e+00	1.173818e+00	1.412530e+02	3.161430e+03
2.455165e+00	1.217882e+00	2.520644e+02	1.579866e+03
2.041777e+00	1.439839e+00	1.449175e+03	9.394349e+03
2.085053e+00	1.411628e+00	3.185791e+03	3.516933e+03
2.523017e+00	1.189484e+00	2.406156e+02	3.111449e+03
2.329428e+00	1.275055e+00	5.048403e+02	2.290049e+02
2.473329e+00	1.210656e+00	4.923971e+02	3.535466e+03
2.311888e+00	1.284240e+00	5.668015e+02	1.526511e+03
1.754916e+00	1.663553e+00	5.050027e+02	8.931508e+01
2.315535e+00	1.282293e+00	1.095797e+01	1.387745e+03
2.501039e+00	1.199223e+00	1.548483e+02	2.517367e+03
2.535128e+00	1.185976e+00	1.286158e+03	1.409297e+03
2.180210e+00	1.353587e+00	4.175671e+02	6.039962e+03
2.667859e+00	1.134866e+00	6.719956e+02	2.562888e+03
1.805170e+00	1.619048e+00	3.399209e+03	3.197706e+03
1.744020e+00	1.674082e+00	1.651549e+03	1.849219e+03
2.052885e+00	1.431193e+00	9.610440e+02	3.054971e+03
2.542634e+00	1.182069e+00	3.701775e+02	9.261943e+03
1.894381e+00	1.543989e+00	1.354687e+03	1.515599e+02
2.037649e+00	1.441680e+00	1.966712e+03	3.180999e+03
1.967186e+00	1.489471e+00	6.743784e+02	5.640946e+03
2.002914e+00	1.463880e+00	2.213118e+02	3.330038e+03
2.451540e+00	1.219266e+00	2.972234e+02	5.434348e+03
2.465403e+00	1.213233e+00	5.955568e+02	5.023588e+03
2.008513e+00	1.460367e+00	2.084959e+03	5.636576e+02
1.863713e+00	1.568133e+00	1.324961e+03	1.595176e+03
2.064535e+00	1.422045e+00	7.559078e+01	1.168097e+03
1.996675e+00	1.468772e+00	2.389963e+01	3.810616e+03
1.950817e+00	1.500035e+00	3.624270e+02	1.435421e+02
1.965619e+00	1.490412e+00	7.306749e+02	1.103434e+03
1.896768e+00	1.540791e+00	5.946463e+01	1.939007e+03
1.786818e+00	1.634501e+00	4.446824e+02	5.069378e+03
2.039135e+00	1.439631e+00	3.865240e+02	2.499867e+02
1.778311e+00	1.641935e+00	2.638217e+03	3.399388e+03
1.866076e+00	1.567555e+00	1.097902e+02	5.000625e+03
2.080747e+00	1.413813e+00	1.645282e+03	1.321165e+02
1.760829e+00	1.657628e+00	1.982865e+02	9.016428e+02
2.568806e+00	1.171863e+00	1.972986e+02	5.554610e+03
2.601615e+00	1.158899e+00	5.350397e+02	3.898011e+03
2.373812e+00	1.254246e+00	5.419186e+02	2.969597e+03
1.869457e+00	1.563959e+00	3.267273e+03	1.337402e+03
1.850852e+00	1.578181e+00	3.385556e+02	4.331819e+03
1.710911e+00	1.705828e+00	1.201239e+03	1.604219e+03
2.052708e+00	1.431034e+00	5.882596e+02	3.678845e+03
2.171675e+00	1.359206e+00	6.112540e+02	6.524825e+03
2.059492e+00	1.427308e+00	1.211229e+02	1.889557e+03
2.245606e+00	1.317758e+00	6.276160e+02	4.506081e+02
2.446006e+00	1.221760e+00	2.090743e+02	6.233593e+01
1.886943e+00	1.549378e+00	4.277428e+02	3.557656e+03
2.419620e+00	1.233629e+00	4.193813e+01	6.243891e+03
2.119315e+00	1.390453e+00	7.920626e+02	1.477881e+03
1.812705e+00	1.610996e+00	1.621157e+03	1.430192e+02
1.960653e+00	1.494705e+00	2.232089e+03	3.069586e+02
2.074628e+00	1.416929e+00	8.437604e+02	4.689053e+02
2.426385e+00	1.230201e+00	1.087160e+02	1.230294e+02
2.061812e+00	1.426181e+00	4.029868e+02	8.661014e+02
2.163065e+00	1.362909e+00	2.135595e+02	7.577914e+02
1.996415e+00	1.468711e+00	1.096387e+03	2.015517e+03
1.889559e+00	1.548533e+00	4.465914e+02	3.952400e+03
2.422211e+00	1.232133e+00	7.573267e+01	1.901180e+02
1.890850e+00	1.546271e+00	2.987544e+02	3.254958e+02
2.136885e+00	1.378698e+00	7.140182e+02	4.319639e+03
2.411683e+00	1.236972e+00	1.410319e+02	1.037408e+03
2.057105e+00	1.427989e+00	7.545496e+01	4.106436e+03
2.260368e+00	1.310919e+00	1.370969e+02	6.623212e+03
1.916100e+00	1.526085e+00	1.494349e+03	3.801117e+02
2.519775e+00	1.191404e+00	2.256889e+02	7.144598e+03
1.971917e+00	1.485307e+00	2.982961e+02	2.473795e+02
1.904979e+00	1.535270e+00	9.363772e+01	7.204267e+02
1.750477e+00	1.667218e+00	3.690658e+02	1.246984e+02
2.715873e+00	1.117604e+00	1.425159e+02	4.185573e+02
2.129475e+00	1.383924e+00	2.247777e+03	1.449652e+03
1.789664e+00	1.631281e+00	4.610595e+02	2.667544e+03
1.892856e+00	1.544476e+00	3.105490e+02	6.222079e+02
2.539341e+00	1.183619e+00	1.977844e+00	5.506837e+03
1.747024e+00	1.670778e+00	2.556150e+03	4.933924e+02
2.304183e+00	1.288703e+00	5.077816e+02	1.575690e+03
2.262821e+00	1.310051e+00	5.664884e+02	4.458098e+03
2.657143e+00	1.138243e+00	7.093982e+01	5.377381e+02
2.050801e+00	1.432902e+00	1.163850e+03	1.747636e+03
2.576192e+00	1.168322e+00	2.327640e+02	5.556509e+03
1.894543e+00	1.542955e+00	1.203306e+03	1.837588e+03
2.020624e+00	1.451929e+00	3.637784e+02	1.252914e+03
2.464378e+00	1.213696e+00	6.660260e+02	5.120781e+02
1.825033e+00	1.599949e+00	9.308440e+02	2.410125e+03
2.112361e+00	1.394675e+00	2.515465e+02	2.064366e+03
1.744011e+00	1.672813e+00	3.034635e+03	1.265994e+03
1.833228e+00	1.591984e+00	2.842435e+02	2.475930e+03
2.135860e+00	1.378772e+00	1.071655e+02	4.299002e+02
1.747235e+00	1.669728e+00	6.340413e+02	1.323353e+03
2.122363e+00	1.388647e+00	1.680760e+03	5.656943e+03
2.415225e+00	1.236631e+00	4.715834e+01	3.186082e+03
3.024779e+00	1.022357e+00	7.382976e+02	5.207961e+03
2.260226e+00	1.310964e+00	1.850672e+02	3.136069e+03
2.403282e+00	1.240968e+00	2.982344e+01	3.942245e+03
2.616992e+00	1.153331e+00	5.258383e+02	4.575974e+03
2.474232e+00	1.210160e+00	4.685067e+02	2.085544e+03
2.525292e+00	1.189255e+00	7.479223e+01	5.802628e+03
2.579825e+00	1.167477e+00	9.217738e+02	5.841150e+03
2.351021e+00	1.265417e+00	6.137976e+02	3.175093e+03
1.731776e+00	1.684432e+00	3.123732e+02	1.307410e+03
2.400882e+00	1.242348e+00	1.385742e+02	6.448214e+03
1.986644e+00	1.475085e+00	1.832634e+02	2.182077e+03
2.612083e+00	1.154033e+00	2.081840e+02	6.559669e+03
1.816896e+00	1.607089e+00	2.606177e+02	5.081411e+02
1.860370e+00	1.569686e+00	5.963735e+02	1.170248e+02
2.316371e+00	1.282260e+00	1.890330e+02	8.252993e+03
2.579264e+00	1.167617e+00	2.592384e+02	4.389001e+03
2.013492e+00	1.455704e+00	2.661877e+02	6.848421e+02
2.041570e+00	1.439388e+00	1.159184e+03	1.216434e+03
2.217630e+00	1.333704e+00	1.498178e+03	6.138313e+03
2.500385e+00	1.198711e+00	4.455846e+01	4.741337e+02
2.564702e+00	1.173468e+00	7.358550e+01	8.982301e+03
1.712196e+00	1.703848e+00	6.515629e+02	6.084467e+02
2.572161e+00	1.170769e+00	2.001872e+02	6.116922e+03
2.062437e+00	1.424775e+00	3.179360e+02	4.878403e+03
2.301884e+00	1.289839e+00	7.074348e+02	2.060601e+03
1.991161e+00	1.473169e+00	1.544710e+03	1.910186e+03
2.348114e+00	1.266790e+00	4.069974e+02	3.824589e+03
2.386797e+00	1.248819e+00	1.920866e+02	5.436236e+03
2.261233e+00	1.310285e+00	2.107439e+01	2.665969e+03
2.013741e+00	1.457773e+00	6.638893e+00	1.731118e+03
2.410876e+00	1.237180e+00	3.541198e+02	4.067932e+03
2.275759e+00	1.302598e+00	6.157388e+02	4.948377e+03
2.155364e+00	1.368252e+00	3.844572e+02	9.632974e+02
2.401877e+00	1.241545e+00	7.882058e+02	3.977100e+03
1.748496e+00	1.669324e+00	1.639292e+03	1.528425e+03
2.445482e+00	1.222277e+00	6.740250e+01	4.703526e+02
2.133060e+00	1.382143e+00	9.900192e+02	6.231431e+03
2.576443e+00	1.168276e+00	2.947992e+02	3.789577e+03
1.735840e+00	1.682767e+00	2.437404e+03	9.681359e+02
1.953699e+00	1.498767e+00	4.261645e+02	1.849560e+02
2.457421e+00	1.217050e+00	5.881538e+02	4.647076e+03
1.996031e+00	1.468344e+00	2.271148e+01	6.928303e+02
1.955900e+00	1.497698e+00	1.487767e+03	1.520531e+03
1.883516e+00	1.552108e+00	2.384535e+03	2.498407e+03
2.573037e+00	1.169920e+00	2.650040e+02	7.557537e+03
1.916227e+00	1.526146e+00	4.998537e+01	7.173106e+02
1.764375e+00	1.656073e+00	3.639346e+03	1.366434e+03
1.994821e+00	1.468596e+00	2.136935e+02	1.020647e+02
2.352626e+00	1.265162e+00	6.828944e+01	3.985073e+03
1.822301e+00	1.604096e+00	5.141413e+02	5.150410e+03
1.712264e+00	1.703490e+00	2.719378e+02	1.789057e+02
1.739235e+00	1.678034e+00	2.480144e+03	5.650043e+02
2.280069e+00	1.299972e+00	1.001886e+03	4.013228e+03
2.585018e+00	1.165684e+00	4.556588e+02	6.453450e+03
1.876670e+00	1.557898e+00	3.502178e+02	7.264793e+02
1.791441e+00	1.629139e+00	6.183170e+01	6.787488e+02
1.930795e+00	1.514566e+00	5.884511e+01	9.544183e+01
2.668903e+00	1.133485e+00	2.471344e+01	7.505052e+03
2.492970e+00	1.202433e+00	8.422079e+01	8.978740e+03
2.043980e+00	1.437095e+00	2.497947e+02	5.912794e+03
2.441997e+00	1.224493e+00	3.087851e+02	2.623507e+03
2.646673e+00	1.141312e+00	1.800096e+02	6.566822e+03
2.558777e+00	1.175719e+00	9.804170e+00	2.445134e+03
2.533732e+00	1.185693e+00	2.141142e+02	3.472565e+03
2.671180e+00	1.132465e+00	1.792961e+02	2.253742e+03
2.054506e+00	1.430412e+00	5.203708e+02	1.608599e+03
2.586165e+00	1.164980e+00	1.122378e+03	5.910202e+03
1.850018e+00	1.579011e+00	5.405851e+02	2.034419e+03
1.765697e+00	1.652228e+00	9.437686e+02	8.065735e+01
2.027328e+00	1.448319e+00	1.736068e+03	3.398028e+02
1.727731e+00	1.688609e+00	3.601602e+02	9.199226e+02
2.063829e+00	1.423915e+00	9.350232e+02	1.890000e+03
2.575090e+00	1.169212e+00	5.996918e+01	8.947607e+03
2.555324e+00	1.176733e+00	4.875766e+02	2.649168e+03
2.127874e+00	1.385645e+00	3.418925e+02	1.481072e+03
1.994461e+00	1.470812e+00	4.939350e+03	3.484083e+03
1.902676e+00	1.536884e+00	1.667218e+03	1.194272e+01
2.383877e+00	1.250597e+00	4.804089e+02	3.648248e+03
2.228494e+00	1.327495e+00	8.071964e+02	4.885742e+03
2.563805e+00	1.173211e+00	5.027864e+02	9.153633e+03
1.744473e+00	1.673048e+00	6.741454e+02	5.362958e+02
1.996905e+00	1.469115e+00	3.116159e+03	1.564547e+03
2.255107e+00	1.313417e+00	3.170822e+02	1.146224e+03
1.786415e+00	1.634354e+00	1.269464e+03	1.688946e+03
2.501003e+00	1.198249e+00	3.380869e+01	5.158331e+02
2.380173e+00	1.251325e+00	2.926443e+02	3.525225e+03
1.763017e+00	1.654191e+00	4.152856e+02	7.504582e+02
2.379933e+00	1.251558e+00	1.534053e+02	8.925717e+02
2.210571e+00	1.336535e+00	5.547292e+02	6.650836e+02
2.493162e+00	1.202140e+00	8.184455e+02	8.523969e+03
1.825033e+00	1.599949e+00	9.308440e+02	2.410125e+03
2.145436e+00	1.372814e+00	1.225873e+02	1.143301e+03
2.083873e+00	1.410369e+00	9.829873e+01	1.803139e+03
2.049630e+00	1.432876e+00	9.739101e+01	3.722595e+03
1.964291e+00	1.491151e+00	5.366046e+02	5.226223e+02
2.340359e+00	1.270292e+00	1.560593e+03	5.743029e+03
2.220201e+00	1.332885e+00	8.200420e+02	5.509949e+03
1.897461e+00	1.542243e+00	1.155863e+03	9.117161e+02
2.163737e+00	1.364035e+00	2.011085e+03	7.840046e+02
1.808649e+00	1.614395e+00	3.772586e+02	3.288839e+03
2.358081e+00	1.262145e+00	8.844802e+01	4.773253e+03
2.263337e+00	1.309182e+00	4.168479e+02	3.957418e+03
2.004643e+00	1.463359e+00	5.230758e+01	3.995434e+03
1.899091e+00	1.539286e+00	4.167967e+02	2.674920e+02
2.489541e+00	1.203041e+00	4.535100e+02	7.904562e+03
2.088523e+00	1.408681e+00	8.188715e+02	3.411527e+03
1.919544e+00	1.524599e+00	2.910448e+02	5.085321e+03
2.452803e+00	1.218992e+00	1.300964e+01	9.000305e+02
1.736923e+00	1.679520e+00	2.747426e+02	4.393806e+02
2.583125e+00	1.165686e+00	1.892400e+02	5.145509e+03
2.124619e+00	1.385561e+00	1.747705e+02	4.722457e+03
1.889529e+00	1.546887e+00	3.497210e+02	2.483837e+02
2.200953e+00	1.342466e+00	6.750428e+02	2.930067e+03
1.831216e+00	1.594213e+00	8.601199e+02	2.253342e+03
2.250547e+00	1.316295e+00	2.576476e+02	3.893622e+03
2.597043e+00	1.159738e+00	3.488996e+01	6.448962e+03
1.803190e+00	1.619459e+00	1.945236e+03	6.862576e+02
1.895196e+00	1.542549e+00	1.164485e+02	1.123052e+02
2.167477e+00	1.360992e+00	8.438950e+02	7.521149e+02
2.575228e+00	1.169933e+00	6.826907e+02	2.256272e+03
1.917814e+00	1.525724e+00	6.143275e+02	3.760693e+02
2.206574e+00	1.339353e+00	6.583258e+02	2.481936e+03
2.566234e+00	1.172255e+00	1.278341e+02	1.233269e+03
2.552391e+00	1.177757e+00	1.179949e+02	5.489582e+03
2.176073e+00	1.357344e+00	5.548814e+02	3.359650e+03
2.163524e+00	1.362856e+00	1.991159e+02	5.123016e+02
1.830918e+00	1.595093e+00	2.884387e+03	1.306585e+03
1.709712e+00	1.707718e+00	8.616849e+02	5.146064e+03
2.109783e+00	1.395300e+00	1.290230e+03	8.924703e+03
1.839551e+00	1.588183e+00	3.575112e+02	9.964415e+02
1.961260e+00	1.493187e+00	1.401999e+02	1.448596e+03
2.658374e+00	1.137184e+00	1.551589e+03	4.680945e+03
2.252529e+00	1.314459e+00	1.312823e+03	6.949982e+02
2.256665e+00	1.312794e+00	2.483937e+02	4.647890e+03
2.414771e+00	1.235587e+00	1.019733e+02	3.750469e+02
1.958874e+00	1.495756e+00	8.021970e+02	6.792439e+03
2.775175e+00	1.098565e+00	1.673109e+02	5.292903e+03
1.890847e+00	1.546318e+00	4.941127e+02	6.002891e+01
2.639700e+00	1.144747e+00	7.612957e+01	7.317549e+03
2.254648e+00	1.314420e+00	1.652998e+03	4.721923e+03
1.999664e+00	1.466896e+00	4.988407e+01	4.646671e+03
1.968241e+00	1.488233e+00	4.466626e+02	2.462054e+03
2.495063e+00	1.200727e+00	5.006164e+02	8.521117e+03
1.882438e+00	1.552422e+00	8.431222e+02	2.285750e+03
1.724827e+00	1.692180e+00	3.039118e+03	3.498408e+02
2.024238e+00	1.449233e+00	2.017796e+03	3.176314e+02
2.324424e+00	1.277944e+00	7.695271e+02	1.866327e+03
2.631808e+00	1.147799e+00	4.661369e+02	3.335226e+03
1.878005e+00	1.556925e+00	4.776783e+02	3.786000e+03
2.072702e+00	1.418633e+00	1.291994e+03	1.462092e+03
2.291773e+00	1.294602e+00	8.544096e+02	2.874339e+02
2.571655e+00	1.170549e+00	1.367250e+02	2.857638e+03
1.917288e+00	1.525123e+00	9.552684e+02	1.192985e+03
1.724146e+00	1.692940e+00	1.910432e+03	1.327382e+03
1.884487e+00	1.551363e+00	7.732188e+02	8.039694e+01
1.924944e+00	1.519629e+00	2.185557e+02	1.859278e+01
2.509784e+00	1.195652e+00	6.176120e+02	3.422460e+03
2.544415e+00	1.181322e+00	3.344969e+01	5.310472e+02
1.828368e+00	1.597695e+00	7.414361e+02	4.625851e+02
2.622029e+00	1.151376e+00	8.081515e+02	7.488598e+03
2.311055e+00	1.285138e+00	3.878074e+02	6.825886e+03
2.574296e+00	1.169840e+00	5.655152e+02	1.876192e+03
2.140494e+00	1.377951e+00	1.477075e+02	1.047719e+03
2.631153e+00	1.148109e+00	8.585821e+01	6.505633e+03
2.173622e+00	1.358049e+00	7.015718e+02	1.403866e+03
1.887008e+00	1.550769e+00	3.405555e+03	9.570684e+03
2.013846e+00	1.456643e+00	1.114022e+03	1.579909e+03
2.444585e+00	1.222228e+00	3.538554e+01	3.798796e+03
2.553831e+00	1.177457e+00	4.774449e+02	2.689437e+03
2.575857e+00	1.168810e+00	6.906266e+01	4.264207e+03
2.619206e+00	1.152726e+00	1.067650e+03	3.648207e+03
2.070550e+00	1.419593e+00	5.944346e+02	3.455937e+03
1.838315e+00	1.589741e+00	2.665067e+02	3.988627e+03
2.172740e+00	1.358389e+00	1.469855e+03	1.958936e+03
1.929406e+00	1.516610e+00	2.213085e+02	2.870112e+03
2.162083e+00	1.364070e+00	3.302138e+02	2.070537e+03
1.998752e+00	1.468410e+00	3.340498e+02	3.683841e+03
2.451705e+00	1.219454e+00	1.174828e+02	4.345301e+02
2.580059e+00	1.167509e+00	1.161054e+02	2.585299e+03
1.784410e+00	1.637453e+00	9.443892e+02	5.459313e+03
2.497853e+00	1.200233e+00	3.002625e+02	8.652793e+03
2.264253e+00	1.308626e+00	9.078644e+02	6.193057e+03
2.026055e+00	1.448275e+00	8.154125e+02	4.320756e+03
2.056008e+00	1.430257e+00	6.549280e+02	6.119162e+03
2.320689e+00	1.280517e+00	3.361654e+02	4.840632e+03
2.130630e+00	1.382457e+00	5.400301e+02	4.256523e+02
2.776776e+00	1.096836e+00	2.796429e+02	2.026865e+03
2.425585e+00	1.231715e+00	1.867928e+02	2.587690e+03
2.400399e+00	1.243161e+00	1.048301e+02	2.391742e+03
2.342219e+00	1.268894e+00	4.973736e+02	9.012873e+02
2.677228e+00	1.130569e+00	5.167374e+01	7.397758e+03
1.911355e+00	1.531188e+00	1.099361e+03	4.299464e+03
1.957705e+00	1.495838e+00	4.468726e+02	3.455268e+03
2.276045e+00	1.303669e+00	2.589324e+03	7.321916e+03
2.245639e+00	1.317646e+00	4.488350e+01	6.372954e+02
1.730097e+00	1.685575e+00	4.514648e+02	5.071279e+02
1.818232e+00	1.605594e+00	6.922426e+02	4.727841e+02
1.847966e+00	1.581835e+00	2.700945e+03	6.386413e+02
2.021754e+00	1.451720e+00	8.989125e+02	3.140734e+03
1.910612e+00	1.531650e+00	1.267578e+03	9.566654e+02
2.367935e+00	1.257527e+00	5.836123e+01	2.203477e+03
2.653323e+00	1.139735e+00	6.906535e+01	3.647705e+03
2.051666e+00	1.432042e+00	1.323075e+02	2.987565e+03
2.404290e+00	1.241082e+00	3.105757e+02	2.913378e+03
2.088063e+00	1.408319e+00	3.475932e+02	3.227134e+03
2.054719e+00	1.430053e+00	3.614374e+02	4.082889e+03
2.543810e+00	1.181596e+00	5.248747e+01	4.351814e+03
1.907061e+00	1.534501e+00	9.236511e+01	1.947473e+03
2.547134e+00	1.179767e+00	3.271096e+01	2.012484e+02
2.269334e+00	1.305993e+00	1.739230e+02	1.656604e+03
2.381203e+00	1.251395e+00	8.282087e+02	1.426541e+03
1.899328e+00	1.539636e+00	3.750056e+02	1.112447e+02
2.434417e+00	1.227671e+00	5.132333e+02	6.307029e+02
2.511027e+00	1.194155e+00	2.876351e+02	1.616986e+03
1.981534e+00	1.478734e+00	4.277256e+02	1.174650e+02
2.656914e+00	1.138524e+00	6.315077e+02	2.380854e+03
1.800866e+00	1.622872e+00	3.089773e+03	1.041748e+03
1.862817e+00	1.567916e+00	2.717742e+02	1.900176e+02
2.679530e+00	1.131167e+00	2.632086e+02	5.465907e+03
2.610722e+00	1.154800e+00	2.048463e+02	2.000448e+03
2.439485e+00	1.225228e+00	6.326815e+02	2.767717e+03
2.228095e+00	1.328438e+00	9.096488e+02	4.265038e+03
1.994073e+00	1.470743e+00	5.447647e+02	2.935271e+03
2.367886e+00	1.258630e+00	5.110557e+02	7.596167e+03
2.118225e+00	1.389808e+00	8.852463e+01	3.054188e+03
2.392039e+00	1.246063e+00	1.052475e+01	5.849657e+03
2.387059e+00	1.248940e+00	1.911804e+02	1.505778e+03
1.931380e+00	1.516118e+00	1.630539e+03	2.371329e+03
2.162978e+00	1.364085e+00	5.253561e+02	4.050438e+03
1.906774e+00	1.534171e+00	2.053538e+02	1.262707e+03
2.393857e+00	1.245090e+00	3.348730e+01	8.652984e+02
1.866414e+00	1.564709e+00	1.974622e+02	6.873948e+02
2.037416e+00	1.441683e+00	9.192684e+02	2.742914e+03
2.459729e+00	1.215847e+00	3.149891e+02	4.038127e+03
2.122735e+00	1.388455e+00	6.855890e+02	1.105220e+03
2.284341e+00	1.298778e+00	3.172792e+02	4.781550e+03
1.932004e+00	1.515274e+00	1.898765e+03	2.103577e+03
2.009478e+00	1.460862e+00	1.818621e+03	2.635006e+03
2.389644e+00	1.247448e+00	6.834571e+01	2.071746e+03
2.619957e+00	1.152177e+00	4.941169e+02	4.702862e+03
1.917665e+00	1.526003e+00	1.175449e+03	2.241409e+02
1.735330e+00	1.681605e+00	9.664845e+02	2.025656e+03
1.837215e+00	1.591257e+00	2.693414e+03	3.738609e+03
1.956631e+00	1.495612e+00	6.438813e+02	1.229376e+03
2.358363e+00	1.261769e+00	2.838076e+02	1.872773e+02
2.055183e+00	1.429892e+00	1.388487e+03	5.282618e+03
1.963365e+00	1.491799e+00	2.439398e+02	3.443066e+03
1.967923e+00	1.489468e+00	4.592891e+02	3.716935e+03
2.288806e+00	1.295778e+00	3.271794e+02	3.172105e+03
2.444980e+00	1.222565e+00	7.101120e+02	6.134522e+02
2.319716e+00	1.280306e+00	2.566171e+02	1.494007e+03
2.497756e+00	1.199871e+00	2.737254e+02	3.281861e+03
2.424486e+00	1.232103e+00	3.058054e+02	3.779220e+03
2.678384e+00	1.130053e+00	6.021982e+00	7.714677e+03
2.317488e+00	1.282064e+00	6.701689e+02	4.043604e+03
2.039100e+00	1.439551e+00	4.780159e+02	2.298003e+03
1.763361e+00	1.655286e+00	1.412116e+03	1.734021e+03
1.991048e+00	1.473026e+00	9.172257e+01	1.875630e+03
1.775921e+00	1.643798e+00	2.041623e+03	8.456983e+02
2.580158e+00	1.167427e+00	1.825018e+03	6.544036e+03
1.792046e+00	1.629480e+00	6.321235e+02	2.768343e+02
2.138219e+00	1.377759e+00	7.697478e+01	3.498648e+02
2.293533e+00	1.293864e+00	1.528697e+03	5.964247e+02
2.530890e+00	1.186789e+00	5.276467e+02	4.156139e+03
1.970445e+00	1.486942e+00	1.003784e+02	4.546445e+03
1.759534e+00	1.658395e+00	4.670737e+02	1.957508e+02
2.333471e+00	1.273979e+00	1.205177e+02	6.021011e+03
2.554904e+00	1.177357e+00	6.546055e+01	6.887324e+03
1.954553e+00	1.499179e+00	5.124609e+02	3.519918e+03
2.170560e+00	1.359917e+00	5.894139e+02	4.119893e+03
2.261074e+00	1.309929e+00	5.372850e+02	3.684638e+03
2.020646e+00	1.452086e+00	5.441547e+02	2.652776e+02
1.731203e+00	1.685716e+00	1.052331e+03	1.270625e+03
2.216492e+00	1.334741e+00	2.524397e+02	8.087161e+03
1.986670e+00	1.476016e+00	4.036757e+02	3.309910e+03
1.971553e+00	1.486220e+00	1.059092e+03	5.540347e+03
2.271806e+00	1.304352e+00	8.071403e+01	9.456692e+03
2.075727e+00	1.416848e+00	1.827188e+03	2.150155e+02
2.609768e+00	1.156043e+00	3.140903e+02	3.893228e+03
2.610275e+00	1.157490e+00	2.010645e+03	5.905550e+03
2.485846e+00	1.205725e+00	1.827548e+03	5.108463e+03
2.065384e+00	1.422872e+00	9.660863e+01	9.673280e+02
2.093848e+00	1.405243e+00	1.314170e+03	1.615350e+03
2.457428e+00	1.216911e+00	7.771569e+02	2.013984e+03
2.545386e+00	1.180600e+00	1.589866e+02	7.685870e+02
2.419196e+00	1.233854e+00	1.290504e+03	5.603202e+03
2.303397e+00	1.288650e+00	8.457507e+02	3.026383e+03
2.412606e+00	1.237472e+00	3.579224e+02	2.982642e+03
2.098441e+00	1.401848e+00	7.247711e+02	2.738145e+03
2.274043e+00	1.303747e+00	1.006684e+03	1.750484e+03
1.727783e+00	1.688181e+00	2.089286e+03	6.913556e+02
2.424110e+00	1.232149e+00	3.280842e+02	7.106946e+03
2.165167e+00	1.361816e+00	1.042419e+02	5.484079e+02
2.408808e+00	1.238032e+00	1.655351e+02	8.320129e+03
2.534761e+00	1.185340e+00	2.510326e+02	8.560149e+03
2.407821e+00	1.239428e+00	3.857367e+02	4.515047e+03
1.780229e+00	1.639824e+00	1.021304e+03	1.871920e+03
1.877141e+00	1.557166e+00	4.678711e+02	3.444302e+03
2.259692e+00	1.310694e+00	1.972639e+02	4.627776e+03
2.466882e+00	1.212503e+00	3.320448e+01	6.914675e+02
2.391607e+00	1.246291e+00	2.814126e+02	3.954938e+02
1.854950e+00	1.576215e+00	1.637301e+01	4.828698e+03
2.264702e+00	1.308580e+00	3.284455e+02	4.888200e+03
1.903827e+00	1.537494e+00	1.271440e+03	1.318693e+03
1.998425e+00	1.468588e+00	2.618968e+02	8.168788e+03
2.449787e+00	1.220845e+00	6.735675e+02	3.833976e+03
1.781744e+00	1.638176e+00	3.499479e+02	2.957778e+03
2.594480e+00	1.161519e+00	2.827033e+02	4.236117e+03
2.494569e+00	1.201788e+00	1.504256e+02	3.205125e+03
2.491818e+00	1.202564e+00	3.431573e+00	1.448174e+03
2.070550e+00	1.419593e+00	5.944346e+02	3.455937e+03
1.935508e+00	1.512268e+00	1.164577e+02	3.401552e+03
1.991900e+00	1.472351e+00	1.480976e+03	1.536582e+03
2.500447e+00	1.198721e+00	1.095665e+02	1.041979e+03
1.774058e+00	1.645544e+00	7.571115e+02	1.499487e+02
1.961637e+00	1.493041e+00	4.557334e+02	2.326637e+03
2.074457e+00	1.417339e+00	1.037741e+03	3.090964e+03
2.571756e+00	1.170580e+00	1.373009e+02	8.931551e+03
2.030068e+00	1.446324e+00	4.560917e+02	5.988296e+03
1.910528e+00	1.531442e+00	1.330626e+03	3.445843e+03
2.578880e+00	1.167399e+00	3.740191e+01	2.409005e+03
2.027967e+00	1.447578e+00	1.616294e+02	3.707357e+03
2.122622e+00	1.388603e+00	1.341699e+03	8.039812e+03
1.947011e+00	1.504126e+00	2.235297e+03	1.718007e+03
2.024211e+00	1.449907e+00	1.731382e+02	2.306880e+03
1.757166e+00	1.660651e+00	1.798144e+03	2.969570e+03
2.178822e+00	1.354780e+00	3.845341e+02	8.031741e+02
1.759954e+00	1.658139e+00	5.891908e+02	1.956699e+03
2.429324e+00	1.230126e+00	2.243872e+02	5.576204e+03
2.350355e+00	1.265535e+00	2.016302e+02	7.704838e+02
2.067172e+00	1.422803e+00	8.524173e+02	1.882942e+03
2.093366e+00	1.405739e+00	9.124314e+02	3.562130e+03
2.068702e+00	1.420704e+00	4.215558e+02	6.458641e+03
2.028210e+00	1.449084e+00	2.267177e+03	6.802424e+03
1.742578e+00	1.673976e+00	1.093650e+02	1.237261e+03
2.586249e+00	1.164712e+00	3.926384e+02	1.722871e+03
2.463672e+00	1.214093e+00	6.030193e+01	5.859758e+03
2.191289e+00	1.347540e+00	1.004070e+03	5.470030e+03
1.971573e+00	1.485829e+00	4.271506e+02	2.772213e+03
1.974716e+00	1.484488e+00	3.261191e+03	2.090628e+03
1.773023e+00	1.646361e+00	1.978561e+02	8.090791e+02
1.877728e+00	1.556377e+00	3.964365e+01	8.221597e-01
2.573925e+00	1.169706e+00	4.313737e+02	4.263945e+03
1.780569e+00	1.639084e+00	2.801637e+02	1.644649e+02
1.843774e+00	1.583801e+00	8.841723e+02	1.487755e+03
1.719871e+00	1.697791e+00	2.443722e+03	1.117010e+03
2.657570e+00	1.138316e+00	3.281338e+02	5.137099e+03
2.346302e+00	1.267826e+00	1.239934e+02	6.063908e+03
2.609357e+00	1.155979e+00	1.619416e+02	5.058307e+03
1.974372e+00	1.483723e+00	1.966102e+03	3.863984e+02
2.494827e+00	1.201081e+00	2.976069e+01	9.033631e+02
2.061333e+00	1.425581e+00	2.362554e+02	3.996788e+03
1.808496e+00	1.614555e+00	1.329681e+02	4.739117e+02
2.144745e+00	1.375075e+00	1.086359e+03	2.962209e+03
1.984758e+00	1.476536e+00	2.609030e+02	2.535526e+03
1.760031e+00	1.658723e+00	2.764040e+03	5.553217e+02
1.799386e+00	1.622022e+00	3.704844e+02	1.411263e+03
2.388564e+00	1.246532e+00	6.732752e+02	2.628690e+03
2.133772e+00	1.380636e+00	2.798949e+02	2.989569e+02
2.499761e+00	1.199526e+00	1.556902e+02	3.491402e+03
2.157778e+00	1.366614e+00	9.858753e+02	1.114260e+03
2.553266e+00	1.177766e+00	1.755143e+02	2.195098e+03
2.248224e+00	1.316545e+00	1.007719e+03	5.851897e+03
2.032963e+00	1.444864e+00	2.404704e+02	4.850055e+03
2.291239e+00	1.295146e+00	2.465975e+02	5.358949e+03
1.931013e+00	1.515491e+00	2.093318e+02	2.260912e+03
1.876263e+00	1.558536e+00	5.545543e+02	3.721081e+03
2.153046e+00	1.369843e+00	8.040879e+02	6.464947e+03
2.606734e+00	1.157483e+00	7.243453e+02	4.861331e+03
2.311275e+00	1.283994e+00	8.553947e+02	2.292116e+02
1.900521e+00	1.538098e+00	6.274518e+02	2.711770e+03
1.904289e+00	1.535897e+00	5.827925e+02	2.431782e+03
2.579885e+00	1.167174e+00	1.551038e+02	2.510002e+03
1.718822e+00	1.697033e+00	4.559055e+01	5.569424e+02
2.103765e+00	1.397811e+00	7.217941e+00	2.188797e+03
2.611171e+00	1.155479e+00	5.192144e+02	3.988282e+03
2.549564e+00	1.179186e+00	2.416007e+02	6.550051e+03
2.280683e+00	1.300201e+00	8.599307e+02	2.145053e+03
2.629714e+00	1.148305e+00	9.309526e+01	8.237690e+03
2.485524e+00	1.204480e+00	1.829063e+02	4.241672e+03
1.915796e+00	1.527971e+00	1.593125e+03	5.001114e+03
1.998666e+00	1.467760e+00	2.131786e+02	3.048369e+03
2.514715e+00	1.193333e+00	9.711754e+01	2.056625e+03
2.091542e+00	1.406668e+00	4.310818e+02	4.253219e+03
1.788654e+00	1.632680e+00	3.189297e+03	1.317296e+03
1.871789e+00	1.561989e+00	4.646986e+02	2.075188e+03
1.872840e+00	1.560182e+00	2.754041e+02	1.925562e+03
1.734958e+00	1.682534e+00	9.270131e+02	1.347857e+03
2.723646e+00	1.114332e+00	1.315372e+02	6.996609e+03
2.015845e+00	1.456129e+00	9.628742e+01	5.473441e+03
2.285395e+00	1.297135e+00	3.326085e+01	2.536423e+03
2.244506e+00	1.319530e+00	9.919561e+02	3.586960e+03
2.280252e+00	1.300328e+00	4.928154e+02	9.656144e+03
2.548644e+00	1.179427e+00	3.570139e+02	5.420611e+03
2.271832e+00	1.304881e+00	2.909941e+02	6.281627e+03
2.121563e+00	1.387725e+00	4.140581e+02	4.543299e+02
1.743745e+00	1.675504e+00	2.619443e+03	5.568048e+03
2.660563e+00	1.137165e+00	3.888874e+01	6.175981e+03
2.493355e+00	1.201869e+00	3.219015e+02	4.613340e+03
2.422166e+00	1.232830e+00	7.102752e+02	2.063837e+03
2.114043e+00	1.393211e+00	1.245440e+03	4.763692e+02
2.385495e+00	1.248774e+00	1.172713e+02	2.856743e+02
2.547771e+00	1.181312e+00	2.582413e+03	3.410746e+03
2.397091e+00	1.243372e+00	1.144015e+02	9.024833e+01
1.915387e+00	1.526470e+00	1.440437e+03	2.926619e+01
1.914128e+00	1.527812e+00	2.641189e+01	1.215182e+03
1.994050e+00	1.471619e+00	8.696640e+01	8.192583e+03
2.111781e+00	1.393828e+00	5.032233e+02	2.993478e+03
1.821842e+00	1.601488e+00	1.642693e+03	4.572623e+02
2.485235e+00	1.205550e+00	5.464394e+02	1.459517e+03
2.236267e+00	1.323342e+00	7.175323e+02	3.647917e+03
1.748839e+00	1.672018e+00	1.326842e+03	6.827699e+03
1.921767e+00	1.522722e+00	1.012883e+03	1.855570e+01
2.166795e+00	1.362912e+00	2.180358e+03	6.198090e+02
2.627119e+00	1.148424e+00	1.938278e+02	6.707137e+03
2.603785e+00	1.158278e+00	9.116351e+02	7.657678e+03
2.356476e+00	1.262292e+00	4.255066e+02	1.311134e+02
2.227545e+00	1.327660e+00	1.779643e+02	4.930606e+01
1.809936e+00	1.613200e+00	2.526598e+03	3.309125e+02
2.625583e+00	1.149978e+00	8.497221e+01	8.247886e+03
1.877095e+00	1.557563e+00	1.445065e+03	1.632641e+03
1.767743e+00	1.650839e+00	2.286369e+03	1.807316e+03
2.003817e+00	1.463339e+00	3.611385e+01	3.577758e+02
2.460561e+00	1.216301e+00	9.706940e+02	4.531236e+03
2.358639e+00	1.261602e+00	2.273919e+03	3.259860e+03
2.440639e+00	1.224186e+00	2.146214e+02	9.133111e+02
2.471399e+00	1.211942e+00	1.726643e+03	7.374883e+02
2.326141e+00	1.277126e+00	1.834516e+01	1.793827e+03
2.649149e+00	1.141395e+00	1.308866e+01	4.533383e+03
2.528563e+00	1.186910e+00	1.235392e+02	1.066206e+03
2.038936e+00	1.439939e+00	9.692170e+02	1.851411e+03
2.079543e+00	1.413909e+00	4.553405e+02	3.575580e+03
2.550890e+00	1.179343e+00	3.163014e+02	4.566370e+03
2.359137e+00	1.261356e+00	1.376433e+02	3.637220e+03
2.565700e+00	1.173005e+00	1.501117e+02	1.601801e+03
2.017411e+00	1.454070e+00	2.224506e+02	2.182851e+02
2.228860e+00	1.327434e+00	6.888557e+02	2.716983e+03
2.137816e+00	1.378286e+00	3.580032e+02	3.930441e+03
1.809448e+00	1.613307e+00	4.729656e+02	2.928455e+02
2.299157e+00	1.289936e+00	2.564417e+02	6.367020e+02
2.563859e+00	1.173188e+00	4.251293e+01	1.112467e+03
1.739216e+00	1.677916e+00	6.671979e+02	1.115506e+02
2.488421e+00	1.204199e+00	7.551894e+02	2.416145e+02
2.470286e+00	1.211680e+00	2.565050e+02	5.894608e+03
2.489039e+00	1.203827e+00	4.583342e+02	1.902593e+03
1.828973e+00	1.595956e+00	2.523837e+02	2.813118e+03
2.209458e+00	1.337430e+00	1.015037e+02	4.072855e+03
2.375089e+00	1.254634e+00	6.221594e+02	4.137748e+03
2.046298e+00	1.434274e+00	5.380769e+02	1.031936e+02
2.419169e+00	1.233731e+00	1.401916e+02	6.151033e+02
1.871841e+00	1.560856e+00	5.986755e+01	8.372812e+02
2.157392e+00	1.366164e+00	1.226161e+02	2.217684e+02
2.688321e+00	1.127297e+00	1.771761e+02	9.766691e+03
1.958993e+00	1.494267e+00	7.697539e+02	1.339528e+03
1.786616e+00	1.634119e+00	1.112072e+03	1.966309e+03
2.425932e+00	1.231731e+00	6.218591e+01	1.513540e+03
2.356785e+00	1.262736e+00	2.328049e+02	1.428651e+03
1.993264e+00	1.470417e+00	5.924394e+01	1.911133e+03
2.862317e+00	1.069812e+00	1.361973e+03	2.880768e+03
2.008543e+00	1.460544e+00	5.438742e+01	6.043857e+03
1.825932e+00	1.599433e+00	2.545083e+03	7.470470e+01
2.471158e+00	1.212212e+00	2.981029e+02	7.298589e+03
1.833926e+00	1.592037e+00	1.326200e+02	2.202554e+02
2.333102e+00	1.274202e+00	7.856979e+02	3.996158e+03
1.809662e+00	1.614910e+00	1.826511e+02	4.755311e+03
2.300856e+00	1.289913e+00	1.580020e+02	3.994667e+03
1.859990e+00	1.570421e+00	1.144906e+03	3.158605e+02
1.829657e+00	1.596957e+00	2.957294e+03	9.347181e+02
1.756731e+00	1.661799e+00	6.196850e+02	2.578762e+03
2.333748e+00	1.273863e+00	1.993452e+02	1.583484e+03
2.204463e+00	1.340776e+00	8.904101e+02	2.206341e+03
1.745248e+00	1.673108e+00	2.100106e+03	3.016003e+03
2.596464e+00	1.160950e+00	1.326801e+02	2.335488e+03
2.072133e+00	1.418924e+00	7.880274e+02	3.570647e+03
2.544534e+00	1.181066e+00	1.642387e+02	4.404918e+03
1.730299e+00	1.686457e+00	4.036053e+02	4.395480e+02
2.083931e+00	1.411635e+00	7.077014e+02	1.723250e+03
1.813720e+00	1.610286e+00	1.628909e+03	3.732278e+02
2.194950e+00	1.346151e+00	8.306518e+02	6.051362e+03
2.213310e+00	1.335655e+00	1.550971e+02	1.467179e+03
1.910141e+00	1.531292e+00	1.068347e+03	9.167906e+02
2.029147e+00	1.446025e+00	2.124256e+03	7.038481e+02
1.746173e+00	1.670288e+00	2.615597e+03	2.968882e+02
1.750536e+00	1.666606e+00	3.769203e+02	1.440041e+01
1.795939e+00	1.624534e+00	2.214181e+02	2.439300e+03
1.861046e+00	1.570622e+00	2.936207e+03	1.056447e+03
2.126797e+00	1.384293e+00	6.496187e+01	6.475942e+02
2.409566e+00	1.239119e+00	4.577464e+02	2.510273e+03
1.971530e+00	1.487028e+00	8.794707e+02	2.493150e+03
2.535607e+00	1.184572e+00	2.518754e+02	8.859593e+03
2.636031e+00	1.146240e+00	5.811840e+02	2.261254e+03
2.988795e+00	1.032395e+00	2.662661e+01	6.146962e+03
1.809655e+00	1.613522e+00	1.870533e+03	8.346895e+02
2.265052e+00	1.308075e+00	1.122660e+03	3.417679e+03
2.190321e+00	1.347324e+00	1.476570e+02	5.683480e+02
1.935519e+00	1.512331e+00	1.433768e+03	3.451337e+03
1.821509e+00	1.602041e+00	5.042713e+02	1.589306e+02
2.254779e+00	1.314160e+00	4.931714e+02	4.510815e+03
2.249326e+00	1.316949e+00	1.376124e+03	5.908935e+02
2.247346e+00	1.316972e+00	1.131742e+03	1.415214e+03
2.480153e+00	1.207483e+00	7.528187e+02	4.669141e+03
1.990165e+00	1.472378e+00	6.077950e+02	4.567298e+02
1.861863e+00	1.569362e+00	1.254508e+02	3.654382e+03
1.932744e+00	1.514167e+00	8.721473e+02	2.508363e+03
2.466341e+00	1.213912e+00	1.214686e+03	2.485984e+03
2.633025e+00	1.147269e+00	6.174052e+02	4.236895e+03
1.954639e+00	1.497991e+00	1.054775e+03	1.791112e+03
2.617717e+00	1.154441e+00	1.199554e+02	7.152792e+03
1.932573e+00	1.514986e+00	1.815797e+03	2.144400e+03
1.885536e+00	1.550007e+00	8.217621e+02	2.032741e+03
2.512228e+00	1.194548e+00	1.350071e+02	8.189723e+03
1.958023e+00	1.496443e+00	2.987594e+03	3.101147e+03
2.503258e+00	1.198093e+00	2.235306e+02	5.458478e+03
2.300948e+00	1.290185e+00	4.909570e+02	4.563092e+03
2.201433e+00	1.342620e+00	4.320404e+01	5.626934e+03
1.979546e+00	1.480246e+00	7.540336e+02	2.125975e+03
2.225997e+00	1.329400e+00	6.040446e+02	7.930808e+03
2.510214e+00	1.195353e+00	3.327029e+02	8.691852e+03
2.025414e+00	1.449190e+00	6.654418e+02	4.255663e+03
1.879221e+00	1.555777e+00	1.280250e+03	8.572595e+02
2.425696e+00	1.231244e+00	1.118356e+03	1.321409e+03
2.163599e+00	1.363728e+00	3.385687e+02	1.138482e+03
1.875521e+00	1.558235e+00	2.698714e+02	7.182127e+02
2.358144e+00	1.262673e+00	1.989102e+02	1.053123e+03
2.380902e+00	1.250968e+00	2.674333e+01	2.054618e+03
2.389497e+00	1.246884e+00	3.434995e+02	2.150724e+02
2.569669e+00	1.171180e+00	3.665051e+02	2.886762e+03
2.264780e+00	1.308447e+00	1.996068e+02	5.264760e+03
2.503072e+00	1.198074e+00	1.056326e+02	3.877182e+03
2.366710e+00	1.257477e+00	1.103494e+02	4.460071e+01
1.958545e+00	1.494346e+00	3.109427e+02	7.826781e+02
2.258946e+00	1.311355e+00	3.661752e+02	2.029559e+03
2.686494e+00	1.126896e+00	3.227711e+02	7.075267e+03
2.627335e+00	1.148858e+00	1.772721e+02	7.448624e+03
1.709093e+00	1.709043e+00	2.503931e+03	2.883430e+03
2.579323e+00	1.167639e+00	3.130634e+02	4.140462e+03
2.502766e+00	1.198290e+00	2.939408e+02	3.645378e+03
2.457394e+00	1.217183e+00	5.640017e+01	4.064034e+03
2.231609e+00	1.326017e+00	1.058519e+03	2.662896e+03
2.196454e+00	1.344523e+00	3.892660e+02	1.128237e+03
2.298485e+00	1.291115e+00	4.211323e+02	9.908667e+03
1.948382e+00	1.502838e+00	3.462046e+02	7.860762e+02
2.272361e+00	1.303917e+00	3.043234e+02	8.466768e+02
2.631295e+00	1.147088e+00	2.534894e+02	1.537692e+03
2.444875e+00	1.222463e+00	1.145711e+03	2.797311e+03
2.607137e+00	1.156427e+00	1.767267e+02	2.241567e+03
1.795243e+00	1.626827e+00	2.783710e+03	6.886125e+02
2.007684e+00	1.460260e+00	2.213624e+02	6.472713e+02
2.597635e+00	1.160757e+00	8.686109e+02	6.445203e+03
2.179184e+00	1.354159e+00	1.253941e+02	7.505548e+02
1.940768e+00	1.507953e+00	1.494189e+03	3.245218e+02
2.468867e+00	1.212356e+00	2.726723e+01	3.063906e+03
2.451540e+00	1.219266e+00	2.972234e+02	5.434348e+03
1.772167e+00	1.647621e+00	5.765324e+02	8.380489e+02
2.459418e+00	1.216139e+00	2.101390e+02	1.764579e+02
2.993416e+00	1.030133e+00	1.964352e+02	4.439950e+03
2.482160e+00	1.206941e+00	1.568246e+02	9.321644e+03
2.437560e+00	1.225237e+00	5.050445e+01	5.322227e+03
2.561694e+00	1.174424e+00	3.056604e+02	6.327602e+03
2.146255e+00	1.373561e+00	7.172173e+02	3.179049e+03
1.837838e+00	1.588874e+00	5.481270e+02	1.153814e+02
2.348873e+00	1.265730e+00	2.201443e+02	7.339450e+02
2.504162e+00	1.197769e+00	2.392738e+02	3.283761e+03
2.357825e+00	1.261963e+00	5.358934e+01	1.554627e+03
2.130408e+00	1.383315e+00	5.269063e+02	4.037068e+03
2.103890e+00	1.399321e+00	4.503991e+03	1.318266e+03
2.382481e+00	1.251426e+00	3.460883e+02	1.655669e+03
2.591737e+00	1.162889e+00	7.693258e+02	5.542255e+03
1.976266e+00	1.483058e+00	3.456654e+02	1.357142e+02
2.174958e+00	1.357269e+00	1.307632e+03	2.611064e+03
2.173902e+00	1.357732e+00	7.668866e+02	1.513736e+03
1.951948e+00	1.500091e+00	1.881518e+03	1.339285e+02
2.331120e+00	1.275267e+00	9.794230e+02	1.049082e+03
1.827720e+00	1.597205e+00	6.737312e+02	2.282939e+02
2.304535e+00	1.287723e+00	1.632232e+02	1.406276e+03
2.651371e+00	1.141056e+00	4.115946e+02	4.464356e+03
2.365784e+00	1.257868e+00	8.201621e+01	4.067319e+02
2.037243e+00	1.441031e+00	5.496509e+02	2.658180e+03
2.226359e+00	1.328654e+00	1.154305e+03	2.509623e+03
2.559231e+00	1.174904e+00	8.111090e+01	4.970269e+02
2.587038e+00	1.164882e+00	4.451365e+02	8.978708e+03
2.435306e+00	1.227365e+00	1.996868e+01	2.264965e+03
2.145375e+00	1.375096e+00	6.768709e+02	5.475362e+03
2.231760e+00	1.326131e+00	2.819597e+02	1.888353e+03
1.920707e+00	1.523995e+00	3.502337e+03	1.811398e+02
2.195228e+00	1.345465e+00	5.715091e+01	1.156184e+03
1.939814e+00	1.510197e+00	2.177830e+03	1.930113e+03
1.747024e+00	1.670778e+00	2.556150e+03	4.933924e+02
2.494836e+00	1.201408e+00	6.845674e+02	1.962257e+03
2.464287e+00	1.214500e+00	3.027558e+02	1.568601e+03
2.156718e+00	1.367613e+00	1.294828e+03	1.192859e+03
1.745332e+00	1.671765e+00	3.058717e+02	8.001561e+02
1.935157e+00	1.512301e+00	4.292393e+02	4.893419e+01
2.298997e+00	1.290832e+00	4.492349e+02	3.142298e+03
2.475991e+00	1.208623e+00	2.870625e+01	4.519475e+02
1.918299e+00	1.525597e+00	1.890927e+02	8.737926e+03
1.922853e+00	1.521611e+00	5.665875e+02	2.523362e+03
2.774146e+00	1.097182e+00	1.445645e+01	3.558364e+02
1.744077e+00	1.673594e+00	7.582827e+01	2.539240e+03
2.181514e+00	1.352828e+00	2.017631e+02	5.378806e+02
1.716068e+00	1.700163e+00	2.396885e+03	1.085215e+03
1.734695e+00	1.682964e+00	2.710546e+03	2.041898e+02
2.114226e+00	1.392779e+00	1.824582e+02	4.294989e+03
2.666064e+00	1.135106e+00	7.326463e+01	8.085973e+03
2.003766e+00	1.463832e+00	1.925291e+02	5.994438e+03
2.069590e+00	1.420407e+00	1.297200e+03	6.539357e+02
1.746050e+00	1.672307e+00	1.846884e+03	1.456248e+03
2.178992e+00	1.354589e+00	1.034017e+03	1.496548e+03
2.192825e+00	1.346842e+00	1.995852e+02	9.438586e+02
2.499936e+00	1.200190e+00	1.059456e+03	1.293923e+03
2.241069e+00	1.320798e+00	1.883760e+02	2.370619e+02
2.151562e+00	1.370538e+00	5.411335e+02	2.455202e+03
2.387738e+00	1.247693e+00	1.151632e+02	3.649836e+01
2.516116e+00	1.192135e+00	1.545470e+02	3.108419e+03
1.715362e+00	1.700824e+00	1.100358e+03	1.663239e+03
2.211595e+00	1.336462e+00	6.461748e+01	4.672166e+02
2.733603e+00	1.111272e+00	7.223988e+02	6.632609e+03
2.279811e+00	1.300209e+00	4.258143e+02	3.830983e+03
1.820737e+00	1.604224e+00	1.986308e+02	1.179129e+03
2.512849e+00	1.193952e+00	2.896601e+02	8.847465e+03
1.839425e+00	1.587019e+00	1.218898e+02	3.262253e+02
1.919246e+00	1.523723e+00	1.496228e+03	3.694751e+02
2.440177e+00	1.224215e+00	1.168249e+02	1.550450e+02
1.751341e+00	1.665610e+00	5.424475e+02	3.938293e+02
1.916575e+00	1.525392e+00	2.493756e+02	1.528286e+02
2.036078e+00	1.442927e+00	1.110300e+03	1.093065e+03
2.034867e+00	1.443029e+00	6.435785e+02	3.709016e+03
2.038077e+00	1.440474e+00	3.608527e+02	2.038525e+03
2.362798e+00	1.259615e+00	5.400814e+02	3.324791e+03
2.370300e+00	1.255728e+00	1.661392e+02	4.594954e+03
2.233656e+00	1.323764e+00	5.320888e+02	8.274208e+02
2.568780e+00	1.171744e+00	6.001836e+02	1.750299e+03
2.398989e+00	1.242670e+00	4.428100e+02	3.937202e+03
1.850410e+00	1.577947e+00	7.504621e+02	1.789288e+03
1.922395e+00	1.522718e+00	9.937216e+02	8.742069e+02
2.350459e+00	1.265182e+00	2.242134e+02	1.728877e+03
1.975299e+00	1.482771e+00	3.302080e+01	4.566143e+02
2.271616e+00	1.304985e+00	2.284848e+02	5.571482e+03
2.252446e+00	1.315363e+00	1.290351e+02	6.577014e+03
2.524700e+00	1.189131e+00	1.705787e+02	5.991590e+03
2.014250e+00	1.456439e+00	5.894691e+02	1.960343e+03
2.130463e+00	1.382118e+00	1.267243e+02	1.127416e+02
1.910084e+00	1.531592e+00	1.110892e+03	8.073632e+02
2.013785e+00	1.455565e+00	1.645468e+02	5.171192e+02
2.547110e+00	1.180238e+00	1.334962e+02	9.126672e+03
1.875466e+00	1.558331e+00	5.414721e+02	1.609880e+03
2.118519e+00	1.391046e+00	7.071532e+02	8.292075e+02
2.279793e+00	1.299980e+00	2.120457e+02	3.436338e+02
1.876755e+00	1.557107e+00	3.073599e+01	3.576122e+03
1.745254e+00	1.671821e+00	1.130098e+02	2.911395e+03
2.477874e+00	1.208320e+00	3.032559e+02	4.811136e+03
2.102667e+00	1.398936e+00	1.682584e+02	3.195751e+02
1.817687e+00	1.605997e+00	5.875106e+02	5.743991e+02
1.714039e+00	1.702314e+00	1.277937e+03	1.854046e+02
1.799467e+00	1.624055e+00	3.377947e+03	3.198185e+03
2.499552e+00	1.199830e+00	3.334198e+02	9.119313e+03
1.736872e+00	1.680757e+00	6.872902e+02	3.454081e+02
1.871355e+00	1.560623e+00	1.793198e+02	1.757002e+03
2.197913e+00	1.344176e+00	1.532924e+02	6.680159e+03
1.754658e+00	1.663286e+00	1.806293e+02	7.153651e+02
2.277448e+00	1.302898e+00	3.538077e+02	5.922419e+03
2.086697e+00	1.410475e+00	2.866956e+03	8.824923e+03
2.503666e+00	1.197300e+00	2.416797e+01	9.082637e+02
2.299475e+00	1.290605e+00	2.769132e+02	5.152072e+03
2.135783e+00	1.379777e+00	1.039100e+03	1.997545e+03
2.002640e+00	1.463940e+00	3.333620e+02	7.281176e+02
1.718080e+00	1.699221e+00	1.673461e+03	1.724806e+03
1.793969e+00	1.627998e+00	1.392841e+03	3.610394e+03
2.066989e+00	1.422375e+00	6.739284e+02	1.909579e+03
1.929174e+00	1.516914e+00	7.926654e+02	2.284093e+02
2.440117e+00	1.224415e+00	1.361723e+02	1.688822e+03
2.437497e+00	1.225841e+00	3.143268e+02	2.444373e+03
1.892963e+00	1.544991e+00	1.699045e+03	1.126249e+03
2.621950e+00	1.151498e+00	4.478820e+01	4.562229e+03
1.767802e+00	1.650334e+00	4.813679e+01	4.484892e+02
1.827243e+00	1.598314e+00	1.942091e+02	6.101893e+02
1.973740e+00	1.484348e+00	1.217688e+02	1.096974e+03
1.860187e+00	1.570633e+00	2.165178e+02	2.500265e+02
2.349008e+00	1.266635e+00	6.018190e+01	4.521132e+03
2.356150e+00	1.261989e+00	2.570180e+02	4.125850e+03
1.975387e+00	1.483344e+00	2.050152e+03	6.887021e+02
2.070668e+00	1.420310e+00	1.146417e+03	4.065747e+03
2.399935e+00	1.242851e+00	3.323791e+02	3.480649e+03
1.941703e+00	1.508241e+00	1.342154e+03	3.862090e+03
1.962316e+00	1.493259e+00	3.130173e+03	3.183537e+03
1.839601e+00	1.587086e+00	2.733336e+02	2.335149e+02
2.563647e+00	1.173828e+00	5.548929e+02	4.206800e+03
2.292481e+00	1.294855e+00	4.342181e+02	1.541082e+03
1.783539e+00	1.636699e+00	3.478873e+02	3.364004e+02
2.088656e+00	1.408628e+00	8.740255e+02	3.668395e+03
1.924623e+00	1.519669e+00	8.429916e+02	2.096782e+02
2.238129e+00	1.321906e+00	9.597037e+01	2.308038e+02
1.917317e+00	1.526682e+00	3.923360e+01	1.966572e+03
2.502704e+00	1.199021e+00	2.527612e+03	2.420782e+03
2.254079e+00	1.313622e+00	7.637610e+02	4.670933e+03
2.539221e+00	1.183153e+00	2.442010e+02	5.353939e+03
1.888699e+00	1.548775e+00	3.029766e+03	1.541552e+02
2.201208e+00	1.341567e+00	1.110750e+02	5.647568e+02
1.934709e+00	1.512965e+00	1.909836e+02	1.088560e+03
2.311865e+00	1.283978e+00	3.582156e+02	1.388416e+01
1.948604e+00	1.504312e+00	4.780835e+03	4.275844e+03
1.831859e+00	1.595387e+00	3.063937e+03	1.965140e+03
1.906295e+00	1.535019e+00	3.330613e+03	7.838058e+02
2.515002e+00	1.193464e+00	6.960784e+02	1.738687e+03
1.787230e+00	1.633412e+00	4.236583e+02	1.056273e+03
1.976057e+00	1.484204e+00	3.121340e+03	4.698270e+03
2.254246e+00	1.314460e+00	6.450441e+02	4.792765e+03
2.400651e+00	1.242222e+00	1.693383e+01	5.442174e+03
2.289283e+00	1.296181e+00	1.554103e+03	5.963025e+03
2.667451e+00	1.133761e+00	3.670900e+02	6.675793e+03
2.287377e+00	1.296258e+00	1.231290e+02	7.772950e+01
2.444549e+00	1.222175e+00	1.384996e+02	2.818804e+02
1.950770e+00	1.501387e+00	2.041462e+02	4.894676e+03
2.113275e+00	1.394404e+00	2.150278e+03	3.542270e+03
2.562386e+00	1.173944e+00	4.287360e+01	3.347586e+03
1.962737e+00	1.493119e+00	2.492310e+01	5.045085e+03
2.290377e+00	1.295191e+00	1.673212e+02	7.870260e+02
1.837376e+00	1.589467e+00	2.456401e+02	1.450250e+03
2.442787e+00	1.223513e+00	3.966241e+02	5.645874e+03
2.396493e+00	1.243990e+00	3.597528e+02	3.380706e+03
2.328438e+00	1.276012e+00	1.587072e+02	2.259524e+03
2.530890e+00	1.186789e+00	5.276467e+02	4.156139e+03
2.651087e+00	1.139862e+00	9.436268e+01	5.960050e+03
2.027107e+00	1.446630e+00	1.978401e+02	2.211159e+03
2.024851e+00	1.449735e+00	6.135227e+02	3.416321e+03
1.776580e+00	1.642311e+00	9.407479e+02	1.771173e+03
2.009326e+00	1.460194e+00	4.390223e+01	1.671016e+03
2.501868e+00	1.198095e+00	1.835714e+02	4.328130e+03
2.249704e+00	1.316409e+00	1.020163e+02	6.089836e+03
1.995396e+00	1.469013e+00	4.485491e+02	2.216545e+03
2.483609e+00	1.206312e+00	5.386975e+01	6.827403e+03
1.838459e+00	1.589866e+00	2.790081e+03	1.529827e+03
1.950184e+00	1.500287e+00	2.752405e+01	1.052478e+03
2.332705e+00	1.274309e+00	8.583507e+02	3.159342e+03
3.030159e+00	1.021908e+00	1.355138e+02	2.525194e+03
2.067832e+00	1.420291e+00	1.347366e+02	2.096095e+03
1.936652e+00	1.511391e+00	6.130708e+02	5.043594e+02
1.840198e+00	1.587142e+00	2.746001e+02	2.588535e+01
2.320615e+00	1.281251e+00	1.437435e+03	2.309333e+03
2.592654e+00	1.162650e+00	5.456647e+02	8.825902e+03
1.891492e+00	1.546113e+00	8.089223e+02	1.169330e+03
1.896351e+00	1.541777e+00	9.569057e+02	2.039069e+03
2.299933e+00	1.290190e+00	5.280189e+02	3.068596e+02
2.185296e+00	1.350899e+00	1.036053e+03	2.308197e+03
2.260495e+00	1.310087e+00	1.218574e+02	4.521065e+02
1.793763e+00	1.626532e+00	6.928773e+02	5.036465e+02
1.991044e+00	1.472895e+00	8.030276e+02	1.659124e+03
2.172008e+00	1.358448e+00	2.254275e+03	5.604083e+03
2.338127e+00	1.271293e+00	3.410799e+02	2.105407e+02
2.676948e+00	1.130584e+00	8.601150e+01	9.624999e+03
2.441302e+00	1.224196e+00	2.275539e+02	2.092720e+03
1.739569e+00	1.677594e+00	6.677907e+02	1.022432e+02
2.161616e+00	1.364019e+00	2.252016e+01	2.709286e+03
1.802051e+00	1.620833e+00	4.615528e+02	3.125785e+03
2.081839e+00	1.411821e+00	4.195903e+02	3.567525e+00
2.605559e+00	1.157563e+00	2.325497e+01	4.221532e+03
1.799560e+00	1.620648e+00	5.575465e+02	1.192637e+03
2.054343e+00	1.429630e+00	1.133319e+02	7.206286e+02
2.165117e+00	1.362580e+00	6.056925e+02	7.736922e+02
2.595203e+00	1.161711e+00	4.614986e+02	7.694021e+03
2.310668e+00	1.284616e+00	4.305233e+02	2.871828e+03
2.405751e+00	1.240811e+00	2.633653e+03	2.116482e+03
1.862902e+00	1.568630e+00	2.740401e+02	4.950224e+02
2.165330e+00	1.361726e+00	4.521901e+01	3.923193e+02
1.749062e+00	1.668011e+00	4.191930e+02	3.577239e+02
2.627920e+00	1.148799e+00	1.043092e+02	6.069790e+03
2.508184e+00	1.195603e+00	1.170500e+02	1.286815e+03
2.280518e+00	1.300452e+00	1.306726e+01	2.049483e+02
2.499365e+00	1.199644e+00	2.682550e+02	8.632744e+03
2.423395e+00	1.232544e+00	5.076081e+02	6.204205e+03
2.180336e+00	1.354295e+00	1.722942e+03	1.116574e+03
1.810408e+00	1.613904e+00	3.125031e+02	1.529633e+03
2.092989e+00	1.405483e+00	8.124043e+02	5.405057e+02
2.397186e+00	1.244066e+00	5.802366e+02	2.072135e+03
1.776078e+00	1.643436e+00	3.200804e+02	1.482184e+02
1.889161e+00	1.547686e+00	1.671062e+03	5.353837e+02
1.888070e+00	1.549398e+00	5.343582e+02	3.457311e+03
2.240636e+00	1.320884e+00	7.330009e+01	3.275593e+03
1.858448e+00	1.573703e+00	2.966686e+03	4.647394e+03
2.362543e+00	1.259689e+00	1.261848e+02	5.578722e+03
1.743202e+00	1.673973e+00	3.649648e+02	5.851806e+02
2.029529e+00	1.445122e+00	3.046709e+02	3.759982e+02
2.112748e+00	1.393213e+00	2.393353e+02	8.118363e+02
2.435279e+00	1.227112e+00	4.872437e+02	7.645625e+02
2.362061e+00	1.260515e+00	7.679747e+02	1.490687e+03
1.721539e+00	1.696330e+00	2.570664e+03	5.427462e+02
1.866964e+00	1.565718e+00	7.026986e+01	1.278575e+03
2.567026e+00	1.172623e+00	1.355703e+02	9.583793e+03
1.953717e+00	1.498251e+00	2.253167e+03	4.448819e+03
2.631876e+00	1.147835e+00	1.647484e+02	6.415873e+03
2.530067e+00	1.186782e+00	4.396970e+02	8.392936e+03
2.183559e+00	1.352998e+00	3.329927e+02	5.881845e+03
2.522490e+00	1.189747e+00	2.946273e+02	1.063242e+02
2.693931e+00	1.124456e+00	1.124430e+02	7.672541e+03
1.809308e+00	1.613806e+00	7.683034e+01	6.379582e+02
2.483007e+00	1.207266e+00	1.503421e+02	7.152366e+03
2.390954e+00	1.247111e+00	5.220840e+02	1.788213e+03
2.700536e+00	1.122810e+00	3.731487e+02	3.822672e+03
2.396629e+00	1.243878e+00	5.658520e+01	4.094284e+02
1.995959e+00	1.469213e+00	3.080090e+01	5.556668e+03
1.907521e+00	1.533830e+00	1.219405e+03	9.158057e+02
1.730023e+00	1.686676e+00	6.280338e+02	7.617491e+02
1.728295e+00	1.689767e+00	2.827548e+03	7.953743e+01
2.332509e+00	1.273968e+00	3.741134e+02	1.639731e+03
2.558870e+00	1.175717e+00	1.260315e+02	6.254567e+03
2.401643e+00	1.241878e+00	1.606257e+02	2.774560e+02
1.859649e+00	1.571024e+00	2.979620e+02	3.308498e+02
2.117220e+00	1.391081e+00	8.799179e+02	3.300498e+03
2.576348e+00	1.168832e+00	5.627078e+01	6.620767e+03
2.420643e+00	1.232717e+00	2.558573e+02	4.423071e+03
1.956729e+00	1.497097e+00	1.527104e+03	1.011259e+03
2.254253e+00	1.314363e+00	2.060322e+02	2.478053e+03
2.517372e+00	1.193041e+00	2.543383e+03	2.696582e+03
1.968637e+00	1.487900e+00	1.068633e+03	1.883237e+03
1.911912e+00	1.531006e+00	7.097972e+02	5.255044e+03
2.321371e+00	1.279998e+00	1.218040e+03	1.627222e+03
2.014453e+00	1.456326e+00	4.908530e+02	4.731778e+02
1.885223e+00	1.551604e+00	3.354788e+03	1.412232e+03
2.125914e+00	1.385596e+00	6.311323e+02	3.401967e+02
1.883551e+00	1.551503e+00	6.093067e+02	2.355820e+03
1.885660e+00	1.551325e+00	2.702737e+03	1.597094e+03
2.331120e+00	1.275267e+00	9.794230e+02	1.049082e+03
2.130957e+00	1.381463e+00	6.499310e+02	1.928860e+03
2.538134e+00	1.183997e+00	2.989374e+02	6.465675e+03
2.114480e+00	1.392319e+00	1.721794e+02	3.482370e+03
2.130954e+00	1.382114e+00	1.727301e+03	6.824395e+03
1.940353e+00	1.508026e+00	1.662981e+02	5.443535e+02
1.885522e+00	1.549814e+00	8.798665e+01	6.084673e+02
2.582759e+00	1.166429e+00	3.391573e+02	8.423467e+03
2.637689e+00	1.145399e+00	9.787794e+01	1.073540e+03
2.153925e+00	1.369115e+00	1.136439e+03	5.032806e+02
1.942481e+00	1.506225e+00	1.059084e+03	1.898932e+01
1.837852e+00	1.588983e+00	3.683927e+01	1.467012e+03
2.663142e+00	1.136691e+00	1.055455e+03	3.557754e+03
1.928232e+00	1.517681e+00	2.568810e+02	3.691400e+03
1.790325e+00	1.632160e+00	4.209943e+03	7.085565e+02
2.154287e+00	1.369250e+00	8.623498e+02	3.489157e+03
2.010073e+00	1.459764e+00	4.906461e+02	4.305270e+03
1.738371e+00	1.678413e+00	4.295742e+02	5.417945e+02
2.377454e+00	1.253369e+00	2.844675e+01	1.731475e+03
2.571337e+00	1.170777e+00	5.106825e+02	3.767179e+03
2.165676e+00	1.362787e+00	1.117087e+03	2.701297e+03
2.036729e+00	1.441025e+00	2.616181e+02	1.786801e+03
1.757727e+00	1.660562e+00	1.381847e+03	1.997732e+03
2.566750e+00	1.172886e+00	1.422762e+02	5.170603e+03
1.990022e+00	1.472872e+00	4.563779e+02	2.109450e+03
2.525312e+00	1.189103e+00	1.762035e+02	7.490279e+03
1.765349e+00	1.654103e+00	3.109690e+02	4.957807e+03
2.741618e+00	1.108815e+00	5.191587e+02	2.346579e+03
2.969509e+00	1.037970e+00	1.005031e+02	6.019073e+03
2.398395e+00	1.243078e+00	8.667769e+01	9.470075e+02
1.828973e+00	1.595956e+00	2.523837e+02	2.813118e+03
2.177371e+00	1.355877e+00	1.170791e+03	3.483610e+03
1.795292e+00	1.626723e+00	2.375808e+03	4.535098e+02
2.447573e+00	1.220157e+00	6.751171e+01	5.823216e+03
2.272673e+00	1.304229e+00	2.679453e+02	6.625111e+03
2.270408e+00	1.305495e+00	1.370458e+02	1.073893e+02
2.658228e+00	1.137393e+00	1.534011e+02	7.239356e+03
2.503051e+00	1.198926e+00	3.114091e+02	6.772405e+03
2.008592e+00	1.460106e+00	9.196447e+02	2.789357e+03
2.565700e+00	1.173005e+00	1.501117e+02	1.601801e+03
1.809809e+00	1.612660e+00	5.912412e+02	2.224226e+02
2.118504e+00	1.388567e+00	6.545343e+01	1.345780e+01
1.714846e+00	1.701353e+00	4.295045e+02	4.563570e+02
2.634500e+00	1.146837e+00	1.150826e+02	3.013254e+03
1.977723e+00	1.481461e+00	6.897367e+02	4.402199e+02
2.180336e+00	1.354295e+00	1.722942e+03	1.116574e+03
1.784366e+00	1.636673e+00	4.365700e+02	2.570332e+03
2.543367e+00	1.181752e+00	2.939207e+02	6.398488e+03
1.992227e+00	1.471480e+00	2.396337e+03	7.624322e+02
1.892963e+00	1.544991e+00	1.699045e+03	1.126249e+03
1.816914e+00	1.608161e+00	3.236667e+03	1.788812e+03
2.167198e+00	1.362046e+00	8.779220e+02	3.739352e+03
1.774866e+00	1.644274e+00	2.452336e+02	1.540166e+02
1.970745e+00	1.487125e+00	4.595687e+02	3.267478e+03
2.393834e+00	1.245148e+00	2.398745e+02	3.621999e+03
2.526277e+00	1.188524e+00	3.719971e+02	8.585159e+03
2.479274e+00	1.207371e+00	5.890348e+02	8.130425e+03
2.496323e+00	1.201685e+00	1.560138e+02	8.441160e+03
2.523207e+00	1.189641e+00	1.710878e+02	8.492834e+03
2.592373e+00	1.162676e+00	1.614471e+02	8.215970e+03
1.946692e+00	1.504587e+00	1.610614e+03	3.178968e+03
2.387807e+00	1.247643e+00	2.482138e+01	7.919911e+02
1.950436e+00	1.501549e+00	8.832082e+02	2.435978e+03
2.509691e+00	1.195179e+00	4.222946e+02	9.586708e+03
1.750032e+00	1.667422e+00	1.998168e+03	1.309685e+03
1.737174e+00	1.679500e+00	5.228233e+02	9.087596e+02
2.079231e+00	1.414152e+00	8.406240e+02	2.314963e+03
1.904121e+00	1.536771e+00	1.652292e+03	8.150837e+02
2.452258e+00	1.218688e+00	2.167031e+02	6.737867e+03
2.022242e+00	1.452040e+00	4.600653e+02	5.999061e+03
1.959465e+00	1.494315e+00	1.290953e+03	1.063210e+03
1.990314e+00	1.472534e+00	4.035141e+01	2.803747e+02
2.176938e+00	1.356222e+00	5.907613e+02	3.459676e+03
2.286645e+00	1.297410e+00	1.212081e+02	8.220305e+03
2.336341e+00	1.272613e+00	4.422658e+02	8.448636e+03
2.231146e+00	1.326239e+00	8.171853e+02	2.990666e+03
1.884325e+00	1.552344e+00	1.598533e+03	2.220270e+03
2.454114e+00	1.219055e+00	1.414942e+02	5.673482e+03
2.411203e+00	1.237826e+00	7.156538e+02	2.538961e+03
1.971834e+00	1.485255e+00	1.006333e+02	5.093714e+03
1.809531e+00	1.613931e+00	1.256692e+03	1.500592e+03
2.425341e+00	1.231148e+00	7.860283e+00	4.707589e+03
1.985756e+00	1.476916e+00	2.266923e+03	2.965112e+03
1.824269e+00	1.600463e+00	1.769912e+02	7.354636e+02
2.111157e+00	1.394758e+00	2.044598e+02	7.945010e+03
2.552200e+00	1.177618e+00	6.890960e+02	2.079819e+03
2.056891e+00	1.426898e+00	2.584347e+02	2.303165e+02
1.754646e+00	1.664472e+00	3.277559e+03	5.734402e+02
1.813684e+00	1.610408e+00	8.677892e+02	5.642251e+02
1.902902e+00	1.536775e+00	4.808201e+02	1.020794e+03
2.365524e+00	1.258934e+00	1.217762e+02	5.033737e+03
1.959166e+00	1.495101e+00	1.355684e+03	5.322518e+03
1.845235e+00	1.584963e+00	1.089935e+02	4.707868e+03
2.646539e+00	1.141652e+00	1.143652e+02	7.214800e+03
2.147197e+00	1.374167e+00	4.769789e+02	5.587598e+03
1.840613e+00	1.587221e+00	1.579468e+02	3.123358e+02
2.493786e+00	1.201143e+00	6.363522e+01	5.356876e+03
2.002456e+00	1.466017e+00	1.948554e+03	3.788275e+02
2.009147e+00	1.460093e+00	4.631538e+02	2.238306e+03
1.834131e+00	1.593867e+00	1.120659e+03	2.231936e+03
2.035761e+00	1.440832e+00	2.665812e+01	1.648308e+03
2.101175e+00	1.401553e+00	7.417811e+02	3.106140e+03
2.235039e+00	1.324806e+00	8.571693e+02	3.952267e+03
1.754371e+00	1.662874e+00	2.519854e+02	3.687484e+02
2.024601e+00	1.448024e+00	3.795048e+01	1.307851e+03
2.270762e+00	1.304681e+00	1.637899e+02	3.418995e+03
2.550101e+00	1.179077e+00	6.810000e+02	3.837287e+03
2.252466e+00	1.314861e+00	1.153539e+03	4.333370e+02
2.034553e+00	1.443059e+00	1.746586e+03	2.204737e+03
1.860164e+00	1.570928e+00	1.572124e+02	1.190914e+03
1.736228e+00	1.680115e+00	2.990700e+02	3.122489e+02
1.841370e+00	1.585895e+00	3.506343e+02	1.637860e+03
2.275383e+00	1.302499e+00	2.351349e+01	7.199173e+02
2.476628e+00	1.208744e+00	1.613748e+01	4.102650e+03
1.958814e+00	1.494607e+00	2.812358e+02	3.083320e+03
2.461178e+00	1.214866e+00	1.727606e+02	4.739865e+03
2.261207e+00	1.310830e+00	4.220803e+01	4.845121e+03
1.781561e+00	1.637681e+00	3.631587e+02	2.423398e+02
1.957313e+00	1.497655e+00	2.247294e+02	7.404629e+03
1.896839e+00	1.541702e+00	1.182255e+03	1.673400e+03
2.089407e+00	1.407605e+00	8.608071e+02	4.631626e+03
2.514987e+00	1.192961e+00	1.642964e+02	1.430200e+03
3.024779e+00	1.022357e+00	7.382976e+02	5.207961e+03
1.812264e+00	1.610963e+00	4.344521e+02	1.641690e+03
1.906588e+00	1.534263e+00	1.187841e+03	3.646010e+03
1.887238e+00	1.549943e+00	1.629458e+03	1.140757e+03
2.544139e+00	1.181575e+00	2.306876e+02	5.892161e+03
2.058863e+00	1.426925e+00	4.329503e+02	3.085925e+02
1.762878e+00	1.655134e+00	3.036636e+03	8.407161e+02
2.358081e+00	1.262145e+00	8.844802e+01	4.773253e+03
2.569009e+00	1.171519e+00	3.878978e+02	4.304345e+03
1.959383e+00	1.495604e+00	7.372795e+02	2.543216e+03
2.429375e+00	1.230043e+00	8.400576e+02	4.038554e+03
2.656801e+00	1.137799e+00	4.902083e+01	6.533244e+03
1.986032e+00	1.475406e+00	5.599524e+02	2.446270e+03
2.296169e+00	1.291858e+00	3.391413e+02	3.968014e+03
2.344281e+00	1.268330e+00	4.711926e+02	3.167207e+03
2.591375e+00	1.163120e+00	1.903472e+03	5.839651e+03
2.254939e+00	1.314218e+00	2.799513e+02	4.730646e+03
2.554194e+00	1.177798e+00	4.894544e+02	4.260640e+03
2.620669e+00	1.151636e+00	1.785766e+02	4.685446e+03
2.368432e+00	1.256993e+00	2.258577e+02	4.542522e+01
2.621316e+00	1.151484e+00	1.597268e+02	4.965966e+03
1.739315e+00	1.677413e+00	1.264192e+03	1.689579e+01
2.425461e+00	1.231821e+00	1.083214e+03	4.722955e+03
2.517622e+00	1.191832e+00	2.149001e+01	1.476735e+03
2.022036e+00	1.451983e+00	3.562013e+02	2.393602e+03
1.945816e+00	1.504478e+00	5.083287e+01	8.386861e+02
1.989848e+00	1.472996e+00	2.025951e+02	1.549724e+03
1.804251e+00	1.618219e+00	4.482127e+02	4.435325e+02
1.819859e+00	1.605028e+00	8.517687e+02	4.684618e+02
2.311097e+00	1.284948e+00	3.168928e-01	9.161261e+02
2.199982e+00	1.343202e+00	5.176911e+02	8.677054e+03
2.176997e+00	1.356057e+00	2.305528e+02	3.674965e+03
1.850644e+00	1.578881e+00	2.862403e+02	1.906886e+03
2.226491e+00	1.328935e+00	8.551697e+02	3.269748e+03
2.262606e+00	1.309045e+00	6.619040e+02	1.951135e+03
2.574477e+00	1.169623e+00	4.198420e+02	6.515386e+03
2.641677e+00	1.143131e+00	3.752867e+02	6.597135e+03
2.042030e+00	1.438895e+00	8.879256e+02	1.391638e+03
1.801349e+00	1.620005e+00	1.236481e+02	2.069099e+01
2.663396e+00	1.136504e+00	7.559924e+02	1.772795e+03
2.010031e+00	1.459298e+00	4.659747e+02	6.011553e+02
2.151124e+00	1.371001e+00	1.375109e+03	4.184275e+03
2.282882e+00	1.299817e+00	1.555884e+03	2.470296e+03
2.665184e+00	1.135655e+00	5.710030e+02	3.307042e+03
1.756562e+00	1.660298e+00	2.575878e+02	4.140778e+02
2.397978e+00	1.242973e+00	3.825261e+02	2.972407e+03
2.632793e+00	1.147520e+00	4.845217e+02	4.917317e+03
2.188156e+00	1.350242e+00	2.498998e+03	4.809124e+02
1.716415e+00	1.700709e+00	2.907208e+03	3.259316e+03
1.933252e+00	1.514068e+00	1.077507e+03	1.328349e+03
2.151947e+00	1.371172e+00	3.362520e+02	5.293887e+03
1.898439e+00	1.540724e+00	1.422428e+03	1.527422e+03
2.207716e+00	1.338241e+00	9.489536e+02	3.972400e+03
2.093995e+00	1.405537e+00	1.528481e+03	8.014642e+02
2.261030e+00	1.310661e+00	4.124105e+02	2.526913e+03
2.613284e+00	1.153730e+00	4.069282e+01	8.132708e+03
2.641250e+00	1.143438e+00	1.371160e+02	6.702422e+03
1.841092e+00	1.586638e+00	1.844961e+03	3.284928e+02
2.193305e+00	1.347085e+00	2.464065e+03	6.648596e+03
1.931602e+00	1.515171e+00	1.033384e+03	7.023081e+02
2.524853e+00	1.188511e+00	6.892805e+01	3.314067e+03
2.011910e+00	1.457972e+00	5.498861e+02	2.242634e+03
2.528612e+00	1.187027e+00	1.140437e+02	2.834288e+03
2.049193e+00	1.432918e+00	2.872301e+02	4.220485e+03
1.852706e+00	1.576118e+00	3.168730e+02	3.087367e+02
2.313415e+00	1.283839e+00	9.553540e+02	6.627091e+02
1.853075e+00	1.576701e+00	5.670883e+02	3.353569e+03
1.715946e+00	1.699987e+00	1.447755e+03	2.621264e+01
1.813145e+00	1.609524e+00	2.733104e+02	2.264009e+02
2.237237e+00	1.322064e+00	9.851203e+00	2.534373e+02
1.947667e+00	1.504112e+00	1.689994e+03	2.045935e+03
2.128440e+00	1.383192e+00	1.072340e+02	4.092432e+02
1.889339e+00	1.547196e+00	8.811987e+02	1.457632e+03
1.829131e+00	1.597354e+00	1.945431e+02	4.933507e+02
2.004123e+00	1.462917e+00	8.986338e+02	2.678047e+03
2.455114e+00	1.218506e+00	4.420514e+02	9.698359e+02
2.592719e+00	1.162624e+00	4.238485e+01	5.006750e+03
1.987177e+00	1.473553e+00	2.861641e+02	6.053672e+02
1.992376e+00	1.472599e+00	3.008549e+03	8.362902e+02
2.408383e+00	1.239038e+00	2.957918e+01	4.049048e+03
1.755414e+00	1.663260e+00	2.791160e+03	1.887849e+03
1.891893e+00	1.545527e+00	8.629798e+02	1.821751e+03
2.700928e+00	1.122007e+00	5.036550e+01	5.564342e+03
2.043027e+00	1.439065e+00	5.598298e+02	4.628663e+03
1.924977e+00	1.520142e+00	3.352342e+00	1.287938e+03
1.953467e+00	1.499912e+00	5.780285e+02	3.834582e+03
2.311467e+00	1.285105e+00	1.619135e+02	6.328978e+03
2.364678e+00	1.258451e+00	5.400005e+02	3.374673e+03
2.661371e+00	1.137191e+00	6.706807e+02	3.516184e+03
1.909088e+00	1.532452e+00	1.671517e+03	3.018906e+03
1.794272e+00	1.626832e+00	5.524368e+02	6.479258e+02
2.319288e+00	1.281156e+00	3.638889e+02	5.486187e+03
2.601178e+00	1.159494e+00	3.756324e+02	7.544553e+03
1.981956e+00	1.478254e+00	2.733894e+01	2.267927e+02
2.489425e+00	1.204076e+00	7.653110e+01	2.010210e+03
2.533711e+00	1.185519e+00	5.355166e+02	8.704129e+03
2.419005e+00	1.233864e+00	2.965635e+02	8.002163e+03
2.025781e+00	1.449498e+00	7.733758e+02	4.999181e+03
2.504959e+00	1.196928e+00	1.131787e+01	1.066259e+03
2.324961e+00	1.278340e+00	5.520189e+02	3.327910e+03
2.417565e+00	1.235295e+00	8.924271e+02	4.504972e+03
1.980892e+00	1.479314e+00	2.210349e+02	3.690125e+02
2.235117e+00	1.324443e+00	1.915706e+03	2.266329e+03
2.651722e+00	1.139564e+00	5.466114e+01	7.648777e+03
2.522840e+00	1.189897e+00	1.365126e+03	1.825272e+03
2.034867e+00	1.443029e+00	6.435785e+02	3.709016e+03
2.090361e+00	1.406671e+00	3.816504e+02	3.241614e+02
2.398769e+00	1.243136e+00	1.077215e+02	1.000588e+03
2.381948e+00	1.250268e+00	6.437175e+02	7.165476e+02
1.791954e+00	1.629599e+00	2.290399e+03	1.405707e+03
2.131898e+00	1.383243e+00	4.715841e+02	2.132067e+03
1.909477e+00	1.532468e+00	5.406025e+02	3.526007e+03
1.949297e+00	1.502936e+00	2.463638e+02	4.404263e+03
2.111543e+00	1.395552e+00	1.220771e+03	2.183963e+03
2.729178e+00	1.112847e+00	1.471285e+01	8.812045e+03
1.854730e+00	1.574599e+00	6.514889e+02	1.999889e+03
2.596078e+00	1.160022e+00	8.960663e+01	6.867899e+03
1.871940e+00	1.561635e+00	9.594766e+02	9.475741e+02
2.284790e+00	1.298452e+00	7.448947e+01	3.414347e+03
1.952210e+00	1.499407e+00	1.669506e+03	1.335392e+02
1.845354e+00	1.581927e+00	3.224842e+02	1.365564e+02
1.959937e+00	1.494335e+00	6.138558e+02	4.443522e+02
2.589434e+00	1.163563e+00	2.608748e+02	7.814926e+03
2.635486e+00	1.145301e+00	1.891054e+02	5.301651e+03
2.526551e+00	1.187817e+00	2.406903e+02	4.429984e+03
2.805037e+00	1.087092e+00	3.664863e+02	1.092860e+03
2.347268e+00	1.266789e+00	2.443411e+02	2.170104e+02
2.615228e+00	1.154259e+00	5.273500e+02	3.516162e+03
1.991606e+00	1.471703e+00	5.392215e+02	2.154839e+03
1.742591e+00	1.674851e+00	9.861833e+02	1.697803e+03
2.477306e+00	1.208081e+00	5.538433e+02	1.484334e+02
2.541649e+00	1.182001e+00	1.931982e+02	4.828516e+03
2.410561e+00	1.238116e+00	2.190271e+02	3.881417e+03
1.748100e+00	1.671121e+00	2.859591e+03	1.421945e+03
2.293066e+00	1.293095e+00	7.578363e+02	1.681717e+02
1.763087e+00	1.654983e+00	5.047035e+02	8.271927e+02
1.868085e+00	1.565341e+00	1.223254e+03	3.620635e+03
1.866695e+00	1.566952e+00	1.068294e+03	9.837697e+02
2.184126e+00	1.351393e+00	6.854550e+01	6.338837e+03
2.596119e+00	1.161125e+00	7.583566e+01	4.241052e+03
2.345314e+00	1.268465e+00	3.101474e+01	2.595746e+03
2.636821e+00	1.144963e+00	1.738520e+02	6.895864e+03
1.732837e+00	1.684662e+00	6.355556e+02	3.263732e+02
2.128339e+00	1.384519e+00	8.991010e+02	5.959335e+03
2.357740e+00	1.262135e+00	8.456883e+02	3.068178e+03
2.431799e+00	1.229836e+00	1.619038e+03	5.959692e+03
1.719228e+00	1.697439e+00	1.019379e+03	1.960054e+03
2.105486e+00	1.398115e+00	1.311673e+03	2.241594e+03
2.181358e+00	1.354113e+00	6.787537e+02	5.008858e+03
2.560835e+00	1.174673e+00	3.964150e+02	3.507199e+03
2.310517e+00	1.284868e+00	4.231911e+01	1.371571e+03
2.710741e+00	1.118569e+00	8.049691e+01	5.299599e+03
2.211921e+00	1.335564e+00	3.850438e+01	1.762233e+02
1.883215e+00	1.552350e+00	2.292034e+02	2.313040e+02
1.881511e+00	1.555374e+00	3.933754e+03	1.622591e+02
2.396865e+00	1.243875e+00	1.666403e+02	7.947499e+01
1.708482e+00	1.707027e+00	3.542398e+02	3.701738e+02
1.976366e+00	1.482058e+00	4.880298e+01	5.600162e+02
2.382288e+00	1.251917e+00	7.983876e+02	1.744929e+03
1.871233e+00	1.561903e+00	2.665920e+02	1.433379e+02
2.876725e+00	1.065251e+00	1.741438e+03	4.281763e+02
2.130884e+00	1.382577e+00	6.849447e+02	3.213828e+03
1.874821e+00	1.558216e+00	2.378948e+01	4.789235e+02
1.894684e+00	1.542785e+00	1.049352e+03	1.521331e+03
2.445949e+00	1.221744e+00	7.800743e+01	6.183926e+02
1.878780e+00	1.555344e+00	2.944003e+03	2.862714e+02
2.441320e+00	1.223730e+00	2.531929e+02	9.083390e+01
2.511678e+00	1.193836e+00	1.967585e+02	3.688330e+03
1.957425e+00	1.496662e+00	5.360682e+02	3.553955e+03
2.298964e+00	1.290615e+00	8.986643e+00	1.253250e+03
2.255751e+00	1.313427e+00	7.771695e+02	2.009946e+03
2.429227e+00	1.229668e+00	3.066111e+02	8.348764e+03
2.237406e+00	1.322558e+00	9.273054e+02	2.605424e+03
1.743642e+00	1.673318e+00	1.022392e+02	2.533423e+03
1.748466e+00	1.668812e+00	3.404295e+02	8.344792e+02
2.519223e+00	1.191332e+00	1.650494e+01	5.134015e+03
1.959752e+00	1.495509e+00	9.850453e+02	2.375833e+03
2.027758e+00	1.446598e+00	1.997801e+02	2.114842e+03
1.861461e+00	1.569675e+00	1.107962e+03	9.249697e+01
2.513713e+00	1.193714e+00	3.481226e+02	8.747974e+03
1.785514e+00	1.636104e+00	1.411960e+03	5.609313e+03
2.386676e+00	1.249605e+00	1.997482e+01	1.942872e+03
2.203952e+00	1.341196e+00	8.360191e+02	3.112637e+03
1.817447e+00	1.606678e+00	1.852336e+03	1.339803e+01
2.307488e+00	1.286712e+00	3.746901e+02	3.952735e+03
2.025248e+00	1.449044e+00	5.301195e+02	1.875859e+03
2.225560e+00	1.329875e+00	2.660309e+02	5.885386e+03
2.301193e+00	1.290578e+00	2.844862e+03	1.692171e+03
2.413687e+00	1.235892e+00	3.386756e+01	4.976527e+03
1.918175e+00	1.525375e+00	3.147948e+02	8.241919e-01
1.930351e+00	1.515964e+00	4.854218e+02	3.042999e+03
2.224905e+00	1.329238e+00	1.327532e+03	7.829368e+03
1.926679e+00	1.519869e+00	9.829295e+02	6.925526e+02
2.250594e+00	1.315694e+00	5.209630e+02	8.391412e+01
2.625899e+00	1.149951e+00	1.017977e+02	7.487288e+03
2.385858e+00	1.248391e+00	2.155257e+02	1.776466e+01
2.489629e+00	1.203243e+00	1.788883e+01	5.295156e+02
2.586840e+00	1.164916e+00	1.491419e+02	2.536814e+03
2.485340e+00	1.205123e+00	1.368786e+02	8.581946e+03
1.751360e+00	1.666230e+00	4.218672e+02	4.660070e+02
2.583270e+00	1.165995e+00	1.366415e+02	4.372204e+03
2.356729e+00	1.263113e+00	4.943894e+02	5.092306e+03
2.096911e+00	1.403477e+00	9.738499e+02	3.012364e+03
2.308031e+00	1.285848e+00	1.016878e+02	1.150189e+03
2.507215e+00	1.196223e+00	3.387116e+02	9.137788e+03
1.863974e+00	1.567028e+00	4.928823e+02	1.525232e+03
1.917832e+00	1.524808e+00	1.396277e+03	3.213277e+02
2.527081e+00	1.188220e+00	6.882991e+02	4.287846e+03
1.859484e+00	1.571574e+00	7.485038e+01	5.485979e+02
2.342094e+00	1.269904e+00	4.726072e+02	5.004091e+03
2.469758e+00	1.211769e+00	4.872208e+02	6.120921e+03
2.359901e+00	1.261986e+00	1.074134e+02	7.825354e+03
2.721753e+00	1.115500e+00	9.204703e+01	8.359522e+03
2.740577e+00	1.107984e+00	1.741044e+02	6.227476e+02
2.193760e+00	1.346147e+00	1.097345e+02	2.965988e+02
1.734695e+00	1.681642e+00	8.479376e+02	5.207103e+02
1.910296e+00	1.531022e+00	2.877584e+02	7.379613e+02
1.889852e+00	1.546050e+00	4.349741e+01	6.124444e+02
1.969007e+00	1.487989e+00	9.658418e+02	2.397401e+03
1.942525e+00	1.506249e+00	1.484894e+03	6.020457e+02
2.297045e+00	1.292105e+00	3.349896e+02	4.986908e+03
1.863255e+00	1.568060e+00	4.478572e+02	4.115954e+02
2.446033e+00	1.221309e+00	8.041191e+01	8.203735e+03
2.003447e+00	1.462610e+00	2.372257e+02	1.146352e+03
1.820580e+00	1.605664e+00	2.546109e+03	2.470831e+03
2.195704e+00	1.345768e+00	8.214893e+02	3.170379e+03
2.434677e+00	1.227498e+00	2.426539e+02	1.130311e+03
2.085250e+00	1.410261e+00	2.947769e+03	9.377097e+03
2.139952e+00	1.377405e+00	7.431238e+01	4.717082e+03
2.017330e+00	1.454647e+00	2.207821e+03	1.918860e+03
1.821680e+00	1.604463e+00	1.822635e+03	2.059764e+02
2.666978e+00	1.133934e+00	1.619117e+02	7.354811e+03
1.969104e+00	1.487360e+00	2.051573e+02	2.252217e+03
1.837153e+00	1.590429e+00	1.961413e+03	5.699924e+02
2.504539e+00	1.197311e+00	2.907075e+02	4.264728e+03
1.789062e+00	1.631330e+00	3.895758e+02	1.590234e+02
2.054255e+00	1.431328e+00	7.637962e+02	6.504867e+03
1.915620e+00	1.526994e+00	5.462517e+02	3.689425e+02
1.908338e+00	1.533241e+00	1.947106e+03	2.000705e+03
2.426305e+00	1.230830e+00	1.163941e+02	1.774699e+03
2.114725e+00	1.392491e+00	1.375522e+02	5.292774e+03
2.278493e+00	1.301099e+00	4.856725e+02	4.687112e+03
1.799137e+00	1.623942e+00	2.652464e+03	3.756469e+02
1.792191e+00	1.629150e+00	1.209930e+03	1.766326e+03
2.573916e+00	1.169896e+00	6.210040e+02	5.527431e+03
1.726548e+00	1.690378e+00	5.850700e+02	9.983097e+02
2.004202e+00	1.461958e+00	4.412202e+01	1.092326e+03
2.214354e+00	1.334440e+00	4.281707e+02	1.668243e+03
2.300723e+00	1.290665e+00	1.230300e+02	2.546820e+03
2.084772e+00	1.410868e+00	1.993512e+03	1.260037e+03
2.427736e+00	1.230382e+00	1.066053e+02	6.524749e+03
1.755289e+00	1.662976e+00	6.173964e+02	1.024391e+02
2.125685e+00	1.386839e+00	5.293531e+02	2.453935e+03
2.086489e+00	1.410102e+00	9.600441e+01	2.010665e+03
1.905474e+00	1.535698e+00	1.594008e+03	3.153990e+03
2.037247e+00	1.441034e+00	4.878531e+02	1.888673e+03
1.873009e+00	1.559420e+00	2.008047e+03	2.964344e+02
2.105378e+00	1.398888e+00	2.393691e+03	2.075869e+03
1.731455e+00	1.684726e+00	2.197451e-01	8.252944e+02
1.746716e+00	1.670582e+00	1.068351e+03	1.889311e+03
2.058980e+00	1.426871e+00	2.185687e+02	3.710322e+03
2.465353e+00	1.213182e+00	6.501298e+02	5.067995e+02
2.087906e+00	1.409197e+00	4.710004e+02	5.790536e+03
2.217193e+00	1.333860e+00	5.189888e+02	3.455507e+03
1.720105e+00	1.695955e+00	3.014199e+01	4.591065e+02
2.356572e+00	1.262177e+00	3.110519e+02	4.406196e+02
1.934438e+00	1.513799e+00	1.104776e+03	1.739793e+03
1.738104e+00	1.678302e+00	2.763693e+03	4.536821e+01
2.316032e+00	1.281758e+00	9.602532e+01	3.499441e+02
2.289640e+00	1.295328e+00	1.569012e+03	2.236240e+03
2.179308e+00	1.355031e+00	2.216204e+03	9.270127e+02
2.439747e+00	1.224338e+00	8.595673e+01	3.693086e+03
1.958316e+00	1.494380e+00	1.099690e+03	1.252788e+03
1.909730e+00	1.531656e+00	6.255089e+01	7.305063e+02
1.823624e+00	1.600272e+00	4.756175e+02	3.755157e+02
2.302253e+00	1.289446e+00	2.127600e+02	5.181145e+03
2.576161e+00	1.168770e+00	3.870199e+01	7.510745e+03
1.913373e+00	1.528175e+00	2.211553e+03	4.163324e+03
2.076256e+00	1.416786e+00	4.276875e+01	6.881021e+03
1.872954e+00	1.560273e+00	6.340111e+02	6.991728e+02
2.160678e+00	1.364210e+00	5.793685e+02	2.892660e+02
1.731325e+00	1.685707e+00	1.878673e+03	2.103735e+03
2.268120e+00	1.306575e+00	5.138377e+02	5.224193e+03
2.127754e+00	1.384097e+00	3.455328e+02	1.686714e+00
1.753991e+00	1.664768e+00	1.644921e+03	1.171537e+03
2.326018e+00	1.277750e+00	1.831337e+02	5.979408e+03
3.045636e+00	1.016854e+00	3.473749e+01	4.551785e+03
1.877832e+00	1.556077e+00	6.673621e+02	2.252608e+03
1.821602e+00	1.602937e+00	3.373591e+03	2.327773e+03
2.002640e+00	1.463940e+00	3.333620e+02	7.281176e+02
2.951610e+00	1.043001e+00	4.455520e+02	1.928250e+03
2.718143e+00	1.116602e+00	1.036772e+01	8.537057e+03
2.248728e+00	1.316653e+00	7.297622e+02	2.558321e+03
2.423705e+00	1.231707e+00	1.075809e+02	1.033624e+03
2.183175e+00	1.352673e+00	2.169502e+02	5.226920e+03
2.616898e+00	1.153374e+00	4.054741e+01	5.928850e+03
2.084527e+00	1.411260e+00	1.236474e+03	2.243181e+03
2.617150e+00	1.153032e+00	4.298118e+02	5.025900e+03
2.582260e+00	1.166283e+00	2.753842e+01	2.633183e+03
2.107143e+00	1.395805e+00	3.904317e+02	2.276881e+02
2.388860e+00	1.248128e+00	3.906312e+02	3.980466e+03
2.388208e+00	1.248154e+00	6.613216e+01	1.983646e+03
2.474742e+00	1.209146e+00	2.113339e+02	1.808299e+01
2.743371e+00	1.107291e+00	6.238874e+01	8.757055e+03
2.051223e+00	1.432080e+00	1.415420e+03	2.573428e+03
2.505733e+00	1.196817e+00	6.693966e+02	1.739143e+03
2.044383e+00	1.436437e+00	3.935931e+02	9.805055e+03
1.902381e+00	1.537535e+00	6.541274e+02	2.375310e+02
2.112146e+00	1.394478e+00	2.365434e+03	7.347235e+02
2.341011e+00	1.269831e+00	5.332435e+01	5.628507e+03
2.443531e+00	1.223679e+00	3.189646e+02	3.701954e+03
2.157683e+00	1.365868e+00	4.381082e+02	3.746115e+02
1.851768e+00	1.578680e+00	2.557134e+03	1.484074e+03
2.406645e+00	1.239204e+00	2.456903e+02	5.184486e+03
2.493251e+00	1.202124e+00	1.522710e+02	8.377805e+03
1.898888e+00	1.539365e+00	5.669279e+02	1.611149e+02
1.744736e+00	1.674312e+00	2.217478e+03	3.253371e+03
1.788549e+00	1.633707e+00	2.931663e+03	1.794959e+03
2.676860e+00	1.131340e+00	3.976813e+02	9.475960e+03
2.385626e+00	1.249161e+00	1.280253e+02	3.187821e+03
1.946053e+00	1.504996e+00	1.575936e+03	1.761893e+03
1.823548e+00	1.601224e+00	8.429844e+01	2.533148e+03
2.607892e+00	1.156503e+00	4.970084e+02	4.193534e+03
2.520334e+00	1.190865e+00	5.824555e+02	9.235743e+03
1.768116e+00	1.650439e+00	2.108349e+02	9.766127e+02
2.148216e+00	1.373665e+00	4.487520e+02	1.449650e+03
1.789305e+00	1.631582e+00	1.042633e+03	1.896925e+03
1.746191e+00	1.672006e+00	1.360713e+03	1.094515e+03
2.347912e+00	1.266991e+00	1.088809e+03	4.725541e+03
1.806036e+00	1.617240e+00	1.865790e+03	8.238970e+02
2.320273e+00	1.280308e+00	7.798694e+02	1.608589e+03
1.742623e+00	1.674344e+00	2.356161e+02	7.381739e+02
2.938126e+00	1.047005e+00	4.895845e+01	5.540792e+03
2.605991e+00	1.156435e+00	8.904149e+01	6.134145e+03
1.946196e+00	1.504089e+00	3.148616e+02	2.710130e+03
2.614656e+00	1.153831e+00	6.866322e+01	6.800099e+03
2.131191e+00	1.382987e+00	9.594929e+02	3.400088e+03
1.808089e+00	1.615368e+00	1.781865e+03	1.826708e+01
2.433121e+00	1.227517e+00	6.013424e+02	3.754703e+03
2.118072e+00	1.390831e+00	4.019666e+02	3.820333e+03
1.884820e+00	1.551289e+00	1.066956e+02	6.414504e+02
1.800698e+00	1.622031e+00	7.798615e+02	2.332892e+03
2.568343e+00	1.171978e+00	5.313385e+01	1.825778e+03
2.078529e+00	1.415438e+00	2.298393e+03	1.862734e+03
2.179859e+00	1.354484e+00	9.655706e+02	2.031304e+03
2.014978e+00	1.456899e+00	2.072573e+03	4.941650e+03
2.176039e+00	1.355486e+00	7.455766e+02	6.683018e+02
2.001321e+00	1.465773e+00	4.444618e+02	3.085054e+03
2.387457e+00	1.248472e+00	1.388415e+02	1.926289e+03
2.014075e+00	1.456174e+00	4.070324e+02	2.186061e+03
2.099231e+00	1.402873e+00	2.362600e+03	8.755139e+03
2.599786e+00	1.159958e+00	3.509899e+02	3.007811e+03
2.164934e+00	1.363042e+00	4.030111e+01	4.039911e+03
2.531246e+00	1.186764e+00	4.121214e+02	7.914841e+03
2.197959e+00	1.344370e+00	5.764246e+02	4.722798e+03
1.965957e+00	1.490683e+00	2.071364e+03	4.773464e+03
2.596595e+00	1.160366e+00	1.017380e+02	5.451098e+03
1.831055e+00	1.593964e+00	3.590226e+02	4.429496e+02
2.526118e+00	1.188560e+00	1.807215e+02	2.826881e+03
2.294002e+00	1.293830e+00	9.842017e+01	4.196901e+03
1.719423e+00	1.697222e+00	3.017728e+03	4.462308e+02
2.060862e+00	1.426400e+00	2.000522e+03	3.260713e+02
2.160688e+00	1.364085e+00	3.512636e+02	1.395670e+03
2.325712e+00	1.277829e+00	7.699896e+02	3.966035e+03
2.488125e+00	1.203707e+00	2.041837e+02	1.609909e+03
1.864283e+00	1.566979e+00	9.665938e+01	8.523938e+02
2.116419e+00	1.391937e+00	1.485202e+01	6.487531e+03
1.813456e+00	1.609177e+00	7.645005e+02	2.281824e+03
1.985779e+00	1.475951e+00	7.385910e+02	1.485189e+03
1.783979e+00	1.637499e+00	2.536834e+03	5.214767e+02
1.942864e+00	1.506589e+00	3.214101e+02	2.577328e+03
2.118768e+00	1.389861e+00	6.908912e+02	3.025067e+03
1.952797e+00	1.499941e+00	9.079976e+02	1.148001e+03
2.567436e+00	1.172040e+00	3.572886e+02	5.689515e+03
2.534865e+00	1.184710e+00	1.782450e+02	4.028441e+03
1.977018e+00	1.482748e+00	5.652121e+02	6.288348e+03
2.187787e+00	1.349682e+00	4.139130e+02	2.949585e+02
1.773083e+00	1.645836e+00	1.059328e+02	3.414700e+02
1.878099e+00	1.556623e+00	1.129052e+03	1.915997e+03
2.000528e+00	1.465638e+00	6.856835e+02	2.086099e+03
1.976092e+00	1.482653e+00	1.518889e+03	3.876592e+02
1.939038e+00	1.510052e+00	1.116560e+02	1.744764e+03
1.896126e+00	1.542981e+00	3.367912e+03	1.321110e+03
1.912216e+00	1.530289e+00	6.778645e+02	7.829252e+02
2.456153e+00	1.218293e+00	6.463557e+02	8.541626e+03
1.824892e+00	1.602623e+00	4.745877e+03	4.260002e+03
1.843850e+00	1.584156e+00	3.402430e+02	2.126456e+02
2.387713e+00	1.248077e+00	1.335418e+02	1.097950e+03
2.547245e+00	1.180444e+00	3.486750e+02	5.670967e+03
2.481615e+00	1.206611e+00	7.367926e+02	1.785353e+03
2.558127e+00	1.176033e+00	1.268208e+03	6.373781e+03
1.980355e+00	1.480026e+00	3.232206e+03	3.194294e+03
2.207393e+00	1.338808e+00	1.022304e+03	5.318942e+03
2.020523e+00	1.454230e+00	5.987989e+02	3.794975e+03
1.827596e+00	1.598235e+00	1.175860e+03	1.596299e+03
2.180271e+00	1.354549e+00	2.482668e+03	5.633019e+03
2.473174e+00	1.210017e+00	7.037564e+01	5.915644e+03
1.980536e+00	1.479250e+00	1.814782e+03	1.152177e+03
2.676941e+00	1.130307e+00	1.479074e+02	7.803612e+03
1.785468e+00	1.635218e+00	9.190509e+02	2.040459e+03
1.794981e+00	1.627195e+00	3.698987e+02	9.283228e+03
2.494822e+00	1.201697e+00	1.729143e+02	2.033783e+03
2.628869e+00	1.147821e+00	2.282371e+02	1.061616e+03
2.608904e+00	1.155946e+00	4.567343e+01	3.026309e+03
2.636521e+00	1.146166e+00	4.876781e+02	9.245364e+03
2.565516e+00	1.172957e+00	3.577401e+02	5.840518e+03
1.887124e+00	1.549513e+00	8.633522e+01	1.632984e+03
2.259245e+00	1.310219e+00	1.077547e+03	3.226901e+03
2.738346e+00	1.108935e+00	1.956752e+02	2.647175e+03
2.092250e+00	1.406668e+00	2.574918e+01	6.736547e+03
1.909302e+00	1.532808e+00	3.477851e+03	3.962252e+02
2.117790e+00	1.390945e+00	5.552333e+02	6.956712e+03
2.173823e+00	1.357213e+00	2.998485e+02	2.403199e+03
2.628054e+00	1.149211e+00	8.496091e+01	6.414298e+03
1.925871e+00	1.519630e+00	1.545299e+01	8.878863e+02
1.743488e+00	1.672669e+00	3.941525e+02	6.387868e+02
2.291584e+00	1.294282e+00	1.477498e+02	1.226821e+03
2.596416e+00	1.161230e+00	3.059327e+02	4.422641e+03
1.724382e+00	1.691728e+00	2.661506e+02	6.856532e+02
2.619772e+00	1.152187e+00	3.079656e+01	6.480349e+03
1.973964e+00	1.484008e+00	2.830018e+02	1.226803e+02
2.570980e+00	1.171126e+00	5.001859e+02	2.411131e+03
2.550243e+00	1.179086e+00	5.279437e+01	2.295591e+03
2.096372e+00	1.403217e+00	1.222815e+03	1.999917e+03
2.804293e+00	1.087811e+00	3.003775e+02	1.878308e+03
1.965029e+00	1.491322e+00	1.692848e+02	7.159180e+03
2.329346e+00	1.275702e+00	7.019781e+02	4.709482e+03
1.944367e+00	1.505577e+00	4.173800e+02	6.213422e+01
1.983076e+00	1.478577e+00	1.629711e+03	9.759237e+02
1.854036e+00	1.575979e+00	9.274438e+02	2.390579e+03
1.961439e+00	1.494058e+00	7.149520e+02	3.412951e+03
2.124910e+00	1.385611e+00	1.513786e+01	9.998386e+02
2.179938e+00	1.354671e+00	4.162643e+02	4.629131e+03
1.848268e+00	1.581784e+00	3.117624e+03	1.194340e+03
1.822582e+00	1.603972e+00	7.302799e+02	3.598459e+03
2.694438e+00	1.125027e+00	2.457289e+01	8.284848e+03
2.416078e+00	1.235135e+00	6.830885e+02	4.086505e+03
2.254684e+00	1.313382e+00	3.633821e+02	2.992213e+03
2.343268e+00	1.268964e+00	4.219111e+00	1.504434e+03
1.797096e+00	1.624404e+00	2.944158e+02	3.316572e+02
2.214019e+00	1.335557e+00	1.164554e+03	1.479317e+03
1.854189e+00	1.575964e+00	1.150650e+03	2.489682e+03
2.532636e+00	1.186269e+00	9.032991e+01	7.112550e+03
2.444852e+00	1.223040e+00	6.563410e+00	2.062065e+03
2.566922e+00	1.172754e+00	1.244219e+02	8.186542e+03
2.598021e+00	1.160234e+00	1.713429e+02	4.635171e+03
2.017581e+00	1.455031e+00	7.070627e+02	3.527496e+03
2.681081e+00	1.129882e+00	6.249502e+02	4.633190e+03
1.876882e+00	1.557218e+00	3.013728e+02	3.847615e+02
2.385694e+00	1.249879e+00	3.270277e+02	4.379302e+03
1.981331e+00	1.479240e+00	1.478132e+02	6.669846e+03
2.146458e+00	1.373776e+00	1.658454e+03	1.075179e+03
1.936442e+00	1.511188e+00	1.000184e+03	9.506391e+02
1.841650e+00	1.585478e+00	1.491594e+02	6.845619e+02
1.890050e+00	1.548412e+00	3.774383e+03	7.740962e+02
1.741974e+00	1.674926e+00	1.057245e+02	2.881228e+03
2.089871e+00	1.408014e+00	1.651574e+03	4.746743e+01
2.030325e+00	1.445134e+00	1.357303e+02	1.935921e+02
1.751836e+00	1.665637e+00	7.099840e+02	1.754622e+03
1.913578e+00	1.529112e+00	1.124334e+02	1.644153e+03
2.184235e+00	1.351455e+00	4.121551e+02	5.069694e+03
1.809717e+00	1.612659e+00	2.793930e+02	2.216229e+02
2.159185e+00	1.366126e+00	1.779650e+01	3.401615e+03
2.527290e+00	1.187923e+00	4.835891e+02	4.024017e+03
1.938210e+00	1.510940e+00	5.335226e+02	4.905700e+03
2.551771e+00	1.178876e+00	4.820658e+02	4.654683e+03
2.165124e+00	1.362549e+00	2.502342e+02	8.675017e+02
2.432276e+00	1.228475e+00	2.994560e+02	5.613962e+03
2.005138e+00	1.463400e+00	3.654931e+02	5.213562e+03
2.595123e+00	1.161480e+00	5.050941e+02	3.160888e+03
2.605097e+00	1.157680e+00	4.342128e+02	4.281496e+03
1.845922e+00	1.581911e+00	1.946449e+02	4.008245e+02
2.330406e+00	1.274978e+00	9.277744e+00	9.555865e+02
2.474401e+00	1.209210e+00	1.998552e+02	2.948431e+02
2.616163e+00	1.153532e+00	3.602827e+02	3.926082e+03
2.366182e+00	1.257889e+00	2.096907e+02	5.306044e+01
1.937993e+00	1.509717e+00	3.572422e+02	6.763706e+02
2.373559e+00	1.254548e+00	1.825408e+02	3.039053e+03
2.627543e+00	1.149747e+00	7.275724e+02	3.760207e+03
1.945613e+00	1.505892e+00	1.717663e+03	3.392890e+03
2.486083e+00	1.204875e+00	1.444220e+02	9.651543e+02
1.931846e+00	1.515878e+00	2.577345e+01	5.127041e+03
2.042727e+00	1.438049e+00	3.844730e+02	5.201515e+03
1.947802e+00	1.503147e+00	1.686894e+03	1.191374e+02
2.599612e+00	1.159918e+00	3.756335e+02	4.661488e+03
2.241466e+00	1.320117e+00	3.963072e+02	3.933197e+03
2.000852e+00	1.465768e+00	1.419956e+03	5.881611e+02
1.831892e+00	1.593925e+00	2.088555e+02	4.565878e+02
2.418957e+00	1.233669e+00	5.379085e+02	3.929666e+03
1.979657e+00	1.480195e+00	4.491882e+02	3.101154e+03
1.969848e+00	1.487073e+00	1.013603e+03	3.138779e+03
1.890456e+00	1.546941e+00	1.197834e+03	3.533993e+03
1.847589e+00	1.581164e+00	1.750420e+02	2.262012e+03
2.270664e+00	1.304960e+00	1.443606e+03	1.321158e+03
1.720174e+00	1.696230e+00	1.192805e+03	1.310427e+03
1.853554e+00	1.576102e+00	1.611182e+03	8.687121e+02
2.310934e+00	1.285654e+00	1.577914e+03	9.122415e+03
2.672642e+00	1.132803e+00	7.032370e+01	8.148495e+03
2.480145e+00	1.207956e+00	3.993366e+02	8.840616e+03
2.574867e+00	1.169196e+00	4.557734e+02	4.284362e+03
1.911318e+00	1.530635e+00	1.107596e+03	3.066368e+03
2.450354e+00	1.219719e+00	1.077811e+02	2.466795e+01
1.988151e+00	1.474634e+00	1.695022e+03	2.846532e+03
2.016453e+00	1.454727e+00	8.856046e+02	7.905124e+02
2.156038e+00	1.367765e+00	1.605790e+03	4.953241e+02
2.148605e+00	1.373123e+00	1.776526e+03	2.951244e+03
1.870377e+00	1.562311e+00	1.427697e+02	1.411628e+03
1.952242e+00	1.499199e+00	1.453885e+03	5.249012e+02
2.203260e+00	1.341586e+00	7.616051e+02	3.075442e+03
1.818063e+00	1.605066e+00	5.350069e+02	1.811221e+02
2.306962e+00	1.288017e+00	4.276944e+02	3.625156e+02
2.259151e+00	1.311384e+00	2.358363e+02	9.379046e+02
2.003887e+00	1.464031e+00	1.057041e+02	9.546306e+02
1.712440e+00	1.703331e+00	1.602097e+02	1.989256e+02
2.221160e+00	1.331943e+00	1.757982e+02	6.099233e+03
2.084676e+00	1.411626e+00	2.421276e+02	3.619049e+03
2.675856e+00	1.131633e+00	1.222962e+02	8.103079e+03
1.979148e+00	1.480139e+00	1.453123e+02	7.307845e+01
2.228235e+00	1.326870e+00	4.332451e+00	1.191262e+03
2.243768e+00	1.320508e+00	3.170998e+02	4.666112e+03
1.903405e+00	1.536881e+00	9.934304e+02	4.765216e+03
2.635386e+00	1.145439e+00	1.456967e+02	6.186910e+03
2.483577e+00	1.205830e+00	2.093932e+01	8.763403e+03
2.189631e+00	1.348374e+00	8.200640e+02	1.019212e+03
2.491431e+00	1.202347e+00	5.314297e+02	7.419364e+03
2.255957e+00	1.313437e+00	9.359236e+02	7.900569e+03
2.269454e+00	1.305784e+00	1.238217e+01	2.345248e+03
2.145848e+00	1.372688e+00	4.234466e+02	3.513230e+02
1.887962e+00	1.549298e+00	8.479402e+02	8.532648e+02
1.927621e+00	1.517724e+00	1.496439e+03	1.870886e+03
2.299194e+00	1.291918e+00	3.167250e+02	6.017026e+03
2.547782e+00	1.180152e+00	5.386515e+02	6.744760e+03
2.597001e+00	1.160860e+00	3.228549e+02	4.259094e+03
1.874468e+00	1.559204e+00	7.839770e+02	1.542700e+03
2.203767e+00	1.341909e+00	1.007528e+03	4.940178e+02
2.275299e+00	1.303367e+00	3.233438e+02	8.111347e+03
2.095404e+00	1.403882e+00	1.084408e+02	5.630378e+03
2.174256e+00	1.357619e+00	1.555957e+03	2.014313e+03
1.937518e+00	1.510513e+00	1.406444e+03	8.881670e+02
2.122984e+00	1.387857e+00	7.104911e+02	6.791987e+03
1.806309e+00	1.618035e+00	4.180050e+03	4.157955e+02
2.959137e+00	1.040869e+00	4.006520e+00	6.598998e+03
1.829690e+00	1.595836e+00	6.655247e+02	5.171866e+02
2.446847e+00	1.221336e+00	6.131086e+02	1.140014e+03
1.951053e+00	1.501193e+00	1.326081e+03	1.493430e+03
1.840646e+00	1.586592e+00	6.411390e+02	2.776771e+02
1.836715e+00	1.589886e+00	8.109435e+02	1.290857e+03
1.843171e+00	1.584990e+00	2.107191e+03	3.248934e+02
1.832097e+00	1.595490e+00	1.780506e+03	4.202119e+02
1.871006e+00	1.563046e+00	3.226120e+03	1.706549e+03
2.443584e+00	1.223183e+00	2.707376e+02	1.133078e+03
2.246109e+00	1.318034e+00	2.407905e+02	9.664450e+03
2.341209e+00	1.269986e+00	1.316481e+02	4.094997e+02
1.762025e+00	1.655396e+00	5.429710e+02	3.956756e+02
2.433462e+00	1.227484e+00	8.167978e+02	4.824440e+03
2.364122e+00	1.259837e+00	2.769818e+02	2.422793e+03
1.812842e+00	1.610507e+00	2.910614e+03	4.708222e+02
2.048383e+00	1.434182e+00	2.161196e+03	9.111463e+02
2.437211e+00	1.226181e+00	1.461954e+02	6.879167e+03
2.224911e+00	1.329640e+00	9.315260e+02	2.371903e+03
2.570639e+00	1.170807e+00	7.000936e+01	5.688511e+03
2.525169e+00	1.189332e+00	5.281151e+02	5.325998e+03
1.945046e+00	1.504357e+00	1.135171e+03	2.158767e+03
2.607137e+00	1.156427e+00	1.767267e+02	2.241567e+03
1.805375e+00	1.618023e+00	1.321995e+03	1.074205e+03
1.942710e+00	1.505916e+00	3.430582e+02	6.175195e+02
1.787614e+00	1.632590e+00	2.021026e+03	5.551995e+01
2.091134e+00	1.407117e+00	9.455570e+02	3.333934e+02
1.829181e+00	1.597332e+00	3.596264e+03	3.826001e+02
1.957674e+00	1.496105e+00	6.033039e+02	1.011862e+03
2.243418e+00	1.319492e+00	2.897230e+00	4.220219e+03
1.852874e+00	1.576084e+00	8.590841e+01	1.014010e+03
2.385986e+00	1.249225e+00	9.161639e+02	2.569814e+03
1.876940e+00	1.557811e+00	9.227805e+01	1.694703e+03
2.016130e+00	1.454995e+00	8.582837e+02	2.055558e+03
2.526578e+00	1.188299e+00	4.331038e+01	2.854553e+03
2.565874e+00	1.172417e+00	9.466679e+01	3.892447e+03
2.606054e+00	1.157367e+00	5.587386e+01	5.751806e+03
1.898970e+00	1.540223e+00	1.273115e+03	3.463373e+03
1.755402e+00	1.662607e+00	1.849391e+03	9.374163e+02
2.237166e+00	1.323147e+00	1.310291e+03	3.840113e+03
2.075725e+00	1.416428e+00	1.089033e+02	6.365024e+03
2.093366e+00	1.405739e+00	9.124314e+02	3.562130e+03
1.928001e+00	1.518718e+00	1.467366e+03	2.295191e+03
1.738604e+00	1.679180e+00	3.078398e+03	1.978008e+02
2.643011e+00	1.143695e+00	1.522259e+03	5.783069e+03
1.840483e+00	1.586471e+00	1.633041e+02	3.225927e+02
1.838342e+00	1.588813e+00	1.263041e+02	9.912996e+02
2.417171e+00	1.235219e+00	7.518570e+01	1.488429e+03
2.570919e+00	1.170969e+00	5.496756e+02	4.468061e+03
1.762262e+00	1.659165e+00	3.284449e+03	5.058736e+03
1.723610e+00	1.693515e+00	9.755328e+02	2.025170e+03
2.238415e+00	1.323537e+00	9.470020e+02	5.845139e+03
1.824352e+00	1.600968e+00	1.855049e+03	1.941792e+03
2.418176e+00	1.234940e+00	1.335366e+02	1.500543e+03
2.568091e+00	1.171681e+00	6.653164e+02	8.414720e+03
2.047892e+00	1.435450e+00	4.707425e+02	1.300382e+03
2.248667e+00	1.316288e+00	2.068295e+02	5.045657e+02
1.732127e+00	1.684473e+00	5.286046e+02	7.459092e+02
1.800886e+00	1.621148e+00	2.525682e+03	1.833760e+02
2.343396e+00	1.268916e+00	9.363529e+02	1.409825e+03
1.929694e+00	1.516573e+00	1.316247e+03	1.375753e+03
1.794324e+00	1.627555e+00	1.748160e+03	1.206847e+03
2.366374e+00	1.258443e+00	3.116293e+02	2.785472e+03
2.227845e+00	1.327481e+00	3.828864e+01	5.508567e+03
2.013480e+00	1.457181e+00	1.208183e+01	9.261854e+02
1.711295e+00	1.704899e+00	1.715605e+03	1.089913e+03
2.411874e+00	1.237305e+00	5.950337e+02	7.506452e+02
2.018335e+00	1.453665e+00	1.220639e+02	3.963140e+03
2.558600e+00	1.175552e+00	4.419597e+02	4.742464e+03
2.433369e+00	1.227635e+00	9.318979e+01	4.575080e+02
2.295718e+00	1.292995e+00	1.728583e+02	1.785897e+03
2.431397e+00	1.227488e+00	1.603118e+02	5.779232e+03
2.520409e+00	1.191215e+00	4.473612e+02	6.410275e+03
2.458383e+00	1.216541e+00	6.773907e+01	2.116992e+03
1.854305e+00	1.576343e+00	9.002009e+02	2.882849e+03
1.913825e+00	1.528268e+00	3.166729e+02	2.883528e+03
2.595833e+00	1.161484e+00	4.711472e+02	3.866879e+03
1.950766e+00	1.500918e+00	1.492596e+03	1.207889e+03
2.119458e+00	1.388736e+00	2.418450e+02	8.199494e+02
2.709093e+00	1.120006e+00	4.890985e+02	2.269470e+03
2.653875e+00	1.140609e+00	4.719169e+02	9.379246e+03
2.598686e+00	1.159734e+00	1.712703e+02	6.944625e+02
2.227045e+00	1.327746e+00	3.100528e+02	2.273317e+03
2.309350e+00	1.286637e+00	1.929348e+02	1.269413e+03
2.135644e+00	1.379444e+00	7.356785e+02	2.244025e+03
2.069288e+00	1.419972e+00	4.019680e+02	4.194061e+02
2.595317e+00	1.161399e+00	8.125716e+01	3.247649e+03
2.044303e+00	1.436896e+00	1.503437e+03	6.911514e+02
2.658837e+00	1.137668e+00	6.794875e+02	3.976965e+03
2.648511e+00	1.141430e+00	4.832678e+02	8.100932e+03
2.023694e+00	1.449903e+00	2.659773e+02	1.684311e+03
1.839592e+00	1.587926e+00	3.653143e+02	2.235901e+03
1.727695e+00	1.688448e+00	2.183876e+02	3.618832e+02
2.627068e+00	1.148617e+00	1.740108e+02	6.893326e+03
2.487741e+00	1.204416e+00	5.676738e+01	8.425982e+03
1.851052e+00	1.578597e+00	3.075108e+02	1.117088e+03
1.980188e+00	1.481113e+00	5.082065e+02	4.142371e+03
2.122059e+00	1.387754e+00	5.809509e+02	2.729894e+03
2.080615e+00	1.413185e+00	2.376541e+02	3.120501e+03
2.322407e+00	1.279826e+00	3.007435e+02	4.270332e+03
2.017740e+00	1.454115e+00	3.742564e+02	6.419888e+03
2.737930e+00	1.109720e+00	6.672617e+01	2.087727e+03
1.743843e+00	1.672549e+00	3.164129e+02	5.345547e+02
2.455291e+00	1.219333e+00	1.009324e+03	8.276159e+03
2.371188e+00	1.255436e+00	3.287212e+02	3.481006e+03
2.145328e+00	1.373051e+00	6.218237e+02	2.020625e+03
2.313415e+00	1.283839e+00	9.553540e+02	6.627091e+02
2.483599e+00	1.205762e+00	3.843906e+02	2.755904e+03
2.666861e+00	1.134219e+00	7.719245e+00	7.409321e+03
1.932946e+00	1.513493e+00	2.568831e+02	5.571775e+02
2.494558e+00	1.201315e+00	1.518361e+02	2.215896e+03
2.327022e+00	1.276522e+00	2.489856e+02	1.417008e+03
2.731157e+00	1.111937e+00	2.405269e+02	8.202646e+03
2.365549e+00	1.258688e+00	7.685306e+01	2.264276e+03
2.011975e+00	1.457153e+00	2.489402e+02	1.753620e+03
1.845358e+00	1.583195e+00	8.231488e+02	3.952892e+03
2.504654e+00	1.197377e+00	3.916768e+02	4.459532e+03
1.913434e+00	1.530078e+00	3.313932e+02	2.251172e+03
1.767162e+00	1.651330e+00	1.403125e+03	6.387778e+01
2.024281e+00	1.450305e+00	2.005495e+02	1.989052e+03
2.047872e+00	1.433834e+00	3.443392e+02	2.743853e+03
2.647601e+00	1.141035e+00	3.639393e+02	6.643026e+03
1.849464e+00	1.579945e+00	6.114217e+02	3.707603e+03
2.013771e+00	1.457476e+00	8.417809e+02	2.372911e+03
2.538667e+00	1.183985e+00	5.392756e+02	2.830378e+03
2.294748e+00	1.293095e+00	1.014598e+01	1.856594e+03
2.011525e+00	1.458441e+00	6.534745e+02	3.453034e+03
2.224180e+00	1.329518e+00	1.841197e+01	3.538361e+03
2.065716e+00	1.423693e+00	1.694267e+02	2.686584e+03
1.863831e+00	1.567376e+00	3.703391e+02	2.751891e+03
1.985729e+00	1.476257e+00	3.772139e+02	6.091088e+02
2.194835e+00	1.346143e+00	5.588355e+02	3.609968e+03
2.281381e+00	1.299427e+00	3.626065e+01	3.086675e+02
2.561948e+00	1.174487e+00	3.245974e+02	4.193002e+03
1.921328e+00	1.522334e+00	3.467969e+01	1.259343e+03
2.087169e+00	1.409318e+00	2.990541e+02	3.227288e+03
2.673246e+00	1.131493e+00	1.852717e+02	5.945272e+03
1.774739e+00	1.646030e+00	2.500112e+03	4.202296e+02
2.459603e+00	1.216447e+00	2.442855e+02	9.038783e+03
1.904619e+00	1.535447e+00	1.233814e+02	1.392692e+03
2.614604e+00	1.153371e+00	1.820837e+02	1.086090e+03
2.427510e+00	1.229710e+00	4.994794e+02	1.409513e+03
2.567727e+00	1.172474e+00	8.915899e+01	8.125559e+03
1.935952e+00	1.512547e+00	1.779489e+03	2.740030e+03
2.265279e+00	1.308574e+00	4.074529e+02	4.008250e+03
2.824970e+00	1.081176e+00	5.681008e+02	5.159221e+03
1.949878e+00	1.501447e+00	1.135314e+03	2.034341e+03
2.003914e+00	1.463945e+00	2.157128e+03	1.493049e+03
2.192826e+00	1.347411e+00	6.865575e+02	5.734697e+03
2.723876e+00	1.114330e+00	3.017501e+01	9.809961e+03
2.083600e+00	1.411684e+00	2.378614e+03	4.635539e+02
2.013653e+00	1.457705e+00	1.633478e+03	4.274613e+03
2.053656e+00	1.430389e+00	7.177586e+02	2.475953e+03
2.609299e+00	1.156097e+00	2.533884e+02	5.219069e+03
1.963132e+00	1.492522e+00	9.447888e+02	1.973443e+03
1.813521e+00	1.608692e+00	1.631348e+01	2.560579e+02
1.795993e+00	1.625109e+00	1.173339e+02	1.628592e+02
2.454122e+00	1.217792e+00	3.080047e+02	2.975958e+03
1.949419e+00	1.502277e+00	3.855120e+01	1.844781e+03
1.968258e+00	1.488930e+00	2.388285e+03	1.491255e+03
2.592130e+00	1.162954e+00	1.350636e+03	5.809684e+03
2.308208e+00	1.287392e+00	8.217913e+02	3.204469e+03
1.863228e+00	1.568596e+00	9.321779e+02	8.336480e+02
2.018726e+00	1.454330e+00	2.854938e+03	1.706525e+03
2.134160e+00	1.380941e+00	1.096081e+03	6.000477e+03
1.947101e+00	1.503382e+00	2.246501e+02	4.084320e+02
2.058409e+00	1.426501e+00	1.310318e+03	2.473307e+02
2.023907e+00	1.448988e+00	2.123030e+02	2.116095e+03
2.005773e+00	1.463321e+00	1.827160e+03	1.645211e+03
2.151464e+00	1.370459e+00	7.472048e+00	5.831068e+03
2.498730e+00	1.200132e+00	6.192138e+02	7.978353e+02
2.358174e+00	1.261863e+00	7.850403e+01	1.481126e+03
2.253445e+00	1.314118e+00	3.634823e+02	3.694955e+03
1.837675e+00	1.589192e+00	3.400087e+02	2.025632e+02
2.470371e+00	1.211718e+00	7.116883e+01	3.202676e+03
1.896849e+00	1.541384e+00	1.633922e+03	7.814720e+01
2.066391e+00	1.423516e+00	3.481266e+03	2.683982e+03
2.336307e+00	1.273206e+00	9.803539e+02	5.187830e+03
2.075293e+00	1.416878e+00	1.058216e+03	1.090113e+03
2.395821e+00	1.245035e+00	2.050817e+02	1.607868e+03
2.028840e+00	1.446242e+00	1.582383e+03	8.012705e+02
2.118218e+00	1.390997e+00	1.320039e+03	2.744051e+03
1.734832e+00	1.682071e+00	1.670383e+02	2.677315e+03
1.870012e+00	1.562853e+00	2.378011e+00	1.042024e+03
2.207955e+00	1.338548e+00	3.990397e+02	6.958121e+03
1.918436e+00	1.525144e+00	9.551043e+00	1.528746e+03
2.347069e+00	1.267690e+00	2.665724e+02	2.497095e+03
2.631037e+00	1.148250e+00	5.999741e+02	3.197310e+03
2.642374e+00	1.143894e+00	2.955241e+02	2.464369e+03
2.156061e+00	1.366727e+00	9.249154e+01	3.108938e+03
2.317950e+00	1.280694e+00	8.401100e+01	2.263420e+03
1.845922e+00	1.581911e+00	1.946449e+02	4.008245e+02
1.854325e+00	1.574940e+00	2.048868e+02	1.194712e+03
2.552434e+00	1.177991e+00	4.152132e+02	6.734626e+03
1.904382e+00	1.536398e+00	4.057367e+02	3.364640e+03
2.279889e+00	1.301115e+00	7.892456e+02	4.557314e+03
1.833741e+00	1.592448e+00	1.117124e+03	7.807387e+02
1.842251e+00	1.585829e+00	4.374269e+02	1.465165e+03
2.477869e+00	1.208376e+00	4.377486e+02	3.879007e+03
1.891227e+00	1.546454e+00	5.800406e+02	1.215652e+03
2.511892e+00	1.194529e+00	8.688319e+00	7.175102e+03
2.029658e+00	1.446295e+00	3.609546e+02	2.994134e+03
2.583631e+00	1.165877e+00	2.971701e+02	4.373993e+02
1.809136e+00	1.614932e+00	7.482720e+02	9.722452e+03
2.365013e+00	1.258913e+00	4.481984e+01	1.089994e+03
2.249169e+00	1.316086e+00	1.316309e+02	1.023203e+03
2.717761e+00	1.117343e+00	4.237755e+02	1.500558e+03
1.829724e+00	1.596699e+00	1.807339e+03	7.534006e+02
2.503850e+00	1.197556e+00	2.201715e+02	2.251474e+03
2.604402e+00	1.157390e+00	3.067808e+02	7.454247e+02
2.032637e+00	1.444715e+00	7.895675e+02	1.962424e+03
2.324489e+00	1.278846e+00	3.847477e+02	2.165192e+03
2.593336e+00	1.162257e+00	4.271158e+02	5.317609e+03
2.514335e+00	1.194068e+00	5.254530e+02	4.303496e+03
1.856497e+00	1.573591e+00	2.859371e+02	1.041250e+03
2.349733e+00	1.265157e+00	4.261933e+01	9.426463e+02
2.478470e+00	1.207757e+00	1.046947e+01	2.008135e+03
2.448299e+00	1.221432e+00	1.465762e+02	6.531652e+02
1.959851e+00	1.494107e+00	1.713459e+03	4.995759e+02
2.642836e+00	1.142919e+00	2.738138e+01	6.580538e+03
1.988711e+00	1.473672e+00	6.068972e+02	2.158010e+03
1.876257e+00	1.558253e+00	4.232438e+02	9.715685e+02
2.277405e+00	1.302553e+00	2.172179e+02	2.537311e+03
1.971307e+00	1.486792e+00	7.779885e+02	7.100705e+03
2.317882e+00	1.281844e+00	2.248755e+01	4.506859e+03
2.884596e+00	1.062070e+00	3.015088e+02	3.595939e+03
2.331781e+00	1.275029e+00	2.411954e+02	1.129270e+03
2.522030e+00	1.191199e+00	1.597163e+02	7.445196e+03
2.644903e+00	1.142619e+00	1.781286e+02	5.229710e+03
1.948576e+00	1.502541e+00	3.895149e+02	5.698393e+02
1.858873e+00	1.571403e+00	9.051146e+02	1.644894e+03
2.363856e+00	1.259274e+00	9.230966e+01	3.087423e+03
1.791901e+00	1.630017e+00	2.647071e+03	1.971548e+03
1.805677e+00	1.616308e+00	2.900107e+02	1.917861e+01
1.948317e+00	1.503582e+00	9.275117e+01	1.988222e+03
2.391634e+00	1.247160e+00	1.163725e+03	4.738842e+03
2.113290e+00	1.392417e+00	3.044648e+02	4.092383e+02
2.648146e+00	1.141769e+00	5.007003e+02	4.710679e+03
1.893683e+00	1.544700e+00	3.308512e+03	1.396819e+03
1.929563e+00	1.516175e+00	5.817548e+02	2.920548e+02
2.128339e+00	1.384292e+00	2.052904e+03	9.182014e+02
2.543941e+00	1.181630e+00	5.312955e+01	6.485889e+03
2.344813e+00	1.269631e+00	1.204868e+02	9.595017e+03
2.261351e+00	1.310848e+00	1.447318e+03	3.182381e+03
2.032114e+00	1.444419e+00	4.213037e+01	5.807359e+03
2.249377e+00	1.316023e+00	1.463434e+02	7.292390e+02
2.571289e+00	1.171014e+00	1.077014e+03	7.533524e+03
2.789005e+00	1.092583e+00	9.603208e+01	5.369539e+03
2.621464e+00	1.151975e+00	2.015823e+03	1.782317e+03
2.226107e+00	1.327785e+00	1.982966e+02	2.245403e+02
1.961691e+00	1.492835e+00	1.749928e+02	2.884908e+03
1.934235e+00	1.513617e+00	2.748359e+03	1.097942e+03
2.332171e+00	1.274269e+00	2.010645e+02	1.222903e+03
2.516200e+00	1.193414e+00	8.021718e+02	9.301692e+01
1.734377e+00	1.682705e+00	2.284117e+02	2.365932e+02
1.950162e+00	1.501827e+00	5.290067e+02	4.742095e+02
2.622061e+00	1.151241e+00	1.680994e+02	7.989670e+03
2.077950e+00	1.415022e+00	5.159708e+02	6.101517e+03
2.503737e+00	1.197613e+00	1.676566e+02	3.531742e+03
2.461248e+00	1.215470e+00	6.760582e+02	2.562207e+03
1.844942e+00	1.583589e+00	8.874982e+02	8.614058e+02
2.425585e+00	1.231715e+00	1.867928e+02	2.587690e+03
2.581605e+00	1.166772e+00	9.898498e+02	5.506772e+03
2.034103e+00	1.443898e+00	9.085520e+01	1.997007e+03
1.711561e+00	1.705930e+00	2.634623e+03	2.042362e+03
1.935163e+00	1.513220e+00	1.568155e+02	2.405632e+03
1.823146e+00	1.603216e+00	1.289887e+02	6.140123e+03
2.426139e+00	1.232243e+00	9.943855e+02	4.297011e+03
2.599326e+00	1.160204e+00	3.538407e+02	5.803972e+03
1.751293e+00	1.665356e+00	1.608434e+02	2.345444e+01
2.424958e+00	1.231663e+00	6.643423e+02	1.880308e+03
2.978278e+00	1.035440e+00	8.071358e+01	5.943851e+03
1.902714e+00	1.537011e+00	1.572308e+03	1.097495e+03
2.405913e+00	1.240453e+00	3.786771e+01	3.224061e+03
1.979609e+00	1.480254e+00	2.218651e+02	3.533260e+02
2.099702e+00	1.401717e+00	2.932406e+03	7.571618e+02
2.448657e+00	1.221007e+00	3.381550e+02	2.786356e+03
1.978396e+00	1.481183e+00	9.760723e+02	2.244734e+03
2.235635e+00	1.324465e+00	9.236652e+02	4.989853e+03
2.199691e+00	1.343478e+00	2.152565e+02	5.064853e+03
2.176088e+00	1.355584e+00	5.430316e+02	5.681897e+02
2.246382e+00	1.318486e+00	1.840425e+03	6.524817e+02
1.804482e+00	1.617134e+00	3.130207e+02	3.127259e+02
2.492454e+00	1.202541e+00	2.380734e+00	2.421282e+03
2.470771e+00	1.211434e+00	4.646100e+02	7.630421e+03
2.426098e+00	1.231541e+00	2.601586e+02	1.437546e+03
2.244237e+00	1.318645e+00	2.536884e+01	8.472661e+02
1.910305e+00	1.531610e+00	1.454310e+03	3.405870e+03
2.707107e+00	1.120544e+00	5.351095e+02	1.876641e+03
2.062853e+00	1.424578e+00	4.809584e+02	5.478584e+03
2.356118e+00	1.263415e+00	6.324923e+02	8.824189e+03
2.107241e+00	1.397077e+00	3.243252e+02	2.372272e+03
1.921153e+00	1.522282e+00	4.471075e+01	3.654185e+02
2.602098e+00	1.158823e+00	1.752442e+02	2.681815e+03
2.646335e+00	1.143306e+00	5.561712e+01	5.344862e+03
1.780667e+00	1.639302e+00	2.016647e+03	3.007245e+02
1.781337e+00	1.638940e+00	1.575446e+02	5.843540e+02
2.158796e+00	1.366598e+00	7.951751e+02	5.755947e+03
1.936123e+00	1.511767e+00	7.999653e+02	2.465897e+03
2.600979e+00	1.158765e+00	5.191038e+02	5.249366e+03
2.411480e+00	1.237275e+00	9.755375e+01	1.482061e+03
2.024597e+00	1.449848e+00	6.866190e+01	5.986274e+03
2.254232e+00	1.313420e+00	4.124798e+01	1.892905e+03
1.997661e+00	1.466957e+00	4.572463e+02	4.126660e+03
1.959374e+00	1.494733e+00	6.332822e+02	2.487689e+03
2.493588e+00	1.201953e+00	2.159334e+02	1.449542e+03
2.031257e+00	1.444951e+00	5.862330e+02	1.806585e+03
2.603375e+00	1.158367e+00	4.314410e+02	4.258939e+03
2.216244e+00	1.334624e+00	7.662447e+02	5.106699e+03
2.457850e+00	1.217273e+00	6.675756e+02	1.829914e+03
1.955729e+00	1.497567e+00	2.902832e+02	3.969349e+03
1.876271e+00	1.558134e+00	2.249848e+02	4.729930e+02
2.390767e+00	1.247207e+00	3.044435e+02	1.325380e+03
1.909473e+00	1.532386e+00	2.006038e+03	4.259754e+03
1.803320e+00	1.619050e+00	3.585922e+02	5.146231e+02
1.743837e+00	1.672845e+00	1.352262e+03	1.149667e+03
1.739109e+00	1.677441e+00	2.464507e+02	5.341059e+02
2.516945e+00	1.191750e+00	8.336480e+01	9.294353e+02
2.489585e+00	1.203747e+00	6.439540e+01	2.754626e+03
2.089153e+00	1.407718e+00	2.097507e+02	1.804223e+02
2.159129e+00	1.365662e+00	2.212607e+02	5.723978e+03
1.955794e+00	1.496577e+00	1.486807e+03	1.590985e+02
2.501215e+00	1.198955e+00	1.823955e+02	2.155667e+03
2.577835e+00	1.166918e+00	1.033080e+02	2.918151e+03
2.462847e+00	1.214610e+00	1.215217e+02	2.892529e+02
1.936214e+00	1.511523e+00	3.763432e+00	1.447266e+03
1.892157e+00	1.545914e+00	2.856717e+02	3.570877e+03
1.753340e+00	1.663756e+00	2.775874e+02	4.044648e+02
2.170237e+00	1.360250e+00	1.706579e+01	7.712406e+02
1.816451e+00	1.607785e+00	1.156485e+02	6.804674e+02
1.882558e+00	1.553411e+00	5.909467e+02	4.950050e+03
2.500652e+00	1.198939e+00	2.003137e+02	5.780418e+03
2.194133e+00	1.345965e+00	2.232570e+02	4.507149e+03
2.025339e+00	1.448575e+00	4.362249e+01	1.541901e+03
1.924098e+00	1.521781e+00	2.044190e+03	1.812342e+02
2.021273e+00	1.451896e+00	1.589230e+03	9.909419e+03
1.791441e+00	1.629139e+00	6.183170e+01	6.787488e+02
1.915959e+00	1.527470e+00	1.984599e+03	2.086361e+03
1.957089e+00	1.497038e+00	1.312128e+02	4.449428e+03
2.220201e+00	1.332885e+00	8.200420e+02	5.509949e+03
1.991882e+00	1.472279e+00	1.887575e+03	1.145681e+03
1.941453e+00	1.508338e+00	1.045137e+03	4.246428e+03
1.757619e+00	1.660356e+00	3.529557e+03	4.899043e+03
2.430685e+00	1.229289e+00	4.107208e+01	5.148491e+03
2.446645e+00	1.221453e+00	9.418048e+01	2.089918e+01
2.618583e+00	1.152553e+00	4.375446e+02	3.144958e+03
2.559197e+00	1.175249e+00	6.392960e+02	3.520395e+03
1.932466e+00	1.514412e+00	9.378201e+02	2.646388e+03
1.919288e+00	1.524834e+00	1.866335e+02	1.824857e+03
2.390473e+00	1.246646e+00	4.158558e+01	1.256489e+03
2.432727e+00	1.228476e+00	4.620537e+00	2.855283e+03
2.298595e+00	1.291233e+00	8.124010e+01	1.812552e+03
1.908039e+00	1.533368e+00	1.470481e+03	4.075000e+03
1.989132e+00	1.474885e+00	1.605483e+03	6.191502e+03
2.587009e+00	1.164559e+00	3.274122e+02	5.416357e+03
1.988024e+00	1.474111e+00	4.988418e+02	2.188189e+03
2.435984e+00	1.227004e+00	1.082445e+02	1.247192e+03
2.666484e+00	1.134256e+00	1.132293e+02	7.562343e+03
2.191167e+00	1.348126e+00	1.135042e+03	3.426078e+03
1.843657e+00	1.584962e+00	5.319201e+02	3.827209e+03
2.295104e+00	1.293426e+00	1.102685e+03	3.939268e+03
2.222339e+00	1.329924e+00	3.757996e+01	4.180393e+02
2.400203e+00	1.242180e+00	5.629512e+01	5.179074e+02
2.413937e+00	1.236611e+00	9.769968e+01	1.418277e+03
2.183155e+00	1.352041e+00	1.815859e+02	3.932923e+02
2.314351e+00	1.283461e+00	1.273615e+03	7.848038e+02
1.773023e+00	1.646361e+00	1.978561e+02	8.090791e+02
2.254023e+00	1.314656e+00	6.751019e+02	3.631696e+03
2.204867e+00	1.340614e+00	9.922901e+02	3.198225e+03
2.155975e+00	1.367056e+00	8.036295e+01	2.067998e+02
2.449234e+00	1.220863e+00	8.813064e+01	5.259654e+03
2.101261e+00	1.401234e+00	1.611631e+03	1.489221e+03
2.466172e+00	1.213087e+00	2.088279e+01	9.477038e+02
2.311865e+00	1.283978e+00	3.582156e+02	1.388416e+01
1.840604e+00	1.587420e+00	1.659551e+03	7.602052e+02
2.081962e+00	1.412701e+00	9.946218e+01	2.874717e+03
2.505560e+00	1.196595e+00	2.981196e+02	1.906930e+03
2.093088e+00	1.405172e+00	7.381378e+01	1.408142e+03
2.273951e+00	1.303672e+00	2.351706e+02	1.959352e+03
2.652278e+00	1.139303e+00	1.870415e+02	7.455169e+03
1.906634e+00	1.533998e+00	5.406205e+02	3.516899e+02
1.870580e+00	1.561640e+00	1.735909e+02	1.245468e+02
1.908031e+00	1.534008e+00	1.295826e+03	2.446188e+03
1.977984e+00	1.482237e+00	5.579640e+02	3.479798e+03
1.976670e+00	1.481742e+00	4.469972e+02	6.236487e+02
1.714223e+00	1.702751e+00	2.279813e+03	1.076153e+03
2.579265e+00	1.167576e+00	2.765634e+02	6.682443e+03
1.966140e+00	1.490463e+00	3.106555e+03	2.973868e+03
1.715403e+00	1.700471e+00	3.692691e+02	5.856714e+02
2.163994e+00	1.362688e+00	4.154308e+01	5.058140e+02
1.832127e+00	1.593436e+00	9.255315e+02	2.164861e+03
1.988184e+00	1.474137e+00	6.336365e+01	1.773632e+03
1.734123e+00	1.682878e+00	2.149541e+02	1.320844e+02
2.552061e+00	1.178576e+00	6.859437e+01	5.975455e+03
2.120573e+00	1.388638e+00	4.314305e+02	3.843155e+03
2.188416e+00	1.349503e+00	5.507849e+02	1.889412e+03
2.620343e+00	1.152279e+00	4.035157e+02	3.473601e+03
1.924747e+00	1.520873e+00	1.601254e+02	3.780605e+03
1.884918e+00	1.550715e+00	4.218644e+02	2.271849e+03
2.515964e+00	1.192182e+00	1.761317e+02	4.369669e+03
1.725491e+00	1.690569e+00	6.478526e+01	1.569733e+02
2.004237e+00	1.463793e+00	6.621226e+01	4.661069e+03
2.532867e+00	1.186204e+00	4.618439e+02	2.531472e+03
1.819465e+00	1.604318e+00	3.255870e+02	3.804692e+02
2.457648e+00	1.216818e+00	1.017374e+02	5.344508e+02
1.974768e+00	1.483711e+00	7.459914e+02	5.573814e+02
1.807555e+00	1.615071e+00	4.378860e+02	1.635123e+03
1.888270e+00	1.548772e+00	1.561381e+03	1.747061e+03
1.864586e+00	1.567091e+00	3.647337e+03	2.556428e+01
2.132365e+00	1.381892e+00	6.906276e+02	1.216987e+03
2.339435e+00	1.271004e+00	3.359025e+01	5.828418e+03
1.942244e+00	1.506478e+00	1.316464e+03	3.580834e+02
1.906849e+00	1.534038e+00	2.895010e+02	4.809338e+03
1.937993e+00	1.509717e+00	3.572422e+02	6.763706e+02
2.214007e+00	1.334590e+00	5.039801e+01	3.258681e+02
1.899198e+00	1.540157e+00	1.203832e+03	1.673258e+03
1.807878e+00	1.615323e+00	1.988549e+03	4.640336e+02
2.525000e+00	1.190067e+00	1.185745e+02	7.691296e+03
1.861644e+00	1.569852e+00	3.617121e+03	1.510258e+02
1.820615e+00	1.603783e+00	2.155679e+02	6.174956e+02
2.572327e+00	1.170650e+00	1.361931e+03	6.524142e+03
2.474844e+00	1.209407e+00	3.583777e+02	4.732272e+03
2.021951e+00	1.450685e+00	3.893909e+02	2.820424e+02
1.914128e+00	1.527812e+00	2.641189e+01	1.215182e+03
1.887624e+00	1.549844e+00	8.925245e+02	8.032449e+02
2.089543e+00	1.407189e+00	2.286541e+02	2.291250e+03
2.461442e+00	1.215041e+00	1.666659e+02	5.440039e+03
2.258399e+00	1.311235e+00	3.483122e+02	2.009374e+03
1.850309e+00	1.578349e+00	7.866132e+02	1.488573e+03
2.012421e+00	1.457814e+00	2.545131e+02	4.701981e+03
2.539840e+00	1.183328e+00	3.889398e+02	9.892591e+03
2.645846e+00	1.142359e+00	1.205890e+02	1.332260e+02
2.168858e+00	1.360104e+00	1.815766e+02	5.611048e+03
2.318466e+00	1.280325e+00	4.269664e+01	4.616229e+02
2.553832e+00	1.177602e+00	3.976098e+02	3.044824e+03
2.314502e+00	1.283203e+00	1.143153e+03	5.031116e+02
2.172807e+00	1.357754e+00	2.843056e+02	8.448830e+02
2.395314e+00	1.245462e+00	3.157080e+02	5.590122e+03
1.884709e+00	1.551152e+00	2.320517e+02	3.339098e+02
2.158854e+00	1.365861e+00	5.240636e+02	1.657172e+03
2.264195e+00	1.308655e+00	6.038383e+02	2.100532e+03
2.368758e+00	1.257234e+00	1.762628e+02	4.898704e+03
2.078409e+00	1.414765e+00	6.116300e+02	2.787067e+03
2.423060e+00	1.231984e+00	6.295598e+01	1.131339e+03
2.640387e+00	1.144648e+00	1.002100e+03	4.219066e+03
2.573067e+00	1.169753e+00	2.962146e+02	5.269786e+03
2.091922e+00	1.406162e+00	4.156519e+02	3.135218e+03
1.925920e+00	1.518363e+00	3.418333e+02	1.698343e+03
2.361052e+00	1.260804e+00	3.945578e+01	8.283283e+02
2.020269e+00	1.452423e+00	1.913007e+03	8.931751e+02
1.841723e+00	1.586298e+00	3.713703e+02	9.345646e+02
2.509723e+00	1.195261e+00	2.885910e+02	2.313367e+03
2.583766e+00	1.166030e+00	4.992014e+02	4.719771e+03
1.779172e+00	1.640134e+00	7.380193e+02	1.882667e+02
2.649294e+00	1.141136e+00	2.462078e+02	5.095505e+03
2.392260e+00	1.246379e+00	5.470298e+02	2.104296e+03
2.464994e+00	1.213637e+00	7.199326e+02	2.040599e+03
1.838431e+00	1.589029e+00	5.595522e+02	5.554240e+02
2.199691e+00	1.343478e+00	2.152565e+02	5.064853e+03
1.813993e+00	1.609775e+00	5.269912e+02	1.542981e+03
1.995779e+00	1.470001e+00	2.414790e+03	2.035393e+03
2.483571e+00	1.205762e+00	3.225727e+01	8.129673e+03
2.226480e+00	1.327650e+00	1.312798e+02	1.186230e+02
1.915914e+00	1.528483e+00	6.992622e+02	4.122319e+03
2.160272e+00	1.365775e+00	9.637991e+02	2.421280e+03
1.932715e+00	1.515006e+00	1.625239e+03	2.026748e+03
2.616966e+00	1.153353e+00	5.653972e+01	6.467070e+03
2.246653e+00	1.318517e+00	8.944572e+02	2.874936e+03
2.138649e+00	1.378351e+00	5.843049e+01	6.745240e+03
1.825078e+00	1.601028e+00	1.256519e+03	3.837206e+03
1.993446e+00	1.470561e+00	7.913133e+02	2.340521e+03
2.597012e+00	1.160752e+00	1.813005e+01	8.478560e+03
1.784361e+00	1.636700e+00	3.769772e+02	5.191554e+03
1.973503e+00	1.483798e+00	8.495921e+02	6.577276e+02
2.458077e+00	1.216737e+00	1.210381e+02	4.817982e+03
1.965534e+00	1.491594e+00	3.397776e+03	1.738957e+03
2.599912e+00	1.159349e+00	4.870718e+01	3.748334e+03
2.571352e+00	1.170042e+00	9.215483e+01	1.394183e+03
1.745442e+00	1.671321e+00	1.281291e+03	3.625839e+02
2.598788e+00	1.160192e+00	7.670552e+02	7.616854e+03
1.985892e+00	1.475652e+00	1.052850e+03	1.626581e+03
2.103817e+00	1.398905e+00	4.111703e+00	3.820253e+03
2.030993e+00	1.445350e+00	8.261952e+02	2.270854e+03
2.617552e+00	1.153271e+00	5.839546e+02	8.594320e+03
1.906936e+00	1.534471e+00	6.587701e+02	1.076590e+03
2.383633e+00	1.250515e+00	2.048111e+03	7.056664e+03
2.003309e+00	1.463856e+00	2.656577e+03	1.129071e+03
1.809282e+00	1.613903e+00	9.337307e+02	3.957159e+03
2.594052e+00	1.162050e+00	4.162183e+02	4.605301e+03
1.973487e+00	1.485153e+00	8.268592e+01	4.707280e+03
2.739733e+00	1.108885e+00	3.362904e+01	5.441714e+03
1.757226e+00	1.661989e+00	2.576268e+03	1.575638e+03
1.985817e+00	1.477010e+00	1.654314e+03	2.456230e+03
1.998774e+00	1.466906e+00	5.405742e+01	9.281830e+02
1.861830e+00	1.569194e+00	1.247175e+02	5.223751e+02
2.519093e+00	1.191350e+00	1.609164e+02	3.014306e+03
1.785118e+00	1.635299e+00	6.281006e+02	7.957223e+02
1.839055e+00	1.587474e+00	2.004899e+02	2.806690e+03
2.581475e+00	1.166724e+00	3.114958e+02	4.333729e+03
2.462099e+00	1.215156e+00	7.389828e+01	2.291095e+03
2.010218e+00	1.458242e+00	1.946695e+02	2.344546e+03
1.990387e+00	1.474073e+00	2.900122e+03	1.673794e+03
2.628637e+00	1.148658e+00	2.487550e+02	2.212391e+03
1.869384e+00	1.564930e+00	3.201609e+03	8.586420e+02
2.483116e+00	1.205786e+00	6.556464e+01	5.605337e+03
1.891699e+00	1.545372e+00	2.981039e+01	1.569789e+03
1.852781e+00	1.577227e+00	1.460799e+03	2.667369e+03
2.224933e+00	1.329274e+00	9.739571e+02	1.245641e+03
2.014460e+00	1.456506e+00	1.403097e+03	2.014422e+02
2.531868e+00	1.185448e+00	5.692925e+01	4.141995e+02
1.736192e+00	1.680508e+00	3.441528e+02	6.946134e+02
1.807728e+00	1.614773e+00	1.462441e+02	3.898416e+02
2.493215e+00	1.201790e+00	3.641767e+02	3.984360e+03
1.749302e+00	1.668573e+00	1.177615e+03	1.623504e+03
2.043049e+00	1.435817e+00	2.967356e+01	1.549623e+03
2.195971e+00	1.344665e+00	1.278510e+02	6.746722e+02
2.360415e+00	1.260973e+00	4.376391e+02	6.427600e+03
1.976357e+00	1.482935e+00	3.005289e+02	5.705346e+03
2.032815e+00	1.443990e+00	5.294160e+02	3.870232e+02
2.081254e+00	1.413123e+00	1.393204e+03	5.780889e+03
2.076878e+00	1.415702e+00	1.781625e+03	4.271518e+02
2.624716e+00	1.150412e+00	8.226746e+02	6.414005e+03
1.919259e+00	1.524618e+00	1.425095e+03	3.887736e+03
2.240802e+00	1.321528e+00	1.209631e+03	4.746526e+03
2.172071e+00	1.360070e+00	3.133549e+03	1.526424e+03
2.643377e+00	1.143274e+00	6.799904e+02	3.484462e+03
1.718971e+00	1.696901e+00	4.938364e+01	5.017838e+02
2.051372e+00	1.431912e+00	1.634943e+02	3.701596e+03
2.270915e+00	1.305555e+00	1.047970e+03	1.244754e+03
2.348531e+00	1.266952e+00	5.823707e+01	2.353671e+03
2.893345e+00	1.060118e+00	6.515422e+02	2.692951e+03
2.109172e+00	1.395641e+00	1.563080e+03	2.301800e+03
2.631038e+00	1.147618e+00	3.076683e+01	5.957098e+03
2.240160e+00	1.321204e+00	2.120012e+02	5.154863e+03
2.558353e+00	1.175825e+00	2.532353e+02	3.577988e+03
2.616597e+00	1.154153e+00	9.614145e+01	4.698695e+03
2.684049e+00	1.127840e+00	8.786936e+01	9.046487e+03
2.636624e+00	1.145404e+00	5.857328e+01	7.516976e+03
1.895832e+00	1.541070e+00	1.205368e+03	6.862792e+02
1.891303e+00	1.545908e+00	7.956053e+02	1.688873e+03
2.452555e+00	1.219435e+00	4.940763e+00	6.434105e+03
2.255615e+00	1.312213e+00	1.914820e+02	3.304419e+03
2.073368e+00	1.418691e+00	9.556763e+02	1.094706e+03
2.193374e+00	1.346388e+00	8.943919e+02	1.488753e+03
2.073967e+00	1.417427e+00	5.051637e+02	4.263348e+03
1.959802e+00	1.495005e+00	2.264086e+03	1.227578e+03
1.768461e+00	1.649949e+00	1.448772e+02	4.220492e+02
2.168608e+00	1.360564e+00	1.063724e+02	4.042149e+03
2.177148e+00	1.356242e+00	9.237914e+02	2.703414e+03
2.599887e+00	1.158926e+00	2.465884e+02	3.456718e+03
2.083628e+00	1.412279e+00	6.976412e+02	1.411190e+02
2.671729e+00	1.132784e+00	1.374220e+02	6.293813e+03
2.253519e+00	1.313711e+00	1.657772e+02	1.158101e+03
2.581269e+00	1.166890e+00	2.763892e+02	4.788004e+03
2.160210e+00	1.366064e+00	5.498465e+01	6.353951e+03
1.748630e+00	1.668671e+00	1.998274e+03	1.185600e+03
2.542750e+00	1.182205e+00	1.320395e+03	7.201483e+03
2.602449e+00	1.158512e+00	1.002728e+01	2.938762e+03
2.239272e+00	1.321971e+00	6.721933e+02	4.804058e+03
1.976506e+00	1.482998e+00	1.231151e+03	1.276525e+03
2.299044e+00	1.290525e+00	2.485921e+01	5.786964e+02
1.863313e+00	1.568108e+00	1.002362e+01	1.484877e+03
1.932785e+00	1.514252e+00	6.420694e+02	5.142732e+02
2.031610e+00	1.443452e+00	1.386994e+02	8.723460e+02
1.721772e+00	1.694095e+00	1.671158e+02	3.827323e+02
2.466764e+00	1.213469e+00	4.038176e+02	8.608119e+03
2.152461e+00	1.370223e+00	5.595989e+02	7.413437e+02
2.270798e+00	1.305595e+00	2.666075e+03	7.419071e+03
1.722910e+00	1.694380e+00	2.620571e+03	2.637030e+02
2.932291e+00	1.048721e+00	5.280111e+01	5.542590e+03
1.920895e+00	1.523021e+00	4.778503e+02	4.050666e+02
2.201059e+00	1.342149e+00	6.525571e+01	2.562974e+02
2.695049e+00	1.124238e+00	2.381116e+01	5.870570e+03
2.073534e+00	1.419480e+00	2.264740e+03	5.530334e+02
2.047492e+00	1.432956e+00	7.940981e+01	1.019703e+03
2.108002e+00	1.395424e+00	2.135486e+02	3.726490e+02
1.739992e+00	1.676793e+00	3.308651e+02	2.981413e+02
2.153448e+00	1.369030e+00	3.974458e+02	7.441107e+03
2.460213e+00	1.216060e+00	5.013423e+01	2.098422e+03
2.399386e+00	1.243554e+00	1.158683e+02	1.695070e+03
1.908999e+00	1.533822e+00	8.886622e+02	4.068404e+03
2.461028e+00	1.215282e+00	3.006516e+02	5.380019e+03
2.474903e+00	1.210445e+00	1.182892e+02	4.746297e+02
2.303735e+00	1.288209e+00	1.616018e+02	1.473854e+03
1.899865e+00	1.539034e+00	5.363051e+02	9.058048e+02
1.847696e+00	1.581554e+00	3.048939e+03	7.878055e+01
2.174115e+00	1.357945e+00	5.344955e+02	3.502112e+03
2.529337e+00	1.187019e+00	5.030049e+02	2.967254e+03
1.984989e+00	1.476421e+00	1.430843e+02	2.980223e+03
2.125245e+00	1.384652e+00	1.731758e+02	4.120678e+03
1.896589e+00	1.541166e+00	5.608256e+02	1.479187e+02
1.738253e+00	1.678476e+00	2.162149e+02	7.496550e+02
1.867494e+00	1.564144e+00	3.847979e+02	1.179741e+03
2.655518e+00	1.138401e+00	7.309791e+01	7.118394e+03
2.043589e+00	1.436190e+00	1.158143e+02	2.186276e+03
2.151351e+00	1.370658e+00	9.823836e+02	5.949143e+02
1.932044e+00	1.515426e+00	1.020769e+03	1.741038e+03
2.938126e+00	1.047005e+00	4.895845e+01	5.540792e+03
2.609900e+00	1.155795e+00	2.892788e+02	7.640632e+03
2.142592e+00	1.375956e+00	1.107324e+03	1.628852e+03
2.073962e+00	1.416509e+00	1.154067e+03	7.834020e+02
1.909477e+00	1.532468e+00	5.406025e+02	3.526007e+03
2.357667e+00	1.262200e+00	1.749016e+02	1.316779e+03
2.531498e+00	1.186854e+00	1.254003e+02	7.947298e+03
1.716156e+00	1.699606e+00	1.021959e+02	1.070421e+03
1.956220e+00	1.496938e+00	4.138598e+02	2.038588e+03
1.964491e+00	1.490308e+00	5.680712e+02	3.586045e+01
1.935374e+00	1.511434e+00	1.442485e+03	1.716192e+02
2.460485e+00	1.215944e+00	4.507360e+02	6.577416e+03
1.828865e+00	1.596672e+00	8.244650e+02	1.077495e+03
1.911993e+00	1.530045e+00	3.132956e+01	4.135391e+02
1.887941e+00	1.548384e+00	2.377229e+03	1.435417e+02
2.569586e+00	1.171451e+00	3.473553e+02	6.774764e+03
2.209602e+00	1.337637e+00	2.015301e+02	3.105660e+02
2.504203e+00	1.197055e+00	1.324035e+02	1.399907e+03
2.501979e+00	1.197900e+00	4.312096e+01	6.047475e+03
1.917868e+00	1.524826e+00	4.220272e+02	1.011416e+03
2.033730e+00	1.443776e+00	3.324975e+02	2.639029e+03
2.309455e+00	1.284772e+00	3.203477e+02	3.111723e+03
2.025465e+00	1.449184e+00	1.783720e+02	2.595033e+03
2.288245e+00	1.295698e+00	1.256864e+01	1.234602e+03
2.197708e+00	1.343919e+00	2.794378e+02	8.649718e+02
1.876082e+00	1.559562e+00	6.282076e+02	3.662486e+03
1.943306e+00	1.506005e+00	6.874733e+01	3.727907e+02
1.731544e+00	1.684527e+00	1.297120e+02	1.476452e+03
1.989790e+00	1.474383e+00	2.157364e+03	1.645038e+03
2.548942e+00	1.179821e+00	5.419381e+02	3.672883e+03
2.374776e+00	1.254127e+00	3.917619e+01	3.785618e+03
1.929098e+00	1.517826e+00	3.477193e+03	2.214383e+03
2.273921e+00	1.303801e+00	2.126447e+02	3.058644e+03
1.886795e+00	1.549384e+00	1.458154e+03	9.525215e+02
2.239943e+00	1.321427e+00	5.195022e+02	7.272784e+03
1.773225e+00	1.646598e+00	7.981952e+02	2.589069e+03
2.534563e+00	1.185346e+00	1.142287e+02	6.520234e+03
2.802041e+00	1.089251e+00	1.648735e+02	1.244600e+03
2.098536e+00	1.401809e+00	4.173647e+01	1.412736e+03
1.995298e+00	1.470014e+00	3.309178e+02	3.164324e+03
1.905387e+00	1.536957e+00	1.235175e+03	2.778190e+03
2.296175e+00	1.292278e+00	2.419239e+01	2.166047e+03
2.566166e+00	1.172568e+00	9.953166e+01	5.164969e+03
2.709631e+00	1.119420e+00	1.927707e+02	9.339693e+03
2.534004e+00	1.185426e+00	2.475505e+02	5.345432e+03
1.713175e+00	1.703558e+00	8.559134e+02	2.227439e+03
2.486642e+00	1.205509e+00	8.640749e+02	1.944736e+03
2.164622e+00	1.363192e+00	1.463773e+03	3.872811e+03
2.115030e+00	1.391097e+00	5.218173e+02	4.129164e+02
2.750533e+00	1.106758e+00	2.585759e+02	4.535588e+03
2.125082e+00	1.386671e+00	4.137017e+03	2.236376e+03
2.081960e+00	1.412358e+00	6.486916e+02	2.086495e+03
2.669011e+00	1.134809e+00	4.019593e+02	4.366728e+03
2.152983e+00	1.369518e+00	3.903079e+02	2.549900e+03
2.408804e+00	1.237830e+00	1.498539e+02	4.705154e+02
2.397412e+00	1.243304e+00	2.852824e+02	5.261620e+03
1.753905e+00	1.665915e+00	1.392160e+03	1.914835e+03
1.762250e+00	1.656803e+00	1.440330e+03	8.998488e+02
2.653628e+00	1.139892e+00	4.919871e+02	7.748609e+03
1.952794e+00	1.499540e+00	1.296618e+03	2.577696e+03
1.976540e+00	1.482175e+00	2.929536e+02	1.506164e+03
2.381451e+00	1.250780e+00	2.144131e+01	1.532518e+03
2.034582e+00	1.443375e+00	1.427943e+03	9.522666e+02
1.904578e+00	1.536009e+00	1.518889e+02	1.331946e+03
2.479428e+00	1.207853e+00	4.572254e+02	8.765326e+03
1.956665e+00	1.497534e+00	1.309944e+02	6.257628e+03
1.931542e+00	1.515788e+00	1.036433e+03	2.977806e+03
2.130109e+00	1.381349e+00	1.123139e+02	1.666141e+03
2.499507e+00	1.200140e+00	9.945776e+02	8.271424e+03
1.825829e+00	1.600417e+00	8.480488e+02	1.610873e+02
2.590989e+00	1.163040e+00	4.433324e+01	9.652637e+03
2.043412e+00	1.437004e+00	6.942987e+02	4.277378e+03
2.566874e+00	1.173290e+00	1.311375e+03	1.633199e+03
2.465837e+00	1.213324e+00	1.487882e+02	2.964691e+03
1.939821e+00	1.508485e+00	1.571621e+03	7.626834e+02
2.452701e+00	1.218265e+00	3.001035e+01	6.152980e+03
2.576530e+00	1.168289e+00	2.602663e+02	3.122754e+03
1.894875e+00	1.543161e+00	8.419880e+02	1.626896e+03
2.443209e+00	1.222592e+00	4.615370e+01	8.373214e+03
2.203698e+00	1.340907e+00	6.272031e+02	2.133021e+03
2.424162e+00	1.232012e+00	7.306707e+02	1.660803e+03
2.245606e+00	1.317758e+00	6.276160e+02	4.506081e+02
2.319288e+00	1.281156e+00	3.638889e+02	5.486187e+03
1.906124e+00	1.534753e+00	1.023290e+03	2.367786e+02
2.349468e+00	1.265874e+00	4.548401e+02	2.305205e+03
2.568091e+00	1.171681e+00	6.653164e+02	8.414720e+03
2.511717e+00	1.193999e+00	4.420050e+01	4.850617e+02
1.925231e+00	1.519272e+00	2.698354e+03	3.566713e+02
1.934250e+00	1.513775e+00	2.404985e+03	6.046056e+03
2.540254e+00	1.183102e+00	1.868317e+02	6.354796e+02
1.883763e+00	1.552555e+00	6.747053e+02	3.318524e+03
2.412677e+00	1.237731e+00	1.231578e+02	7.371926e+02
2.015883e+00	1.455599e+00	1.922935e+02	1.550642e+03
2.224172e+00	1.329425e+00	1.836091e+02	7.308191e+03
1.734305e+00	1.683560e+00	2.698754e+03	3.559109e+02
1.908413e+00	1.532604e+00	3.753413e+01	2.827270e+03
2.458177e+00	1.216441e+00	4.367260e+00	8.968231e+03
2.534571e+00	1.184956e+00	3.838229e+02	2.024499e+03
2.318459e+00	1.281166e+00	7.031991e+02	5.779447e+03
1.831859e+00	1.595387e+00	3.063937e+03	1.965140e+03
1.836049e+00	1.591009e+00	3.110138e+01	8.206920e+02
1.949005e+00	1.501422e+00	1.347511e+03	3.435202e+02
2.332534e+00	1.273800e+00	2.617360e+02	3.460227e+02
2.050735e+00	1.431955e+00	1.746872e+03	7.144561e+02
1.800991e+00	1.621420e+00	9.285124e+02	1.913029e+02
2.867825e+00	1.068541e+00	9.846256e+02	9.936249e+03
1.914148e+00	1.527450e+00	1.589515e+03	1.273203e+02
2.524482e+00	1.189326e+00	3.045216e+02	3.718201e+03
2.035188e+00	1.442841e+00	2.103596e+01	6.643111e+03
2.232698e+00	1.325603e+00	1.008519e+03	4.388158e+03
2.112931e+00	1.393301e+00	3.699847e+02	4.314214e+03
1.961663e+00	1.492788e+00	4.802324e+02	3.436546e+02
1.996557e+00	1.468813e+00	6.630076e+00	3.704813e+03
2.464847e+00	1.214209e+00	5.352276e+02	9.005558e+02
1.716270e+00	1.701005e+00	2.036236e+03	3.674892e+01
2.047492e+00	1.432956e+00	7.940981e+01	1.019703e+03
2.615364e+00	1.153985e+00	1.328928e+03	5.033249e+03
1.771679e+00	1.647748e+00	2.471573e+03	1.506758e+02
2.267761e+00	1.307498e+00	1.083659e+03	4.499971e+03
2.589024e+00	1.163948e+00	4.489052e+02	3.854136e+03
2.485424e+00	1.204816e+00	9.813442e+01	1.002994e+03
2.589020e+00	1.163914e+00	5.287004e+02	8.281286e+03
2.426575e+00	1.230299e+00	8.118921e+01	1.094453e+03
1.708796e+00	1.707235e+00	2.866681e+02	4.758907e+02
1.984915e+00	1.476268e+00	3.779110e+02	3.445533e+02
2.511083e+00	1.194542e+00	4.268842e+02	8.491787e+03
1.852186e+00	1.577597e+00	8.658473e+01	3.931543e+03
1.796336e+00	1.625919e+00	1.752610e+03	1.467290e+03
2.467303e+00	1.213115e+00	3.734701e+02	2.538269e+03
1.794815e+00	1.626786e+00	2.876162e+02	4.375973e+02
2.463573e+00	1.213925e+00	1.198563e+02	5.688934e+02
2.464847e+00	1.214209e+00	5.352276e+02	9.005558e+02
1.922400e+00	1.521303e+00	1.400465e+03	4.876067e+02
1.714051e+00	1.701892e+00	1.963039e+02	3.664802e+02
2.226039e+00	1.328327e+00	1.437129e+02	5.530383e+02
2.089781e+00	1.407660e+00	2.876716e+02	1.149030e+03
2.434101e+00	1.228076e+00	9.346055e+02	2.578122e+03
2.381922e+00	1.251644e+00	1.740958e+02	1.807093e+03
1.830310e+00	1.595248e+00	1.327823e+03	1.754083e+03
2.583079e+00	1.165064e+00	2.169834e+02	3.624666e+03
1.745921e+00	1.670839e+00	2.487427e+02	4.485220e+02
2.046184e+00	1.434994e+00	4.732423e+02	7.852840e+02
2.692487e+00	1.124868e+00	8.605337e+01	8.902916e+03
2.498643e+00	1.199493e+00	4.816330e+01	1.027581e+02
2.423680e+00	1.232585e+00	1.256600e+02	2.976517e+03
1.983575e+00	1.477580e+00	1.571736e+02	4.268033e+03
2.397089e+00	1.243464e+00	1.173244e+02	2.627705e+02
2.375262e+00	1.253373e+00	4.229302e+02	1.177767e+03
2.503586e+00	1.198139e+00	2.659711e+02	7.174127e+03
2.322749e+00	1.279410e+00	1.908580e+02	6.603523e+03
2.110211e+00	1.395792e+00	1.745764e+03	4.354794e+03
2.313190e+00	1.284087e+00	1.517970e+03	2.473799e+03
1.817895e+00	1.605093e+00	2.628114e+02	5.333240e+02
2.568804e+00	1.171920e+00	9.429692e+02	2.791030e+03
2.323897e+00	1.278907e+00	4.189062e+02	2.254581e+03
2.899640e+00	1.058608e+00	1.025738e+02	7.084064e+03
1.737439e+00	1.679189e+00	2.309472e+02	2.494398e+03
2.108691e+00	1.396333e+00	8.799541e+02	1.153791e+03
2.410624e+00	1.238273e+00	7.953092e+01	1.940229e+03
2.650325e+00	1.141338e+00	8.096283e+02	4.777775e+03
2.603698e+00	1.157771e+00	1.441263e+02	1.200285e+03
1.853576e+00	1.576387e+00	1.254628e+02	2.045160e+03
2.069587e+00	1.420569e+00	1.798360e+03	1.025558e+02
1.924241e+00	1.521483e+00	8.789903e+02	2.303642e+03
2.425413e+00	1.231579e+00	7.791427e+02	6.774309e+02
2.424497e+00	1.231987e+00	3.471917e+02	4.039517e+03
1.851428e+00	1.577758e+00	6.360759e+02	8.463186e+02
2.476598e+00	1.209037e+00	1.458645e+02	3.747849e+03
1.929739e+00	1.516357e+00	2.080796e+02	2.279563e+03
2.034650e+00	1.442505e+00	1.682458e+01	1.259959e+03
2.077993e+00	1.414986e+00	9.102293e+02	1.608614e+03
2.231862e+00	1.325424e+00	2.272936e+02	9.406975e+02
1.772494e+00	1.646437e+00	1.289977e+03	1.783939e+02
2.445154e+00	1.223039e+00	3.199031e+02	4.877320e+03
2.305831e+00	1.286834e+00	7.196271e+01	7.076788e+02
2.604970e+00	1.157976e+00	3.060946e+02	2.700604e+03
2.443916e+00	1.222493e+00	5.808833e+02	1.365518e+03
2.361687e+00	1.261427e+00	2.001836e+03	5.235012e+03
2.162566e+00	1.364315e+00	2.384613e+01	4.933856e+03
2.252381e+00	1.314191e+00	7.145452e+01	1.376409e+02
1.773454e+00	1.646928e+00	2.579027e+03	2.049997e+03
1.734868e+00	1.683041e+00	8.667373e+02	1.342565e+03
1.789332e+00	1.631629e+00	1.395371e+03	2.050646e+03
2.354763e+00	1.263820e+00	6.347288e+02	3.052454e+03
1.966459e+00	1.489291e+00	2.379666e+03	7.269672e+02
1.937746e+00	1.510586e+00	1.744339e+03	2.378046e+03
2.578477e+00	1.168101e+00	2.188193e+02	6.459240e+03
1.742774e+00	1.673358e+00	2.550522e+03	2.678894e+02
1.743770e+00	1.674480e+00	1.489574e+03	1.209323e+03
2.618221e+00	1.152814e+00	6.757275e+01	7.201705e+03
2.447221e+00	1.221876e+00	3.810841e+02	5.469365e+03
2.153315e+00	1.369469e+00	4.405006e+01	2.765858e+03
2.546255e+00	1.180285e+00	2.437698e+02	4.402986e+03
1.928861e+00	1.516301e+00	3.461858e+01	5.094746e+02
1.816368e+00	1.607430e+00	1.246049e+02	9.272529e+02
2.395980e+00	1.244595e+00	1.520996e+02	2.839032e+03
1.905941e+00	1.534518e+00	3.097376e+02	9.738427e+02
2.965546e+00	1.039148e+00	1.028677e+01	5.874232e+03
2.116304e+00	1.391408e+00	1.813987e+03	8.084527e+03
1.967302e+00	1.489476e+00	8.901071e+02	2.546309e+03
1.733184e+00	1.683007e+00	2.029650e+03	7.814025e+02
1.715999e+00	1.700158e+00	1.058531e+03	1.609883e+03
1.726220e+00	1.690094e+00	2.564471e+02	6.399925e+02
1.708034e+00	1.707804e+00	1.530703e+02	1.221182e+02
2.171162e+00	1.359500e+00	6.033711e+02	3.200525e+03
1.969104e+00	1.487360e+00	2.051573e+02	2.252217e+03
1.961736e+00	1.493675e+00	1.679586e+03	8.715862e+02
1.993939e+00	1.470299e+00	3.250472e+03	5.743638e+03
2.076878e+00	1.415702e+00	1.781625e+03	4.271518e+02
1.890369e+00	1.546931e+00	5.705253e+02	3.927534e+02
2.390232e+00	1.247207e+00	1.508158e+02	5.259939e+03
2.136777e+00	1.380027e+00	5.639889e+02	3.692185e+03
1.957069e+00	1.497141e+00	2.171324e+02	3.953919e+03
2.364531e+00	1.258635e+00	1.624913e+02	9.763028e+02
1.725985e+00	1.691087e+00	2.515721e+03	8.702992e+02
2.109613e+00	1.394721e+00	9.223203e+01	5.916054e+03
1.981309e+00	1.479870e+00	5.514416e+02	3.556346e+03
1.908339e+00	1.533467e+00	3.288277e+03	1.138722e+02
1.871620e+00	1.562091e+00	5.705628e+02	7.871030e+02
2.569484e+00	1.171206e+00	3.651906e+01	7.817900e+03
2.065571e+00	1.423166e+00	3.447113e+02	4.005808e+03
2.221864e+00	1.330945e+00	1.435490e+02	3.355388e+03
1.884281e+00	1.551646e+00	7.317161e+02	1.048622e+03
1.776801e+00	1.643436e+00	3.004217e+03	1.751795e+03
1.904295e+00	1.535755e+00	8.951897e+02	1.662546e+02
2.329629e+00	1.275447e+00	2.680623e+02	3.521764e+01
1.767438e+00	1.652361e+00	2.630964e+03	2.347243e+03
1.710448e+00	1.706038e+00	5.562807e+02	8.650590e+02
2.567414e+00	1.172459e+00	8.041520e+02	6.933420e+03
2.193570e+00	1.346052e+00	1.341173e+02	2.818750e+02
1.743598e+00	1.675319e+00	3.288789e+03	1.195655e+03
2.212431e+00	1.335771e+00	1.722259e+02	2.532889e+02
1.791321e+00	1.629131e+00	2.374995e+01	3.659429e+03
2.421413e+00	1.233493e+00	5.307984e+02	3.889436e+03
1.826746e+00	1.599045e+00	9.939563e+02	8.005522e+02
2.047866e+00	1.433826e+00	2.454398e+03	5.040818e+02
2.220361e+00	1.331403e+00	2.546120e+02	2.161567e+01
2.546428e+00	1.180644e+00	5.679015e+01	3.008902e+03
2.431514e+00	1.227705e+00	4.142845e+02	2.972823e+02
2.359901e+00	1.261986e+00	1.074134e+02	7.825354e+03
2.555046e+00	1.176531e+00	9.539540e+01	4.467864e+03
2.174478e+00	1.356533e+00	1.474497e+03	1.796988e+02
2.579281e+00	1.166444e+00	1.323984e+02	6.508091e+03
1.985373e+00	1.476408e+00	8.392844e+02	2.574949e+03
2.282766e+00	1.298540e+00	1.780172e+02	2.916640e+03
2.572870e+00	1.170269e+00	8.527990e+02	5.187098e+03
2.559290e+00	1.175612e+00	1.012214e+02	6.836424e+03
2.288316e+00	1.297007e+00	5.958093e+02	4.260140e+03
2.398874e+00	1.242755e+00	1.911074e+02	1.607625e+02
2.451770e+00	1.220070e+00	8.230087e+02	8.808412e+03
2.378019e+00	1.252177e+00	4.915318e+01	5.589641e+02
2.577376e+00	1.168453e+00	7.171843e+02	7.170356e+03
2.002998e+00	1.463864e+00	7.730169e+01	3.319962e+03
2.161248e+00	1.365250e+00	6.095082e+02	4.173293e+03
2.612685e+00	1.154984e+00	4.831564e+02	4.394435e+03
2.569975e+00	1.171373e+00	4.554434e+02	4.707915e+03
2.167741e+00	1.361176e+00	1.006101e+03	1.753349e+03
2.240416e+00	1.321400e+00	1.761692e+03	1.270968e+03
2.507745e+00	1.195461e+00	5.494107e+02	7.002050e+03
1.949569e+00	1.502473e+00	9.197188e+02	3.566856e+03
1.974417e+00	1.484363e+00	2.014636e+02	6.760503e+03
2.613779e+00	1.154035e+00	1.543212e+02	4.108300e+02
2.634618e+00	1.147439e+00	1.316065e+03	6.433164e+03
1.803844e+00	1.619372e+00	1.796119e+03	2.020121e+03
2.142393e+00	1.375297e+00	1.521063e+03	7.278743e+02
2.048796e+00	1.434097e+00	1.417801e+03	1.422243e+03
2.445451e+00	1.222351e+00	6.032044e+02	6.181096e+03
2.066499e+00	1.422611e+00	5.936744e+02	2.629898e+03
2.888350e+00	1.061748e+00	5.169003e+02	2.923950e+03
1.729076e+00	1.686804e+00	5.166777e+02	3.217816e+01
2.610257e+00	1.154659e+00	8.621134e+01	6.500379e+03
1.879249e+00	1.556001e+00	2.926038e+03	1.110176e+03
2.470950e+00	1.211154e+00	2.726953e+02	2.534138e+03
2.180385e+00	1.354242e+00	6.943002e+02	4.257407e+03
1.928396e+00	1.516950e+00	3.588785e+02	7.893126e+01
2.753636e+00	1.103855e+00	1.368415e+02	9.240822e+03
2.480292e+00	1.206541e+00	4.225340e+02	2.996677e+03
2.643793e+00	1.142606e+00	4.027937e+02	2.693877e+03
1.829852e+00	1.596169e+00	2.661019e+02	1.841737e+03
1.862132e+00	1.570081e+00	2.705161e+03	4.113250e+02
2.037522e+00	1.440868e+00	4.149427e+02	1.785718e+03
2.028043e+00	1.447290e+00	4.988204e+02	7.614271e+02
2.299721e+00	1.290689e+00	4.298703e+02	4.145472e+03
1.991823e+00	1.471623e+00	5.427636e+02	2.477267e+02
2.285747e+00	1.297859e+00	2.701071e+02	7.838328e+02
1.882514e+00	1.553392e+00	2.084483e+02	3.405027e+02
2.612361e+00	1.155117e+00	1.807969e+03	6.766591e+03
1.752373e+00	1.664075e+00	3.440031e+02	2.598485e+02
2.356485e+00	1.263046e+00	2.750160e+02	4.006974e+03
2.546323e+00	1.180091e+00	9.092024e+01	8.835352e+02
2.028642e+00	1.447466e+00	3.031234e+03	6.745429e+02
2.464684e+00	1.213457e+00	4.610928e+02	7.513796e+03
2.463259e+00	1.215312e+00	4.650188e+00	2.298253e+03
1.982561e+00	1.477369e+00	9.995280e+02	5.160823e+02
1.818408e+00	1.605409e+00	6.359143e+02	6.912746e+02
2.326383e+00	1.277483e+00	1.962771e+02	4.371515e+03
1.964246e+00	1.490948e+00	1.874877e+02	3.983917e+02
2.319354e+00	1.280879e+00	2.130630e+02	5.966226e+02
1.898143e+00	1.540463e+00	1.304692e+03	1.651941e+03
2.031309e+00	1.445054e+00	2.021953e+02	8.704624e+02
2.451075e+00	1.219865e+00	1.015738e+01	1.610136e+03
2.643374e+00	1.142505e+00	3.594759e+02	6.445780e+03
1.936672e+00	1.511283e+00	4.555684e+02	2.304181e+02
1.975947e+00	1.484137e+00	1.894611e+03	2.410672e+03
2.035710e+00	1.442378e+00	5.232458e+02	1.983655e+03
1.818394e+00	1.608035e+00	4.736531e+03	1.084759e+03
2.505423e+00	1.197056e+00	3.941926e+02	8.674492e+03
2.574914e+00	1.169406e+00	6.861916e+02	7.426448e+03
1.869426e+00	1.562891e+00	4.034122e+01	5.433853e+02
2.211332e+00	1.336508e+00	2.463807e+02	2.527710e+03
2.227772e+00	1.327725e+00	2.705936e+03	7.961350e+03
2.362444e+00	1.259890e+00	5.342495e+02	3.029643e+03
2.191836e+00	1.346689e+00	7.115019e+01	1.192023e+02
1.989057e+00	1.473631e+00	1.990769e+03	1.140196e+02
1.745836e+00	1.673318e+00	1.593396e+03	2.247966e+03
2.004457e+00	1.462189e+00	1.023113e+02	2.369334e+03
2.415778e+00	1.235836e+00	7.092750e+02	1.382958e+03
2.747231e+00	1.106655e+00	5.849492e+01	1.873956e+03
1.963654e+00	1.491831e+00	3.058421e+02	4.619607e+03
2.603564e+00	1.158152e+00	1.564265e+02	1.850109e+03
2.200652e+00	1.342156e+00	2.070405e+02	1.510006e+02
2.533801e+00	1.184917e+00	1.774704e+01	2.467547e+02
1.995892e+00	1.469848e+00	2.187976e+03	4.219742e+03
2.009006e+00	1.461286e+00	1.237115e+03	4.775406e+03
1.798678e+00	1.623321e+00	2.040374e+03	1.995471e+03
2.338807e+00	1.271881e+00	5.797409e+02	5.981142e+03
2.325739e+00	1.278440e+00	5.989900e+02	4.500216e+03
2.464716e+00	1.213754e+00	1.838861e+02	6.052825e+03
2.522649e+00	1.189763e+00	2.413174e+02	2.170488e+03
1.976240e+00	1.482364e+00	7.228000e+02	2.673342e+03
1.943135e+00	1.506484e+00	5.793268e+02	1.324884e+03
2.652505e+00	1.139361e+00	3.492729e+02	2.779558e+03
2.449491e+00	1.220940e+00	3.187208e+02	7.134685e+03
2.245383e+00	1.318307e+00	7.384635e+02	1.183604e+03
1.945117e+00	1.505216e+00	1.404970e+03	3.599434e+03
2.616916e+00	1.153414e+00	8.270847e+01	4.769727e+03
1.932357e+00	1.513574e+00	7.318248e+02	1.264266e+02
2.243418e+00	1.319492e+00	2.897230e+00	4.220219e+03
2.230649e+00	1.326112e+00	2.106469e+02	1.512393e+03
2.476218e+00	1.208620e+00	1.292820e-01	8.614084e+03
1.792703e+00	1.628281e+00	2.759086e+02	2.843165e+03
2.222178e+00	1.330664e+00	2.373412e+02	2.532911e+02
1.947735e+00	1.504456e+00	2.809310e+03	1.538792e+03
2.125948e+00	1.384361e+00	4.099685e+02	3.492329e+02
2.491050e+00	1.202979e+00	4.762682e+02	3.664906e+03
2.067758e+00	1.422281e+00	3.206976e+02	3.852965e+03
1.899490e+00	1.539956e+00	1.069687e+03	1.941331e+03
2.668705e+00	1.133531e+00	3.750684e+01	7.384298e+03
2.345954e+00	1.268255e+00	6.982226e+02	3.653784e+03
2.484238e+00	1.206118e+00	1.297048e+02	2.470298e+03
1.801627e+00	1.620047e+00	6.895882e+02	1.334021e+03
2.457987e+00	1.217104e+00	5.495930e+02	3.544730e+03
2.283794e+00	1.298771e+00	1.645472e+02	4.457377e+03
1.905548e+00	1.534897e+00	2.356959e+02	7.041952e+02
2.153315e+00	1.369469e+00	4.405006e+01	2.765858e+03
2.103991e+00	1.398877e+00	7.549703e+02	2.227055e+03
2.356616e+00	1.262570e+00	4.544121e+02	1.824502e+03
1.809059e+00	1.614427e+00	4.930497e+01	8.941050e+02
2.414955e+00	1.236918e+00	2.085597e+02	1.994413e+03
2.119940e+00	1.388189e+00	8.407444e+01	4.402621e+02
2.128215e+00	1.384378e+00	3.907665e+02	1.278921e+03
2.828055e+00	1.080601e+00	2.028488e+03	5.813047e+03
2.388645e+00	1.247143e+00	2.248895e+02	7.054984e+01
2.388391e+00	1.248477e+00	4.538836e+02	3.123561e+03
2.082400e+00	1.412076e+00	2.746734e+02	3.039727e+03
2.296678e+00	1.292057e+00	1.282165e+03	3.302456e+02
2.020850e+00	1.452886e+00	2.493350e+03	6.684955e+02
2.095365e+00	1.404428e+00	3.388908e+03	5.045027e+03
2.102667e+00	1.398936e+00	1.682584e+02	3.195751e+02
2.189069e+00	1.348261e+00	2.711329e+01	4.245662e+02
1.849058e+00	1.579575e+00	3.994050e+02	6.924126e+02
2.379245e+00	1.251823e+00	6.940049e+01	4.309227e+03
2.418720e+00	1.234965e+00	4.093027e+01	1.355074e+03
1.814886e+00	1.608072e+00	1.562399e+02	1.518847e+02
2.216929e+00	1.333761e+00	1.328010e+02	4.281899e+03
1.989717e+00	1.473607e+00	2.195776e+03	1.248540e+03
1.801987e+00	1.619856e+00	1.959517e+03	2.408130e+01
2.463896e+00	1.214293e+00	3.358745e+02	8.581594e+03
1.759730e+00	1.658453e+00	1.323383e+03	1.864363e+03
2.380651e+00	1.251058e+00	1.995992e+02	3.007796e+03
2.154947e+00	1.368073e+00	4.387118e+02	2.197856e+02
2.136426e+00	1.378953e+00	2.413696e+01	3.151289e+03
1.791975e+00	1.629748e+00	3.397762e+03	1.214506e+03
2.082749e+00	1.412556e+00	7.376710e+01	6.474487e+03
2.436511e+00	1.226598e+00	5.167894e+02	7.314234e+03
2.577955e+00	1.168114e+00	2.510766e+02	6.586273e+03
2.062334e+00	1.424396e+00	2.642961e+02	4.616755e+02
2.306345e+00	1.288364e+00	2.102622e+03	5.535389e+02
2.661764e+00	1.136063e+00	4.691563e+01	8.144649e+02
2.542493e+00	1.182321e+00	2.666534e+02	7.141421e+03
1.954738e+00	1.498881e+00	1.849656e+03	2.689246e+03
1.787219e+00	1.633860e+00	1.711241e+03	1.374482e+03
1.834022e+00	1.591867e+00	1.020867e+03	2.013765e+03
1.914186e+00	1.526865e+00	2.211979e+02	3.389820e+03
2.413430e+00	1.235973e+00	1.039213e+02	6.435884e+00
1.928380e+00	1.518831e+00	1.480239e+03	1.237221e+03
2.393311e+00	1.245834e+00	1.574984e+02	2.155221e+03
2.472888e+00	1.210975e+00	2.297483e+02	9.101536e+03
1.863009e+00	1.568696e+00	4.747198e+02	2.114736e+02
2.585500e+00	1.165230e+00	1.058903e+02	8.703474e+03
1.888638e+00	1.548280e+00	9.673439e+02	3.831048e+03
1.884709e+00	1.551152e+00	2.320517e+02	3.339098e+02
1.886487e+00	1.549998e+00	7.123414e+02	2.493778e+01
2.362622e+00	1.259517e+00	3.742168e+02	3.364025e+03
1.878936e+00	1.556415e+00	1.059424e+03	2.574063e+03
1.810260e+00	1.613353e+00	1.804850e+03	4.240209e+02
1.888399e+00	1.547520e+00	1.725328e+02	8.312807e+02
1.739731e+00	1.676976e+00	2.574661e+02	4.361031e+02
2.607634e+00	1.156767e+00	1.012068e+02	8.825336e+03
2.538199e+00	1.183772e+00	2.679052e+02	5.053446e+03
1.946018e+00	1.504825e+00	6.462239e+02	5.169411e+03
2.570608e+00	1.171137e+00	8.477204e+02	6.517588e+03
2.383113e+00	1.250975e+00	5.759924e+02	2.695831e+03
1.950711e+00	1.501610e+00	1.060864e+03	1.009697e+03
2.220165e+00	1.331698e+00	1.563655e+02	4.082730e+01
1.997809e+00	1.468601e+00	1.060726e+03	5.309273e+03
2.404904e+00	1.240076e+00	1.102932e+01	1.161035e+03
2.298900e+00	1.290305e+00	5.727203e+02	8.883809e+02
1.912137e+00	1.530703e+00	3.548486e+03	3.583104e+02
2.264593e+00	1.308171e+00	2.816083e+02	2.732815e+03
2.416769e+00	1.234708e+00	2.277467e+02	3.302863e+03
2.171131e+00	1.358737e+00	1.586534e+02	4.510867e+02
1.769440e+00	1.649692e+00	3.212272e+02	3.649391e+02
2.016801e+00	1.455971e+00	3.109081e+03	1.786682e+03
2.102140e+00	1.398688e+00	1.145193e+02	9.639984e+01
2.438867e+00	1.225124e+00	9.694527e+01	3.517969e+03
2.617015e+00	1.154200e+00	2.204262e+01	4.351001e+03
2.184942e+00	1.351618e+00	9.716759e+02	2.110631e+03
2.540624e+00	1.182350e+00	5.864631e+02	6.878192e+02
2.549928e+00	1.179182e+00	3.607080e+02	4.569481e+03
2.343077e+00	1.268950e+00	8.834284e+02	4.988473e+03
2.119049e+00	1.390071e+00	3.960868e+02	5.370766e+03
1.805670e+00	1.617581e+00	8.307981e+02	4.047851e+03
2.125343e+00	1.386280e+00	1.229068e+03	1.784686e+03
1.854677e+00	1.575794e+00	5.953919e+02	4.526439e+03
1.934647e+00	1.512174e+00	6.462711e+01	1.755764e+02
1.978462e+00	1.481594e+00	2.402836e+03	1.418609e+03
2.618664e+00	1.153104e+00	8.265321e+02	4.766575e+03
1.753864e+00	1.664454e+00	1.855775e+03	3.384976e+03
2.486439e+00	1.205043e+00	3.852074e+01	4.377884e+03
3.079969e+00	1.007235e+00	9.658432e+01	1.941035e+03
2.179967e+00	1.353160e+00	6.790396e+02	1.758619e+02
1.928349e+00	1.517842e+00	1.856436e+03	3.387420e+02
1.869269e+00	1.562586e+00	2.239641e+02	3.191223e+02
2.221451e+00	1.332079e+00	3.878190e+03	1.541719e+03
1.735115e+00	1.682980e+00	1.068768e+03	2.187088e+03
1.833930e+00	1.592270e+00	1.439086e+03	1.541630e+03
2.046361e+00	1.435357e+00	1.422584e+03	2.940428e+03
2.467994e+00	1.212271e+00	2.170509e+01	4.930973e+02
2.542014e+00	1.181672e+00	4.353489e+02	4.781276e+03
1.770604e+00	1.649397e+00	4.424223e+02	1.368640e+03
1.712631e+00	1.702772e+00	1.786854e+03	7.912291e+02
2.028484e+00	1.447673e+00	5.829330e+00	6.303469e+03
2.045573e+00	1.435237e+00	3.569932e+02	3.037939e+02
1.853809e+00	1.576283e+00	1.335620e+03	1.833621e+02
2.173586e+00	1.358182e+00	5.783964e+02	4.234832e+03
2.460672e+00	1.216321e+00	2.556205e+03	2.926434e+03
2.650768e+00	1.140355e+00	2.977195e+02	6.451113e+03
1.884557e+00	1.551998e+00	8.000606e+02	3.301351e+03
2.326575e+00	1.277275e+00	1.492520e+02	5.241112e+03
2.040931e+00	1.439105e+00	2.092035e+03	7.002703e+02
1.977831e+00	1.482444e+00	2.339911e+03	3.884026e+03
2.459293e+00	1.216026e+00	5.348803e+02	3.996229e+03
1.729076e+00	1.686804e+00	5.166777e+02	3.217816e+01
2.587510e+00	1.164455e+00	1.202315e+02	2.546780e+03
1.860179e+00	1.570258e+00	1.208267e+03	2.182792e+03
2.529569e+00	1.186838e+00	1.541975e+02	2.552342e+03
2.551266e+00	1.178807e+00	7.752615e+01	7.792832e+03
1.954314e+00	1.497483e+00	4.920605e+02	9.242343e+01
2.663477e+00	1.135247e+00	9.564191e+01	8.712457e+03
2.421190e+00	1.233770e+00	1.046028e+01	3.499773e+03
2.327708e+00	1.276875e+00	6.843459e+02	8.796771e+03
1.841642e+00	1.585615e+00	4.928648e+01	8.500093e+02
2.229969e+00	1.327028e+00	1.059045e+03	4.287850e+03
2.500860e+00	1.199292e+00	3.378952e+02	6.360124e+03
1.893912e+00	1.544072e+00	7.959514e+02	6.467135e+01
2.478755e+00	1.208348e+00	3.830552e+02	1.161043e+03
1.810537e+00	1.613276e+00	1.193239e+03	1.040077e+03
1.956536e+00	1.496077e+00	2.355982e+02	3.929833e+02
2.482062e+00	1.206311e+00	1.465152e+02	2.955184e+03
1.881509e+00	1.554066e+00	1.158974e+03	1.646405e+03
2.121230e+00	1.389656e+00	6.309912e+02	1.202695e+03
2.286145e+00	1.297432e+00	1.876973e+02	7.285429e+03
1.920652e+00	1.522654e+00	3.372499e+02	2.478765e+02
2.202437e+00	1.341264e+00	3.794387e+02	2.637737e+03
2.371595e+00	1.255234e+00	8.026217e+00	2.078873e+03
1.863562e+00	1.569146e+00	4.780536e+03	1.268586e+02
2.567113e+00	1.172523e+00	6.109184e+01	5.589651e+03
2.134139e+00	1.380383e+00	4.443345e+02	4.381904e+03
2.322638e+00	1.279319e+00	7.577801e+02	2.291777e+03
2.455476e+00	1.218130e+00	4.261767e+02	6.591640e+03
2.622148e+00	1.150973e+00	2.874407e+02	5.406421e+03
1.940494e+00	1.508235e+00	1.140257e+03	1.800756e+03
2.480005e+00	1.206450e+00	1.788179e+01	6.324514e+03
1.737067e+00	1.679388e+00	5.859911e+02	3.531750e+02
2.423395e+00	1.232544e+00	5.076081e+02	6.204205e+03
1.797937e+00	1.623825e+00	9.294809e+02	8.293853e+02
2.179576e+00	1.354346e+00	5.296742e+02	1.780022e+03
1.811827e+00	1.611823e+00	6.087809e+02	6.591922e+03
2.005475e+00	1.462864e+00	1.716719e+03	3.977707e+03
2.598210e+00	1.160087e+00	2.801229e+02	4.603547e+03
1.925941e+00	1.519832e+00	1.308934e+02	2.728083e+02
2.115455e+00	1.392874e+00	1.132272e+03	4.359421e+03
2.592247e+00	1.162242e+00	1.841964e+01	2.698753e+03
2.546430e+00	1.180426e+00	4.764961e+00	3.442209e+03
1.736677e+00	1.679966e+00	4.175622e+02	3.458587e+02
2.030978e+00	1.445759e+00	1.899375e+02	1.704902e+03
2.542526e+00	1.181939e+00	3.099527e+02	4.669983e+03
2.531289e+00	1.186094e+00	2.887422e+02	1.561513e+02
1.802051e+00	1.620833e+00	4.615528e+02	3.125785e+03
2.366764e+00	1.258161e+00	4.635601e+01	5.889971e+03
2.215423e+00	1.334808e+00	9.066139e+02	3.535751e+03
1.766557e+00	1.651814e+00	1.297593e+02	5.392945e+01
1.840711e+00	1.587393e+00	3.073459e+03	1.464895e+03
2.035693e+00	1.441759e+00	3.719121e+02	3.205321e+03
1.945006e+00	1.506164e+00	9.433907e+02	2.227790e+03
2.704596e+00	1.121316e+00	9.327243e+01	9.835161e+03
2.509940e+00	1.194686e+00	1.726109e+02	5.820770e+03
2.453395e+00	1.218745e+00	3.522189e+02	8.086890e+03
2.656420e+00	1.138540e+00	1.705742e+02	4.419657e+03
2.076268e+00	1.415914e+00	7.855093e+02	2.470602e+03
2.175324e+00	1.357852e+00	2.128947e+03	1.667796e+03
2.081211e+00	1.412370e+00	4.356666e+02	2.225241e+02
2.549011e+00	1.179768e+00	1.030198e+03	7.383600e+03
2.340174e+00	1.270721e+00	1.075719e+03	7.214156e+02
2.423533e+00	1.232716e+00	2.297266e+02	3.304967e+03
1.930084e+00	1.516546e+00	1.437452e+03	1.362726e+03
2.360310e+00	1.260777e+00	5.172773e+02	3.148931e+03
2.394044e+00	1.245481e+00	4.875369e+01	1.056174e+03
1.811124e+00	1.611687e+00	6.869510e+02	5.057826e+01
2.381677e+00	1.250303e+00	3.857712e+02	1.063579e+03
1.861783e+00	1.569182e+00	2.421518e+02	9.661082e+02
1.869929e+00	1.562307e+00	6.209195e+02	1.302699e+03
2.187071e+00	1.349656e+00	2.398320e+02	1.032332e+02
2.636841e+00	1.145919e+00	4.269092e+02	7.607120e+03
1.772066e+00	1.647537e+00	2.896146e+03	1.175284e+03
2.683863e+00	1.128294e+00	2.383119e+02	1.262739e+03
2.415792e+00	1.234966e+00	2.953352e+02	4.714968e+03
2.505294e+00	1.197051e+00	6.306833e+02	9.325890e+03
2.171098e+00	1.359622e+00	9.502094e+02	2.280636e+03
2.451085e+00	1.220235e+00	2.931602e+02	1.110510e+03
2.231270e+00	1.326538e+00	1.478745e+03	6.694157e+02
2.190321e+00	1.347324e+00	1.476570e+02	5.683480e+02
2.112440e+00	1.394208e+00	1.272574e+03	4.527626e+03
2.616949e+00	1.153320e+00	1.483426e+02	6.536403e+02
2.212115e+00	1.336624e+00	5.147751e+01	6.941766e+03
2.574247e+00	1.170464e+00	2.270129e+02	5.951756e+03
1.998378e+00	1.467040e+00	2.459055e+02	2.004253e+03
1.976544e+00	1.482504e+00	3.552131e+02	3.271391e+03
2.658610e+00	1.137800e+00	5.173914e+01	9.123789e+03
1.843930e+00	1.583204e+00	4.409554e+02	4.550014e+02
1.883023e+00	1.553078e+00	1.640520e+03	6.786961e+02
1.767358e+00	1.650979e+00	4.705402e+02	7.697972e+02
2.300775e+00	1.289698e+00	6.055886e+02	1.138976e+03
2.884674e+00	1.063239e+00	1.168384e+02	6.446168e+03
1.767567e+00	1.650410e+00	2.955281e+02	1.358195e+03
1.840820e+00	1.588640e+00	4.263211e+03	4.203056e+02
2.398988e+00	1.244036e+00	2.062112e+02	1.667180e+03
1.923300e+00	1.521186e+00	7.941014e+01	7.572544e+02
1.760377e+00	1.657800e+00	2.754298e+02	6.164624e+02
1.710947e+00	1.704994e+00	2.128887e+03	4.132822e+02
2.063130e+00	1.424789e+00	9.851543e+00	2.635567e+03
2.205464e+00	1.339366e+00	2.544114e+03	7.286961e+03
2.365094e+00	1.259118e+00	1.258011e+03	5.406684e+03
2.577049e+00	1.167781e+00	5.010780e+01	5.556477e+01
1.947246e+00	1.504185e+00	2.749428e+03	7.877278e+02
1.876690e+00	1.557058e+00	9.037862e+02	2.214193e+03
2.312899e+00	1.283381e+00	6.634211e+00	3.751805e+03
2.393812e+00	1.244936e+00	9.882192e+01	5.077456e+03
2.449254e+00	1.220638e+00	5.491094e+02	8.210111e+03
2.027364e+00	1.448493e+00	4.669820e+03	3.959497e+03
2.261794e+00	1.309404e+00	9.751681e+02	3.908260e+02
2.376688e+00	1.253552e+00	7.092137e+02	2.568592e+03
2.387864e+00	1.248232e+00	7.930112e+02	7.369269e+03
2.203575e+00	1.340440e+00	1.643884e+02	2.113543e+02
2.126936e+00	1.384872e+00	2.099798e+03	1.306917e+03
2.383910e+00	1.249843e+00	3.683388e+02	4.276557e+03
2.332258e+00	1.274439e+00	1.752751e+02	4.840984e+03
2.477963e+00	1.208998e+00	6.176097e+02	1.670796e+03
2.384823e+00	1.249912e+00	1.630987e+02	1.695243e+03
2.261910e+00	1.309265e+00	2.032931e+02	4.223587e+02
2.407989e+00	1.239532e+00	1.286779e+02	1.422388e+03
2.290270e+00	1.295157e+00	2.298545e+03	4.791266e+03
1.916686e+00	1.526234e+00	8.182190e+02	3.729151e+03
2.352806e+00	1.264334e+00	2.281347e+00	2.574630e+03
2.624370e+00	1.150612e+00	9.813125e+01	4.605967e+03
2.025050e+00	1.450441e+00	3.101893e+03	1.818577e+03
2.278967e+00	1.301513e+00	4.168060e+02	2.283530e+03
1.861830e+00	1.569194e+00	1.247175e+02	5.223751e+02
1.962201e+00	1.493553e+00	1.625315e+03	4.841021e+02
1.881970e+00	1.553991e+00	1.141261e+02	4.142292e+03
2.148641e+00	1.372534e+00	1.018542e+03	2.236011e+03
2.581312e+00	1.167548e+00	4.607858e+02	1.070461e+03
2.077978e+00	1.414503e+00	3.161069e+02	8.810155e+02
2.370769e+00	1.256307e+00	5.232057e+02	2.118769e+03
1.890307e+00	1.546401e+00	1.767960e+02	1.619577e+02
1.895245e+00	1.542479e+00	3.729536e+02	1.316763e+03
1.925556e+00	1.518952e+00	4.781237e+02	4.625739e+02
2.182541e+00	1.352874e+00	1.155564e+03	2.581389e+03
1.995836e+00	1.469273e+00	4.772698e+02	3.816826e+03
1.969736e+00	1.487749e+00	1.091909e+02	6.807659e+02
2.162413e+00	1.363572e+00	2.871340e+02	5.490752e+01
2.031740e+00	1.447220e+00	3.781688e+03	1.187462e+03
1.851364e+00	1.578697e+00	1.448788e+03	1.023120e+03
1.920083e+00	1.524863e+00	2.057794e+02	1.485186e+03
2.609183e+00	1.156336e+00	1.326994e+02	2.193073e+03
2.076673e+00	1.416463e+00	2.424135e+03	5.404569e+03
1.737033e+00	1.679656e+00	2.565130e+02	4.550060e+02
2.477088e+00	1.209134e+00	4.280189e+00	4.075331e+03
1.815520e+00	1.608978e+00	1.961156e+03	9.948267e+02
2.559015e+00	1.175230e+00	2.636828e+02	3.706442e+03
1.771526e+00	1.647692e+00	5.009703e+02	2.750035e+03
2.625205e+00	1.150324e+00	3.362241e+02	9.313187e+03
2.375873e+00	1.254394e+00	1.040144e+01	2.545845e+03
1.971420e+00	1.485818e+00	8.567335e+01	7.732284e+02
2.714369e+00	1.118932e+00	4.543882e+02	8.168259e+03
2.578603e+00	1.168039e+00	1.718453e+02	4.015206e+03
2.577246e+00	1.168321e+00	3.500959e+01	9.220453e+03
2.010942e+00	1.459165e+00	7.840700e+02	2.549990e+03
1.922500e+00	1.522434e+00	1.392726e+03	3.204925e+03
2.706868e+00	1.120281e+00	1.430038e+02	7.096258e+03
2.389690e+00	1.247131e+00	5.137681e+00	5.057046e+02
1.977403e+00	1.482095e+00	4.784124e+02	1.166169e+02
2.428786e+00	1.229628e+00	4.626714e+02	1.900297e+03
1.935354e+00	1.512468e+00	7.233033e+02	3.280692e+03
2.471608e+00	1.211536e+00	5.818291e+02	8.646740e+03
2.412670e+00	1.237775e+00	9.753278e+02	1.830910e+03
2.011498e+00	1.458877e+00	1.595201e+03	8.126767e+02
2.187342e+00	1.350018e+00	3.466016e+02	6.579688e+02
2.388588e+00	1.247639e+00	4.990122e+01	9.367777e+02
2.358756e+00	1.261502e+00	2.759302e+02	3.067492e+02
2.503671e+00	1.198245e+00	1.574241e+03	6.920006e+02
1.724015e+00	1.693589e+00	1.342667e+03	1.025991e+03
1.709729e+00	1.706450e+00	5.572245e+02	5.885444e+02
2.493661e+00	1.201985e+00	3.578738e+02	8.089198e+03
1.922325e+00	1.522437e+00	1.508105e+03	3.472418e+03
2.019243e+00	1.453584e+00	2.909824e+03	2.025207e+02
2.748996e+00	1.105862e+00	1.300561e+02	1.658106e+03
2.354408e+00	1.264019e+00	8.110129e+02	2.446245e+03
2.546875e+00	1.180140e+00	4.150911e+02	9.549690e+03
2.455907e+00	1.217779e+00	3.596649e+02	5.875581e+03
2.096975e+00	1.403579e+00	1.137767e+03	2.408705e+03
2.198805e+00	1.343988e+00	1.063029e+03	1.898194e+03
1.906140e+00	1.534603e+00	2.869962e+02	1.086772e+03
1.839139e+00	1.587782e+00	7.434520e+02	1.752363e+03
2.005862e+00	1.462007e+00	1.923505e+02	4.410885e+03
2.551119e+00	1.178312e+00	8.672171e+01	4.448676e+03
2.307434e+00	1.286940e+00	5.737329e+02	2.317239e+03
2.592535e+00	1.162507e+00	2.443816e+02	7.599419e+03
2.052135e+00	1.432062e+00	1.272975e+02	6.257963e+03
2.136312e+00	1.379696e+00	1.434665e+03	6.986914e+02
1.821240e+00	1.603525e+00	3.810521e+02	1.679791e+03
2.405677e+00	1.240386e+00	6.199986e+02	2.492979e+03
2.495609e+00	1.201674e+00	9.429835e+02	2.409583e+03
2.023064e+00	1.451178e+00	2.290852e+03	5.848625e+02
2.318534e+00	1.281933e+00	2.252549e+03	7.616670e+03
1.924977e+00	1.520142e+00	3.352342e+00	1.287938e+03
2.294573e+00	1.292695e+00	5.122226e+02	3.150315e+03
2.506588e+00	1.195932e+00	9.380561e+00	6.033632e+03
2.152165e+00	1.370605e+00	2.414552e+03	5.864870e+03
2.223563e+00	1.330756e+00	1.215717e+03	2.990041e+03
1.770547e+00	1.648094e+00	1.470145e+02	1.256500e+02
2.551449e+00	1.178215e+00	4.620202e+01	1.676116e+03
1.792812e+00	1.628630e+00	1.201678e+03	2.097486e+03
2.389739e+00	1.247489e+00	1.483403e+02	2.995707e+03
2.167706e+00	1.361171e+00	6.524896e+02	2.770497e+03
1.860154e+00	1.570172e+00	6.941306e+02	1.847154e+03
2.257726e+00	1.312442e+00	5.222019e+02	2.350269e+03
1.838045e+00	1.589314e+00	4.751669e+00	7.501031e+02
2.512442e+00	1.194271e+00	3.641584e+02	2.924251e+03
2.274043e+00	1.303747e+00	1.006684e+03	1.750484e+03
1.963114e+00	1.491430e+00	1.859772e+01	5.089198e+03
2.267351e+00	1.306350e+00	3.117829e+01	1.196518e+03
1.771899e+00	1.647374e+00	3.053370e+02	1.250602e+02
1.924071e+00	1.520613e+00	9.730315e+01	7.767309e+02
2.555760e+00	1.176797e+00	5.957800e+02	5.450707e+02
2.652106e+00	1.139251e+00	3.313740e+02	6.192232e+03
2.403152e+00	1.240819e+00	2.983841e+01	1.553894e+03
1.900956e+00	1.538536e+00	4.551493e+02	8.189328e+01
1.904447e+00	1.535683e+00	4.532908e+01	7.121487e+02
1.919937e+00	1.524347e+00	2.107122e+02	2.461190e+02
1.905745e+00	1.534169e+00	4.198053e+02	9.587774e+02
2.224939e+00	1.329698e+00	1.221754e+03	6.136440e+02
1.831949e+00	1.594224e+00	2.188268e+02	2.178524e+03
2.451705e+00	1.219953e+00	1.496067e+03	9.999488e+03
2.532567e+00	1.186698e+00	5.411106e+02	2.422916e+03
1.850627e+00	1.578308e+00	8.071821e+02	1.902019e+03
2.041994e+00	1.437922e+00	1.314281e+02	1.513433e+03
1.978262e+00	1.481107e+00	2.577022e+02	3.847179e+03
2.631665e+00	1.148663e+00	6.545326e+01	4.869671e+03
2.335987e+00	1.272888e+00	8.465464e+02	1.165102e+03
2.391008e+00	1.247013e+00	1.230039e+02	4.604015e+03
2.352873e+00	1.265229e+00	8.530696e+02	1.657959e+03
2.466552e+00	1.212850e+00	5.650216e+02	8.552024e+03
2.733043e+00	1.111670e+00	4.819858e+02	2.066718e+03
2.646087e+00	1.141715e+00	5.467586e+01	6.998941e+03
2.404192e+00	1.241062e+00	7.231117e+02	7.923760e+03
1.909734e+00	1.531171e+00	1.792947e+02	7.120534e+02
1.869293e+00	1.563524e+00	1.771403e+02	4.353076e+03
2.423914e+00	1.232197e+00	1.779568e+02	4.474865e+03
2.404768e+00	1.240720e+00	5.707081e+02	2.505850e+03
2.427945e+00	1.230356e+00	7.897753e+02	5.434215e+03
1.959042e+00	1.495187e+00	8.395674e+00	1.508127e+03
2.421164e+00	1.233571e+00	7.104741e+01	2.790803e+03
1.881870e+00	1.552443e+00	1.962636e+03	5.901350e+02
2.147841e+00	1.372852e+00	1.293809e+03	5.217945e+02
2.441363e+00	1.224652e+00	2.240648e+02	2.604679e+03
2.592980e+00	1.162494e+00	1.732896e+02	6.215669e+03
1.888324e+00	1.548574e+00	1.239456e+02	1.071693e+03
2.199160e+00	1.343405e+00	6.850508e+02	2.162815e+03
2.391091e+00	1.247293e+00	4.045342e+01	2.416465e+03
2.034100e+00	1.443157e+00	1.019707e+03	1.630585e+03
1.786681e+00	1.634042e+00	9.601950e+02	1.662337e+03
2.195941e+00	1.345859e+00	1.519161e+03	7.727673e+03
1.930708e+00	1.515839e+00	1.860300e+02	4.481700e+03
1.897882e+00	1.541504e+00	3.599819e+02	1.899253e+03
1.801593e+00	1.620849e+00	1.182425e+03	1.976020e+03
1.899908e+00	1.539382e+00	7.089653e+02	4.203707e+02
1.725883e+00	1.691830e+00	1.414815e+03	9.179665e+02
2.548921e+00	1.179015e+00	1.559154e+01	2.726168e+03
1.883418e+00	1.551364e+00	6.128380e+01	5.103947e+02
1.728660e+00	1.688316e+00	9.692669e+02	2.128985e+03
1.804764e+00	1.617207e+00	8.053887e+01	9.219240e+02
2.438509e+00	1.224936e+00	7.412331e+02	3.978031e+02
2.332319e+00	1.274730e+00	4.147443e+02	3.840153e+03
2.590043e+00	1.163257e+00	9.203866e+01	8.143931e+03
2.064847e+00	1.422091e+00	4.119701e+01	4.173279e+03
1.961343e+00	1.493467e+00	1.803576e+02	2.772842e+03
2.164781e+00	1.363200e+00	4.117357e+02	2.496199e+03
2.148824e+00	1.372823e+00	1.037985e+03	3.690122e+03
2.628436e+00	1.148236e+00	7.370217e+01	6.883084e+03
2.484598e+00	1.205328e+00	6.306068e+01	5.493655e+03
2.521947e+00	1.190270e+00	4.413782e+02	1.758993e+03
2.285556e+00	1.297537e+00	1.031375e+03	2.211298e+03
2.274217e+00	1.304539e+00	3.338940e+03	2.962251e+02
2.408985e+00	1.238542e+00	2.771250e+02	5.146491e+03
1.967903e+00	1.487967e+00	2.322315e+02	7.041465e+02
1.923062e+00	1.521263e+00	1.451266e+03	3.337377e+02
2.638852e+00	1.145219e+00	1.032263e+01	2.850396e+03
1.750045e+00	1.666931e+00	1.888843e+02	2.445335e+02
1.712102e+00	1.704766e+00	2.287632e+03	6.083040e+02
2.074029e+00	1.417253e+00	3.476498e+02	7.798978e+03
2.082413e+00	1.412700e+00	1.497461e+03	1.380742e+02
2.077870e+00	1.414863e+00	8.302087e+01	3.760948e+03
1.750937e+00	1.667036e+00	1.767030e+03	2.089550e+03
2.312197e+00	1.284478e+00	3.147067e+02	5.088333e+03
2.446867e+00	1.222020e+00	1.691990e+01	9.224730e+03
2.347107e+00	1.267493e+00	5.198264e+02	2.761490e+03
2.191749e+00	1.347113e+00	1.424352e+03	6.774625e+02
2.469352e+00	1.211900e+00	1.399388e+02	2.802610e+03
2.022646e+00	1.449845e+00	5.843361e+02	2.416085e+03
2.110562e+00	1.393920e+00	2.590537e+02	1.935869e+02
2.423953e+00	1.232248e+00	2.251190e+02	7.768619e+03
1.932618e+00	1.514509e+00	3.033769e+02	1.412236e+03
1.972354e+00	1.486104e+00	9.025627e+02	2.015678e+03
2.462662e+00	1.215394e+00	1.899703e+01	1.316614e+03
1.850737e+00	1.578728e+00	1.204849e+01	7.534689e+02
2.599097e+00	1.159563e+00	6.334064e+01	1.550933e+03
2.319259e+00	1.280533e+00	2.955941e+02	3.968271e+01
2.227848e+00	1.328030e+00	1.022626e+03	2.845990e+03
2.585357e+00	1.165274e+00	2.963409e+02	4.481375e+03
2.510321e+00	1.194938e+00	7.850424e+02	1.384201e+03
2.494943e+00	1.201425e+00	2.194644e+01	4.073204e+02
1.816478e+00	1.606635e+00	4.642293e+02	4.843966e+02
1.998348e+00	1.468545e+00	2.420511e+02	8.043943e+03
1.777973e+00	1.641814e+00	4.511241e+02	1.982836e+02
2.365456e+00	1.258767e+00	2.798939e+02	7.345926e+02
2.491475e+00	1.202365e+00	2.929906e+02	2.555053e+03
2.471107e+00	1.211831e+00	8.314076e+01	9.082310e+03
1.880903e+00	1.554611e+00	6.021424e+02	6.646400e+02
2.393158e+00	1.245137e+00	1.921692e+02	5.077224e+03
1.956428e+00	1.497452e+00	9.708301e+02	1.476755e+03
1.830130e+00	1.596244e+00	2.434658e+02	4.350614e+02
2.286392e+00	1.298204e+00	5.443653e+02	4.643161e+03
2.294984e+00	1.293067e+00	3.481763e+02	2.072603e+03
2.506846e+00	1.196376e+00	2.036951e+02	4.802163e+03
1.850739e+00	1.579130e+00	1.614367e+03	1.376290e+03
1.983276e+00	1.477818e+00	7.835397e+02	2.378228e+03
2.528018e+00	1.187834e+00	2.444280e+02	8.322010e+03
2.375978e+00	1.253793e+00	4.844687e+02	2.452901e+03
2.512416e+00	1.194375e+00	1.892854e+01	7.511517e+03
1.818786e+00	1.605837e+00	2.297826e+01	8.596802e+02
2.126867e+00	1.384779e+00	7.756241e+02	4.535576e+03
1.838096e+00	1.589936e+00	3.407698e+03	1.139624e+03
2.270773e+00	1.305717e+00	8.036977e+01	3.839335e+03
2.594921e+00	1.161561e+00	1.654802e+02	8.269762e+03
1.738753e+00	1.677997e+00	9.789563e+02	3.264595e+02
2.576400e+00	1.169017e+00	2.576514e+02	9.971174e+03
2.030978e+00	1.445759e+00	1.899375e+02	1.704902e+03
2.071542e+00	1.419307e+00	1.368861e+03	5.063433e+03
2.347615e+00	1.266881e+00	1.178342e+02	4.121727e+02
2.471001e+00	1.211402e+00	2.348508e+02	3.036333e+03
2.255626e+00	1.312920e+00	2.580649e+02	3.103436e+03
2.210471e+00	1.336583e+00	5.535752e+01	7.825058e+02
2.316046e+00	1.281714e+00	7.032633e+02	1.207152e+03
2.055468e+00	1.429278e+00	8.035092e+02	1.717908e+03
1.787953e+00	1.632872e+00	2.540595e+02	3.191064e+03
2.231140e+00	1.325864e+00	3.215497e+02	4.056479e+02
2.373867e+00	1.254305e+00	1.746998e+02	9.807507e+03
1.827763e+00	1.597367e+00	6.642206e+02	3.575943e+02
2.051444e+00	1.431409e+00	5.769190e+02	4.492883e+03
2.385531e+00	1.250380e+00	7.075393e+01	8.097491e+03
1.750397e+00	1.667532e+00	8.006533e+02	2.452158e+03
2.067769e+00	1.422566e+00	5.113572e+02	1.594733e+03
2.578785e+00	1.167762e+00	5.689457e+02	6.710973e+03
1.731534e+00	1.685477e+00	7.679201e+02	2.341073e+03
1.800216e+00	1.623331e+00	1.888116e+03	1.803844e+03
1.996415e+00	1.468711e+00	1.096387e+03	2.015517e+03
2.544767e+00	1.181090e+00	1.949369e+02	6.916034e+03
2.476683e+00	1.208639e+00	1.819694e+02	3.176173e+03
2.609367e+00	1.156287e+00	2.526520e+01	4.219080e+03
2.160846e+00	1.365472e+00	1.097695e+03	4.487070e+03
2.034261e+00	1.443284e+00	1.175184e+02	1.601434e+03
1.912632e+00	1.529341e+00	2.798039e+02	2.046676e+03
2.393868e+00	1.244933e+00	7.907547e+01	1.037398e+02
1.913062e+00	1.528126e+00	4.861832e+02	9.189100e+01
1.765079e+00	1.653123e+00	1.377156e+02	2.048548e+02
2.024330e+00	1.449880e+00	6.331955e+02	3.786019e+03
2.467483e+00	1.213328e+00	7.941512e+01	5.502852e+03
1.805094e+00	1.617707e+00	2.832065e+03	1.428848e+03
1.964916e+00	1.491359e+00	2.964789e+02	1.493268e+03
2.636414e+00	1.145164e+00	1.521559e+02	8.263844e+03
2.518409e+00	1.191800e+00	7.372510e+00	5.329868e+02
2.413043e+00	1.237145e+00	1.106782e+02	2.561321e+03
2.257561e+00	1.313899e+00	2.616169e+03	7.313329e+03
2.278208e+00	1.301598e+00	4.782663e+02	3.613447e+03
2.178840e+00	1.353986e+00	1.806316e+02	3.474133e+02
1.722166e+00	1.695001e+00	1.373298e+03	9.017347e+02
2.052265e+00	1.431748e+00	1.214543e+03	9.798812e+03
2.495381e+00	1.201177e+00	5.604302e+02	2.017393e+03
2.087906e+00	1.407527e+00	3.131651e+01	2.595689e+03
1.715664e+00	1.699875e+00	1.876184e+03	8.482809e+02
1.981513e+00	1.480068e+00	3.103749e+02	8.506975e+03
2.423116e+00	1.233258e+00	3.893706e+02	1.430608e+03
2.062946e+00	1.425118e+00	9.272778e+01	1.795826e+03
1.722338e+00	1.693654e+00	4.095465e+02	1.468094e+01
2.160133e+00	1.365661e+00	1.227358e+03	8.098735e+02
1.957060e+00	1.496435e+00	6.793530e+02	1.745546e+01
2.120301e+00	1.388325e+00	5.702110e-02	6.114188e+02
2.501067e+00	1.198904e+00	2.575985e+02	2.139517e+03
2.219597e+00	1.332605e+00	3.602151e+02	4.780612e+03
2.636811e+00	1.145452e+00	6.433924e+00	3.239429e+03
1.776932e+00	1.642079e+00	1.842350e+02	2.944224e+02
2.392562e+00	1.246068e+00	5.070429e+02	2.423610e+03
2.409679e+00	1.238597e+00	3.997231e+02	1.183579e+03
1.869415e+00	1.562570e+00	2.137083e+02	4.344243e+02
2.330258e+00	1.275856e+00	7.217534e+02	6.174770e+03
2.065881e+00	1.424158e+00	1.327720e+02	1.923620e+03
2.613209e+00	1.154523e+00	2.124658e+02	4.242491e+03
2.053851e+00	1.431388e+00	1.387550e+03	6.177287e+03
1.971834e+00	1.485255e+00	1.006333e+02	5.093714e+03
2.005959e+00	1.462695e+00	2.803007e+02	5.816477e+03
1.985382e+00	1.477029e+00	1.031131e+03	5.703234e+03
1.989896e+00	1.473800e+00	4.046405e+02	2.669061e+03
1.737276e+00	1.679241e+00	1.436509e+03	4.303500e+01
1.883369e+00	1.552866e+00	2.434984e+02	3.458239e+03
2.139107e+00	1.377154e+00	3.225807e+02	5.957812e+02
2.368369e+00	1.257736e+00	2.351150e+00	2.970187e+03
2.309377e+00	1.286467e+00	3.877053e+02	1.468428e+03
1.744851e+00	1.671328e+00	2.453253e+03	1.127076e+02
2.117398e+00	1.390642e+00	7.651969e+01	6.023528e+03
2.304934e+00	1.288016e+00	1.402586e+03	4.707945e+03
2.413686e+00	1.236110e+00	3.770262e+02	4.234195e+03
1.880851e+00	1.554832e+00	2.529196e+02	4.370727e+03
2.285586e+00	1.297528e+00	6.260443e+02	2.738004e+03
1.824175e+00	1.602221e+00	4.724561e+01	3.218803e+03
1.921850e+00	1.522844e+00	1.917998e+02	1.468574e+03
1.890762e+00	1.546433e+00	1.199856e+03	1.686148e+03
2.546682e+00	1.180464e+00	1.725855e+02	7.390564e+03
2.057864e+00	1.428298e+00	5.953185e+00	1.846813e+03
2.198886e+00	1.343547e+00	6.546839e+01	2.779767e+03
2.061306e+00	1.425506e+00	6.888661e+02	3.679166e+03
2.623466e+00	1.150736e+00	2.394995e+01	8.883450e+03
2.156504e+00	1.366963e+00	4.663000e+00	1.055952e+03
2.562243e+00	1.174309e+00	4.696939e+02	5.675128e+03
2.283622e+00	1.298223e+00	3.330580e+00	4.602158e+03
2.713588e+00	1.118403e+00	4.114965e+01	4.289746e+03
1.865715e+00	1.565625e+00	4.127275e+02	4.854078e+02
2.011849e+00	1.459208e+00	2.999472e+02	6.180367e+03
2.510057e+00	1.194612e+00	7.979625e+02	1.809336e+02
2.108257e+00	1.396343e+00	5.752655e+02	4.822053e+03
1.851035e+00	1.579031e+00	8.516788e+02	2.889184e+03
1.709932e+00	1.707622e+00	3.436479e+03	1.543893e+03
1.757411e+00	1.660641e+00	4.329616e+02	2.632233e+03
2.282962e+00	1.299438e+00	3.318125e+02	3.792320e+03
2.667824e+00	1.134916e+00	8.012067e+02	5.134223e+03
2.584036e+00	1.166010e+00	2.201084e+02	5.385596e+03
2.163177e+00	1.363802e+00	2.763646e+02	5.595335e+03
2.561910e+00	1.174490e+00	3.320202e+01	6.814434e+03
2.641398e+00	1.143370e+00	7.383231e-01	1.780971e+02
3.062003e+00	1.012274e+00	1.620869e+02	6.224499e+03
2.516094e+00	1.192935e+00	4.770618e+02	5.897171e+03
2.592336e+00	1.162332e+00	3.461954e+02	3.583903e+03
2.036966e+00	1.442407e+00	9.924469e+02	6.098486e+03
2.295444e+00	1.292037e+00	2.988518e+02	2.969944e+01
2.498511e+00	1.199953e+00	2.927725e+02	8.571705e+03
2.520009e+00	1.191796e+00	6.901761e+02	4.957188e+03
1.783152e+00	1.636922e+00	2.059995e+02	2.563672e+03
2.732241e+00	1.111705e+00	1.552377e+02	7.989692e+03
2.271025e+00	1.305111e+00	2.928964e+01	3.904761e+03
2.692859e+00	1.125580e+00	6.019909e+02	1.736556e+03
2.034621e+00	1.442455e+00	7.007431e+02	4.469972e+02
2.471020e+00	1.210503e+00	2.348150e+02	7.397936e+03
1.988798e+00	1.473532e+00	1.714028e+02	2.101626e+03
1.841524e+00	1.585493e+00	6.172551e+02	7.389797e+01
2.419218e+00	1.233465e+00	3.848177e+02	5.489720e+02
1.994961e+00	1.471279e+00	1.351031e+03	6.700063e+03
2.546765e+00	1.180556e+00	1.196328e+01	9.243559e+03
2.189069e+00	1.348620e+00	3.619660e+02	3.834748e+03
1.719460e+00	1.696475e+00	2.052698e+02	4.138943e+02
2.664505e+00	1.134925e+00	3.617137e+01	7.768260e+03
1.859062e+00	1.571519e+00	2.342588e+02	2.800327e+02
1.745361e+00	1.671488e+00	3.110245e+03	1.118819e+03
2.506658e+00	1.196785e+00	2.382234e+02	2.432589e+03
1.983544e+00	1.476788e+00	1.556597e+02	4.216864e+02
1.842687e+00	1.585288e+00	1.807187e+03	1.071427e+03
2.590762e+00	1.163239e+00	5.617554e+01	6.890924e+03
1.999951e+00	1.465795e+00	4.213688e+02	3.925927e+02
2.494601e+00	1.201409e+00	1.108222e+02	1.295319e+03
2.600283e+00	1.159582e+00	1.472045e+01	3.334482e+03
2.210569e+00	1.336417e+00	6.406958e+02	2.333507e+03
1.932528e+00	1.514319e+00	1.000787e+03	2.207966e+03
2.456192e+00	1.217838e+00	4.568398e+02	6.385143e+03
2.589503e+00	1.163397e+00	1.817387e+02	5.504042e+03
2.480921e+00	1.208149e+00	2.875868e+02	7.131500e+03
1.953939e+00	1.498593e+00	2.740206e+02	1.964172e+03
2.627230e+00	1.148614e+00	6.318394e+01	7.009039e+03
2.522036e+00	1.190043e+00	1.257902e+02	1.933972e+03
1.960438e+00	1.493893e+00	4.574665e+02	6.536963e+02
2.263399e+00	1.309212e+00	2.233694e+02	3.588798e+03
2.335884e+00	1.272941e+00	6.951915e+00	7.734687e+03
2.039187e+00	1.439707e+00	2.062758e+02	1.471420e+03
1.932584e+00	1.514674e+00	1.873271e+03	4.929420e+03
2.757568e+00	1.103380e+00	7.605046e+02	1.322005e+03
2.331473e+00	1.275176e+00	1.100419e+02	5.416174e+03
2.469732e+00	1.211568e+00	7.747243e+00	5.865082e+03
2.662488e+00	1.135628e+00	1.375642e+02	8.430211e+03
1.925440e+00	1.519599e+00	3.224882e+02	2.296945e+02
1.858293e+00	1.571680e+00	2.190819e+02	2.944854e+02
2.599519e+00	1.159435e+00	5.520672e+01	1.134813e+03
2.103667e+00	1.398688e+00	3.570080e+02	8.926606e+02
2.197923e+00	1.343597e+00	1.595441e+02	1.827288e+03
2.571127e+00	1.171023e+00	1.578755e+03	6.570897e+03
1.875014e+00	1.559203e+00	5.897680e+02	5.069846e+03
2.229186e+00	1.326737e+00	1.829475e+02	5.759001e+02
2.537820e+00	1.183097e+00	4.433563e+01	6.139698e+03
1.914555e+00	1.526719e+00	1.590905e+03	2.938114e+00
1.988460e+00	1.473950e+00	2.663489e+03	2.794614e+02
2.407803e+00	1.240363e+00	2.389032e+03	7.972672e+03
2.534761e+00	1.185340e+00	2.510326e+02	8.560149e+03
2.067635e+00	1.421268e+00	2.136372e+02	3.645369e+03
1.839735e+00	1.586737e+00	1.736886e+02	2.054744e+03
2.525997e+00	1.189079e+00	3.842913e+02	5.134933e+03
2.228445e+00	1.327067e+00	2.580436e+02	2.604946e+02
2.205588e+00	1.340164e+00	2.832263e+02	3.480689e+03
2.228907e+00	1.327222e+00	1.656901e+03	4.468935e+03
1.791223e+00	1.630457e+00	1.744884e+03	1.484765e+03
2.424085e+00	1.231326e+00	3.079562e+02	4.851138e+03
1.745478e+00	1.673244e+00	2.583103e+03	1.494697e+03
1.797868e+00	1.624513e+00	1.808235e+03	1.975139e+03
2.581496e+00	1.166921e+00	3.006776e+02	4.594464e+03
2.628804e+00	1.148781e+00	2.158937e+02	3.949597e+03
1.867652e+00	1.565078e+00	3.659107e+02	8.081449e+02
2.330107e+00	1.275030e+00	2.282808e+02	3.504428e+03
1.748890e+00	1.668236e+00	1.189403e+03	6.902674e+01
2.188307e+00	1.349398e+00	1.271709e+03	7.345997e+02
2.161450e+00	1.364333e+00	8.743929e+01	6.503341e+02
2.447018e+00	1.221546e+00	9.643853e+01	1.630670e+03
1.789015e+00	1.632827e+00	4.799424e+02	9.676813e+03
2.123821e+00	1.386379e+00	9.824709e+01	1.506380e+03
1.863000e+00	1.568884e+00	1.687122e+03	1.065172e+03
2.413373e+00	1.236521e+00	1.759162e+03	3.114341e+03
2.628083e+00	1.149228e+00	3.830774e+02	8.780853e+03
2.189115e+00	1.349129e+00	1.013909e+03	3.352208e+03
2.576756e+00	1.169312e+00	8.379605e+02	1.011873e+03
1.934199e+00	1.513168e+00	4.586167e+02	1.100938e+03
1.908591e+00	1.531175e+00	1.342677e+02	2.788502e+02
2.045087e+00	1.435229e+00	1.329036e+02	1.233698e+03
1.797986e+00	1.623864e+00	4.153271e+02	2.711085e+03
2.334354e+00	1.273194e+00	1.486643e+02	4.273945e+02
1.786171e+00	1.633822e+00	4.928058e+01	4.488011e+02
2.608889e+00	1.156096e+00	9.991002e+01	5.572922e+03
2.101046e+00	1.400505e+00	1.815065e+03	2.019663e+03
2.414730e+00	1.236067e+00	3.705613e+02	2.818729e+03
2.529696e+00	1.187414e+00	6.096063e+01	7.066649e+03
1.724125e+00	1.693863e+00	2.293600e+00	9.324705e+02
1.885967e+00	1.550418e+00	1.461574e+03	1.509999e+03
2.127838e+00	1.384065e+00	1.702109e+02	2.692248e+02
2.458778e+00	1.216205e+00	5.548360e+02	8.941941e+03
2.472904e+00	1.210844e+00	2.282817e+02	2.218768e+03
1.875040e+00	1.559169e+00	1.136980e+03	1.110832e+03
2.257066e+00	1.312726e+00	3.586612e+02	3.213991e+03
2.374504e+00	1.253864e+00	3.350997e+01	1.727873e+02
2.355703e+00	1.264711e+00	3.194320e+03	6.481689e+03
1.942271e+00	1.507121e+00	1.504312e+03	2.933128e+02
2.315242e+00	1.282552e+00	6.157225e+02	6.267971e+03
2.244618e+00	1.318880e+00	2.157852e+01	6.403716e+03
2.555297e+00	1.176581e+00	2.083361e+02	4.783509e+02
2.078793e+00	1.413819e+00	1.743892e+01	1.531488e+02
2.293151e+00	1.293424e+00	2.173250e+02	1.181285e+03
1.862812e+00	1.568562e+00	1.766204e+03	6.957141e+02
1.972585e+00	1.487292e+00	2.503571e+03	1.036465e+03
1.974246e+00	1.485094e+00	8.183370e+02	2.697763e+03
2.546668e+00	1.180651e+00	1.566321e+02	9.576326e+03
2.255927e+00	1.313957e+00	8.249920e+02	4.080677e+03
2.431070e+00	1.229119e+00	3.366369e+02	3.399022e+03
2.274998e+00	1.302831e+00	5.340262e+02	2.360849e+03
2.012777e+00	1.457024e+00	6.323962e+02	4.421790e+03
2.348742e+00	1.266055e+00	1.322303e+02	3.162702e+03
1.900312e+00	1.539426e+00	5.548830e+02	4.543875e+02
2.183055e+00	1.352793e+00	4.395877e+02	4.540429e+03
2.596658e+00	1.161001e+00	1.028872e+02	9.041434e+03
2.631291e+00	1.147939e+00	1.769951e+03	5.920407e+03
2.503658e+00	1.197539e+00	3.439701e+02	3.905586e+03
2.485969e+00	1.205100e+00	8.719420e+00	2.458110e+03
2.455614e+00	1.219157e+00	2.565906e+02	6.686635e+03
2.417268e+00	1.235032e+00	6.463302e+02	2.372701e+03
2.074458e+00	1.417348e+00	1.995119e+03	1.183678e+03
2.258646e+00	1.310560e+00	3.000171e+02	6.192570e+02
1.711488e+00	1.705317e+00	8.882786e+02	2.411273e+03
1.742072e+00	1.674668e+00	1.431453e+03	3.644602e+03
2.696561e+00	1.124685e+00	2.070716e+03	1.126001e+03
2.018566e+00	1.453804e+00	3.903436e+02	2.606801e+03
2.336667e+00	1.272291e+00	5.910659e+01	1.144534e+03
2.191177e+00	1.346881e+00	6.168743e+02	2.162083e+02
2.146016e+00	1.374035e+00	1.289499e+03	2.364475e+03
2.025917e+00	1.448447e+00	2.952503e+02	1.843004e+03
2.628306e+00	1.149192e+00	2.552533e+02	9.727912e+03
1.758578e+00	1.658899e+00	2.636575e+03	2.406875e+02
1.808818e+00	1.615128e+00	2.414419e+03	2.812488e+03
2.576435e+00	1.169906e+00	7.790970e+01	9.338696e+03
2.563112e+00	1.173940e+00	5.267779e+02	4.597462e+03
2.382888e+00	1.250730e+00	6.241611e+02	2.085544e+03
1.899644e+00	1.539406e+00	5.138224e+02	2.915699e+02
2.096911e+00	1.403477e+00	9.738499e+02	3.012364e+03
2.043704e+00	1.436107e+00	3.668474e+02	1.498981e+03
1.823626e+00	1.601514e+00	2.583260e+03	8.657515e+02
2.225196e+00	1.328414e+00	4.936202e+01	2.891746e+02
1.828448e+00	1.597428e+00	3.168465e+02	7.322602e+02
2.308958e+00	1.285106e+00	4.186891e+00	3.156226e+02
2.107807e+00	1.396238e+00	7.907722e+00	1.198774e+03
2.503488e+00	1.198105e+00	5.554920e+02	1.374135e+03
1.896980e+00	1.541269e+00	1.465649e+03	5.225999e+02
1.866233e+00	1.565602e+00	1.511156e+02	2.907745e+02
2.557422e+00	1.175721e+00	2.776913e+02	4.139721e+03
1.726680e+00	1.691398e+00	2.651997e+03	1.418749e+03
1.978338e+00	1.481339e+00	2.471853e+02	3.583972e+03
2.023795e+00	1.451004e+00	8.313556e+02	4.244438e+03
2.328463e+00	1.275856e+00	6.364815e+02	3.073413e+03
2.008796e+00	1.460638e+00	2.296532e+03	1.587629e+03
2.364506e+00	1.258925e+00	5.096244e+02	3.273872e+03
1.990515e+00	1.472581e+00	3.817947e+02	6.455305e+02
1.723892e+00	1.692206e+00	2.644700e+02	6.860417e+02
2.679584e+00	1.130655e+00	7.358996e+02	3.454735e+03
2.132007e+00	1.381725e+00	5.581043e+01	3.673630e+03
2.028593e+00	1.446672e+00	3.518747e+02	1.733928e+03
2.168301e+00	1.361607e+00	6.437053e+02	4.681370e+03
2.515390e+00	1.192706e+00	7.326510e+01	1.209814e+03
1.883951e+00	1.552225e+00	3.084743e+03	3.283670e+00
1.920470e+00	1.523492e+00	6.105311e+02	2.688052e+02
2.581699e+00	1.166706e+00	7.889908e+02	4.241156e+03
2.147263e+00	1.372970e+00	5.036285e+02	3.956323e+03
1.798205e+00	1.624797e+00	2.192602e+03	2.208912e+03
1.758109e+00	1.659567e+00	1.954214e+02	8.154960e+02
2.079773e+00	1.413880e+00	1.736500e+03	9.483063e+03
2.756432e+00	1.103438e+00	6.304263e+01	8.398961e+03
2.099952e+00	1.402199e+00	7.611544e+02	1.586732e+03
1.836962e+00	1.590089e+00	8.564806e+02	9.794468e+02
2.583877e+00	1.164834e+00	3.526789e+02	5.746293e+03
2.053800e+00	1.431010e+00	2.371970e+01	3.148602e+03
2.635129e+00	1.146473e+00	3.541554e+02	5.342483e+03
1.995655e+00	1.469447e+00	3.616341e+02	3.730054e+03
2.000159e+00	1.465982e+00	2.381775e+02	2.436429e+03
2.509505e+00	1.195431e+00	3.648443e+01	2.750490e+03
1.834950e+00	1.591323e+00	6.490329e+02	5.248095e+02
1.918352e+00	1.525249e+00	1.290238e+03	3.603164e+03
1.737867e+00	1.678819e+00	2.995588e+02	6.244576e+02
2.470930e+00	1.211934e+00	6.621436e+01	9.041057e+03
2.345383e+00	1.267958e+00	2.360837e+02	4.991333e+03
2.345528e+00	1.268249e+00	1.630879e+02	5.730396e+03
2.421837e+00	1.232978e+00	2.306427e+01	9.873096e+02
2.062206e+00	1.425415e+00	1.537289e+03	4.722086e+02
2.388762e+00	1.247174e+00	4.352192e+02	1.007774e+02
2.165960e+00	1.362113e+00	6.299087e+02	1.687635e+03
2.480378e+00	1.207572e+00	5.591097e+02	8.809990e+03
1.730987e+00	1.685698e+00	1.168563e+03	1.602051e+02
2.531914e+00	1.185553e+00	2.206443e+02	4.969707e+03
2.276354e+00	1.302098e+00	4.586930e+02	1.715966e+03
2.024241e+00	1.449565e+00	2.925759e+01	1.513042e+03
1.839952e+00	1.587265e+00	1.288737e+02	8.130069e+02
2.525924e+00	1.189316e+00	1.969684e+03	3.457068e+03
2.395994e+00	1.243846e+00	3.501975e+02	9.241625e+01
1.959667e+00	1.494591e+00	6.053129e+02	4.574398e+02
1.732769e+00	1.684157e+00	1.042137e+02	7.815712e+02
2.193192e+00	1.346720e+00	3.856404e+02	9.803342e+02
2.271958e+00	1.304624e+00	1.196651e+02	1.578270e+03
1.919840e+00	1.523650e+00	1.377825e+03	5.792409e+02
1.790726e+00	1.631639e+00	1.185648e+03	4.787614e+03
2.047821e+00	1.433753e+00	3.158469e+02	1.935495e+03
1.986845e+00	1.474441e+00	2.176255e+02	5.847862e+01
1.970067e+00	1.488086e+00	2.737909e+03	6.865460e+03
2.367096e+00	1.257407e+00	3.234697e+02	3.132329e+03
2.456353e+00	1.217764e+00	5.539223e+02	6.464290e+03
2.509284e+00	1.195434e+00	5.552346e+02	2.634552e+03
2.511829e+00	1.194419e+00	2.252315e+01	4.831298e+03
2.599671e+00	1.159919e+00	5.761321e+02	3.906438e+03
2.037732e+00	1.441289e+00	8.333196e+02	3.915237e+03
2.476398e+00	1.209113e+00	5.509234e+02	7.058321e+03
2.571797e+00	1.170272e+00	1.488638e+01	1.198985e+03
2.964919e+00	1.039416e+00	3.557386e+01	4.791442e+03
2.199671e+00	1.343475e+00	3.740833e+02	1.646743e+03
1.817743e+00	1.606096e+00	4.802126e+02	1.459645e+02
2.315061e+00	1.282424e+00	2.807913e+02	2.697378e+02
2.590196e+00	1.163379e+00	1.868722e+02	6.664495e+03
1.710973e+00	1.705609e+00	8.631294e+02	2.072761e+03
2.443510e+00	1.223796e+00	9.727530e+02	4.468376e+03
2.657281e+00	1.137714e+00	1.215491e+02	6.154476e+03
1.896589e+00	1.541166e+00	5.608256e+02	1.479187e+02
2.018360e+00	1.453937e+00	4.877572e+02	3.993071e+03
2.440099e+00	1.224856e+00	8.687425e+02	9.368674e+02
2.064618e+00	1.423361e+00	9.738835e+02	2.395469e+03
2.575419e+00	1.169267e+00	4.057804e+02	8.359572e+03
2.198056e+00	1.344202e+00	8.926329e+02	2.337120e+03
2.195113e+00	1.346048e+00	8.096631e+02	5.517020e+03
1.741315e+00	1.675148e+00	3.159710e+03	8.852353e+02
1.904803e+00	1.534868e+00	4.933864e+02	3.747449e+03
1.933302e+00	1.513284e+00	4.250165e+02	2.704871e+01
1.896511e+00	1.542196e+00	1.322703e+03	1.513482e+03
2.119692e+00	1.388710e+00	9.205460e+02	1.862135e+03
2.071017e+00	1.418863e+00	3.246340e+02	4.642484e+02
2.484830e+00	1.205065e+00	2.185150e+01	2.024031e+03
2.256780e+00	1.312743e+00	7.032931e+02	4.025726e+03
1.733392e+00	1.684971e+00	2.446798e+03	2.511179e+03
1.909848e+00	1.531040e+00	1.563320e+03	6.843037e+02
2.070068e+00	1.418461e+00	2.400659e+02	2.136990e+02
2.446494e+00	1.222084e+00	1.358617e+01	3.643737e+03
2.523868e+00	1.189829e+00	3.994647e+02	9.747378e+03
1.803691e+00	1.618521e+00	1.707251e+03	1.137759e+03
2.696367e+00	1.124041e+00	6.000055e+01	8.459327e+03
1.824120e+00	1.601477e+00	7.099131e+02	8.049000e+02
1.964839e+00	1.490157e+00	2.509897e+02	4.138417e+02
2.630284e+00	1.148297e+00	1.068765e+02	4.322573e+03
2.401267e+00	1.242264e+00	8.739809e+02	1.701226e+03
2.468619e+00	1.212125e+00	1.312168e+02	3.164576e+03
1.976396e+00	1.482181e+00	7.634246e+01	1.762989e+03
1.983999e+00	1.476295e+00	1.688933e+02	1.857476e+03
2.401026e+00	1.243029e+00	9.569744e+00	2.459879e+03
2.571055e+00	1.170704e+00	1.128248e+02	5.976123e+03
2.726637e+00	1.113742e+00	1.530862e+01	6.937773e+03
2.513851e+00	1.193929e+00	7.108274e+02	3.218189e+03
1.934735e+00	1.513860e+00	3.666251e+03	4.444035e+01
2.570969e+00	1.170397e+00	4.199318e+02	5.521402e+03
1.876230e+00	1.558017e+00	5.382856e+02	3.587649e+03
2.638381e+00	1.146193e+00	1.128274e+02	5.038024e+03
2.503207e+00	1.197335e+00	1.686516e+01	2.344797e+02
2.291371e+00	1.295118e+00	2.265795e+02	3.284651e+03
2.304646e+00	1.287993e+00	3.699891e+02	3.706847e+03
2.192217e+00	1.347351e+00	1.229885e+03	2.997891e+03
1.912277e+00	1.529457e+00	1.528338e+03	3.974059e+02
1.818894e+00	1.607184e+00	3.310312e+03	1.112898e+03
1.898970e+00	1.540223e+00	1.273115e+03	3.463373e+03
2.022871e+00	1.451742e+00	8.375645e+02	3.551587e+03
1.751618e+00	1.666278e+00	2.100724e+03	1.646650e+03
2.422244e+00	1.233115e+00	7.972577e+02	1.783935e+03
2.303709e+00	1.288436e+00	3.695234e+02	4.154723e+03
1.944176e+00	1.506254e+00	8.623228e+02	1.102375e+03
1.735849e+00	1.681060e+00	1.702703e+03	8.761501e+02
1.959581e+00	1.495060e+00	8.677406e+02	2.334946e+03
1.836440e+00	1.590423e+00	1.143679e+03	1.540839e+03
2.093642e+00	1.404266e+00	1.499223e+03	1.517025e+02
2.434012e+00	1.227980e+00	9.927951e+01	1.530605e+03
2.386781e+00	1.248632e+00	7.013363e+02	4.920711e+03
2.461178e+00	1.214866e+00	1.727606e+02	4.739865e+03
2.008331e+00	1.459162e+00	1.090654e+03	3.156564e+01
1.763968e+00	1.654488e+00	1.220515e+02	1.208721e+02
1.886553e+00	1.549878e+00	1.231761e+03	3.499974e+03
1.958071e+00	1.495932e+00	3.419327e+02	4.934535e+03
2.104388e+00	1.398465e+00	2.191918e+02	3.232271e+02
2.115455e+00	1.392874e+00	1.132272e+03	4.359421e+03
1.934235e+00	1.513617e+00	2.748359e+03	1.097942e+03
2.168888e+00	1.359748e+00	1.616750e+01	3.515239e+02
1.977883e+00	1.482725e+00	9.950058e+01	7.698365e+03
2.476759e+00	1.208620e+00	8.690997e+02	1.710072e+03
1.811498e+00	1.612250e+00	7.629041e+02	4.981513e+03
2.565921e+00	1.172890e+00	4.490333e+02	3.908117e+03
2.059128e+00	1.425523e+00	6.705555e+01	1.101897e+03
2.342242e+00	1.270521e+00	4.287273e+02	6.123589e+02
1.847821e+00	1.582605e+00	3.568243e+02	5.403380e+03
2.995173e+00	1.031116e+00	4.328015e+01	9.425979e+03
2.736452e+00	1.110389e+00	1.697030e+02	9.836054e+03
2.567368e+00	1.171488e+00	5.138998e+01	8.774081e+01
1.721557e+00	1.695622e+00	2.255893e+03	1.830240e+03
2.132747e+00	1.381829e+00	7.613283e+02	2.436617e+03
2.425233e+00	1.232434e+00	4.548745e+03	1.995779e+02
2.481216e+00	1.208138e+00	6.611941e+02	5.231354e+03
2.020738e+00	1.452776e+00	2.341094e+02	5.429833e+03
2.555875e+00	1.177109e+00	2.998769e+01	5.989112e+03
2.144333e+00	1.374402e+00	3.448586e+02	4.730305e+03
2.593117e+00	1.162475e+00	2.788446e+02	9.026893e+03
1.850853e+00	1.578421e+00	1.874451e+03	3.162306e+02
2.097224e+00	1.401694e+00	5.835579e+00	2.471676e+03
1.737065e+00	1.680009e+00	6.231192e+02	6.473192e+02
2.441762e+00	1.223919e+00	6.693669e+02	4.319400e+03
2.572104e+00	1.170110e+00	3.383079e+02	4.718320e+03
2.642459e+00	1.143763e+00	6.070803e+02	7.400622e+03
1.721019e+00	1.696867e+00	2.576233e+03	6.537571e+02
1.981685e+00	1.478797e+00	1.076587e+03	2.663812e+03
2.243414e+00	1.319058e+00	1.611016e+02	1.758881e+03
2.604145e+00	1.158259e+00	1.576178e+02	6.846328e+03
2.592903e+00	1.162496e+00	1.833402e+03	6.544563e+03
1.803481e+00	1.619537e+00	7.383447e+02	1.563562e+03
2.505407e+00	1.196530e+00	3.377318e+01	2.278215e+03
2.590580e+00	1.163179e+00	4.286952e+01	9.164780e+03
1.979408e+00	1.480753e+00	7.664523e+02	2.803422e+03
2.380029e+00	1.251430e+00	1.101174e+02	4.421176e+03
2.237114e+00	1.322312e+00	3.160388e+02	9.573339e+02
1.921571e+00	1.523410e+00	1.670502e+03	1.496477e+03
1.935594e+00	1.512008e+00	1.461005e+02	1.938285e+03
1.806013e+00	1.617922e+00	2.647824e+02	7.824173e+03
2.706375e+00	1.120839e+00	6.473900e+02	2.180735e+03
2.547613e+00	1.180062e+00	3.766315e+02	3.754150e+03
2.156004e+00	1.368231e+00	8.614052e+02	1.555972e+03
2.451334e+00	1.219471e+00	1.466962e+03	6.803522e+03
2.269662e+00	1.305707e+00	4.653773e+02	5.030878e+03
2.481508e+00	1.207169e+00	7.286862e+02	1.709207e+03
2.216763e+00	1.333241e+00	3.085559e+02	1.615433e+02
1.983803e+00	1.477850e+00	3.846258e+01	4.048040e+03
1.869929e+00	1.563831e+00	1.053943e+03	1.044914e+03
2.297105e+00	1.292076e+00	1.711349e+03	4.872208e+02
2.104934e+00	1.397856e+00	2.879507e+02	9.263181e+02
2.007931e+00	1.460853e+00	9.144110e+02	1.983134e+03
2.480401e+00	1.207389e+00	7.946808e+02	1.099016e+03
1.854796e+00	1.575052e+00	4.033609e+02	2.028176e+02
2.512416e+00	1.194375e+00	1.892854e+01	7.511517e+03
1.733825e+00	1.682895e+00	4.151959e+02	4.018835e+02
2.013529e+00	1.455820e+00	1.051464e+02	2.193872e+02
1.962686e+00	1.492115e+00	1.787368e+03	4.932530e+02
2.140312e+00	1.377133e+00	1.418616e+02	3.961115e+03
2.188437e+00	1.349697e+00	1.634400e+02	5.183261e+03
1.886364e+00	1.549969e+00	7.074472e+02	2.777313e+03
2.282447e+00	1.299819e+00	9.425147e+02	1.021047e+03
2.562793e+00	1.173899e+00	6.223965e+02	3.247370e+03
1.849885e+00	1.579420e+00	6.156324e+00	4.242747e+02
2.552379e+00	1.177673e+00	1.659009e+01	8.255039e+02
1.980302e+00	1.480325e+00	2.883590e+02	3.854333e+03
1.971030e+00	1.486865e+00	8.739122e+02	1.763245e+03
1.861685e+00	1.568962e+00	6.025732e+02	1.835554e+03
1.775350e+00	1.643501e+00	4.553270e+03	1.294608e+03
1.925383e+00	1.519819e+00	9.722597e+01	4.760596e+01
1.930246e+00	1.516014e+00	8.572680e+02	2.359217e+03
2.574413e+00	1.169431e+00	3.125729e+02	7.707835e+03
1.970271e+00	1.486444e+00	4.657012e+01	2.441392e+02
1.853793e+00	1.575865e+00	2.465104e+02	1.202774e+02
2.216367e+00	1.334028e+00	8.457142e+02	2.159709e+03
2.030560e+00	1.446139e+00	1.572486e+03	1.460453e+03
2.190321e+00	1.347324e+00	1.476570e+02	5.683480e+02
2.356729e+00	1.262827e+00	5.980551e+01	6.329496e+03
2.640087e+00	1.145007e+00	1.586519e+03	9.108828e+03
2.324469e+00	1.278047e+00	3.468348e+02	2.884985e+03
2.391552e+00	1.246879e+00	1.749566e+02	4.688688e+03
2.288009e+00	1.297430e+00	3.188823e+02	6.570006e+03
1.807423e+00	1.615074e+00	8.148678e+02	2.805873e+02
2.200885e+00	1.342290e+00	7.098674e+02	3.734439e+01
2.477846e+00	1.208613e+00	1.447044e+02	7.673640e+03
2.453565e+00	1.218800e+00	1.020388e+02	5.596228e+03
2.253096e+00	1.314652e+00	7.392874e+00	3.025445e+03
2.030539e+00	1.444610e+00	2.583715e+02	1.718601e+03
1.881014e+00	1.554849e+00	2.131678e+02	3.478275e+03
1.784231e+00	1.636264e+00	1.137456e+03	1.784604e+03
1.860873e+00	1.570341e+00	4.906963e+02	3.996544e+02
2.126804e+00	1.385702e+00	9.575845e+02	1.908153e+02
2.457419e+00	1.217447e+00	2.474429e+02	4.817316e+03
1.741828e+00	1.674920e+00	1.646927e+02	3.670609e+02
2.171889e+00	1.358599e+00	1.005965e+03	1.256346e+03
1.797868e+00	1.624513e+00	1.808235e+03	1.975139e+03
1.738436e+00	1.678767e+00	2.251309e+03	4.746916e+02
2.211585e+00	1.336549e+00	5.598074e+02	3.576736e+03
2.440196e+00	1.225354e+00	6.318772e+02	5.202019e+03
2.049318e+00	1.433769e+00	1.913843e+03	4.415244e+02
2.681226e+00	1.129505e+00	1.333333e+02	7.515220e+03
1.798351e+00	1.624805e+00	7.215395e+02	2.823520e+03
1.755812e+00	1.664252e+00	1.761485e+03	3.751275e+03
2.240771e+00	1.320372e+00	6.591122e+02	4.283397e+03
1.873499e+00	1.560324e+00	1.471889e+03	7.599720e+02
2.648053e+00	1.141900e+00	4.373154e+01	5.475487e+03
1.932661e+00	1.514100e+00	1.937943e+03	1.956817e+03
2.538881e+00	1.182905e+00	1.688080e+02	5.652257e+02
2.632166e+00	1.147555e+00	1.431424e+02	6.240158e+03
1.947640e+00	1.504340e+00	3.909714e+02	1.922181e+03
2.376630e+00	1.253030e+00	8.107674e+01	2.181547e+03
1.989624e+00	1.472990e+00	2.465651e+02	1.400788e+03
2.083600e+00	1.411684e+00	2.378614e+03	4.635539e+02
1.954826e+00	1.497708e+00	6.081252e+02	9.701655e+02
1.877443e+00	1.557142e+00	9.722145e+01	7.627649e+02
1.729759e+00	1.687106e+00	5.231157e+02	5.171785e+02
2.166276e+00	1.362052e+00	1.038837e+03	1.366105e+03
2.470728e+00	1.211226e+00	1.824005e+02	3.198045e+02
2.025738e+00	1.447722e+00	7.399620e+01	1.769488e+03
2.328927e+00	1.275739e+00	2.208001e+02	1.675134e+03
1.786681e+00	1.634042e+00	9.601950e+02	1.662337e+03
2.381852e+00	1.250450e+00	7.898041e+02	5.955095e+03
1.855665e+00	1.574119e+00	2.879496e+02	2.794378e+03
2.629429e+00	1.148498e+00	3.805038e+01	9.574813e+03
1.959580e+00	1.495762e+00	1.900005e+03	2.157443e+03
2.642339e+00	1.142986e+00	1.740029e+02	7.695599e+03
2.629631e+00	1.148680e+00	1.841617e+03	5.681016e+03
1.830051e+00	1.594782e+00	8.685177e+02	3.529462e+02
2.240026e+00	1.320651e+00	9.547260e+01	1.942258e+03
1.849105e+00	1.579338e+00	6.645380e+02	1.981124e+03
2.641062e+00	1.144409e+00	2.914012e+02	2.111657e+03
2.248168e+00	1.317753e+00	3.786197e+02	4.916896e+03
1.746375e+00	1.671711e+00	1.963156e+03	1.142280e+03
2.147329e+00	1.372609e+00	4.198612e+02	2.011947e+03
1.998248e+00	1.467194e+00	8.641731e+02	2.333109e+03
1.806259e+00	1.615338e+00	7.023706e+02	2.500370e+03
2.801497e+00	1.089416e+00	5.503038e+02	6.793239e+03
2.253330e+00	1.313979e+00	2.027802e+00	7.392046e+02
2.260407e+00	1.311405e+00	6.348062e+02	4.961334e+03
1.913210e+00	1.528876e+00	3.295043e+02	8.810321e+01
1.852981e+00	1.576933e+00	1.024532e+03	2.345023e+03
1.765162e+00	1.652810e+00	2.659913e+03	5.691499e+01
1.804616e+00	1.617948e+00	6.635065e+02	2.210685e+02
2.053347e+00	1.430459e+00	4.848461e+02	2.843144e+03
1.791497e+00	1.629954e+00	1.235971e+03	1.031348e+03
1.919311e+00	1.524546e+00	5.116934e+02	3.595582e+02
1.731696e+00	1.684897e+00	6.280222e+02	6.031619e+02
2.133335e+00	1.381793e+00	1.294363e+01	7.271004e+03
1.892474e+00	1.544689e+00	1.779596e+02	2.589120e+02
1.755108e+00	1.662698e+00	6.618768e+02	1.547729e+03
2.274522e+00	1.303422e+00	4.346865e+02	3.962500e+03
1.955615e+00	1.498067e+00	1.005123e+03	2.132831e+03
2.013695e+00	1.456920e+00	9.415936e+02	1.182317e+02
2.365280e+00	1.258575e+00	7.346834e+02	2.151938e+03
1.880541e+00	1.554122e+00	7.088535e+02	1.978789e+03
2.558995e+00	1.174540e+00	7.765726e+01	7.295909e+02
2.077950e+00	1.415022e+00	5.159708e+02	6.101517e+03
2.110316e+00	1.394931e+00	6.770867e+02	2.442901e+03
2.428694e+00	1.230239e+00	6.130242e+02	1.389915e+03
2.177348e+00	1.356225e+00	9.387631e+02	4.250810e+03
2.216643e+00	1.334266e+00	3.805320e+02	5.180321e+03
2.088094e+00	1.408282e+00	4.873349e+02	8.792386e+01
1.847312e+00	1.580296e+00	7.728113e+02	2.995513e+03
2.299896e+00	1.290510e+00	7.056208e+01	6.387696e+03
1.789124e+00	1.631816e+00	4.103304e+02	4.195661e+02
2.104835e+00	1.397692e+00	3.778642e+01	1.586772e+02
2.402251e+00	1.241729e+00	5.837233e+01	3.283093e+03
1.734383e+00	1.683082e+00	3.332935e+03	2.896963e+02
2.360931e+00	1.260893e+00	6.335057e+02	3.479371e+03
2.534561e+00	1.185096e+00	1.647775e+02	2.037119e+03
2.669745e+00	1.133013e+00	1.428850e+02	7.178346e+03
1.814379e+00	1.609976e+00	7.830887e+02	1.678579e+03
2.571459e+00	1.170072e+00	4.277188e+01	5.144676e+02
1.846677e+00	1.581022e+00	8.922961e+02	6.850002e+02
2.528299e+00	1.187873e+00	1.005914e+03	3.815136e+03
2.445450e+00	1.221993e+00	1.760616e+02	1.794594e+02
2.456912e+00	1.217006e+00	7.092189e+01	5.452121e+03
1.738453e+00	1.679721e+00	2.572536e+03	1.379612e+03
2.114323e+00	1.392543e+00	6.960148e+02	2.584849e+03
1.779305e+00	1.640323e+00	2.439492e+03	1.325463e+01
2.361640e+00	1.260122e+00	7.135995e+01	7.776989e+02
2.607784e+00	1.156839e+00	5.502038e+02	4.610618e+03
1.722879e+00	1.693960e+00	1.035487e+03	1.490278e+03
2.459294e+00	1.216969e+00	6.258108e+01	3.189106e+03
2.103053e+00	1.398034e+00	3.842677e+02	2.158248e+03
1.746308e+00	1.672389e+00	2.221134e+03	1.101279e+03
2.005792e+00	1.461610e+00	5.537798e+01	7.070112e+03
2.071502e+00	1.419485e+00	1.797007e+03	2.969264e+02
2.491326e+00	1.202546e+00	8.151542e+01	6.150217e+03
2.570971e+00	1.171055e+00	8.159734e+02	8.829994e+03
2.281572e+00	1.299711e+00	6.854214e+02	1.495571e+03
2.054506e+00	1.430412e+00	5.203708e+02	1.608599e+03
2.764563e+00	1.102004e+00	1.724977e+02	5.628877e+03
2.586187e+00	1.164885e+00	2.367208e+02	7.558354e+03
2.434151e+00	1.226880e+00	5.524345e+01	8.932887e+02
2.146516e+00	1.373582e+00	1.259702e+03	2.776739e+03
1.768275e+00	1.649574e+00	2.530488e+03	1.621765e+02
2.267489e+00	1.306551e+00	7.595719e+02	4.550788e+03
2.200330e+00	1.342801e+00	7.601521e+02	2.105477e+03
1.843052e+00	1.584967e+00	1.759166e+03	6.144107e+02
2.312169e+00	1.284068e+00	4.974952e+02	7.719108e+03
2.297992e+00	1.290842e+00	2.987157e+02	1.545200e+03
1.845377e+00	1.585323e+00	2.173339e+03	4.141546e+03
2.517662e+00	1.192188e+00	4.103301e+02	3.290138e+03
1.882655e+00	1.553233e+00	1.789968e+03	1.375701e+03
2.100166e+00	1.400882e+00	1.402784e+03	3.501160e+02
2.127342e+00	1.384266e+00	4.078000e+02	3.309748e+02
2.214652e+00	1.334609e+00	1.078098e+02	5.983850e+01
2.537030e+00	1.184580e+00	6.551827e+02	5.305334e+03
2.023378e+00	1.450133e+00	2.439943e+02	2.371994e+02
2.630810e+00	1.148372e+00	4.389839e+02	6.890425e+03
2.262161e+00	1.309165e+00	2.407019e+02	3.754849e+00
2.588669e+00	1.164287e+00	1.000388e+03	7.356608e+03
2.151586e+00	1.370379e+00	1.006698e+03	8.075812e+02
2.107299e+00	1.395650e+00	4.122091e+01	1.680157e+03
1.874158e+00	1.558986e+00	6.171779e+02	4.278552e+01
1.926092e+00	1.518337e+00	7.266293e+02	2.115808e+02
2.124992e+00	1.386242e+00	1.259489e+03	2.115735e+03
1.826077e+00	1.599162e+00	2.123737e+02	1.949935e+03
1.916634e+00	1.526616e+00	5.280334e+02	4.606559e+03
2.378731e+00	1.252718e+00	2.116377e+02	3.173187e+03
1.802186e+00	1.620929e+00	3.873554e+02	5.238656e+03
2.367865e+00	1.256365e+00	2.278220e+02	3.135263e+03
2.204720e+00	1.339919e+00	1.904297e+02	4.281654e+03
2.477980e+00	1.208457e+00	2.031133e+02	5.156120e+03
2.001910e+00	1.465163e+00	1.223857e+03	1.197651e+03
1.795306e+00	1.626328e+00	4.056527e+02	5.066107e+02
2.585189e+00	1.165319e+00	8.582345e+02	8.315784e+03
1.898668e+00	1.539790e+00	4.849669e+02	2.531798e+03
1.901217e+00	1.537394e+00	5.594646e+02	4.135653e+02
2.940564e+00	1.046995e+00	4.660044e+02	7.103757e+03
2.431897e+00	1.228163e+00	3.088911e+02	3.713352e+03
2.648866e+00	1.141546e+00	2.099218e+02	8.928360e+03
2.001881e+00	1.464327e+00	5.711951e+00	4.493654e+03
2.249003e+00	1.316798e+00	3.059612e+02	4.413091e+03
1.772578e+00	1.647699e+00	2.807086e+03	1.238831e+03
1.915804e+00	1.527415e+00	7.359919e+02	9.851142e+02
2.183139e+00	1.352874e+00	9.524255e+02	3.724111e+03
2.495040e+00	1.201250e+00	6.124714e+01	1.425031e+03
1.882919e+00	1.552221e+00	6.717079e+02	1.284351e+03
2.233457e+00	1.324999e+00	2.894598e+02	6.184600e+03
2.732463e+00	1.111194e+00	3.197847e+02	8.544573e+02
2.051002e+00	1.432126e+00	2.019268e+02	3.739421e+02
1.800020e+00	1.622158e+00	6.595529e+02	8.983235e+02
2.105675e+00	1.397931e+00	1.615105e+01	2.907166e+03
1.813705e+00	1.610810e+00	1.099647e+03	3.322332e+03
2.223050e+00	1.330222e+00	1.355944e+02	7.364026e+02
1.864695e+00	1.565956e+00	2.271598e+02	2.197798e+03
2.404848e+00	1.239573e+00	7.715444e+02	3.270392e+03
2.061853e+00	1.424919e+00	5.626584e+02	3.020991e+03
2.538718e+00	1.183431e+00	5.625393e+02	4.535732e+03
2.555543e+00	1.177068e+00	9.036127e+01	7.095518e+03
2.001040e+00	1.465368e+00	2.707393e+03	5.114020e+02
2.411531e+00	1.236704e+00	2.076123e+01	1.048672e+03
2.163238e+00	1.362734e+00	1.724475e+02	3.654818e+03
2.385595e+00	1.249665e+00	4.605053e+02	2.108651e+03
1.817600e+00	1.606733e+00	8.741671e+02	2.781706e+03
2.419160e+00	1.233718e+00	5.516119e+02	1.317462e+03
2.279696e+00	1.300667e+00	1.442379e+02	7.849282e+03
1.854012e+00	1.575421e+00	2.347184e+02	4.088098e+02
2.051113e+00	1.433293e+00	3.244357e+01	6.888798e+03
2.264798e+00	1.307805e+00	2.676370e+01	6.443525e+02
2.167663e+00	1.360607e+00	6.194918e+01	4.584057e+02
2.357410e+00	1.262921e+00	1.951959e+02	4.752179e+01
2.228372e+00	1.326991e+00	1.168032e+02	1.256262e+00
2.342026e+00	1.270220e+00	3.042375e+02	1.435268e+03
2.384909e+00	1.249098e+00	2.093911e+02	4.242680e+03
2.123923e+00	1.386057e+00	1.265001e+02	5.191989e+02
2.448058e+00	1.220737e+00	1.149848e+02	5.229907e+03
2.003803e+00	1.463805e+00	1.047509e+03	1.308674e+03
2.619673e+00	1.151845e+00	5.408985e+01	2.520420e+03
1.916593e+00	1.526389e+00	4.751474e+02	2.380050e+03
2.276875e+00	1.302007e+00	1.244686e+02	5.102744e+03
1.942451e+00	1.506842e+00	1.395533e+03	4.528172e+02
2.477310e+00	1.208141e+00	1.800366e+02	5.350753e+03
2.466826e+00	1.213284e+00	1.900917e+02	2.178009e+03
2.054836e+00	1.429331e+00	1.528293e+01	2.207071e+03
1.908262e+00	1.532859e+00	4.087533e+02	4.936300e+02
2.006256e+00	1.463808e+00	3.371160e+03	1.142591e+03
1.731037e+00	1.685570e+00	2.654678e+03	1.472772e+02
2.157687e+00	1.367918e+00	6.470922e+02	4.992997e+03
2.031794e+00	1.444530e+00	9.702401e+02	1.747587e+03
1.723496e+00	1.692520e+00	1.885081e+02	5.284182e+02
1.954634e+00	1.498506e+00	4.641568e+02	3.064914e+03
2.118019e+00	1.390346e+00	2.370620e+02	3.003190e+03
1.778393e+00	1.641429e+00	8.086259e+02	4.471732e+01
2.533567e+00	1.185934e+00	1.961895e+02	7.470005e+03
2.542062e+00	1.182342e+00	6.196704e+01	2.268967e+03
2.252453e+00	1.315662e+00	1.031145e+03	5.360586e+03
1.726601e+00	1.690132e+00	1.316916e+03	1.319888e+03
1.988528e+00	1.473850e+00	2.047810e+03	8.480950e+02
1.961120e+00	1.493159e+00	9.148248e+02	1.685342e+03
2.558005e+00	1.175523e+00	1.325928e+02	8.297698e+02
2.528612e+00	1.187027e+00	1.140437e+02	2.834288e+03
1.749723e+00	1.667819e+00	5.375700e+02	2.939535e+02
1.970236e+00	1.485968e+00	7.136684e+01	5.057963e+02
2.085545e+00	1.410341e+00	1.339383e+03	2.852305e+03
2.031866e+00	1.444237e+00	4.882872e+02	4.366600e+03
1.760010e+00	1.658538e+00	5.548119e+02	2.550414e+02
2.044990e+00	1.435939e+00	9.600680e+02	4.192099e+03
2.206435e+00	1.338496e+00	6.187691e+01	4.170815e+02
2.451317e+00	1.219252e+00	6.080057e+02	9.223074e+02
1.918739e+00	1.524114e+00	1.518550e+03	3.352789e+02
1.898052e+00	1.539891e+00	1.432816e+01	4.309798e+02
1.866252e+00	1.567601e+00	3.844318e+03	4.330845e+02
1.871470e+00	1.562528e+00	2.111477e+03	4.482952e+02
1.962543e+00	1.493301e+00	1.648875e+03	3.146792e+02
2.118430e+00	1.389649e+00	4.795510e+02	1.623750e+03
1.799455e+00	1.622732e+00	1.012572e+03	1.264823e+02
1.731191e+00	1.684820e+00	2.003306e+03	7.115448e+02
2.640475e+00	1.144613e+00	4.662063e+02	8.967682e+03
2.024740e+00	1.448900e+00	2.271572e+01	5.564792e+02
1.908893e+00	1.532457e+00	3.359130e+02	7.395595e+02
2.135612e+00	1.379419e+00	4.460823e+02	1.815331e+03
2.452643e+00	1.218700e+00	4.280540e+02	5.362987e+02
2.086523e+00	1.408830e+00	1.408319e+03	2.613619e+02
2.278992e+00	1.301529e+00	4.281681e+02	1.995634e+03
2.553692e+00	1.177851e+00	2.619761e+02	5.744412e+03
2.452797e+00	1.218980e+00	2.473980e+01	4.473734e+03
2.411777e+00	1.238345e+00	9.837997e+02	1.609221e+03
1.987068e+00	1.476082e+00	1.565045e+03	1.710325e+03
2.281144e+00	1.299797e+00	5.870838e+02	3.924348e+03
1.803274e+00	1.619645e+00	5.706820e+02	5.907981e+02
2.691721e+00	1.127669e+00	8.202712e+02	7.288079e+03
2.176088e+00	1.355584e+00	5.430316e+02	5.681897e+02
2.049610e+00	1.432935e+00	3.132210e+01	4.568105e+03
2.420530e+00	1.234095e+00	8.382551e+01	1.547309e+03
2.670121e+00	1.133606e+00	4.313735e+01	6.361753e+03
1.886979e+00	1.550322e+00	2.432484e+03	2.006192e+03
2.474468e+00	1.210041e+00	4.082446e+01	2.225063e+03
2.424422e+00	1.232523e+00	6.883942e+02	2.496313e+03
2.361665e+00	1.261185e+00	3.555650e+02	4.674979e+03
2.033644e+00	1.443744e+00	5.162350e+01	4.894514e+03
2.727488e+00	1.113581e+00	3.014174e+02	4.532134e+03
1.991060e+00	1.471657e+00	5.503815e+02	1.124468e+02
2.364861e+00	1.258698e+00	1.005387e+02	1.761171e+03
2.389243e+00	1.246887e+00	1.977722e+02	1.226783e+02
1.943964e+00	1.505759e+00	2.005527e+03	5.443351e+02
2.113911e+00	1.392106e+00	1.900611e+02	6.615482e+01
1.832610e+00	1.594452e+00	1.352219e+03	1.807916e+03
1.738148e+00	1.679631e+00	9.200741e+02	1.334078e+03
1.816794e+00	1.606270e+00	9.306426e+02	1.436695e+03
1.850116e+00	1.580496e+00	1.619265e+03	1.141924e+03
2.433228e+00	1.227710e+00	1.711228e+02	3.374229e+03
1.788099e+00	1.633555e+00	2.101386e+03	1.796874e+03
2.505403e+00	1.197098e+00	3.569989e+01	2.598149e+03
2.503084e+00	1.197894e+00	4.390394e+02	1.544234e+03
2.163749e+00	1.363635e+00	6.624347e+02	7.746580e+01
2.463015e+00	1.214573e+00	9.083283e+01	2.470804e+03
1.953957e+00	1.498966e+00	1.222438e+03	1.534187e+03
2.512442e+00	1.193984e+00	5.728781e+02	8.264781e+03
2.166327e+00	1.362085e+00	1.561362e+03	2.862703e+02
1.799974e+00	1.622140e+00	3.121558e+02	5.128617e+02
2.458574e+00	1.217504e+00	1.446147e+02	2.781079e+03
1.871244e+00	1.561568e+00	8.248004e+02	1.539100e+03
2.399707e+00	1.243091e+00	3.320636e+02	4.581433e+03
2.634541e+00	1.146558e+00	5.176021e+02	4.204740e+03
2.026290e+00	1.448321e+00	4.590622e-01	4.575815e+03
1.938303e+00	1.510211e+00	1.737195e+03	6.187032e+02
1.800330e+00	1.622160e+00	1.758915e+03	8.648629e+02
2.409455e+00	1.237934e+00	3.326673e+02	5.827077e+02
1.869977e+00	1.563536e+00	3.604825e+03	2.240020e+02
2.281090e+00	1.299407e+00	8.633008e+01	5.291389e+01
2.296646e+00	1.292587e+00	4.816357e+02	6.270035e+03
2.588200e+00	1.164665e+00	6.828968e+02	9.170651e+03
2.436592e+00	1.225780e+00	1.795375e+02	4.992275e+03
2.134002e+00	1.381635e+00	8.043737e+02	6.669512e+03
1.901110e+00	1.538178e+00	8.167121e+02	3.864562e+03
1.910994e+00	1.530097e+00	1.056038e+03	1.519857e+03
2.021363e+00	1.451335e+00	9.621419e+02	1.971720e+03
2.130957e+00	1.381463e+00	6.499310e+02	1.928860e+03
2.905550e+00	1.056444e+00	6.219008e+02	2.961114e+03
1.979657e+00	1.480195e+00	4.491882e+02	3.101154e+03
1.889807e+00	1.546461e+00	5.378564e+02	1.933975e+02
2.373325e+00	1.254900e+00	1.703338e+02	1.018810e+03
2.328463e+00	1.275856e+00	6.364815e+02	3.073413e+03
2.175760e+00	1.356669e+00	1.210232e+02	6.548633e+03
2.032933e+00	1.443738e+00	9.838052e+02	2.190635e+03
1.925216e+00	1.519340e+00	2.177002e+03	5.654465e+02
1.992674e+00	1.472061e+00	3.297621e+03	8.054242e+02
2.618436e+00	1.154079e+00	2.742466e+03	5.001029e+03
1.982341e+00	1.479646e+00	1.782199e+02	7.614814e+03
2.357919e+00	1.262296e+00	3.058074e+02	5.840085e+03
1.996129e+00	1.469147e+00	1.033368e+03	1.620089e+03
2.024303e+00	1.449589e+00	5.414210e+02	1.071672e+03
2.386220e+00	1.249115e+00	5.525921e+02	1.705406e+03
1.709422e+00	1.706453e+00	2.316170e+02	5.978881e+02
2.420643e+00	1.232717e+00	2.558573e+02	4.423071e+03
2.345219e+00	1.268876e+00	2.710032e+02	2.042557e+03
2.035188e+00	1.442841e+00	2.103596e+01	6.643111e+03
2.536168e+00	1.183836e+00	5.570047e+01	2.694919e+03
2.606536e+00	1.156305e+00	4.639945e+01	2.007797e+02
1.714257e+00	1.701742e+00	1.467274e+03	1.394880e+02
1.729386e+00	1.686820e+00	1.424945e+02	2.834557e+02
2.178597e+00	1.354978e+00	1.551291e+02	6.572265e+02
1.933044e+00	1.514335e+00	2.127531e+02	3.612922e+02
2.468307e+00	1.212449e+00	2.530931e+02	1.218039e+03
1.998709e+00	1.467319e+00	8.145122e+01	2.743581e+03
1.900615e+00	1.539531e+00	9.765230e+01	3.710098e+03
1.727394e+00	1.688804e+00	2.263898e+02	1.993329e+02
1.732802e+00	1.684639e+00	2.011249e+03	5.234954e+03
2.006592e+00	1.461889e+00	5.108596e+02	3.161258e+03
2.174064e+00	1.357902e+00	2.168710e+03	1.344054e+01
1.731425e+00	1.684504e+00	1.037783e+03	1.997719e+03
2.114270e+00	1.393325e+00	6.046748e+02	3.920886e+03
1.884708e+00	1.550875e+00	7.862729e+02	4.101935e+03
1.725666e+00	1.691874e+00	8.618782e+02	2.869832e+03
2.555569e+00	1.176889e+00	2.301563e+02	5.052540e+03
2.613448e+00	1.154601e+00	2.575476e+02	8.521914e+03
1.975771e+00	1.483962e+00	1.539514e+03	1.030424e+03
2.294823e+00	1.292372e+00	3.044191e+02	5.824348e+02
2.635599e+00	1.145426e+00	3.290982e+02	6.999093e+03
1.809927e+00	1.614539e+00	2.344556e+03	1.570205e+03
2.198922e+00	1.342938e+00	7.982266e+01	1.290656e+03
1.865615e+00	1.566038e+00	6.243054e+02	1.274376e+03
2.646248e+00	1.142263e+00	1.115263e+02	9.042960e+03
1.920013e+00	1.524671e+00	2.148743e+03	2.449038e+03
2.469962e+00	1.211924e+00	7.243045e+02	7.798189e+02
2.534712e+00	1.186006e+00	2.524907e+03	2.674555e+03
2.018278e+00	1.454179e+00	8.522464e+02	2.855831e+03
1.842543e+00	1.584765e+00	6.772977e+02	4.346725e+01
2.542112e+00	1.181864e+00	3.512745e+02	3.398858e+03
1.760430e+00	1.657341e+00	1.766329e+02	2.698280e+03
1.946295e+00	1.504818e+00	1.107406e+03	4.497130e+03
1.740535e+00	1.676826e+00	3.497207e+03	8.897014e+02
1.946357e+00	1.504380e+00	8.085347e+02	2.067814e+03
2.216847e+00	1.334483e+00	1.152437e+03	4.267619e+03
2.445358e+00	1.222755e+00	1.999339e+01	3.570249e+03
2.678866e+00	1.130926e+00	4.110633e+02	2.470424e+03
2.478085e+00	1.208670e+00	9.705847e+01	8.749824e+03
2.039054e+00	1.440325e+00	7.109537e+02	1.635652e+03
2.184990e+00	1.352496e+00	6.479421e+02	5.960529e+03
1.935535e+00	1.512463e+00	1.437281e+02	2.166539e+03
2.523702e+00	1.189917e+00	2.332039e+02	7.286074e+03
2.017834e+00	1.453899e+00	7.503566e+02	3.586959e+03
2.062977e+00	1.424883e+00	2.321101e+02	4.812849e+03
1.926577e+00	1.518174e+00	1.465308e+03	2.562694e+02
1.721770e+00	1.695908e+00	3.390623e+03	2.767823e+03
2.032845e+00	1.443631e+00	1.031907e+03	1.500367e+03
1.838441e+00	1.589527e+00	8.552544e+00	3.648917e+03
2.663469e+00	1.136297e+00	2.559093e+02	9.146386e+03
2.473993e+00	1.210373e+00	1.302825e+03	9.130168e+03
1.734376e+00	1.681876e+00	7.720605e+01	6.680456e+02
1.820586e+00	1.604012e+00	1.933481e+03	3.292979e+01
2.110753e+00	1.394277e+00	8.588615e+02	2.451781e+03
2.037318e+00	1.442059e+00	8.717894e+01	3.901239e+03
2.424310e+00	1.232399e+00	5.750017e+02	1.201891e+03
1.900706e+00	1.539534e+00	8.068025e+02	3.391787e+03
2.551622e+00	1.178634e+00	2.267947e+02	8.299322e+03
1.724306e+00	1.692787e+00	1.600026e+03	3.550589e+03
1.898817e+00	1.539050e+00	2.251360e+02	1.305490e+02
1.852221e+00	1.577140e+00	3.310156e+01	4.129776e+03
2.166572e+00	1.361972e+00	1.032424e+03	2.278854e+03
2.142262e+00	1.375416e+00	8.109767e+01	7.224888e+02
1.839398e+00	1.588939e+00	2.805403e+03	6.957590e+02
2.277551e+00	1.302206e+00	2.527082e+02	8.154654e+03
2.448742e+00	1.221317e+00	4.271447e+02	5.988494e+03
2.239065e+00	1.322128e+00	1.217736e+03	1.533314e+03
2.612773e+00	1.155088e+00	4.197724e+02	3.757080e+03
2.575665e+00	1.168862e+00	1.121454e+02	4.705956e+03
2.131275e+00	1.382892e+00	1.946181e+03	3.223567e+03
1.979768e+00	1.480880e+00	1.541551e+03	1.388226e+03
2.508493e+00	1.195933e+00	8.533703e+00	4.808315e+03
2.564694e+00	1.173420e+00	1.077740e+02	6.043594e+03
2.547865e+00	1.179354e+00	1.948378e+02	7.398923e+02
1.786297e+00	1.634956e+00	3.330769e+03	9.283846e+02
2.447414e+00	1.221795e+00	7.603326e+02	1.425622e+03
2.625230e+00	1.149057e+00	5.386790e+01	6.515721e+03
2.630746e+00	1.147948e+00	6.994344e+01	2.933229e+03
2.387234e+00	1.249100e+00	3.109803e+01	2.679639e+03
2.391682e+00	1.246962e+00	1.648818e+02	1.920637e+03
2.116212e+00	1.391820e+00	3.667543e+02	7.683438e+03
2.389678e+00	1.247093e+00	1.560781e+02	2.974082e+03
2.187029e+00	1.350205e+00	6.919339e+00	6.725268e+03
2.379245e+00	1.251823e+00	6.940049e+01	4.309227e+03
2.838883e+00	1.076806e+00	3.272278e+02	2.196183e+03
1.849536e+00	1.579218e+00	7.952352e+02	1.422626e+03
2.460143e+00	1.216174e+00	4.681559e+02	3.627097e+03
1.717095e+00	1.700883e+00	2.242458e+03	4.228733e+03
2.021130e+00	1.452424e+00	7.153360e+02	2.789035e+03
2.146231e+00	1.373999e+00	3.752747e+02	7.543148e+03
2.104643e+00	1.398443e+00	7.439825e+02	2.410555e+03
2.127757e+00	1.384568e+00	6.636127e+01	3.651033e+03
2.248905e+00	1.316744e+00	1.963793e+02	4.125239e+03
2.542016e+00	1.182695e+00	3.827265e+01	5.963155e+03
2.641950e+00	1.143250e+00	1.080849e+02	7.147424e+03
1.960021e+00	1.495138e+00	9.303150e+02	2.555572e+03
1.864549e+00	1.568612e+00	1.191575e+03	2.898264e+03
2.006403e+00	1.461559e+00	4.165285e+02	1.458411e+03
2.641761e+00	1.143188e+00	6.593068e+00	6.745564e+03
1.976273e+00	1.483574e+00	2.987134e+03	1.088422e+03
1.996675e+00	1.468772e+00	2.389963e+01	3.810616e+03
2.521914e+00	1.190364e+00	2.717533e+02	6.377377e+03
2.348213e+00	1.266325e+00	5.175723e+01	2.173059e+02
2.417559e+00	1.235177e+00	8.089307e+01	1.721065e+03
1.710835e+00	1.704831e+00	3.161293e+02	2.306903e+02
1.958617e+00	1.496198e+00	3.275026e+02	1.757419e+03
2.581592e+00	1.166596e+00	1.255462e+02	2.192277e+03
2.168748e+00	1.360474e+00	1.430903e+02	2.889340e+02
2.661422e+00	1.136394e+00	1.322054e+02	8.088658e+03
2.330170e+00	1.275942e+00	1.974834e+02	6.576254e+03
1.743037e+00	1.673853e+00	3.656498e+02	7.424645e+01
1.936591e+00	1.511510e+00	1.259378e+03	1.588667e+03
2.079335e+00	1.413892e+00	3.652374e+02	4.203916e+03
2.577241e+00	1.168134e+00	3.239575e+02	3.305270e+03
2.410618e+00	1.237590e+00	1.910706e+02	5.019604e+02
1.796485e+00	1.624427e+00	5.556691e+02	6.157771e+01
1.900411e+00	1.539526e+00	1.683101e+03	1.784638e+03
2.347305e+00	1.266768e+00	4.926303e+01	1.109671e+03
2.638157e+00	1.145217e+00	1.127982e+03	6.368189e+03
2.007533e+00	1.462446e+00	1.837082e+03	6.630110e+03
2.541665e+00	1.182745e+00	1.060878e+02	6.924289e+03
2.049840e+00	1.431801e+00	2.614943e+02	6.870672e+03
2.346095e+00	1.267241e+00	6.906531e+00	1.543877e+03
2.226389e+00	1.329067e+00	9.829337e+01	1.622231e+03
2.420205e+00	1.233745e+00	3.928297e+02	3.550535e+03
2.537010e+00	1.184527e+00	2.227936e+01	5.196745e+03
2.032443e+00	1.445579e+00	2.937249e+02	1.213731e+03
2.140241e+00	1.376277e+00	1.617204e+02	3.906052e+02
1.828395e+00	1.597829e+00	1.633929e+03	1.717434e+03
2.054666e+00	1.429440e+00	2.275251e+02	1.256557e+03
2.474279e+00	1.210879e+00	9.136199e+02	1.745023e+03
1.920169e+00	1.522770e+00	3.467706e+02	6.197589e+02
2.351958e+00	1.265105e+00	2.523461e+01	6.316267e+03
1.931380e+00	1.516135e+00	2.924491e+03	7.378034e+03
2.127152e+00	1.385105e+00	1.402669e+03	1.294644e+03
2.195500e+00	1.346423e+00	1.399716e+03	4.569146e+03
2.409514e+00	1.238793e+00	1.747416e+02	1.511498e+03
2.292557e+00	1.294110e+00	3.519604e+02	3.558387e+03
2.668984e+00	1.134041e+00	5.069401e+02	3.928316e+03
2.025877e+00	1.448870e+00	3.725577e+02	7.719298e+03
2.711030e+00	1.118536e+00	6.056995e+01	8.560446e+03
2.119177e+00	1.388679e+00	1.686637e+02	2.544121e+02
2.508518e+00	1.195744e+00	1.935460e+02	5.177384e+03
1.943950e+00	1.505636e+00	1.399937e+03	9.856501e+02
2.571922e+00	1.170363e+00	4.042434e+01	8.626402e+03
2.563013e+00	1.173977e+00	3.564274e+02	4.169723e+03
2.384771e+00	1.249134e+00	3.311925e+02	3.951952e+02
2.013135e+00	1.457184e+00	5.229163e+02	2.564237e+02
2.338309e+00	1.272181e+00	1.105837e+02	2.654789e+03
1.942092e+00	1.506748e+00	7.295492e+02	3.021964e+02
1.721768e+00	1.694094e+00	6.047245e+01	1.106224e+03
1.992935e+00	1.471565e+00	1.366832e+03	1.645666e+03
2.474669e+00	1.209324e+00	6.042856e+02	7.022527e+03
2.128637e+00	1.384202e+00	1.110217e+03	5.853588e+03
2.099936e+00	1.401783e+00	2.153855e+03	1.990649e+03
1.994468e+00	1.470399e+00	8.578264e+02	2.650548e+03
2.487974e+00	1.204314e+00	2.067021e+02	2.305802e+03
2.647701e+00	1.141717e+00	1.752494e+02	1.298276e+03
1.840555e+00	1.587036e+00	2.109399e+03	9.222421e+01
1.931654e+00	1.515476e+00	1.215708e+03	3.003715e+02
1.971030e+00	1.486865e+00	8.739122e+02	1.763245e+03
2.009673e+00	1.459722e+00	1.414064e+02	5.935621e+00
1.797528e+00	1.624832e+00	5.067429e+02	2.821496e+03
2.672740e+00	1.132765e+00	5.970360e+02	4.106712e+03
2.173002e+00	1.358811e+00	9.857642e+02	3.019285e+03
1.820927e+00	1.604837e+00	1.484509e+03	1.145735e+03
1.901741e+00	1.538454e+00	2.741661e+02	3.645019e+03
1.972675e+00	1.486847e+00	1.185305e+03	8.216550e+02
1.732801e+00	1.685075e+00	2.486415e+03	1.047716e+03
2.143866e+00	1.374572e+00	3.206446e+02	5.388221e+03
2.475994e+00	1.208884e+00	1.481476e+02	2.395335e+02
1.923255e+00	1.520768e+00	1.461603e+03	2.998196e+02
2.320305e+00	1.280927e+00	6.860591e+02	4.735829e+03
2.030238e+00	1.445476e+00	5.180920e+02	2.297538e+03
2.355874e+00	1.262893e+00	7.419248e+02	1.311525e+03
2.043349e+00	1.436525e+00	1.445329e+02	4.535034e+02
2.600338e+00	1.158551e+00	1.452613e+02	5.786987e+03
2.365827e+00	1.258865e+00	1.916314e+03	9.933067e+03
2.316996e+00	1.282077e+00	4.565564e+02	9.257773e+03
1.913895e+00	1.529581e+00	3.744917e+02	7.843770e+02
1.985034e+00	1.476484e+00	6.944522e+02	1.755852e+03
2.576649e+00	1.168615e+00	1.716133e+02	6.909795e+03
1.913009e+00	1.528368e+00	1.428888e+03	4.263035e+02
2.583512e+00	1.166155e+00	8.751080e+02	6.443377e+03
2.128764e+00	1.383049e+00	1.494775e+03	4.520788e+02
2.640392e+00	1.144743e+00	3.498353e+02	9.119077e+03
2.373270e+00	1.255352e+00	3.225006e+02	5.775942e+03
2.086082e+00	1.410417e+00	2.150113e+02	1.145202e+03
2.482051e+00	1.206976e+00	5.265196e+02	4.882789e+03
1.880587e+00	1.554322e+00	3.209682e+01	3.024362e+03
1.985473e+00	1.476132e+00	6.084163e+01	6.528027e+02
2.224057e+00	1.330179e+00	7.333337e+02	3.641248e+03
1.954328e+00	1.499000e+00	2.105187e+03	4.960836e+03
2.484699e+00	1.205819e+00	4.808652e+02	6.647075e+03
1.875116e+00	1.558609e+00	9.410285e+02	4.060573e+03
1.816416e+00	1.607773e+00	2.101241e+03	2.358869e+02
2.498413e+00	1.199944e+00	3.049366e+02	5.892583e+03
1.919342e+00	1.523832e+00	3.954684e+02	5.717944e+01
2.273491e+00	1.303284e+00	5.940748e+01	3.431529e+02
2.189833e+00	1.348767e+00	1.521599e+02	3.470714e+03
1.952272e+00	1.500693e+00	7.297644e+02	8.372298e+03
1.987906e+00	1.474999e+00	1.201737e+03	2.698749e+03
2.222691e+00	1.330344e+00	1.139471e+02	2.403647e+03
1.954682e+00	1.498379e+00	9.131362e+02	2.510431e+03
1.817445e+00	1.606901e+00	1.638782e+02	6.367514e+02
1.870549e+00	1.561132e+00	6.366845e+02	8.125752e+02
1.943021e+00	1.507310e+00	1.462136e+03	1.305200e+03
2.619560e+00	1.152194e+00	1.422366e+02	5.184323e+03
2.511592e+00	1.194328e+00	1.395901e+02	4.531988e+03
2.080004e+00	1.414745e+00	9.107167e+02	1.214476e+03
1.751618e+00	1.666278e+00	2.100724e+03	1.646650e+03
2.124878e+00	1.386713e+00	9.870009e+01	3.497394e+03
2.415995e+00	1.235733e+00	8.860725e+01	3.641463e+03
1.708691e+00	1.707657e+00	4.041653e+02	5.510703e+01
1.990677e+00	1.472885e+00	3.592564e+02	4.099430e+03
1.964054e+00	1.491648e+00	1.092987e+03	2.116122e+03
2.625745e+00	1.150162e+00	4.258563e+02	9.070685e+03
2.184872e+00	1.350528e+00	6.174464e+01	5.987369e+02
1.894945e+00	1.543391e+00	1.481615e+03	2.830764e+03
2.574608e+00	1.169604e+00	5.382644e+01	6.188637e+03
2.011739e+00	1.458723e+00	1.519377e+03	1.479940e+03
2.289601e+00	1.296405e+00	8.773579e+02	2.888600e+03
2.139731e+00	1.376850e+00	2.743776e+02	5.341409e+01
2.378727e+00	1.251961e+00	9.864467e+01	3.809397e+03
2.189466e+00	1.348832e+00	7.181371e+02	4.084819e+03
1.861011e+00	1.569853e+00	4.363228e+02	7.235712e+02
1.912187e+00	1.529139e+00	3.734057e+02	5.482365e+02
2.281286e+00	1.299814e+00	8.506929e+02	2.981449e+03
2.577590e+00	1.168133e+00	4.997685e+02	4.213181e+03
2.437113e+00	1.225916e+00	9.706504e+00	2.511010e+03
1.914370e+00	1.527968e+00	1.018819e+02	1.992785e+03
2.020524e+00	1.452055e+00	4.573074e+02	2.903499e+03
2.139980e+00	1.376629e+00	2.225389e+02	4.114014e+01
2.245567e+00	1.319302e+00	6.937931e+02	3.486746e+03
1.821943e+00	1.603140e+00	2.250324e+03	5.109755e+02
1.762546e+00	1.655853e+00	5.455077e+02	3.016685e+03
1.897970e+00	1.540631e+00	2.183352e+02	2.531034e+03
2.049382e+00	1.432732e+00	2.938265e+02	2.913344e+02
2.590454e+00	1.163619e+00	6.919728e+02	4.121064e+03
2.184526e+00	1.352439e+00	1.511665e+03	2.211640e+03
2.205505e+00	1.340181e+00	1.112936e+03	1.636847e+03
2.158398e+00	1.366199e+00	3.614964e+02	2.127354e+03
2.127489e+00	1.385006e+00	7.076078e+02	6.638581e+02
2.539134e+00	1.183308e+00	1.676597e+01	2.250867e+03
2.501188e+00	1.198776e+00	6.501756e+01	2.537189e+03
1.711627e+00	1.703928e+00	2.267406e+03	1.738819e+01
2.305583e+00	1.287639e+00	3.615396e+03	3.649307e+02
2.662295e+00	1.137340e+00	1.747747e+02	4.121264e+03
1.930862e+00	1.515851e+00	2.163008e+02	3.836824e+03
2.639378e+00	1.144910e+00	8.981739e+00	5.999141e+03
2.316410e+00	1.281908e+00	1.706347e+02	1.318159e+02
1.734386e+00	1.681857e+00	1.556508e+02	4.398136e+02
1.806948e+00	1.615382e+00	2.204082e+02	4.368362e+03
2.586311e+00	1.164868e+00	9.139857e+01	6.605023e+03
2.303354e+00	1.289568e+00	4.630298e+02	2.201841e+03
2.919347e+00	1.052281e+00	5.848731e+02	3.410353e+03
2.096639e+00	1.403718e+00	8.716482e+02	2.897250e+03
2.219305e+00	1.333835e+00	2.823006e+03	7.841593e+03
2.491589e+00	1.202883e+00	2.359354e+02	2.308021e+03
1.838671e+00	1.588268e+00	4.009817e+02	6.321699e+02
2.549422e+00	1.179397e+00	3.860311e+02	4.954040e+03
2.600831e+00	1.159319e+00	6.992214e+01	7.640833e+03
1.796388e+00	1.624457e+00	4.231328e+02	2.880246e+01
2.036587e+00	1.441977e+00	1.963536e+03	5.164575e+03
2.667795e+00	1.134514e+00	3.332694e+02	5.407192e+03
2.020523e+00	1.454230e+00	5.987989e+02	3.794975e+03
2.422241e+00	1.232326e+00	5.248669e+02	1.211759e+03
1.757450e+00	1.660637e+00	2.268701e+03	3.975710e+03
2.043722e+00	1.437093e+00	1.120178e+03	1.880213e+03
2.526423e+00	1.188274e+00	2.619941e+02	4.652524e+03
1.951206e+00	1.501001e+00	2.482185e+02	1.931010e+02
2.470280e+00	1.211380e+00	3.555012e+01	5.823698e+03
1.893436e+00	1.544375e+00	3.272567e+02	6.531884e+02
1.919997e+00	1.524309e+00	1.280402e+02	3.011909e+02
2.246286e+00	1.317556e+00	8.715305e+02	1.587903e+03
1.787927e+00	1.633389e+00	3.010409e+03	1.075186e+03
1.812661e+00	1.611360e+00	1.748385e+03	5.574801e+02
2.143309e+00	1.375298e+00	2.847918e+02	4.104593e+03
1.849964e+00	1.579448e+00	1.997962e+03	2.358704e+02
2.535213e+00	1.184659e+00	1.650014e+02	5.942269e+03
2.100008e+00	1.400579e+00	3.146334e+02	5.385145e+02
2.405728e+00	1.239386e+00	2.784304e+02	2.885817e+01
1.886264e+00	1.549039e+00	4.675721e+02	1.871196e+03
1.954873e+00	1.497928e+00	9.664024e+02	1.826805e+02
2.676546e+00	1.130810e+00	3.180686e+00	8.285054e+03
1.852668e+00	1.577529e+00	1.804925e+03	2.119927e+02
1.844188e+00	1.584384e+00	6.211287e+02	2.767829e+02
2.722768e+00	1.114762e+00	7.955990e+01	9.008769e+03
2.082432e+00	1.412591e+00	4.135317e+01	5.633332e+02
1.939167e+00	1.509713e+00	1.784401e+03	1.399486e+03
2.361424e+00	1.260238e+00	9.333672e+00	4.850090e+03
2.536350e+00	1.185725e+00	2.386027e+03	4.106803e+03
1.984032e+00	1.476365e+00	2.340888e+01	2.310347e+03
2.586103e+00	1.164827e+00	3.015690e+02	7.513154e+03
2.128226e+00	1.384204e+00	2.231152e+02	2.752172e+02
2.468170e+00	1.212504e+00	3.761166e+01	4.313367e+02
2.006023e+00	1.461784e+00	3.541249e+02	1.479465e+03
1.873462e+00	1.559475e+00	4.381031e+02	2.622705e+03
2.051871e+00	1.432156e+00	1.098401e+03	2.009055e+03
1.875791e+00	1.557863e+00	7.993581e+01	2.489378e+02
2.059277e+00	1.426513e+00	4.188973e+02	3.599826e+02
2.460298e+00	1.215431e+00	2.699761e+02	4.414876e+03
2.328622e+00	1.275688e+00	5.231272e+02	7.021277e+02
2.282718e+00	1.298346e+00	2.311211e+02	2.642760e+02
2.337651e+00	1.271978e+00	4.016986e+02	3.622531e+03
2.411769e+00	1.236721e+00	1.847108e+02	4.969782e+03
2.320153e+00	1.281093e+00	7.806823e+01	7.202274e+03
1.775143e+00	1.643510e+00	6.211442e+02	4.855377e+02
2.298097e+00	1.291119e+00	1.335467e+02	2.999257e+02
2.214190e+00	1.334949e+00	1.663964e+02	1.353919e+03
2.005863e+00	1.462448e+00	1.864482e+03	1.986443e+03
1.846796e+00	1.582248e+00	1.393321e+03	4.197199e+02
1.803278e+00	1.618683e+00	7.265733e+02	6.979933e+01
2.527747e+00	1.188216e+00	5.366344e+02	1.783099e+03
2.934349e+00	1.049206e+00	8.296978e+02	6.733581e+03
2.394159e+00	1.245286e+00	1.400828e+03	4.973386e+03
1.950621e+00	1.502089e+00	1.531130e+03	4.119715e+03
2.462522e+00	1.214852e+00	7.373785e+01	6.835846e+02
1.969622e+00	1.486950e+00	5.074274e+02	2.589836e+03
2.281796e+00	1.299437e+00	1.986649e+02	5.632305e+01
2.394565e+00	1.245127e+00	2.248662e+01	2.305165e+03
2.438899e+00	1.224799e+00	3.002703e+02	3.598238e+03
1.933307e+00	1.513947e+00	5.369631e+02	2.623222e+03
1.931733e+00	1.514940e+00	1.821691e+02	2.761253e+03
1.835344e+00	1.591244e+00	1.005619e+02	1.235670e+03
2.637495e+00	1.146067e+00	8.078873e+02	4.407926e+03
2.287296e+00	1.296584e+00	1.263521e+02	7.602778e+02
1.785222e+00	1.636224e+00	2.531470e+03	2.089841e+03
2.080853e+00	1.412790e+00	2.449953e+02	2.973757e+03
1.710899e+00	1.704968e+00	1.608719e+02	2.538225e+02
2.582018e+00	1.166734e+00	4.903168e+01	2.298880e+03
2.607968e+00	1.156930e+00	3.247727e+02	7.377630e+03
1.999132e+00	1.465883e+00	2.325707e+02	2.076697e+03
2.012065e+00	1.456464e+00	7.923756e+02	1.644062e+03
2.233539e+00	1.324763e+00	6.230215e+02	3.777483e+03
1.914709e+00	1.527734e+00	1.569888e+03	6.275190e+02
1.880258e+00	1.554899e+00	1.170171e+03	1.538235e+03
1.886877e+00	1.549134e+00	9.202852e+02	3.886739e+03
1.820389e+00	1.605037e+00	2.259669e+03	1.264258e+03
1.841899e+00	1.585123e+00	4.895106e+02	5.040100e+02
2.578926e+00	1.167456e+00	3.381363e+02	2.560223e+03
2.058159e+00	1.427691e+00	6.469085e+02	2.506414e+03
1.824078e+00	1.602889e+00	2.309112e+02	3.458714e+03
2.090982e+00	1.407963e+00	7.040733e+02	1.310256e+03
2.473577e+00	1.210303e+00	7.818350e+01	3.262675e+03
2.613511e+00	1.154608e+00	1.255581e+02	8.617136e+03
1.849813e+00	1.579225e+00	6.767475e+02	1.134173e+03
2.450794e+00	1.220638e+00	8.087179e+02	4.385769e+03
1.928881e+00	1.517380e+00	6.054923e+02	4.724962e+03
2.640769e+00	1.143478e+00	2.189954e+02	7.490871e+03
2.358028e+00	1.262094e+00	1.186391e+02	1.978225e+03
2.209211e+00	1.338842e+00	6.333888e+02	5.361839e+03
2.515184e+00	1.193610e+00	1.251680e+02	2.477336e+03
2.183025e+00	1.352756e+00	9.928538e+02	2.157061e+03
2.349247e+00	1.265604e+00	3.906213e+02	7.598983e+02
2.096520e+00	1.404303e+00	1.037804e+02	2.851657e+03
1.990752e+00	1.472422e+00	1.088443e+03	1.645058e+03
1.954034e+00	1.498975e+00	1.404996e+03	1.078924e+03
1.940829e+00	1.508702e+00	7.577969e+01	4.988776e+03
1.974139e+00	1.483559e+00	1.833469e+03	5.171278e+03
2.185641e+00	1.350663e+00	1.429517e+02	8.286695e+02
2.128721e+00	1.383907e+00	6.830638e+01	6.170405e+02
2.354733e+00	1.263873e+00	5.447486e+02	2.281720e+03
2.454088e+00	1.218910e+00	5.088652e+02	3.521972e+03
1.889978e+00	1.546859e+00	9.078853e+02	4.071434e+03
1.766518e+00	1.652162e+00	5.524092e+01	2.697857e+03
2.100870e+00	1.401316e+00	1.481302e+02	7.167108e+03
1.824908e+00	1.599661e+00	3.796110e+02	2.892377e+02
2.493388e+00	1.201349e+00	6.169971e+02	7.144539e+03
1.783555e+00	1.638535e+00	4.488380e+03	1.069802e+01
2.106315e+00	1.397593e+00	2.274646e+03	8.041607e+03
2.257198e+00	1.311549e+00	2.413980e+02	3.465452e+03
2.185732e+00	1.351405e+00	4.445306e+02	2.991740e+03
1.846567e+00	1.581811e+00	6.429393e+02	7.604757e+02
1.789199e+00	1.633024e+00	3.779945e+02	4.315532e+03
2.718776e+00	1.116502e+00	5.583979e+02	1.519998e+03
2.120113e+00	1.388775e+00	6.881862e+02	7.817755e+02
1.908219e+00	1.533425e+00	2.137701e+03	2.377274e+03
2.551790e+00	1.177874e+00	5.869768e+02	1.653168e+03
2.204874e+00	1.340375e+00	4.745891e+02	7.637986e+03
2.308861e+00	1.286059e+00	3.572963e+02	9.217210e+03
2.339420e+00	1.270925e+00	8.669791e+02	1.203106e+03
2.150186e+00	1.370722e+00	1.839435e+02	4.562459e+03
1.743949e+00	1.674458e+00	5.815300e+02	3.084425e+03
2.076213e+00	1.415704e+00	1.110575e+03	4.347627e+03
2.177116e+00	1.356176e+00	8.189603e+02	5.478005e+03
2.288388e+00	1.296010e+00	5.280216e+02	3.313029e+03
2.291769e+00	1.294665e+00	2.994548e+02	4.798239e+03
2.489841e+00	1.203308e+00	6.515960e+02	6.212795e+03
2.730746e+00	1.112381e+00	3.612061e+01	9.384189e+03
2.458240e+00	1.217124e+00	1.308885e+03	9.369808e+03
2.329153e+00	1.275861e+00	2.760873e+02	1.676232e+02
2.638968e+00	1.146145e+00	3.213359e+02	3.255689e+03
2.137871e+00	1.377627e+00	2.328847e+01	3.067592e+02
1.781879e+00	1.638431e+00	6.798171e+02	4.867407e+02
1.934749e+00	1.511959e+00	1.120457e+03	9.338512e+00
1.796230e+00	1.625099e+00	1.692513e+02	2.798160e+03
2.059644e+00	1.426290e+00	2.008844e+02	4.058244e+03
2.066207e+00	1.422770e+00	1.871995e+03	3.400642e+01
2.915545e+00	1.053606e+00	3.571088e+01	5.638036e+03
1.938791e+00	1.510620e+00	2.192475e+02	1.586709e+03
2.480394e+00	1.207530e+00	1.666044e+02	8.192107e+03
1.898970e+00	1.540223e+00	1.273115e+03	3.463373e+03
1.770765e+00	1.647296e+00	5.357903e+02	1.360117e+03
2.057243e+00	1.428532e+00	7.397709e+02	3.959690e+03
1.907871e+00	1.533470e+00	7.401039e+02	9.723750e+02
2.126319e+00	1.385157e+00	3.644111e+02	3.798333e+03
2.111259e+00	1.393603e+00	8.602465e+01	4.277724e+02
2.231623e+00	1.325855e+00	8.303360e+02	3.013742e+03
2.066699e+00	1.421919e+00	4.252061e+02	1.357990e+03
1.802837e+00	1.619851e+00	1.280571e+03	1.121293e+03
2.215631e+00	1.334684e+00	9.011588e+02	3.549464e+03
2.358241e+00	1.261655e+00	1.050785e+02	8.436613e+02
2.486699e+00	1.204492e+00	9.617699e+01	5.788250e+02
2.420438e+00	1.232747e+00	1.206880e+02	2.553151e+01
2.225564e+00	1.329139e+00	8.737258e+02	2.973177e+03
2.461254e+00	1.215618e+00	1.944884e+02	1.781141e+03
1.993815e+00	1.470705e+00	6.242753e+02	2.122918e+03
1.991547e+00	1.471460e+00	1.888503e+03	6.026413e+01
2.244469e+00	1.318928e+00	2.641856e+02	7.264519e+02
1.932081e+00	1.514168e+00	1.446466e+03	5.086248e+02
2.672775e+00	1.132650e+00	2.335092e+01	8.317111e+03
2.590454e+00	1.163545e+00	6.284903e+02	4.504831e+03
2.253455e+00	1.313952e+00	3.982241e+01	3.633210e+03
2.310007e+00	1.285250e+00	5.244044e+01	1.324223e+03
1.954089e+00	1.498433e+00	9.456616e+02	2.023589e+03
2.348461e+00	1.267346e+00	1.318274e+02	7.635571e+03
1.952678e+00	1.499543e+00	2.309941e+02	1.411542e+03
2.581455e+00	1.166573e+00	3.662757e+02	4.064279e+03
2.941884e+00	1.045745e+00	4.713058e+02	3.018030e+03
1.991753e+00	1.472515e+00	1.779887e+03	8.538050e+03
2.582631e+00	1.166258e+00	8.938840e+02	3.564087e+03
2.298926e+00	1.290392e+00	2.949939e+02	3.716587e+03
2.039100e+00	1.439551e+00	4.780159e+02	2.298003e+03
1.850618e+00	1.579361e+00	3.887156e+01	3.735197e+03
1.958874e+00	1.495756e+00	8.021970e+02	6.792439e+03
2.054613e+00	1.429392e+00	1.791046e+02	2.545421e+02
1.925938e+00	1.520370e+00	2.500398e+02	5.107371e+03
1.944868e+00	1.505037e+00	1.489538e+03	1.147874e+02
2.568386e+00	1.171808e+00	3.643957e+02	3.106953e+03
2.035842e+00	1.441733e+00	1.101912e+02	8.755115e+02
2.365220e+00	1.258200e+00	3.914610e+01	3.271641e+02
2.346713e+00	1.267439e+00	1.126860e+01	1.855111e+03
1.789871e+00	1.631089e+00	2.140694e+03	1.101738e+02
2.627218e+00	1.148581e+00	1.609747e+02	2.013764e+02
1.743731e+00	1.675271e+00	4.195602e+03	6.649903e+02
1.873248e+00	1.559522e+00	3.580823e+02	1.607943e+02
1.783077e+00	1.637567e+00	1.226855e+03	1.865082e+03
2.337888e+00	1.271440e+00	7.470098e+02	3.646368e+03
2.391437e+00	1.246763e+00	4.381651e+02	4.263748e+03
2.095909e+00	1.403676e+00	1.355507e+03	4.035085e+03
1.810936e+00	1.611483e+00	1.105329e+02	3.769430e+02
2.177436e+00	1.356314e+00	1.912268e+01	7.336390e+03
2.599051e+00	1.160165e+00	4.346612e+01	3.508953e+03
1.772275e+00	1.647978e+00	2.525245e+03	1.987142e+03
2.329192e+00	1.275749e+00	3.300624e+01	1.335974e+03
2.253643e+00	1.313814e+00	5.577369e+02	3.435394e+03
1.962787e+00	1.493238e+00	1.140218e+03	5.371001e+03
2.566679e+00	1.172205e+00	6.122843e+02	2.850445e+03
2.331229e+00	1.275803e+00	3.226343e+02	4.479905e+02
1.970871e+00	1.487174e+00	1.527446e+03	1.759611e+03
2.194479e+00	1.346367e+00	7.706286e+02	6.392533e+03
1.922542e+00	1.522574e+00	1.576646e+03	2.210213e+03
2.224306e+00	1.329821e+00	1.202578e+03	3.263104e+02
1.840033e+00	1.587493e+00	2.760317e+02	3.940947e+03
1.866099e+00	1.565501e+00	8.642174e+02	1.851515e+03
1.971369e+00	1.486356e+00	1.405279e+03	4.642991e+02
1.926607e+00	1.518608e+00	2.523333e+01	8.997387e+02
2.446847e+00	1.221336e+00	6.131086e+02	1.140014e+03
2.287478e+00	1.296283e+00	2.229361e+02	7.989776e+02
2.148123e+00	1.373276e+00	2.799480e+02	5.930961e+03
2.003849e+00	1.463266e+00	6.295762e+02	2.823157e+03
1.983723e+00	1.476600e+00	2.898379e+02	7.706973e+02
2.021847e+00	1.451206e+00	3.487488e+02	3.865841e+02
2.268422e+00	1.306234e+00	4.982330e+02	3.008641e+03
1.941586e+00	1.507980e+00	3.504141e+02	3.845327e+03
2.208639e+00	1.337754e+00	2.855944e+02	3.187424e+02
2.056799e+00	1.428259e+00	3.917506e+02	3.556464e+03
2.256903e+00	1.312459e+00	3.096646e+02	3.491010e+03
2.508940e+00	1.195550e+00	7.008885e+01	3.101553e+03
2.084987e+00	1.410157e+00	1.638309e+02	1.998221e+02
2.334665e+00	1.273900e+00	2.513805e+01	9.022740e+03
2.052079e+00	1.430730e+00	2.200318e+02	1.782860e+03
1.847586e+00	1.581264e+00	1.558700e+03	1.583036e+02
2.344650e+00	1.268528e+00	5.607575e+02	9.426208e+01
2.654002e+00	1.139674e+00	4.967640e+02	9.775152e+03
2.099791e+00	1.401052e+00	4.548324e+02	5.297718e+02
2.652414e+00	1.139264e+00	6.924201e+01	7.230936e+03
2.344620e+00	1.267784e+00	5.062334e+02	3.817462e+02
2.344004e+00	1.268275e+00	2.261682e+02	1.203300e+03
2.400614e+00	1.242444e+00	7.431552e+01	5.391743e+03
2.452021e+00	1.221805e+00	1.486517e+03	5.451726e+03
1.891545e+00	1.546651e+00	2.137337e+03	5.993175e+02
2.516328e+00	1.192617e+00	1.134223e+02	7.010627e+03
2.681895e+00	1.128640e+00	8.646683e+01	7.704114e+03
1.814602e+00	1.607925e+00	2.255309e+03	1.227372e+02
2.264110e+00	1.308398e+00	6.493623e+02	5.504135e+03
2.442818e+00	1.222481e+00	9.860639e+01	5.652771e+03
2.276902e+00	1.302662e+00	9.096058e+02	3.704703e+03
2.151331e+00	1.370882e+00	7.641540e+02	6.859290e+03
2.572235e+00	1.170577e+00	4.208472e+01	7.785682e+03
1.768338e+00	1.650204e+00	9.121825e+01	4.110892e+02
2.436636e+00	1.226156e+00	2.780844e+01	6.673861e+03
2.102310e+00	1.400332e+00	5.588315e+02	7.300223e+03
1.933655e+00	1.514051e+00	1.282531e+03	1.775737e+03
2.423753e+00	1.231421e+00	3.768298e+01	6.093192e+02
2.059518e+00	1.426896e+00	3.555446e+02	2.776183e+03
2.538327e+00	1.183542e+00	2.448349e+02	1.387588e+03
2.756995e+00	1.103381e+00	2.968378e+02	1.158470e+03
2.625536e+00	1.150147e+00	5.181674e+02	4.432348e+03
2.437072e+00	1.225929e+00	2.776900e+02	5.950182e+03
1.994819e+00	1.469572e+00	5.564867e+02	3.474275e+02
2.000289e+00	1.465718e+00	9.081686e+01	3.306902e+03
2.634250e+00	1.145783e+00	3.274629e+02	6.492826e+03
2.434423e+00	1.227527e+00	8.885087e+01	7.246213e+02
2.185268e+00	1.350686e+00	4.163081e+02	1.979242e+03
2.528954e+00	1.187603e+00	5.255342e+02	3.860539e+03
2.188025e+00	1.350033e+00	7.657706e+02	2.568097e+03
2.022036e+00	1.451983e+00	3.562013e+02	2.393602e+03
2.448035e+00	1.221307e+00	4.512256e+02	5.723548e+03
2.268575e+00	1.306862e+00	7.493509e+02	2.002155e+03
1.731781e+00	1.684344e+00	1.012940e+02	7.895646e+02
2.263281e+00	1.309422e+00	2.676266e+02	3.806208e+03
1.743263e+00	1.674230e+00	1.039147e+03	1.846937e+03
2.234003e+00	1.324346e+00	1.209233e+02	1.007537e+03
2.236574e+00	1.323436e+00	1.988337e+02	4.254094e+03
1.955306e+00	1.498429e+00	3.073371e+02	1.461508e+03
2.208592e+00	1.338779e+00	1.039440e+03	3.402482e+03
2.558275e+00	1.176117e+00	7.021998e+01	2.349468e+03
2.491515e+00	1.202051e+00	4.314413e+01	4.880853e+03
1.745051e+00	1.672707e+00	6.168182e+02	2.243449e+03
2.481604e+00	1.206443e+00	7.704950e+01	2.318863e+03
1.776279e+00	1.642721e+00	4.907760e+02	1.108792e+02
2.120968e+00	1.388142e+00	4.293129e+02	1.172138e+03
2.504428e+00	1.197917e+00	1.126639e+03	2.399934e+03
1.907773e+00	1.533362e+00	4.452460e+02	3.773608e+02
1.951122e+00	1.501106e+00	1.216201e+03	1.890810e+03
2.480814e+00	1.206875e+00	1.484178e+01	9.098282e+03
2.144126e+00	1.375157e+00	1.093548e+03	3.437528e+03
1.939800e+00	1.509582e+00	1.148314e+02	6.709975e+03
2.436413e+00	1.226425e+00	4.096382e+02	5.627355e+03
1.941073e+00	1.508738e+00	2.687804e+02	5.639259e+03
1.773923e+00	1.645060e+00	2.778085e+02	7.501458e+00
2.453065e+00	1.218962e+00	5.241966e+02	2.332628e+03
1.807270e+00	1.615163e+00	2.652445e+02	6.909853e+02
2.354115e+00	1.263527e+00	4.871509e-01	1.933311e+03
1.732312e+00	1.685452e+00	1.823696e+03	1.543862e+03
2.642710e+00	1.143865e+00	2.068312e+02	2.949366e+03
1.998359e+00	1.466546e+00	1.702895e+02	8.016685e+02
1.885654e+00	1.549838e+00	9.228140e+02	1.518222e+03
2.758999e+00	1.102882e+00	3.518132e+01	9.470032e+03
2.446074e+00	1.223039e+00	4.239178e+02	1.178558e+03
2.513594e+00	1.193068e+00	1.490601e+02	9.682625e+02
2.383344e+00	1.249809e+00	3.819416e+02	3.464371e+03
2.435423e+00	1.227102e+00	4.353819e+02	2.294689e+03
1.932572e+00	1.514456e+00	1.062306e+03	1.594019e+03
2.565111e+00	1.173089e+00	3.064323e+02	5.237530e+03
2.225250e+00	1.329601e+00	6.626020e+02	3.115300e+03
1.920406e+00	1.524787e+00	4.678326e+02	4.176117e+03
1.938332e+00	1.509134e+00	6.257408e+02	9.065973e+02
2.493608e+00	1.201900e+00	1.634082e+02	2.454805e+03
2.314777e+00	1.282261e+00	9.410051e+02	1.790001e+03
2.630870e+00	1.149180e+00	3.676417e+02	2.601827e+03
1.763876e+00	1.654762e+00	1.144763e+03	2.016294e+03
2.340304e+00	1.270144e+00	9.455415e+01	9.153048e+02
2.158411e+00	1.365930e+00	5.908764e+02	3.365104e+03
2.072593e+00	1.418407e+00	8.035817e+02	6.187925e+03
2.273594e+00	1.302843e+00	6.052325e+02	3.692178e+03
2.281844e+00	1.298633e+00	1.856648e+02	2.912047e+02
1.783061e+00	1.637185e+00	1.085409e+03	2.664992e+03
2.594201e+00	1.160651e+00	1.054465e+02	3.521558e+03
2.691318e+00	1.125747e+00	1.214978e+02	7.915560e+03
1.855393e+00	1.575112e+00	1.192141e+03	6.191667e+02
2.280024e+00	1.301346e+00	8.045492e+02	3.750125e+03
2.782987e+00	1.094296e+00	6.851997e+00	7.380357e+03
2.575815e+00	1.169133e+00	4.084339e+01	1.178486e+03
1.718271e+00	1.698763e+00	4.351379e+02	1.966510e+02
2.250792e+00	1.315541e+00	2.651697e+01	2.534595e+03
1.816749e+00	1.607130e+00	9.100332e+00	3.744270e+03
1.947434e+00	1.506515e+00	2.709394e+03	3.398020e+03
1.711233e+00	1.703584e+00	1.751541e+03	1.308835e+02
2.747066e+00	1.106727e+00	2.047792e+02	1.652400e+03
2.106444e+00	1.397741e+00	1.495237e+03	1.803360e+03
2.240947e+00	1.320291e+00	4.565743e+02	1.757704e+03
2.188806e+00	1.348791e+00	1.117819e+02	4.901503e+02
2.033904e+00	1.443349e+00	1.319662e+03	1.223197e+03
2.003121e+00	1.463725e+00	2.908209e+02	5.183506e+02
2.335718e+00	1.272769e+00	1.122133e+03	2.337144e+02
1.896519e+00	1.542369e+00	1.995657e+03	2.100511e+03
1.812462e+00	1.611398e+00	9.253989e+02	6.877374e+01
1.719634e+00	1.696509e+00	2.831056e+02	2.253809e+03
2.306345e+00	1.288364e+00	2.102622e+03	5.535389e+02
2.534944e+00	1.185304e+00	4.343151e+02	8.875996e+03
2.567179e+00	1.172703e+00	1.209509e+02	2.428633e+03
2.593115e+00	1.161506e+00	2.569446e+01	3.050267e+02
2.220607e+00	1.330884e+00	4.187890e+02	2.474821e+03
2.548573e+00	1.179909e+00	9.484867e+02	5.906501e+03
2.412574e+00	1.237567e+00	4.523308e+02	2.872728e+03
2.334437e+00	1.274647e+00	1.596021e+03	2.696968e+03
2.524988e+00	1.189296e+00	1.919008e+02	6.977087e+03
1.956976e+00	1.496183e+00	2.897312e+02	3.636812e+02
2.240592e+00	1.320973e+00	1.044732e+03	1.897465e+03
1.922193e+00	1.521972e+00	1.516354e+03	6.293810e+02
2.475037e+00	1.209284e+00	1.312724e+03	6.277218e+03
2.537808e+00	1.184793e+00	8.989627e+01	8.011955e+03
2.088077e+00	1.408082e+00	3.803281e+02	1.111574e+02
1.914579e+00	1.528070e+00	3.958385e+02	3.278838e+03
1.953431e+00	1.499518e+00	1.665906e+03	1.263114e+03
2.176729e+00	1.356107e+00	9.206684e+02	3.317974e+03
2.553485e+00	1.177825e+00	1.377305e+02	5.230237e+03
2.600504e+00	1.160241e+00	8.984963e+02	1.487107e+03
2.478577e+00	1.208049e+00	7.000861e+01	8.368709e+03
1.836166e+00	1.590886e+00	1.875736e+03	1.581421e+02
2.011194e+00	1.457645e+00	2.234540e+02	3.584301e+02
2.397825e+00	1.243835e+00	1.011677e+02	9.535336e+02
1.802683e+00	1.619289e+00	1.196198e+02	1.016678e+03
2.507500e+00	1.195707e+00	5.699191e+02	3.732129e+02
2.426490e+00	1.230225e+00	2.610300e+02	2.622520e+01
1.819365e+00	1.604920e+00	1.609113e+02	1.994968e+03
2.496166e+00	1.201608e+00	7.278504e+01	6.972187e+03
1.797960e+00	1.623042e+00	1.561660e+02	9.257371e+02
1.922508e+00	1.522294e+00	1.146085e+03	4.295579e+03
1.935637e+00	1.512245e+00	1.416569e+03	3.396706e+03
2.238839e+00	1.321567e+00	9.791598e+01	8.557776e+02
1.737090e+00	1.680187e+00	2.942885e+03	9.905237e+02
2.141753e+00	1.376207e+00	1.997987e+03	2.477900e+03
1.958885e+00	1.494392e+00	6.302034e+02	2.929168e+02
2.420979e+00	1.232522e+00	2.174961e+02	1.233980e+02
1.826083e+00	1.599659e+00	2.286937e+03	1.840948e+02
2.115377e+00	1.391863e+00	1.030114e+03	4.668548e+03
2.139429e+00	1.378281e+00	6.755060e+02	3.132428e+03
1.992213e+00	1.472418e+00	5.817349e+02	2.637155e+03
2.111975e+00	1.393993e+00	5.874861e+02	6.794344e+03
1.831202e+00	1.595259e+00	6.617556e+02	5.755750e+02
2.127488e+00	1.383818e+00	2.756826e+02	2.344893e+02
2.589919e+00	1.162976e+00	6.933363e+01	1.217731e+03
1.885291e+00	1.550216e+00	6.792339e+02	1.584225e+03
1.900048e+00	1.539738e+00	3.196448e+03	7.353838e+02
1.913570e+00	1.530088e+00	2.662920e+03	1.298617e+03
1.805181e+00	1.617381e+00	1.575949e+02	2.652359e+03
1.954067e+00	1.498768e+00	2.396042e+02	1.390465e+03
2.169241e+00	1.360438e+00	4.216505e+02	7.478475e+03
1.853637e+00	1.576642e+00	3.070040e+03	6.121524e+01
2.165063e+00	1.363534e+00	1.823504e+03	2.156525e+03
1.840082e+00	1.587263e+00	5.442628e+02	1.611597e+03
2.290803e+00	1.295644e+00	5.575832e+02	5.112602e+03
2.145690e+00	1.373488e+00	3.916892e+02	1.028412e+03
2.079799e+00	1.413316e+00	4.081357e+02	4.613441e+02
1.984758e+00	1.476536e+00	2.609030e+02	2.535526e+03
1.990731e+00	1.473268e+00	1.602364e+03	1.487764e+03
1.849382e+00	1.579823e+00	1.202333e+03	6.341250e+01
2.529800e+00	1.187343e+00	1.272810e+03	6.726180e+03
2.281319e+00	1.299354e+00	3.418202e+00	1.090898e+03
2.878443e+00	1.065006e+00	7.088232e+02	8.880230e+03
2.381628e+00	1.250981e+00	4.632442e+02	6.034516e+03
2.009920e+00	1.459299e+00	1.210981e+02	4.392693e+03
2.421577e+00	1.233399e+00	8.573906e+02	4.075209e+03
1.801660e+00	1.621885e+00	2.624331e+03	3.301559e+03
2.261643e+00	1.310757e+00	7.843781e+02	8.748822e+03
2.526647e+00	1.187900e+00	2.623125e+02	4.858681e+03
1.924163e+00	1.521199e+00	1.481248e+03	2.417286e+02
1.843163e+00	1.584996e+00	1.234321e+03	7.214071e+00
2.508829e+00	1.195793e+00	1.585912e+02	7.635704e+03
2.121874e+00	1.387050e+00	1.017643e+03	6.294746e+02
1.972208e+00	1.486103e+00	4.891194e+02	2.495274e+03
2.105882e+00	1.397855e+00	1.895550e+03	1.196513e+03
1.865365e+00	1.566966e+00	3.258488e+03	1.296486e+03
1.932657e+00	1.514234e+00	1.629016e+03	3.305335e+01
2.439708e+00	1.224832e+00	1.797100e+02	2.859195e+03
2.190401e+00	1.347493e+00	2.900820e+02	2.129651e+01
2.175124e+00	1.356408e+00	2.342207e+02	2.045063e+01
1.962221e+00	1.492344e+00	1.686818e+03	9.754939e+02
2.238391e+00	1.322661e+00	5.807929e+02	8.539945e+03
1.930847e+00	1.516149e+00	2.250593e+03	1.134054e+03
1.781320e+00	1.638414e+00	2.492020e+02	7.996540e+02
2.327055e+00	1.276650e+00	8.210583e+02	5.458538e+03
2.645338e+00	1.142743e+00	7.786141e+02	4.509701e+03
2.423287e+00	1.231703e+00	1.136064e+02	8.829879e+02
2.124044e+00	1.386122e+00	2.495186e+02	5.118100e+02
1.728014e+00	1.688989e+00	1.013853e+03	1.070457e+02
2.514766e+00	1.193593e+00	1.056380e+03	2.744708e+03
1.909077e+00	1.532862e+00	1.790129e+03	2.735593e+03
2.552554e+00	1.178145e+00	3.417173e+02	4.107219e+03
1.957462e+00	1.495468e+00	4.010345e+02	2.919051e+02
2.220618e+00	1.331303e+00	5.587487e+02	9.415825e+01
2.551239e+00	1.178041e+00	5.742905e+02	1.398521e+03
2.079870e+00	1.414634e+00	5.860889e+02	4.649072e+03
2.651979e+00	1.140574e+00	3.204040e+02	6.724086e+03
2.006972e+00	1.461156e+00	2.950508e+02	1.377173e+03
2.603564e+00	1.158152e+00	1.564265e+02	1.850109e+03
1.990438e+00	1.472434e+00	1.926166e+01	1.580319e+02
2.012489e+00	1.457488e+00	1.016580e+03	1.247355e+03
1.847588e+00	1.581788e+00	5.081273e+02	3.860523e+03
1.982360e+00	1.478613e+00	5.734120e+01	5.911837e+03
2.117790e+00	1.390945e+00	5.552333e+02	6.956712e+03
2.434532e+00	1.226627e+00	8.692688e+01	1.354145e+03
1.978197e+00	1.482112e+00	2.362190e+01	3.209976e+03
2.352376e+00	1.264393e+00	3.677282e+02	2.867158e+02
2.260691e+00	1.310292e+00	9.734265e+01	2.753271e+03
1.968790e+00	1.489177e+00	1.595869e+03	2.047968e+03
2.615217e+00	1.154047e+00	6.426537e+02	8.868361e+03
1.941267e+00	1.508560e+00	2.484233e+01	7.014088e+03
2.202735e+00	1.340580e+00	2.365023e+02	2.027649e+03
1.810129e+00	1.614030e+00	2.652322e+03	3.586911e+02
2.247975e+00	1.317080e+00	7.870301e+02	1.511455e+03
2.075069e+00	1.416933e+00	3.374809e+02	5.763391e+02
2.094548e+00	1.404949e+00	2.175217e+02	4.339723e+03
2.528788e+00	1.186961e+00	1.771877e+02	5.925268e+03
2.566841e+00	1.172436e+00	1.497299e+02	4.027740e+03
1.910763e+00	1.531842e+00	2.319357e+03	3.848807e+03
2.754104e+00	1.104016e+00	2.448949e+00	5.179913e+03
1.777611e+00	1.642637e+00	1.870019e+03	1.116190e+03
2.552842e+00	1.178011e+00	1.438662e+03	4.437957e+03
2.397102e+00	1.244068e+00	3.344373e+02	4.250772e+03
1.884298e+00	1.551287e+00	2.897668e+02	1.143591e+03
1.968375e+00	1.487445e+00	1.038757e+03	4.667047e+03
1.873774e+00	1.561059e+00	5.684864e+02	3.886796e+03
2.080510e+00	1.414234e+00	1.094953e+02	2.509362e+03
2.376682e+00	1.252885e+00	2.328827e+02	4.006192e+03
2.074300e+00	1.417415e+00	2.360869e+03	1.156533e+03
1.713375e+00	1.703558e+00	2.992067e+03	1.193097e+02
1.987540e+00	1.474354e+00	3.094142e+02	1.672300e+03
1.908321e+00	1.532117e+00	5.837769e+02	1.149165e+03
1.928329e+00	1.516677e+00	2.441162e+02	1.158348e+02
2.131029e+00	1.382755e+00	8.464051e+02	3.005152e+03
3.013281e+00	1.026207e+00	5.337894e+02	6.960805e+03
2.556770e+00	1.176225e+00	2.603579e+02	6.137531e+03
1.932436e+00	1.514806e+00	1.062872e+03	4.022760e+03
2.118264e+00	1.390990e+00	3.468372e+02	3.382208e+03
2.225748e+00	1.328542e+00	2.556393e+02	1.675307e+02
2.281520e+00	1.299291e+00	2.932968e+02	2.169521e+03
2.679103e+00	1.130603e+00	3.728412e+02	3.235779e+03
2.504648e+00	1.196651e+00	5.932841e+01	4.267330e+02
2.487206e+00	1.205029e+00	5.201586e+02	7.172705e+03
2.023651e+00	1.450040e+00	7.608355e+01	4.482872e+03
3.029789e+00	1.021576e+00	3.662966e+02	6.956268e+03
2.402463e+00	1.240914e+00	4.392070e+01	1.362807e+02
2.029511e+00	1.446228e+00	4.101470e+02	2.629691e+03
2.594585e+00	1.161429e+00	1.965425e+02	3.213430e+02
2.654852e+00	1.139423e+00	3.970204e+01	6.372433e+03
1.859530e+00	1.570157e+00	4.037886e+03	5.128351e+02
2.569690e+00	1.171652e+00	6.394733e+02	4.880388e+03
1.791830e+00	1.628984e+00	1.916718e+03	5.114014e+01
2.405955e+00	1.239446e+00	4.866682e+01	2.130130e+02
2.002914e+00	1.463880e+00	2.213118e+02	3.330038e+03
2.090956e+00	1.408078e+00	8.182103e+02	5.767725e+02
2.104608e+00	1.399575e+00	4.698481e+02	7.969722e+03
2.132926e+00	1.381504e+00	5.425682e+02	5.521393e+03
2.339907e+00	1.270998e+00	1.738592e+01	1.719206e+03
1.980722e+00	1.480370e+00	9.660964e+02	2.995089e+03
2.745879e+00	1.106780e+00	3.056569e+02	1.255549e+03
2.580594e+00	1.166920e+00	2.596024e+02	1.213169e+03
2.627803e+00	1.150001e+00	7.041207e+02	5.376481e+03
2.525086e+00	1.188544e+00	1.974177e+01	2.802341e+03
1.831344e+00	1.594949e+00	1.001398e+03	6.128171e+02
1.926294e+00	1.518372e+00	1.441531e+03	2.101885e+02
1.970511e+00	1.486208e+00	2.492759e+02	1.861447e+02
2.294046e+00	1.293884e+00	1.263698e+02	2.965557e+03
2.199622e+00	1.343395e+00	8.948559e+02	2.142981e+03
2.536291e+00	1.184735e+00	2.446506e+01	4.012900e+03
2.219891e+00	1.332336e+00	1.105459e+03	1.642100e+03
1.983352e+00	1.477986e+00	7.401571e+02	4.633352e+03
2.110602e+00	1.394935e+00	9.701822e+02	8.132430e+02
1.969774e+00	1.487315e+00	6.797460e+02	2.712211e+03
2.482962e+00	1.207429e+00	5.969884e+02	5.865587e+03
2.423844e+00	1.231444e+00	1.891905e+02	3.194876e+03
1.907773e+00	1.533362e+00	4.452460e+02	3.773608e+02
2.737471e+00	1.109492e+00	1.576791e+02	1.027864e+03
1.929104e+00	1.517510e+00	1.082940e+03	2.179598e+03
2.325340e+00	1.277456e+00	1.991164e+02	1.470201e+03
2.438345e+00	1.225291e+00	5.070661e+02	5.855989e+03
2.374258e+00	1.254647e+00	2.136618e+02	4.996855e+03
2.035431e+00	1.442152e+00	8.317456e+02	2.490951e+03
1.871507e+00	1.561790e+00	4.802677e+02	6.087019e+02
2.513371e+00	1.194112e+00	4.268903e+02	5.432893e+02
2.191927e+00	1.347060e+00	5.582142e+02	2.977261e+03
2.069656e+00	1.420436e+00	8.492806e+02	5.343782e+03
2.158217e+00	1.365317e+00	1.585931e+02	6.467722e+02
2.591416e+00	1.163255e+00	5.819970e+02	1.780652e+03
2.636102e+00	1.146357e+00	6.440283e+02	1.678486e+03
1.952694e+00	1.499503e+00	1.622575e+03	2.677764e+02
2.576785e+00	1.168064e+00	6.619287e+02	4.102277e+02
1.888570e+00	1.548331e+00	8.227078e+01	5.621676e+02
2.455731e+00	1.217122e+00	3.325165e+02	2.992518e+03
1.936127e+00	1.511020e+00	6.246572e+02	3.992350e+03
2.149756e+00	1.371287e+00	4.218775e+02	6.437348e+03
1.914667e+00	1.529274e+00	1.600350e+03	1.199480e+03
2.434611e+00	1.227067e+00	2.002449e+02	5.950301e+03
1.738428e+00	1.678217e+00	5.389814e+02	5.329797e+02
1.954840e+00	1.498145e+00	3.298769e+02	4.908973e+03
2.364410e+00	1.259073e+00	2.143586e+02	1.232533e+03
2.211301e+00	1.336563e+00	7.554931e+01	5.425252e+02
2.151087e+00	1.371116e+00	1.044075e+03	1.678046e+03
2.313916e+00	1.283224e+00	1.119761e+03	1.129271e+03
2.079556e+00	1.414966e+00	1.009201e+03	2.326572e+03
1.939782e+00	1.509447e+00	2.505183e+03	9.148870e+02
1.877594e+00	1.557181e+00	4.886962e+02	9.006681e+02
2.553693e+00	1.177433e+00	8.277113e+02	7.828627e+03
2.546629e+00	1.179545e+00	6.605218e+01	1.867593e+03
2.239490e+00	1.321200e+00	1.001469e+02	1.051668e+03
2.759815e+00	1.102093e+00	1.218230e+01	5.236226e+03
2.064759e+00	1.425510e+00	4.856901e+02	5.811193e+03
1.819831e+00	1.605012e+00	1.855830e+03	1.916912e+02
1.926194e+00	1.519476e+00	1.496201e+03	2.040417e+03
2.555460e+00	1.176828e+00	1.333707e+02	5.312243e+03
1.727022e+00	1.689823e+00	2.023039e+03	2.321235e+03
2.111410e+00	1.394764e+00	2.106176e+02	7.671082e+03
1.986734e+00	1.475775e+00	1.488173e+03	1.189256e+03
1.945125e+00	1.505308e+00	1.373927e+03	3.937220e+03
2.003124e+00	1.463593e+00	2.185435e+03	8.152151e+02
1.792636e+00	1.629006e+00	1.029045e+03	1.263629e+03
1.951494e+00	1.500395e+00	3.783685e+02	3.256752e+03
2.388926e+00	1.247753e+00	1.380589e+01	1.220765e+03
1.950246e+00	1.502028e+00	4.507305e+02	3.523543e+03
1.862596e+00	1.569513e+00	6.984232e+02	1.584956e+03
2.156988e+00	1.367482e+00	6.173433e+02	1.257684e+02
2.483737e+00	1.206021e+00	9.016059e+01	6.688391e+03
1.934065e+00	1.513411e+00	3.565652e+02	3.672963e+03
1.934055e+00	1.513402e+00	1.394899e+03	3.642415e+03
2.016757e+00	1.454135e+00	1.081992e+02	5.898275e+02
1.725445e+00	1.691035e+00	1.274616e+03	9.070607e+01
1.980922e+00	1.480010e+00	8.811513e+02	2.603700e+03
1.840198e+00	1.587142e+00	2.746001e+02	2.588535e+01
2.539459e+00	1.183447e+00	1.155371e+02	6.423894e+03
2.088898e+00	1.408707e+00	1.739184e+03	5.542827e+01
2.545458e+00	1.181082e+00	1.092472e+02	7.311846e+03
1.871130e+00	1.562516e+00	5.607203e+02	4.915758e+03
1.784655e+00	1.636011e+00	8.832084e+02	2.265628e+03
2.490275e+00	1.203575e+00	2.536761e+02	9.294489e+03
2.468752e+00	1.212147e+00	6.322352e+01	5.667441e+02
2.467144e+00	1.212613e+00	2.313487e+02	5.170128e+03
2.123050e+00	1.386984e+00	8.186797e+02	4.644568e+03
1.962405e+00	1.493339e+00	3.736461e+02	4.036839e+03
1.963965e+00	1.492276e+00	3.360445e+02	4.538079e+03
1.742980e+00	1.673670e+00	9.302155e+01	8.065276e+02
1.999478e+00	1.466575e+00	7.986485e+02	1.763620e+03
2.199710e+00	1.342448e+00	1.418211e+03	2.736548e+02
2.647013e+00	1.141869e+00	2.433582e+02	4.596471e+03
2.600019e+00	1.159486e+00	3.556915e+02	5.538507e+03
2.613259e+00	1.154714e+00	1.245597e+02	6.346910e+03
2.627803e+00	1.150001e+00	7.041207e+02	5.376481e+03
2.045589e+00	1.435460e+00	5.299814e+02	2.965792e+03
2.958220e+00	1.041226e+00	7.614697e+00	3.458514e+03
2.444133e+00	1.222944e+00	3.824779e+02	4.320065e+02
2.686482e+00	1.127932e+00	4.234067e+02	3.443988e+03
1.752130e+00	1.665413e+00	2.554377e+02	1.739045e+03
1.899451e+00	1.539524e+00	7.943415e+02	3.177010e+03
2.240498e+00	1.321235e+00	9.762813e+01	7.140457e+03
1.886118e+00	1.550234e+00	2.337301e+03	1.711319e+03
1.877554e+00	1.557309e+00	3.095565e+03	7.891957e+02
1.891364e+00	1.546031e+00	2.500025e+02	1.361001e+02
1.978882e+00	1.481505e+00	2.683362e+02	1.476339e+03
2.450381e+00	1.220211e+00	9.337693e+01	3.895287e+03
1.912455e+00	1.530028e+00	1.067410e+03	3.786572e+03
1.981044e+00	1.479248e+00	4.333368e+02	6.890766e+02
2.352450e+00	1.265013e+00	1.205947e+03	1.993153e+03
2.623240e+00	1.149940e+00	3.356588e+02	6.439993e+03
1.782104e+00	1.637370e+00	1.246591e+03	6.178780e+03
1.973091e+00	1.485279e+00	9.298783e+02	3.796035e+03
2.252974e+00	1.314274e+00	6.758392e+02	2.826999e+03
1.974253e+00	1.485265e+00	2.094486e+03	1.913591e+03
1.976761e+00	1.482224e+00	4.708762e+02	4.392272e+02
1.732257e+00	1.684487e+00	2.408830e+03	3.019774e+02
2.549169e+00	1.179679e+00	3.154815e+02	7.262258e+03
1.865491e+00	1.566309e+00	8.720246e+02	1.201670e+03
2.261659e+00	1.310362e+00	2.166722e+02	6.244737e+03
2.563011e+00	1.173850e+00	3.493471e+02	4.982412e+03
2.451496e+00	1.219591e+00	4.579458e+01	3.095414e+03
2.308207e+00	1.285933e+00	2.689881e+02	1.145102e+03
1.800173e+00	1.621749e+00	1.363233e+03	1.163177e+03
2.790858e+00	1.093429e+00	2.160125e+02	6.410933e+03
2.343899e+00	1.269544e+00	6.074157e+02	8.106872e+03
2.550676e+00	1.178982e+00	8.274371e+02	1.539787e+03
2.296180e+00	1.292226e+00	2.741735e+02	3.573249e+03
2.568109e+00	1.171125e+00	1.127295e+02	2.935525e+01
1.913676e+00	1.527604e+00	6.202869e+02	1.015994e+03
2.580790e+00	1.167189e+00	5.030900e+02	3.246489e+03
2.198120e+00	1.343547e+00	1.206166e+02	2.594864e+02
1.994210e+00	1.470165e+00	5.048868e+02	3.339607e+03
2.336172e+00	1.273374e+00	5.842830e+02	1.873936e+03
2.571720e+00	1.169528e+00	6.722237e+00	1.292975e+03
2.174715e+00	1.357118e+00	6.987498e+02	2.667472e+03
1.955542e+00	1.498196e+00	2.611706e+03	5.961300e+02
1.737355e+00	1.680665e+00	1.013562e+03	2.180625e+03
2.339324e+00	1.270362e+00	9.088659e+01	5.502022e+03
2.124178e+00	1.387437e+00	8.468944e+01	5.994258e+03
1.792870e+00	1.628472e+00	1.085317e+03	1.985423e+03
2.421092e+00	1.233154e+00	5.111165e+00	3.430504e+03
1.979113e+00	1.481353e+00	1.208590e+03	1.109833e+03
1.889529e+00	1.546887e+00	3.497210e+02	2.483837e+02
2.539886e+00	1.183349e+00	4.647030e+02	4.491663e+03
2.435543e+00	1.226517e+00	6.620608e+01	1.189221e+03
2.518993e+00	1.191512e+00	6.597972e+01	6.079707e+03
2.259425e+00	1.311786e+00	7.178412e+02	5.066264e+03
1.736008e+00	1.680222e+00	1.369842e+03	5.224318e+02
1.939800e+00	1.509582e+00	1.148314e+02	6.709975e+03
2.080191e+00	1.412996e+00	2.275694e+02	3.530313e+02
1.827048e+00	1.598859e+00	3.576211e+02	9.281987e+02
2.235416e+00	1.323817e+00	6.096368e+02	3.297213e+03
1.885331e+00	1.551254e+00	2.950289e+02	3.233759e+03
1.765239e+00	1.653824e+00	4.618907e+02	1.604910e+02
1.818683e+00	1.605918e+00	7.510731e+02	2.526647e+02
2.113491e+00	1.392375e+00	1.342160e+02	4.699237e+02
2.441384e+00	1.223756e+00	6.013064e+02	1.326627e+03
2.523179e+00	1.189281e+00	2.135337e+01	1.063566e+03
2.148555e+00	1.372565e+00	1.328634e+03	2.542573e+03
1.900451e+00	1.538196e+00	4.252303e+02	1.945720e+03
1.886979e+00	1.550322e+00	2.432484e+03	2.006192e+03
2.019818e+00	1.453046e+00	7.023997e+02	1.269339e+03
2.386643e+00	1.249521e+00	6.080344e+01	2.302063e+03
1.773396e+00	1.647084e+00	2.380928e+03	1.437811e+03
2.661722e+00	1.135704e+00	4.340531e+01	3.168822e+03
2.221382e+00	1.331268e+00	7.921784e+02	1.731917e+03
1.752064e+00	1.667602e+00	3.248686e+03	3.081864e+03
2.341758e+00	1.269983e+00	1.005006e+02	2.862983e+03
2.533529e+00	1.185830e+00	1.938697e+02	7.466280e+03
2.643029e+00	1.143222e+00	1.883651e+02	2.151442e+03
2.561339e+00	1.174423e+00	1.218548e+02	2.815565e+03
2.327764e+00	1.276224e+00	6.061918e+02	6.924267e+02
2.633070e+00	1.146119e+00	1.385456e+02	1.609580e+03
3.100738e+00	1.002709e+00	5.219329e+02	6.878700e+03
1.914219e+00	1.527219e+00	2.362195e+03	9.101176e+02
2.645539e+00	1.142557e+00	4.837011e+02	7.994373e+03
2.364706e+00	1.258458e+00	1.180817e+02	2.939592e+02
2.410903e+00	1.237286e+00	2.899468e+02	4.129684e+03
2.184170e+00	1.351868e+00	1.175100e+03	2.827889e+03
1.857349e+00	1.573405e+00	4.602314e+02	2.121474e+03
2.237237e+00	1.322064e+00	9.851203e+00	2.534373e+02
2.474208e+00	1.210147e+00	4.161056e+02	8.422048e+03
2.281973e+00	1.299277e+00	8.997156e+02	5.010179e+03
2.360527e+00	1.260415e+00	2.256110e+02	9.257158e+03
2.150016e+00	1.371404e+00	5.627776e+02	1.917254e+03
2.591679e+00	1.163063e+00	2.204836e+02	6.457782e+03
2.011558e+00	1.457563e+00	1.066744e+02	7.525617e+02
2.034569e+00	1.443062e+00	9.334920e+02	5.906611e+03
2.018153e+00	1.453793e+00	7.466828e+01	1.182850e+03
2.641599e+00	1.143971e+00	6.001960e+02	7.655460e+03
2.517173e+00	1.192187e+00	2.860938e+02	5.054902e+03
2.541252e+00	1.181805e+00	1.180452e+02	1.080439e+03
2.643316e+00	1.143695e+00	3.605736e+02	5.456518e+03
2.370467e+00	1.256228e+00	3.084816e+02	6.652713e+02
2.740874e+00	1.108496e+00	1.485736e+01	5.267072e+03
2.347082e+00	1.267065e+00	9.601151e+01	4.452188e+02
2.554397e+00	1.177248e+00	3.055296e+02	4.934086e+03
2.434143e+00	1.226666e+00	5.939842e+01	1.137528e+03
1.897620e+00	1.540874e+00	1.462503e+03	1.055760e+03
2.494846e+00	1.202157e+00	4.296812e+02	4.303106e+03
3.008934e+00	1.026706e+00	6.149483e+02	1.299996e+03
2.071555e+00	1.419249e+00	1.937814e+03	1.079365e+03
2.642208e+00	1.143756e+00	3.131317e+02	4.461557e+03
2.101834e+00	1.399574e+00	1.200032e+02	4.731782e+03
2.051136e+00	1.432253e+00	8.819485e+02	3.926253e+03
2.006927e+00	1.461333e+00	8.501783e+02	2.705198e+03
1.925025e+00	1.520624e+00	2.152540e+03	2.489295e+03
1.959884e+00	1.493440e+00	9.930546e+01	2.778156e+02
2.339907e+00	1.271467e+00	8.589552e+02	1.541204e+03
1.882251e+00	1.553779e+00	1.887620e+03	1.124297e+02
1.869636e+00	1.562622e+00	2.514391e+02	1.008758e+03
1.795936e+00	1.626130e+00	7.376675e+02	1.601198e+03
1.768011e+00	1.652454e+00	4.306549e+03	4.757899e+02
2.041828e+00	1.437999e+00	4.978987e+02	2.138803e+03
2.043588e+00	1.438331e+00	8.599874e+02	5.278155e+02
1.928348e+00	1.518347e+00	3.289190e+02	4.463566e+03
2.339217e+00	1.271204e+00	2.745526e+02	3.500982e+03
1.961286e+00	1.493288e+00	1.578534e+03	1.417295e+03
2.411856e+00	1.236877e+00	3.355559e+01	8.805651e+03
2.075060e+00	1.416348e+00	3.303601e+02	1.355417e+01
1.906011e+00	1.535431e+00	3.152306e+03	1.549566e+03
2.147422e+00	1.372616e+00	6.922992e+02	4.164482e+03
2.263131e+00	1.309240e+00	5.637443e+02	5.293190e+03
2.297847e+00	1.290844e+00	4.023726e+02	1.762693e+02
1.717974e+00	1.698353e+00	2.666542e+03	6.523626e+01
2.297884e+00	1.291417e+00	1.525259e+02	4.140327e+02
1.937440e+00	1.511137e+00	3.517555e+01	1.936741e+03
2.540457e+00	1.182162e+00	1.443968e+02	4.266970e+03
1.962138e+00	1.492251e+00	1.423048e+02	1.497214e+02
2.451653e+00	1.219780e+00	3.960310e+01	2.991250e+03
2.588733e+00	1.163920e+00	1.698442e+02	5.272758e+03
2.509538e+00	1.195323e+00	9.599016e+01	3.579996e+03
2.019265e+00	1.453143e+00	2.435533e+02	3.583542e+03
2.272344e+00	1.304333e+00	9.002027e+02	2.938647e+03
2.686076e+00	1.127235e+00	1.410524e+02	8.580504e+03
1.913580e+00	1.528231e+00	3.301633e+01	1.353727e+03
1.950714e+00	1.500917e+00	4.749554e+02	1.872500e+03
2.634067e+00	1.146946e+00	1.231755e+02	6.037372e+03
1.783362e+00	1.635977e+00	3.366274e+02	1.808545e+02
1.833118e+00	1.594099e+00	1.608664e+03	5.361151e+02
1.751969e+00	1.666019e+00	2.849632e+03	4.369275e+02
1.923913e+00	1.520808e+00	7.047703e+02	6.832055e+01
2.436199e+00	1.227098e+00	2.041859e+02	1.747459e+03
2.321787e+00	1.279001e+00	1.981554e+02	9.299359e+02
1.918635e+00	1.524083e+00	4.359903e+01	6.813825e+02
2.573976e+00	1.169655e+00	6.603094e+01	6.688024e+03
1.841908e+00	1.585693e+00	8.143163e+02	6.789374e+01
2.128285e+00	1.384635e+00	1.208058e+03	1.222410e+03
2.431001e+00	1.228702e+00	2.625222e+02	7.325979e+03
2.576148e+00	1.168927e+00	4.101408e+02	8.224328e+03
2.460585e+00	1.216089e+00	5.402007e+02	3.030683e+03
2.151126e+00	1.369548e+00	1.239740e+03	9.953667e+02
2.316425e+00	1.282296e+00	3.703043e+02	4.697259e+03
2.096579e+00	1.403081e+00	1.411954e+02	7.665212e+02
2.682788e+00	1.129648e+00	9.695865e+02	3.866691e+03
1.860234e+00	1.570997e+00	9.891666e+02	7.865364e+02
1.807477e+00	1.616058e+00	2.869637e+03	1.477508e+03
2.308674e+00	1.285825e+00	1.872735e+02	1.041685e+03
2.268815e+00	1.307006e+00	9.246908e+02	3.586645e+03
1.978255e+00	1.483161e+00	3.026786e+03	2.938777e+03
1.983348e+00	1.478735e+00	1.148562e+03	3.809190e+03
2.076205e+00	1.415536e+00	1.127766e+03	5.043912e+03
2.059248e+00	1.427678e+00	8.757332e+02	2.247554e+03
2.278932e+00	1.300903e+00	2.215534e+02	6.636194e+02
2.643667e+00	1.142432e+00	1.581575e+02	6.992297e+03
2.235761e+00	1.324329e+00	1.050155e+03	4.556392e+03
2.359063e+00	1.261820e+00	9.747334e+02	2.056480e+03
2.186610e+00	1.349710e+00	2.298849e+01	4.163117e+03
1.947866e+00	1.502559e+00	3.197227e+02	7.010918e+02
2.614054e+00	1.154553e+00	1.270617e+03	5.793677e+03
1.818374e+00	1.605689e+00	3.456447e+02	2.107367e+02
2.072776e+00	1.417997e+00	3.937061e+02	3.319455e+03
2.040679e+00	1.440175e+00	2.571080e+03	6.340238e+02
2.579323e+00	1.167639e+00	3.130634e+02	4.140462e+03
2.204580e+00	1.340717e+00	8.686425e+02	3.335542e+03
2.582768e+00	1.166399e+00	4.215539e+02	4.748319e+03
1.950817e+00	1.501538e+00	1.516742e+03	1.932820e+03
2.256055e+00	1.312587e+00	5.091927e+01	2.625373e+03
2.191325e+00	1.347295e+00	5.512305e+00	6.467582e+02
2.405552e+00	1.240039e+00	5.890579e+01	6.905049e+03
2.543651e+00	1.180912e+00	1.493502e+02	2.181592e+03
2.646031e+00	1.142152e+00	2.895823e+02	4.009178e+03
1.888803e+00	1.548050e+00	8.776426e+02	3.237380e+03
2.139309e+00	1.377156e+00	3.696066e+02	5.457759e+02
1.973376e+00	1.484597e+00	1.005985e+03	2.254482e+03
2.349733e+00	1.265157e+00	4.261933e+01	9.426463e+02
2.665363e+00	1.135596e+00	3.774316e+02	3.202246e+03
2.363294e+00	1.259454e+00	2.422502e+00	5.718972e+02
2.408113e+00	1.239582e+00	6.425198e+02	8.982197e+02
1.929201e+00	1.516403e+00	1.798479e+02	3.044866e+02
1.821873e+00	1.603949e+00	3.050368e+03	2.036548e+03
2.360682e+00	1.261454e+00	2.966531e+02	2.735959e+03
2.610174e+00	1.154723e+00	2.208189e+02	5.322749e+03
2.241993e+00	1.319911e+00	6.893147e+02	3.850812e+03
2.071335e+00	1.419270e+00	3.300297e+02	2.647520e+03
2.319731e+00	1.280764e+00	9.284215e+01	6.240973e+03
2.430439e+00	1.228883e+00	3.911770e+02	3.487633e+03
2.072237e+00	1.418827e+00	9.846207e+02	1.883021e+03
2.655366e+00	1.139270e+00	4.642120e+02	3.187413e+03
2.485729e+00	1.205129e+00	2.826280e+02	6.924074e+03
2.630893e+00	1.147944e+00	1.726534e+02	8.317107e+03
2.560799e+00	1.175106e+00	1.779070e+02	9.151903e+03
1.922740e+00	1.520685e+00	1.417711e+03	8.534205e+01
1.779973e+00	1.640272e+00	7.221972e+02	4.465232e+01
2.108423e+00	1.396040e+00	7.533334e+02	3.803550e+02
1.951198e+00	1.500149e+00	2.536967e+02	9.658739e+02
1.946812e+00	1.504127e+00	8.433423e+02	2.519605e+03
2.580049e+00	1.167184e+00	6.070275e+01	9.097487e+03
2.635426e+00	1.146311e+00	1.013684e+02	3.294855e+03
2.324692e+00	1.278245e+00	8.401527e+02	1.981407e+03
2.456643e+00	1.217173e+00	1.778276e+02	8.754319e+03
2.088365e+00	1.408797e+00	1.911467e+03	1.387767e+03
2.572780e+00	1.170146e+00	4.123668e+02	4.667008e+03
2.081665e+00	1.412884e+00	2.087620e+03	1.970639e+03
1.948049e+00	1.503112e+00	2.311386e+02	4.586239e+03
1.929425e+00	1.516810e+00	7.289752e+01	6.405706e+02
2.279696e+00	1.300667e+00	1.442379e+02	7.849282e+03
1.734917e+00	1.683078e+00	9.717357e+02	2.120578e+03
2.326805e+00	1.276222e+00	2.800806e+02	3.465915e+03
2.576021e+00	1.168635e+00	8.462862e-01	8.210699e+03
2.411393e+00	1.237841e+00	3.702321e+02	2.201239e+03
2.121081e+00	1.388250e+00	5.997384e+02	1.714539e+03
2.001769e+00	1.464754e+00	1.367827e+02	1.475100e+03
1.783866e+00	1.636560e+00	2.376558e+03	1.707314e+01
2.187179e+00	1.350645e+00	3.105986e+02	4.595979e+03
1.930882e+00	1.514865e+00	1.440684e+03	5.008191e+02
2.013623e+00	1.457220e+00	8.199880e+01	4.397041e+03
2.144282e+00	1.374408e+00	7.426706e+02	2.630040e+03
2.384539e+00	1.249235e+00	2.258666e+01	8.227072e+02
2.410304e+00	1.238128e+00	3.361671e+01	3.902539e+03
1.896511e+00	1.542196e+00	1.322703e+03	1.513482e+03
2.149312e+00	1.371828e+00	7.643391e+02	2.422476e+03
2.176170e+00	1.356889e+00	3.248025e+02	4.203413e+03
1.777306e+00	1.641745e+00	5.866169e+02	1.678626e+00
1.953921e+00	1.498745e+00	1.069156e+03	1.720892e+03
1.806733e+00	1.616060e+00	8.540405e+02	4.213004e+03
1.853122e+00	1.577029e+00	1.848127e+03	9.816046e+02
1.714829e+00	1.703504e+00	2.731449e+03	8.817543e+02
1.741834e+00	1.676718e+00	2.638985e+03	1.437262e+03
2.028205e+00	1.447001e+00	9.696074e+02	3.920285e+01
1.990289e+00	1.473887e+00	1.851242e+03	4.679392e+02
2.240923e+00	1.321314e+00	1.124257e+02	3.853515e+03
2.329192e+00	1.275749e+00	3.300624e+01	1.335974e+03
2.119882e+00	1.389206e+00	7.619830e+02	3.728180e+03
2.557567e+00	1.176339e+00	9.896211e+02	6.867190e+03
1.911792e+00	1.530139e+00	2.536015e+02	6.182633e+02
2.052365e+00	1.431319e+00	1.458481e+03	9.089503e+03
1.872252e+00	1.561723e+00	3.380524e+03	2.429202e+02
1.766870e+00	1.651240e+00	1.607970e+02	8.377141e+02
2.445743e+00	1.222330e+00	4.563630e+01	2.192956e+03
2.410092e+00	1.237555e+00	2.116675e+02	4.192822e+03
1.928562e+00	1.517858e+00	1.893200e+03	1.662185e+03
2.143050e+00	1.375507e+00	1.049918e+02	1.898164e+03
1.991585e+00	1.472666e+00	2.159357e+03	5.849217e+02
2.367096e+00	1.257407e+00	3.234697e+02	3.132329e+03
2.115570e+00	1.391104e+00	3.473406e+02	5.729891e+03
1.870789e+00	1.561539e+00	1.817781e+02	3.869547e+02
1.928817e+00	1.517779e+00	2.037805e+03	2.548078e+03
2.479152e+00	1.207461e+00	4.905309e+02	7.632689e+03
1.983609e+00	1.478870e+00	3.040041e+03	4.770872e+03
1.895133e+00	1.543616e+00	2.216079e+03	2.446553e+03
1.923233e+00	1.521896e+00	4.294994e+02	7.205483e+02
1.933258e+00	1.513616e+00	1.472675e+03	4.819945e+02
2.556723e+00	1.176590e+00	2.880266e+02	5.231912e+03
1.956482e+00	1.496676e+00	1.432780e+03	7.054148e+02
2.178850e+00	1.355197e+00	7.897558e+02	3.025836e+03
2.413646e+00	1.235899e+00	1.299760e+02	4.074836e+03
2.266838e+00	1.306803e+00	4.945635e+02	2.249839e+03
2.211978e+00	1.336663e+00	5.881219e+02	1.221008e+03
2.499839e+00	1.199361e+00	6.316392e+02	2.145997e+03
2.074361e+00	1.416807e+00	8.854603e+02	1.622715e+03
1.765252e+00	1.652961e+00	2.296736e+02	1.742287e+01
1.838263e+00	1.589145e+00	1.052553e+02	1.289186e+03
1.785725e+00	1.634471e+00	4.443838e+02	1.944386e+02
2.551617e+00	1.178574e+00	7.467019e+01	6.413863e+03
2.493960e+00	1.201175e+00	4.448081e+02	8.536339e+03
2.637569e+00	1.145819e+00	1.725570e+02	7.886960e+03
1.860103e+00	1.570720e+00	3.120642e+02	3.218783e+03
2.256765e+00	1.312237e+00	4.691135e+02	4.473247e+03
2.313569e+00	1.283852e+00	4.627185e+02	3.913948e+03
2.271264e+00	1.304936e+00	3.118404e+02	5.455057e+02
2.600814e+00	1.159459e+00	4.209285e+02	4.501560e+03
2.496179e+00	1.200634e+00	3.273963e+02	4.063057e+03
1.752464e+00	1.664964e+00	3.266178e+01	4.429191e+02
1.914377e+00	1.528399e+00	5.017818e+02	6.488310e+02
2.277487e+00	1.301051e+00	4.554493e+01	4.254724e+03
1.751552e+00	1.666021e+00	2.163329e+03	5.216538e+02
1.941586e+00	1.507980e+00	3.504141e+02	3.845327e+03
1.929319e+00	1.518226e+00	2.133965e+03	3.013747e+03
2.439361e+00	1.225864e+00	3.484518e+02	1.861973e+03
2.464817e+00	1.214189e+00	2.344281e+02	1.797318e+03
1.817447e+00	1.606678e+00	1.852336e+03	1.339803e+01
2.672383e+00	1.133138e+00	2.103210e+02	9.805249e+03
2.404290e+00	1.241082e+00	3.105757e+02	2.913378e+03
2.509895e+00	1.195279e+00	3.225043e+02	8.556452e+03
2.461501e+00	1.215862e+00	1.236987e+02	3.066379e+03
2.382402e+00	1.250341e+00	4.629727e+02	3.705899e+03
2.210750e+00	1.336033e+00	4.846441e+02	5.238651e+02
2.431471e+00	1.228633e+00	4.390404e+02	6.599792e+03
1.904991e+00	1.536305e+00	3.566371e+03	1.926868e+03
2.495074e+00	1.201733e+00	7.589374e+02	6.073197e+03
2.245636e+00	1.319009e+00	1.114610e+03	4.525578e+03
1.945939e+00	1.504823e+00	1.283738e+02	6.977881e+02
2.529254e+00	1.187300e+00	3.958215e+02	1.855432e+03
2.151170e+00	1.370720e+00	2.935775e+01	6.094198e+03
2.509505e+00	1.195431e+00	3.648443e+01	2.750490e+03
2.405526e+00	1.239638e+00	2.499725e+02	4.275235e+03
1.855873e+00	1.574825e+00	2.852976e+02	2.071381e+03
2.136900e+00	1.379870e+00	3.134966e+02	6.444690e+03
1.948128e+00	1.503395e+00	1.297478e+03	7.882818e+02
1.882866e+00	1.553573e+00	1.512706e+02	1.853870e+03
2.103382e+00	1.399162e+00	5.476334e+02	6.129693e+03
2.366374e+00	1.258443e+00	3.116293e+02	2.785472e+03
2.617762e+00	1.153183e+00	1.360137e+03	6.953596e+03
2.567684e+00	1.171838e+00	6.078260e+00	2.640821e+03
2.198980e+00	1.343919e+00	4.770535e+02	1.174061e+03
2.515723e+00	1.192340e+00	5.978910e+02	6.033324e+02
2.429437e+00	1.229026e+00	8.107834e+02	1.110518e+03
1.872337e+00	1.561564e+00	3.481983e+03	1.078723e+03
2.302499e+00	1.289565e+00	3.005622e+02	5.065427e+03
2.295600e+00	1.292242e+00	2.476660e+02	1.560355e+02
2.053839e+00	1.430207e+00	4.471557e+02	2.345046e+03
2.313093e+00	1.283664e+00	2.112805e+02	6.181447e+02
2.487085e+00	1.204257e+00	2.754571e+02	2.076040e+03
1.893657e+00	1.544201e+00	8.431043e+01	4.773491e+02
2.431705e+00	1.228623e+00	2.129991e+01	8.410342e+02
2.571419e+00	1.170243e+00	3.656958e+01	1.217536e+03
2.648689e+00	1.141614e+00	3.750071e+02	5.019612e+03
1.730779e+00	1.686902e+00	2.494349e+03	1.065844e+03
2.598307e+00	1.160481e+00	1.880540e+02	6.469768e+03
1.868243e+00	1.564520e+00	1.939265e+03	3.052803e+03
2.408821e+00	1.238864e+00	1.132831e+03	1.180875e+03
2.548181e+00	1.179862e+00	6.214407e+02	6.221808e+02
2.011961e+00	1.458032e+00	2.423426e+03	1.521227e+03
2.528219e+00	1.187994e+00	4.589273e+02	3.325277e+03
2.012631e+00	1.458262e+00	1.801725e+03	1.994229e+02
1.861445e+00	1.570857e+00	1.726730e+03	2.343075e+03
2.330197e+00	1.276237e+00	2.655972e+02	1.130632e+03
2.574694e+00	1.169454e+00	5.266734e+02	3.081914e+03
2.752240e+00	1.104802e+00	1.580260e+01	8.589195e+03
1.994116e+00	1.471066e+00	2.842901e+02	5.278438e+03
2.078563e+00	1.415128e+00	6.783199e+02	3.123527e+03
2.459463e+00	1.216327e+00	3.493997e+02	8.260497e+03
2.504722e+00	1.197263e+00	1.110568e+02	7.149386e+02
2.113238e+00	1.393589e+00	2.270764e+03	3.484711e+02
1.901394e+00	1.538041e+00	5.891014e+02	4.128247e+02
2.228802e+00	1.327611e+00	4.965578e+02	3.551154e+03
2.136010e+00	1.379681e+00	1.472998e+01	3.415585e+03
2.587388e+00	1.164526e+00	1.658999e+02	8.690934e+03
1.793108e+00	1.628909e+00	1.340938e+03	3.765748e+03
1.876025e+00	1.557624e+00	1.505590e+02	1.344327e+03
1.857811e+00	1.573395e+00	1.075179e+03	2.325837e+03
2.091434e+00	1.405685e+00	4.985582e+02	1.215778e+03
2.294527e+00	1.294235e+00	6.848114e+02	2.682746e+03
2.482901e+00	1.205775e+00	2.031269e+02	4.354322e+03
1.867900e+00	1.563614e+00	1.140922e+02	3.645130e+02
1.777334e+00	1.642984e+00	2.180513e+03	1.365758e+03
2.014573e+00	1.456141e+00	9.725236e+02	1.513694e+03
2.116568e+00	1.390995e+00	6.527311e+02	2.904681e+03
2.612616e+00	1.154758e+00	7.574134e+02	6.254256e+03
2.031387e+00	1.444892e+00	6.799932e+02	9.137863e+01
2.675721e+00	1.131079e+00	1.003463e+02	8.828221e+03
1.734123e+00	1.682878e+00	2.149541e+02	1.320844e+02
2.273402e+00	1.304264e+00	8.460240e+02	1.448310e+03
2.366336e+00	1.257912e+00	1.060911e+02	3.189044e+03
2.215662e+00	1.334309e+00	8.424620e+02	2.155814e+03
1.737073e+00	1.679478e+00	1.387398e+02	2.757204e+02
2.530304e+00	1.186405e+00	9.129473e+01	2.891538e+03
2.499706e+00	1.199030e+00	9.007646e+01	4.052905e+03
1.757226e+00	1.661989e+00	2.576268e+03	1.575638e+03
2.095961e+00	1.404174e+00	1.717342e+03	4.152898e+02
2.042298e+00	1.438315e+00	8.992025e+02	8.965278e+03
2.260753e+00	1.310058e+00	1.677880e+01	9.114017e+02
2.703799e+00	1.122670e+00	7.600683e+02	2.547318e+02
2.594235e+00	1.161791e+00	1.824427e+02	6.842216e+03
2.014904e+00	1.457136e+00	3.032321e+03	1.642580e+03
2.476527e+00	1.208889e+00	3.154065e+02	4.559139e+03
1.820606e+00	1.603029e+00	5.005104e+02	2.085431e+02
2.068731e+00	1.421263e+00	1.422402e+03	3.574738e+03
2.366699e+00	1.259218e+00	7.922964e+02	2.938575e+03
2.554115e+00	1.177815e+00	3.126737e+02	7.654262e+03
3.073796e+00	1.009153e+00	4.305370e+01	4.911035e+03
2.146538e+00	1.373568e+00	1.503847e+03	1.947625e+03
2.086147e+00	1.410281e+00	1.918433e+03	3.071477e+03
2.521909e+00	1.190294e+00	1.291224e+03	8.844320e+03
2.013623e+00	1.457220e+00	8.199880e+01	4.397041e+03
2.357474e+00	1.262199e+00	5.124490e+01	5.286352e+02
2.411054e+00	1.237139e+00	2.139599e+01	9.194397e+03
2.127124e+00	1.385176e+00	2.448421e+03	5.540569e+02
1.722543e+00	1.694063e+00	6.402612e+02	3.728398e+02
2.575147e+00	1.169087e+00	9.362014e+01	7.939496e+03
2.040830e+00	1.438391e+00	6.273932e+02	2.259029e+02
2.632461e+00	1.146709e+00	1.956547e+02	6.591472e+03
2.331692e+00	1.274309e+00	1.220162e+02	2.596775e+03
2.534030e+00	1.184914e+00	9.959769e+01	2.451290e+01
2.565344e+00	1.174204e+00	1.202397e+03	4.321099e+03
2.458871e+00	1.216700e+00	8.926608e+01	1.105192e+02
1.805209e+00	1.616735e+00	3.052259e+02	1.303042e+02
1.963886e+00	1.490941e+00	1.752156e+02	5.154047e+02
1.813010e+00	1.610029e+00	4.272475e+02	2.033901e+02
2.644093e+00	1.143177e+00	2.180743e+02	5.717340e+03
2.446848e+00	1.222060e+00	7.379342e+01	2.267594e+03
2.287020e+00	1.297137e+00	4.532096e+02	3.732538e+03
2.468861e+00	1.212488e+00	5.611193e+02	6.973607e+03
1.858365e+00	1.572880e+00	1.770651e+03	5.918016e+02
2.500894e+00	1.199214e+00	5.183360e+02	9.139365e+03
2.227822e+00	1.328017e+00	1.131070e+03	1.657375e+02
2.152203e+00	1.370716e+00	3.840326e+03	1.168198e+03
2.146943e+00	1.372604e+00	2.853315e+02	1.676247e+02
2.257198e+00	1.311549e+00	2.413980e+02	3.465452e+03
1.787399e+00	1.633605e+00	2.502494e+03	7.131563e+02
2.174678e+00	1.357416e+00	1.235888e+03	9.955107e+02
2.644971e+00	1.142670e+00	2.015721e+02	4.294888e+03
1.890290e+00	1.548283e+00	6.569146e+02	3.680155e+03
2.514049e+00	1.193528e+00	1.048890e+03	3.330510e+03
1.770235e+00	1.649061e+00	1.581201e+03	1.631732e+03
1.892669e+00	1.545944e+00	2.378507e+02	1.838612e+03
2.515024e+00	1.193195e+00	2.390378e+02	6.210477e+03
2.508342e+00	1.195968e+00	3.605150e+02	3.150220e+03
2.211649e+00	1.337521e+00	5.161376e+02	5.202414e+03
2.433075e+00	1.228111e+00	3.963558e+01	4.679932e+03
2.137126e+00	1.378561e+00	3.012604e+02	4.245022e+03
2.286197e+00	1.296813e+00	6.844153e+02	2.312402e+03
1.879075e+00	1.555440e+00	2.024695e+02	6.465255e+02
1.870580e+00	1.561645e+00	6.482616e+02	1.442428e+03
1.956381e+00	1.496948e+00	3.503021e+02	3.341118e+03
2.179132e+00	1.355477e+00	1.316304e+03	7.392254e+02
2.512220e+00	1.195622e+00	2.609647e+03	4.019515e+03
2.261372e+00	1.310507e+00	1.807602e+02	6.725235e+03
2.400969e+00	1.241898e+00	3.531560e+02	4.908393e+03
2.178335e+00	1.354741e+00	3.960605e+02	1.152824e+03
2.205588e+00	1.340164e+00	2.832263e+02	3.480689e+03
1.893134e+00	1.543643e+00	3.946156e+02	1.758462e+02
2.530685e+00	1.186819e+00	2.228228e+02	5.584806e+03
2.046748e+00	1.435514e+00	7.124389e+02	3.823842e+03
2.456013e+00	1.217624e+00	2.261757e+01	1.933657e+03
1.711064e+00	1.705479e+00	4.619565e+02	4.608129e+02
2.245088e+00	1.319308e+00	1.075034e+03	4.646309e+03
2.462603e+00	1.214838e+00	4.473338e+02	4.019179e+03
2.438561e+00	1.224828e+00	1.155584e+01	1.252013e+03
2.067453e+00	1.421798e+00	7.610659e+01	2.687451e+03
2.019224e+00	1.452867e+00	3.690467e+02	2.949617e+03
1.901069e+00	1.538630e+00	1.171756e+03	5.113555e+02
2.168608e+00	1.360564e+00	1.063724e+02	4.042149e+03
1.800214e+00	1.623580e+00	3.207073e+03	7.077319e+03
2.551790e+00	1.177874e+00	5.869768e+02	1.653168e+03
2.423607e+00	1.231673e+00	1.524431e+02	2.348411e+03
2.676525e+00	1.130919e+00	2.029020e+01	2.280597e+03
2.547299e+00	1.180440e+00	3.973245e+02	9.502933e+03
2.575484e+00	1.169273e+00	7.028327e+02	5.592796e+02
2.545021e+00	1.180424e+00	1.535637e+02	4.962964e+03
2.555497e+00	1.178161e+00	1.011282e+03	3.825264e+03
1.948794e+00	1.502933e+00	4.356326e+01	6.878841e+03
2.554115e+00	1.177815e+00	3.126737e+02	7.654262e+03
2.585260e+00	1.165580e+00	3.772101e+02	4.580291e+03
2.070932e+00	1.420306e+00	2.735141e+02	1.350293e+03
1.739784e+00	1.678059e+00	2.821514e+03	3.771990e+01
1.914573e+00	1.528019e+00	2.294804e+02	7.972330e+02
2.216327e+00	1.333520e+00	1.011636e+02	1.689471e+03
1.987934e+00	1.474299e+00	1.798193e+02	1.198111e+03
2.099929e+00	1.401308e+00	1.000112e+02	7.054763e+02
2.414474e+00	1.236305e+00	3.931322e+01	3.470306e+03
2.201058e+00	1.342278e+00	3.556875e+01	1.421666e+03
2.124665e+00	1.386622e+00	1.138021e+03	1.906258e+03
2.564515e+00	1.173377e+00	4.441280e+02	5.791557e+03
2.229493e+00	1.326919e+00	2.230678e+01	1.413373e+03
2.224040e+00	1.329838e+00	1.668861e+03	1.808602e+03
2.457866e+00	1.217807e+00	5.232033e+02	1.966412e+03
1.870587e+00	1.562870e+00	3.132150e+03	7.065502e+02
2.429097e+00	1.229083e+00	2.985657e+01	9.660899e+02
2.103191e+00	1.399289e+00	1.489152e+03	2.451479e+03
1.906064e+00	1.535613e+00	2.795265e+03	3.420963e+02
1.804857e+00	1.617708e+00	5.443502e+00	3.191888e+03
2.020852e+00	1.451620e+00	8.793237e+01	6.177528e+02
2.375591e+00	1.253979e+00	1.001816e+02	1.243900e+03
1.936831e+00	1.511671e+00	2.107205e+03	4.998100e+03
2.639466e+00	1.143947e+00	2.238956e+02	8.924835e+03
1.821472e+00	1.603350e+00	1.309609e+02	2.936127e+03
2.661579e+00	1.136801e+00	1.831618e+01	6.906884e+03
2.240611e+00	1.320552e+00	1.097655e+02	9.359153e+02
1.897230e+00	1.540869e+00	2.756662e+03	7.013201e+03
1.834617e+00	1.592080e+00	1.180850e+03	1.311614e+03
2.086728e+00	1.409774e+00	6.961055e+02	2.479472e+03
1.871469e+00	1.561836e+00	3.372470e+00	9.498122e+02
2.448648e+00	1.222318e+00	9.895651e+02	9.325328e+03
2.721111e+00	1.115210e+00	3.687873e+02	1.112698e+03
1.944327e+00	1.506970e+00	3.377171e+02	4.297750e+03
2.472156e+00	1.210481e+00	7.253424e+01	5.299776e+03
2.447202e+00	1.221667e+00	2.601259e+02	1.897962e+03
2.336642e+00	1.271742e+00	1.613671e+02	2.725057e+02
2.281818e+00	1.299417e+00	1.445618e+02	6.674217e+02
1.933236e+00	1.513968e+00	1.611936e+03	2.372688e+02
2.593908e+00	1.161939e+00	1.095056e+03	5.882441e+03
1.720316e+00	1.696711e+00	5.261273e+02	2.077998e+02
1.874709e+00	1.559586e+00	5.935478e+01	1.769598e+03
1.992544e+00	1.471402e+00	9.087620e+01	9.659141e+02
2.188469e+00	1.349336e+00	5.341077e+02	4.087871e+03
2.636165e+00	1.146117e+00	6.550169e+01	6.718329e+03
1.889224e+00	1.547824e+00	5.626377e+02	3.975206e+02
1.812382e+00	1.611422e+00	4.116914e+02	5.292811e+02
2.227625e+00	1.327534e+00	2.203169e+02	7.270758e+03
2.128724e+00	1.383920e+00	7.650853e+02	3.154398e+03
2.578423e+00	1.167545e+00	1.411754e+01	4.395709e+02
1.877751e+00	1.558425e+00	3.902991e+03	4.194670e+02
1.942623e+00	1.507065e+00	7.632114e+02	3.312844e+03
2.253758e+00	1.313931e+00	4.836202e+02	2.228036e+03
2.320838e+00	1.279406e+00	1.367189e+01	1.507833e+03
1.929327e+00	1.517141e+00	9.934844e+02	2.087336e+02
1.970986e+00	1.486122e+00	2.515422e+03	5.917623e+02
2.672460e+00	1.131957e+00	1.271034e+02	7.306848e+03
2.216000e+00	1.334592e+00	1.804056e+02	6.749743e+03
1.961947e+00	1.494664e+00	1.464319e+03	2.694978e+03
1.738628e+00	1.678205e+00	7.591435e+02	4.117063e+02
2.493714e+00	1.202428e+00	1.840862e+02	8.372711e+03
1.866622e+00	1.564855e+00	2.902247e+02	9.624603e+02
1.831715e+00	1.594920e+00	9.081708e+02	1.690360e+03
2.879700e+00	1.064282e+00	3.148698e+02	3.151117e+03
2.746034e+00	1.107860e+00	6.557363e+02	7.566118e+03
2.333413e+00	1.274032e+00	4.948529e+02	9.205088e+03
1.884728e+00	1.552017e+00	1.124747e+03	4.114519e+03
2.038877e+00	1.440828e+00	2.872499e+03	5.222132e+02
1.744032e+00	1.672036e+00	4.176783e+02	4.800864e+02
2.609492e+00	1.156057e+00	3.256727e+02	5.923023e+03
1.950820e+00	1.500951e+00	3.013300e+02	1.452304e+02
2.669645e+00	1.134778e+00	6.885334e+02	5.671410e+03
2.611488e+00	1.155481e+00	8.464915e+01	4.904882e+03
1.927966e+00	1.518239e+00	1.445344e+03	3.852822e+03
2.088456e+00	1.408721e+00	6.658200e+02	3.954830e+03
2.333967e+00	1.273674e+00	1.345250e+03	4.176573e+03
2.639002e+00	1.144313e+00	1.311075e+02	6.346260e+03
2.539454e+00	1.182978e+00	1.708736e+02	6.664159e+02
1.724812e+00	1.691108e+00	4.195087e+01	1.251172e+03
1.781573e+00	1.638752e+00	1.622156e+03	1.908872e+03
2.149865e+00	1.372417e+00	5.224742e+02	5.161699e+03
2.470418e+00	1.211242e+00	2.091306e+02	2.021608e+02
2.417671e+00	1.235128e+00	1.396006e+03	1.006171e+03
2.625583e+00	1.149978e+00	8.497221e+01	8.247886e+03
1.791272e+00	1.631487e+00	3.439646e+03	5.584243e+02
1.974068e+00	1.484594e+00	4.866568e+02	2.346327e+03
2.342258e+00	1.269452e+00	5.188341e+02	3.276152e+03
2.893412e+00	1.060264e+00	5.774980e+02	2.667247e+03
1.713179e+00	1.704431e+00	2.291507e+03	1.955146e+03
1.796697e+00	1.624343e+00	3.635433e+02	4.502181e+02
2.570406e+00	1.170901e+00	3.087049e+02	4.501793e+03
2.711235e+00	1.118895e+00	5.868076e+02	6.955437e+03
2.425887e+00	1.232532e+00	1.713351e+03	1.955764e+03
2.081931e+00	1.412788e+00	5.006975e+01	1.862087e+03
2.346020e+00	1.267431e+00	9.936958e+01	1.483272e+03
1.769468e+00	1.649990e+00	3.586243e+03	7.194762e+02
2.067105e+00	1.421340e+00	4.053980e+02	3.317945e+02
2.592718e+00	1.162112e+00	3.751076e+02	4.293150e+03
2.299115e+00	1.290781e+00	2.793622e+02	6.656691e+03
2.445234e+00	1.222280e+00	2.488532e+02	3.294671e+02
1.729940e+00	1.686241e+00	3.192716e+03	9.932095e+02
2.024947e+00	1.449101e+00	4.299756e+02	1.928342e+03
2.621871e+00	1.151432e+00	1.458723e+02	8.980731e+03
1.982015e+00	1.478732e+00	6.230012e+02	2.084005e+02
2.046492e+00	1.435549e+00	2.341413e+03	5.676956e+03
1.978650e+00	1.481127e+00	6.378474e+01	1.801479e+03
2.721384e+00	1.116315e+00	1.224873e+03	9.782033e+03
2.461177e+00	1.214680e+00	2.035275e+02	7.857622e+03
2.474884e+00	1.210459e+00	3.600203e+02	9.118708e+03
1.787214e+00	1.632253e+00	1.434484e+02	1.507808e+03
1.963016e+00	1.494050e+00	5.767881e+02	3.684073e+03
1.916284e+00	1.526919e+00	1.632591e+03	1.179121e+03
2.131526e+00	1.382774e+00	7.638624e+02	3.358419e+03
2.124008e+00	1.387039e+00	1.308678e+03	1.204404e+03
2.478206e+00	1.209311e+00	1.739516e+02	7.157015e+03
2.589178e+00	1.163827e+00	1.729256e+03	6.845800e+03
2.437364e+00	1.225332e+00	2.225815e+02	4.694282e+03
2.133045e+00	1.382144e+00	1.002105e+03	1.115111e+02
2.604707e+00	1.157742e+00	2.832659e+02	4.939359e+03
1.979624e+00	1.480085e+00	3.803512e+02	2.895332e+02
2.027072e+00	1.449027e+00	7.437380e+02	6.098815e+03
1.989184e+00	1.473951e+00	6.452646e+01	4.087935e+03
2.497059e+00	1.200201e+00	5.199718e+01	8.355289e+03
2.627539e+00	1.149432e+00	1.729864e+03	5.623346e+03
1.906064e+00	1.534604e+00	4.781006e+02	2.494917e+02
2.162152e+00	1.363588e+00	1.606434e+02	2.229881e+03
2.088246e+00	1.409085e+00	1.904470e+03	3.586705e+02
1.922431e+00	1.522483e+00	2.414013e+03	2.150468e+03
2.381971e+00	1.252048e+00	1.060439e+03	1.990819e+03
2.596703e+00	1.161147e+00	6.428107e+02	3.207003e+03
2.497148e+00	1.199931e+00	6.722835e+01	9.365940e+02
1.986727e+00	1.474932e+00	2.099851e+02	1.856192e+03
2.073010e+00	1.417593e+00	4.343167e+02	1.815563e+02
2.438085e+00	1.225370e+00	5.311538e+02	1.778245e+03
2.585035e+00	1.165438e+00	2.442891e+02	8.761073e+03
1.760932e+00	1.657458e+00	3.074864e+03	1.350911e+03
1.774626e+00	1.644789e+00	1.064679e+03	1.368713e+03
2.190605e+00	1.348669e+00	2.253645e+03	6.106654e+03
1.836995e+00	1.589067e+00	2.550231e+01	4.602663e+02
2.685948e+00	1.127910e+00	1.600333e+01	8.054470e+03
2.592718e+00	1.162112e+00	3.751076e+02	4.293150e+03
2.198714e+00	1.343323e+00	1.221344e+02	7.835898e+02
2.167837e+00	1.360963e+00	2.103167e+02	1.270828e+02
2.093552e+00	1.405766e+00	2.329040e+02	6.898455e+03
1.966878e+00	1.489944e+00	5.843327e+01	6.952700e+03
2.607250e+00	1.156954e+00	5.719597e+01	4.372571e+03
2.049979e+00	1.432690e+00	4.898377e+02	1.971979e+03
1.977512e+00	1.481434e+00	3.264980e+02	3.251282e+03
2.366156e+00	1.257916e+00	1.745341e+01	1.124398e+03
2.542972e+00	1.182128e+00	6.164218e+02	3.999829e+03
1.830957e+00	1.594468e+00	6.661984e+02	6.433821e+02
2.387853e+00	1.248686e+00	8.017569e+02	3.427797e+03
2.284975e+00	1.297671e+00	1.491837e+02	1.489043e+03
2.245984e+00	1.318494e+00	3.939576e+02	5.480002e+03
2.216731e+00	1.334724e+00	3.402996e+03	3.639276e+03
1.983254e+00	1.477549e+00	7.139896e+02	3.125558e+02
1.925717e+00	1.519795e+00	1.346501e+03	3.711430e+03
1.966623e+00	1.489385e+00	6.295357e+01	1.453657e+03
1.922616e+00	1.521656e+00	1.702667e+03	1.597702e+03
2.602199e+00	1.157899e+00	3.906803e+02	6.104142e+03
2.242659e+00	1.319445e+00	9.260576e+01	9.554300e+02
2.150658e+00	1.370474e+00	8.448222e+00	4.640455e+02
2.311915e+00	1.284224e+00	4.245335e+02	3.496754e+03
2.065404e+00	1.422685e+00	9.344479e+02	4.083681e+03
2.444957e+00	1.222683e+00	9.917746e+01	3.207347e+03
1.967097e+00	1.489003e+00	1.122783e+03	2.409957e+03
2.116561e+00	1.391135e+00	6.712190e+02	1.402154e+03
2.700438e+00	1.123923e+00	5.431854e+02	7.090211e+03
2.002308e+00	1.465625e+00	1.566033e+01	7.284491e+03
1.879211e+00	1.555069e+00	1.250046e+03	6.137126e+02
1.935022e+00	1.512629e+00	1.610254e+03	2.516545e+02
1.839705e+00	1.588216e+00	5.465784e+02	8.900865e+01
2.135270e+00	1.381049e+00	7.614886e+02	5.100729e+03
2.004686e+00	1.462594e+00	2.732733e+02	8.016452e+02
2.235512e+00	1.323901e+00	2.814322e+02	3.374316e+03
1.975277e+00	1.483147e+00	5.682530e+02	7.331266e+02
2.628764e+00	1.148405e+00	3.405226e+02	6.469626e+02
2.204334e+00	1.340103e+00	1.810820e+02	1.373204e+03
2.492071e+00	1.202108e+00	1.289600e+02	4.830461e+03
2.109615e+00	1.394707e+00	2.192559e+02	4.351729e+03
2.614883e+00	1.154239e+00	6.617785e+02	3.764867e+03
2.160518e+00	1.364883e+00	4.036056e+02	7.813138e+02
2.447051e+00	1.221255e+00	3.437386e+01	4.279037e+02
1.829671e+00	1.597199e+00	7.451270e+02	3.046645e+03
2.357775e+00	1.262292e+00	3.057015e+02	3.763374e+03
2.497631e+00	1.199732e+00	7.941947e+02	2.044403e+03
2.515118e+00	1.193134e+00	5.923366e+02	2.434482e+03
1.887798e+00	1.549862e+00	3.366523e+03	9.341578e+02
2.414730e+00	1.236067e+00	3.705613e+02	2.818729e+03
1.903136e+00	1.536757e+00	2.092118e+02	7.365772e+02
2.600145e+00	1.159544e+00	4.382442e+02	4.479694e+03
1.870380e+00	1.561985e+00	1.618503e+03	2.404186e+02
1.987661e+00	1.474685e+00	4.223885e+02	5.071279e+03
2.267468e+00	1.307997e+00	4.724495e+02	1.986213e+02
1.754209e+00	1.665069e+00	2.359481e+03	1.961830e+03
2.252418e+00	1.314485e+00	3.462866e+02	2.889950e+03
2.196888e+00	1.344825e+00	6.915128e+02	4.106781e+03
2.599425e+00	1.159968e+00	1.111470e+02	6.340597e+03
1.756940e+00	1.662791e+00	4.102454e+03	8.504796e+02
2.235158e+00	1.323966e+00	5.424779e+02	2.627080e+03
1.855705e+00	1.574690e+00	1.122859e+03	4.449571e+02
2.611079e+00	1.155119e+00	1.323402e+01	2.522272e+03
2.350820e+00	1.266261e+00	4.305750e+01	7.807058e+03
2.048796e+00	1.434097e+00	1.417801e+03	1.422243e+03
2.174284e+00	1.358532e+00	2.176940e+03	1.219178e+03
2.271886e+00	1.304308e+00	7.394698e+01	1.223085e+03
1.923824e+00	1.520738e+00	2.462824e+02	9.719718e+02
2.090362e+00	1.406531e+00	3.044523e+02	1.176213e+03
1.966006e+00	1.491073e+00	3.333259e+02	4.815059e+03
2.408837e+00	1.238467e+00	2.882391e+02	2.253106e+02
1.759174e+00	1.659426e+00	1.439188e+03	2.103540e+03
1.712718e+00	1.704054e+00	2.103825e+03	2.578857e+03
1.848337e+00	1.580650e+00	1.942010e+03	6.253837e+03
1.742357e+00	1.674902e+00	2.153776e+02	5.712833e+02
1.985971e+00	1.475902e+00	2.066871e+02	9.510954e+02
1.887609e+00	1.548444e+00	7.479162e+00	4.132466e+03
2.146037e+00	1.373936e+00	1.572996e+03	1.840392e+03
2.440319e+00	1.224077e+00	2.020221e+01	6.984343e+02
2.740727e+00	1.108916e+00	7.064733e+02	9.865859e+03
2.388854e+00	1.247188e+00	1.905419e+02	5.187680e+03
2.087542e+00	1.409164e+00	1.246119e+03	1.706081e+03
1.880689e+00	1.555098e+00	1.878478e+03	2.553414e+03
1.940822e+00	1.508939e+00	9.118518e+01	4.432235e+03
2.240414e+00	1.320779e+00	6.325504e+02	1.474816e+03
1.919115e+00	1.523798e+00	1.623900e+03	1.954433e+02
1.751023e+00	1.666539e+00	4.153337e+02	4.720432e+02
2.461192e+00	1.215236e+00	3.820653e+01	9.347407e+01
2.365473e+00	1.257665e+00	8.412618e+01	1.353844e+01
2.413973e+00	1.235940e+00	1.639492e+02	2.617213e+02
1.948792e+00	1.502260e+00	1.167387e+03	2.207211e+03
2.216790e+00	1.332863e+00	1.193495e+01	1.173082e+03
2.344743e+00	1.269450e+00	1.766794e+02	9.565420e+03
2.187756e+00	1.350202e+00	3.352350e+02	2.287648e+03
2.592587e+00	1.162186e+00	5.011728e+01	2.380282e+03
2.458724e+00	1.217596e+00	1.952784e+03	8.776557e+03
2.604135e+00	1.158286e+00	4.610950e+02	4.398886e+03
2.031047e+00	1.444942e+00	3.249267e+02	1.559924e+03
1.958804e+00	1.496628e+00	1.139367e+03	8.658267e+03
1.729462e+00	1.687341e+00	4.700944e+02	1.345726e+03
2.299701e+00	1.290189e+00	3.428745e+02	6.275136e+02
2.214525e+00	1.334314e+00	1.937984e+01	4.934036e+01
1.953921e+00	1.498745e+00	1.069156e+03	1.720892e+03
2.468784e+00	1.212346e+00	1.856163e+02	1.710512e+03
1.759683e+00	1.657549e+00	5.365325e+02	2.157204e+02
1.844365e+00	1.583929e+00	2.025514e+02	3.916924e+03
2.210576e+00	1.337491e+00	1.903186e+03	2.397606e+02
2.433004e+00	1.227652e+00	2.370179e+02	1.690465e+03
2.087645e+00	1.410359e+00	2.718481e+02	4.641667e+03
1.827644e+00	1.599381e+00	8.158538e+02	4.542162e+03
2.177309e+00	1.355250e+00	6.641529e+02	3.202813e+03
2.184620e+00	1.351972e+00	2.334783e+03	6.643218e+03
1.909097e+00	1.532140e+00	6.493173e+02	4.446802e+02
1.723634e+00	1.692566e+00	4.877920e+02	6.504496e+02
1.928011e+00	1.518342e+00	1.601090e+03	3.481465e+03
2.284815e+00	1.298236e+00	4.458271e+01	5.217189e+03
2.187933e+00	1.350597e+00	4.157113e+02	5.499580e+03
1.900923e+00	1.538992e+00	6.584088e+02	4.370944e+02
1.946214e+00	1.504109e+00	1.260042e+03	1.796381e+03
2.688582e+00	1.128831e+00	8.389402e+01	7.716970e+03
1.957506e+00	1.495892e+00	3.160537e+02	2.334348e+03
2.544256e+00	1.181029e+00	2.659985e+01	1.195570e+03
1.956611e+00	1.497379e+00	6.941985e+02	6.208780e+03
2.065720e+00	1.423300e+00	2.338493e+03	1.778627e+03
2.611592e+00	1.155112e+00	1.108707e+01	9.721386e+03
2.078524e+00	1.415312e+00	1.311356e+02	6.822153e+03
2.465354e+00	1.213977e+00	7.372070e+02	1.580215e+03
2.613089e+00	1.154690e+00	1.836269e+02	8.450610e+03
1.814590e+00	1.609305e+00	4.231681e+02	8.117264e+02
2.086384e+00	1.409638e+00	8.264802e+02	5.759321e+02
2.427128e+00	1.231091e+00	1.382358e+02	2.385198e+03
1.909954e+00	1.531083e+00	8.641071e+00	5.767150e+02
1.966288e+00	1.489603e+00	6.713348e+02	1.949541e+03
2.178721e+00	1.355095e+00	8.278635e+02	1.650725e+03
1.959254e+00	1.494749e+00	1.554375e+03	6.710020e+02
1.992909e+00	1.470848e+00	7.333513e+02	2.524673e+03
2.194956e+00	1.345123e+00	8.862334e+01	5.218211e+02
2.242309e+00	1.319259e+00	2.192269e+01	4.523222e+02
1.865219e+00	1.566982e+00	1.313365e+03	3.049020e+02
2.018519e+00	1.453348e+00	1.080816e+03	4.951523e+02
2.208940e+00	1.338070e+00	8.078550e+02	6.583951e+03
2.158823e+00	1.365468e+00	3.123480e+02	9.419241e+02
2.160060e+00	1.365577e+00	7.580376e+02	1.349286e+03
2.426721e+00	1.231403e+00	4.925840e+02	4.860840e+03
2.335553e+00	1.272405e+00	6.242458e+02	4.185098e+02
2.681636e+00	1.128711e+00	1.172937e+02	7.714755e+03
1.990443e+00	1.472674e+00	4.012354e+02	3.368224e+02
1.978277e+00	1.481282e+00	3.244592e+02	1.226985e+03
2.257723e+00	1.311556e+00	1.342324e+02	2.506377e+02
1.884225e+00	1.551384e+00	4.042512e+02	1.875321e+03
1.741289e+00	1.675608e+00	6.645196e+02	5.300787e+02
1.939163e+00	1.510578e+00	1.502729e+03	2.448079e+03
1.804866e+00	1.619073e+00	1.632393e+03	5.306692e+03
2.583228e+00	1.166030e+00	3.866928e+02	6.825538e+03
1.854261e+00	1.575114e+00	3.528924e+02	9.779019e+02
2.342048e+00	1.269276e+00	1.379776e+01	1.542649e+03
2.488619e+00	1.204320e+00	5.745684e+02	3.322505e+03
2.328708e+00	1.277153e+00	1.219028e+02	1.746959e+03
2.247606e+00	1.317048e+00	7.607807e+01	4.696381e+03
1.891502e+00	1.544872e+00	6.485824e+02	8.538401e+01
1.922364e+00	1.522054e+00	4.390758e+02	5.172697e+02
2.273645e+00	1.304226e+00	1.421692e+02	3.872713e+03
2.558388e+00	1.175677e+00	2.513194e+02	6.570046e+03
2.340416e+00	1.270092e+00	1.794286e+02	1.800986e+03
1.930337e+00	1.516456e+00	1.270645e+03	1.599149e+03
2.586179e+00	1.164602e+00	1.049703e+03	5.170562e+02
2.189230e+00	1.348324e+00	3.468340e+01	1.992618e+03
2.334491e+00	1.273549e+00	8.967396e+02	3.827406e+03
2.047531e+00	1.435450e+00	1.779516e+03	2.291859e+03
2.169667e+00	1.359790e+00	2.207140e+02	8.997808e+02
2.551449e+00	1.178054e+00	8.207836e+01	6.198258e+02
1.978235e+00	1.481048e+00	2.017068e+02	3.431837e+03
2.481487e+00	1.207203e+00	3.426245e+02	8.101416e+03
1.847231e+00	1.580886e+00	2.051023e+02	8.667679e+02
2.623489e+00	1.150990e+00	1.120803e+03	4.743728e+03
2.033488e+00	1.443387e+00	5.473545e+01	3.537522e+03
2.123366e+00	1.386851e+00	2.019353e+03	6.936026e+02
1.741999e+00	1.674903e+00	2.912245e+03	4.260444e+02
2.092829e+00	1.406165e+00	7.984235e+02	4.111970e+03
2.537316e+00	1.183815e+00	4.177189e+02	9.135606e+03
2.114323e+00	1.392543e+00	6.960148e+02	2.584849e+03
2.677515e+00	1.132081e+00	1.133257e+03	6.142894e+02
2.383805e+00	1.250144e+00	6.052514e+02	3.072427e+03
2.416828e+00	1.234826e+00	5.814552e+02	2.371150e+03
1.887864e+00	1.547858e+00	8.020968e+02	2.041774e+01
2.426356e+00	1.231386e+00	3.830450e+02	2.120480e+03
2.575249e+00	1.169211e+00	6.974203e+02	3.937069e+03
2.146453e+00	1.373150e+00	3.733291e+02	4.345490e+03
1.721975e+00	1.694973e+00	1.284805e+03	3.673984e+03
2.376375e+00	1.252950e+00	4.688766e+01	1.075117e+03
1.972299e+00	1.486254e+00	1.648095e+03	1.237575e+03
1.758500e+00	1.659870e+00	1.144576e+03	1.712951e+03
1.794809e+00	1.626804e+00	8.034568e+02	6.558318e+01
2.229548e+00	1.326999e+00	4.142596e+02	4.100089e+03
2.458712e+00	1.216796e+00	1.790837e+02	7.405274e+03
1.720035e+00	1.695800e+00	3.331663e+02	1.040023e+02
1.891657e+00	1.545505e+00	7.598123e+02	2.365987e+03
1.910601e+00	1.531725e+00	9.211175e+02	4.228678e+03
2.434831e+00	1.226313e+00	7.284550e+01	5.907487e+02
1.835885e+00	1.591996e+00	2.994642e+03	5.166821e+02
2.677002e+00	1.131094e+00	6.402712e+01	8.776416e+02
2.698996e+00	1.122527e+00	3.549787e+01	7.212702e+03
1.729038e+00	1.687749e+00	4.193285e+02	1.056396e+03
1.774140e+00	1.645061e+00	2.131595e+03	1.855722e+03
2.425413e+00	1.231579e+00	7.791427e+02	6.774309e+02
1.995866e+00	1.468609e+00	4.006160e+02	8.392449e+02
2.296439e+00	1.292946e+00	1.245960e+03	4.253246e+03
1.998773e+00	1.467878e+00	6.896406e+02	5.065222e+03
1.851035e+00	1.579031e+00	8.516788e+02	2.889184e+03
2.238353e+00	1.322671e+00	1.095647e+03	1.173947e+03
1.755453e+00	1.662722e+00	1.936696e+03	1.499285e+03
2.089830e+00	1.408191e+00	6.279545e+02	4.516673e+03
1.864950e+00	1.565994e+00	2.767775e+02	9.170362e+02
2.081874e+00	1.411855e+00	4.293256e+02	2.509999e+02
1.917471e+00	1.526298e+00	1.353631e+03	1.432537e+03
2.581143e+00	1.166893e+00	8.783405e+01	7.480601e+03
2.494774e+00	1.202111e+00	2.819688e+02	9.538873e+03
1.820898e+00	1.603672e+00	1.730701e+03	1.178071e+03
2.066396e+00	1.422056e+00	4.555597e+03	7.292589e+02
2.656356e+00	1.138735e+00	3.677581e+02	9.163503e+03
2.342989e+00	1.269100e+00	3.593024e+02	5.668194e+03
2.487525e+00	1.204368e+00	2.783780e+01	1.147577e+03
2.127466e+00	1.383597e+00	4.017561e+02	6.378776e+02
2.418366e+00	1.234050e+00	5.346990e+02	3.130817e+03
1.914932e+00	1.527789e+00	8.088258e+02	4.804504e+03
2.519183e+00	1.191898e+00	7.904926e+02	5.295767e+03
2.715034e+00	1.118252e+00	7.499246e+02	6.645112e+03
1.937766e+00	1.510318e+00	4.819621e+01	7.192691e+02
1.981527e+00	1.479397e+00	1.929060e+03	1.080901e+03
2.515787e+00	1.192316e+00	8.302587e+01	5.752858e+02
2.013823e+00	1.457604e+00	1.150643e+03	4.361157e+03
1.985779e+00	1.475951e+00	7.385910e+02	1.485189e+03
1.943117e+00	1.506250e+00	1.782534e+02	6.461428e+01
2.021971e+00	1.451801e+00	1.689114e+03	4.103888e+03
1.974768e+00	1.483711e+00	7.459914e+02	5.573814e+02
1.880850e+00	1.553824e+00	3.531827e+02	2.018226e+03
2.520647e+00	1.190608e+00	3.438258e+02	1.916499e+03
1.957943e+00	1.495509e+00	1.157885e+03	2.116693e+03
1.883925e+00	1.551818e+00	5.361738e+02	2.277159e+03
1.715253e+00	1.700528e+00	2.051826e+02	2.153945e+02
2.662029e+00	1.136067e+00	2.808641e+01	7.538622e+03
2.034277e+00	1.442841e+00	6.323415e+02	5.562896e+02
2.413204e+00	1.236932e+00	6.010807e+02	2.018380e+03
2.142325e+00	1.375342e+00	3.592309e+02	1.060451e+03
2.615721e+00	1.153809e+00	1.234951e+02	8.177485e+03
1.908320e+00	1.533196e+00	2.240756e+02	5.251717e+03
2.284413e+00	1.297931e+00	8.721917e+02	1.735856e+03
2.664292e+00	1.135042e+00	6.996131e+01	7.799120e+03
2.031403e+00	1.444839e+00	6.197895e+02	2.575355e+03
1.912598e+00	1.530181e+00	2.746295e+03	1.483330e+03
1.780806e+00	1.640886e+00	1.086380e+03	3.130801e+03
2.003135e+00	1.463879e+00	2.973849e+02	3.349719e+03
2.605559e+00	1.157563e+00	2.325497e+01	4.221532e+03
2.053656e+00	1.430513e+00	1.206231e+03	3.015591e+03
1.763093e+00	1.656181e+00	4.737250e+02	4.796429e+03
2.519989e+00	1.190565e+00	4.002418e+01	4.354029e+02
1.985576e+00	1.476041e+00	3.537172e+02	3.200940e+03
1.766773e+00	1.652217e+00	1.605091e+03	2.761612e+03
2.013650e+00	1.457071e+00	6.255678e+02	4.100947e+03
1.897444e+00	1.541742e+00	2.252314e+03	2.349259e+03
2.005901e+00	1.462044e+00	6.112803e+02	1.798581e+02
2.088293e+00	1.409037e+00	1.589345e+03	4.885354e+03
2.067540e+00	1.422116e+00	1.571621e+03	2.940696e+02
2.086596e+00	1.409197e+00	2.054991e+01	2.444556e+03
2.447871e+00	1.221736e+00	4.755540e+01	9.061853e+03
2.611340e+00	1.156169e+00	4.557332e+02	2.963824e+03
2.263953e+00	1.308849e+00	1.896530e+01	4.808336e+03
2.568313e+00	1.171914e+00	9.534241e+01	2.746277e+03
2.629676e+00	1.147824e+00	6.146569e+01	1.031515e+03
1.731281e+00	1.684805e+00	7.221391e+01	1.266541e+03
2.425112e+00	1.231267e+00	1.193542e+02	2.302356e+02
2.509436e+00	1.195386e+00	3.522909e+02	8.630134e+03
2.600952e+00	1.159429e+00	1.213879e+02	6.307792e+03
1.980365e+00	1.480743e+00	9.044547e+02	2.530454e+03
1.745535e+00	1.670758e+00	2.566046e+03	8.445147e+01
1.783460e+00	1.637881e+00	2.720067e+03	1.310676e+03
2.634875e+00	1.146663e+00	5.276841e+02	7.023917e+03
1.944604e+00	1.505836e+00	1.936236e+01	4.542730e+03
1.975183e+00	1.484663e+00	4.739238e+02	4.719037e+03
2.295755e+00	1.292704e+00	4.336625e+02	5.201900e+03
2.498094e+00	1.200350e+00	1.643319e+03	4.096654e+03
2.348095e+00	1.267038e+00	7.356101e+02	9.485871e+03
2.591081e+00	1.161818e+00	1.242088e+02	3.411397e+03
2.254221e+00	1.314153e+00	3.938464e+02	5.321575e+03
2.188416e+00	1.349503e+00	5.507849e+02	1.889412e+03
1.738449e+00	1.678766e+00	9.842731e+02	2.319506e+03
1.798517e+00	1.623635e+00	1.819242e+03	4.366453e+02
1.965755e+00	1.489710e+00	5.375113e+02	1.315990e+03
2.194836e+00	1.345985e+00	9.014155e+02	2.417872e+03
2.648859e+00	1.141482e+00	1.572741e+03	5.574977e+03
2.632330e+00	1.147677e+00	3.266612e+02	1.978527e+03
2.595765e+00	1.161421e+00	3.401545e+02	4.778111e+03
2.645151e+00	1.143125e+00	8.096792e+02	3.907898e+03
2.088312e+00	1.406952e+00	2.216959e+02	1.227356e+03
2.160421e+00	1.365280e+00	9.498661e+02	1.035634e+03
2.374125e+00	1.254459e+00	3.563535e+02	4.218917e+03
2.424466e+00	1.231913e+00	7.604809e+02	1.255964e+03
2.560263e+00	1.174995e+00	5.667704e+02	4.033294e+03
2.605197e+00	1.157031e+00	4.160518e+01	6.384444e+03
2.422754e+00	1.232354e+00	8.201715e+02	3.669565e+03
2.322560e+00	1.280144e+00	8.310492e+01	2.081192e+03
2.626076e+00	1.149328e+00	1.848643e+02	5.699929e+03
2.198580e+00	1.343590e+00	7.754466e+02	4.630226e+01
2.140668e+00	1.377052e+00	9.931974e+01	6.737820e+03
1.949938e+00	1.501564e+00	4.404817e+02	7.470569e+02
1.930671e+00	1.516513e+00	6.903362e+02	6.068854e+03
1.901184e+00	1.538161e+00	1.931091e+02	2.523660e+03
1.761438e+00	1.656372e+00	4.247372e+03	1.539764e+03
2.152086e+00	1.370328e+00	6.807065e+02	8.265955e+02
1.980858e+00	1.480081e+00	2.169045e+03	1.523916e+03
2.045670e+00	1.436551e+00	3.015669e+03	1.041506e+03
2.492204e+00	1.202217e+00	1.850740e+02	3.643219e+03
1.923372e+00	1.522061e+00	2.431774e+02	1.590873e+03
2.018167e+00	1.452987e+00	1.977873e+02	6.391953e+02
2.445227e+00	1.222898e+00	4.626243e+01	3.284546e+03
2.318459e+00	1.281166e+00	7.031991e+02	5.779447e+03
2.437408e+00	1.225351e+00	1.716405e+02	4.951253e+03
2.214417e+00	1.334970e+00	5.141318e+02	4.985410e+03
1.902557e+00	1.537062e+00	7.743746e+02	3.912913e+03
2.098396e+00	1.401271e+00	8.741041e+00	1.518122e+03
2.335089e+00	1.273834e+00	1.448753e+03	4.698409e+03
2.328463e+00	1.275856e+00	6.364815e+02	3.073413e+03
2.208503e+00	1.338312e+00	4.580487e+02	9.818268e+02
2.283532e+00	1.299434e+00	4.410689e+02	1.481140e+03
1.880086e+00	1.555046e+00	9.136021e+02	1.106830e+03
1.813772e+00	1.609318e+00	1.199295e+03	5.321041e+03
2.002135e+00	1.465658e+00	2.721986e+03	7.685876e+02
1.796218e+00	1.625711e+00	1.615609e+03	2.307905e+03
2.150690e+00	1.371140e+00	2.116790e+03	1.002076e+03
1.791573e+00	1.629609e+00	1.480318e+03	3.055819e+03
2.614510e+00	1.154596e+00	9.402019e+02	3.328340e+03
1.936023e+00	1.512246e+00	2.514601e+03	7.584394e+02
2.598257e+00	1.160556e+00	1.004431e+02	6.473760e+03
2.542326e+00	1.183092e+00	2.123893e+02	5.634844e+03
2.190766e+00	1.347314e+00	8.755705e+01	3.032579e+03
1.822378e+00	1.602404e+00	3.660169e+02	4.786522e+02
1.821088e+00	1.603011e+00	3.654476e+02	3.856730e+02
2.663322e+00	1.135574e+00	1.092997e+02	7.360461e+03
2.528955e+00	1.187639e+00	4.101203e+02	3.458750e+03
2.248214e+00	1.316264e+00	2.264940e+02	3.816040e+03
1.955615e+00	1.498067e+00	1.005123e+03	2.132831e+03
2.299806e+00	1.290257e+00	2.185783e+02	4.277891e+02
1.834781e+00	1.590694e+00	3.728349e+01	9.805187e+02
2.600475e+00	1.160221e+00	8.120497e+01	4.318078e+03
2.148807e+00	1.372711e+00	1.587362e+02	1.195610e+03
2.018417e+00	1.453480e+00	8.644966e+02	3.425982e+03
1.979534e+00	1.482195e+00	1.488658e+03	2.379705e+03
2.608724e+00	1.156375e+00	4.528006e+02	4.415799e+03
2.501753e+00	1.198913e+00	1.484491e+03	8.950629e+02
1.819557e+00	1.605063e+00	9.627586e+02	1.417062e+03
2.624646e+00	1.150404e+00	3.060219e+02	5.457704e+03
1.862410e+00	1.568753e+00	7.018508e+02	1.208409e+02
2.525694e+00	1.188250e+00	6.269852e+00	1.087744e+03
2.746711e+00	1.107507e+00	3.631818e+02	5.117151e+03
2.110959e+00	1.394467e+00	1.013044e+03	5.400294e+02
2.633216e+00	1.147325e+00	3.447052e+02	4.644903e+03
2.735033e+00	1.110455e+00	2.592153e+02	1.315840e+03
2.502820e+00	1.198449e+00	1.569574e+02	9.314415e+03
1.711536e+00	1.704607e+00	6.742440e+02	7.272721e+02
1.973332e+00	1.483860e+00	1.954746e+02	2.206967e+02
2.597165e+00	1.160753e+00	2.853394e+02	5.244401e+03
2.433816e+00	1.227233e+00	1.088332e+03	7.205343e+03
1.737142e+00	1.681218e+00	1.104464e+03	3.825722e+02
2.375835e+00	1.253902e+00	6.026579e+02	3.107054e+03
1.879553e+00	1.555589e+00	3.129661e+02	1.379113e+02
2.615651e+00	1.153968e+00	6.575538e+02	3.944586e+03
2.014612e+00	1.456114e+00	2.811483e+02	3.997240e+03
1.944911e+00	1.505296e+00	1.491704e+03	4.762063e+02
2.340853e+00	1.269696e+00	1.486543e+02	3.933707e+03
1.940494e+00	1.508235e+00	1.140257e+03	1.800756e+03
1.877564e+00	1.557292e+00	1.747119e+03	1.858007e+03
1.877907e+00	1.556041e+00	7.428352e+02	2.002342e+03
2.017199e+00	1.454277e+00	3.836466e+02	1.386348e+03
1.975502e+00	1.482671e+00	4.349015e+01	7.204424e+02
2.138579e+00	1.377758e+00	1.892863e+02	2.613024e+02
2.544642e+00	1.181103e+00	5.533223e+01	2.982410e+03
2.145594e+00	1.375020e+00	1.033012e+03	5.134764e+03
2.079211e+00	1.413788e+00	4.338696e+02	4.468613e+02
2.721659e+00	1.115586e+00	5.385222e+02	2.265045e+03
2.268429e+00	1.306872e+00	5.122339e+02	4.175423e+03
2.005313e+00	1.461948e+00	3.879938e+02	3.617567e+03
2.238965e+00	1.321246e+00	9.905994e+01	2.863582e+03
1.851414e+00	1.577889e+00	9.673130e+01	1.251286e+03
2.602832e+00	1.158757e+00	4.741461e+02	7.861143e+03
1.885292e+00	1.551299e+00	8.886043e+02	8.036940e+02
1.933714e+00	1.513568e+00	1.587205e+02	8.337338e+03
2.069904e+00	1.420495e+00	1.311798e+03	4.174273e+03
2.220462e+00	1.331882e+00	5.619962e+02	2.464020e+03
2.256550e+00	1.313393e+00	7.660433e+02	4.280117e+03
1.807768e+00	1.616530e+00	2.496577e+03	1.581112e+03
1.887237e+00	1.548900e+00	2.637653e+02	9.205289e+01
2.166173e+00	1.362456e+00	2.238447e+03	3.101673e+01
2.150893e+00	1.371857e+00	1.973134e+03	1.697651e+03
2.185621e+00	1.351480e+00	2.286002e+03	6.024743e+03
1.998501e+00	1.467405e+00	2.638060e+02	1.867554e+03
2.462798e+00	1.214883e+00	5.058678e+02	6.094858e+03
1.748361e+00	1.669840e+00	1.499424e+03	1.155590e+03
2.239920e+00	1.322007e+00	3.054540e+03	3.668434e+03
2.251059e+00	1.315570e+00	6.047116e+02	2.828736e+03
2.465886e+00	1.213214e+00	2.568497e+02	1.956115e+03
1.873466e+00	1.560065e+00	4.743453e+02	8.374142e+02
2.730519e+00	1.111914e+00	2.768382e+02	1.591584e+03
2.713968e+00	1.118182e+00	1.776608e+02	8.181900e+03
2.638287e+00	1.144215e+00	1.285495e+02	5.767619e+03
1.762128e+00	1.656283e+00	4.813052e+02	4.946274e+02
2.760114e+00	1.102247e+00	8.351516e+01	8.180119e+03
2.608297e+00	1.156495e+00	8.541992e+02	5.651076e+03
1.901825e+00	1.538866e+00	1.235728e+03	2.876458e+03
1.752366e+00	1.665871e+00	1.641628e+03	5.189683e+01
2.015600e+00	1.456102e+00	4.294899e+02	3.519068e+03
1.825311e+00	1.600207e+00	1.007656e+03	1.136898e+03
1.931067e+00	1.515342e+00	3.453378e+01	1.899592e+03
1.753533e+00	1.664464e+00	1.140241e+03	2.195671e+03
2.353933e+00	1.263582e+00	7.478199e+01	2.612786e+02
2.207270e+00	1.339175e+00	7.535626e+02	2.923153e+03
1.963066e+00	1.491566e+00	7.625912e+02	3.160286e+01
1.898399e+00	1.540637e+00	3.578551e+02	4.855843e+02
1.871476e+00	1.562662e+00	3.692641e+03	5.507008e+02
1.960565e+00	1.493622e+00	1.861650e+02	3.642195e+03
2.401587e+00	1.242142e+00	2.290456e+02	4.706139e+02
1.787991e+00	1.633753e+00	2.535691e+03	2.072319e+03
2.125397e+00	1.386568e+00	1.161719e+03	5.204743e+02
2.316581e+00	1.282000e+00	3.509085e+02	3.635632e+03
1.908227e+00	1.533147e+00	6.980681e+02	2.761361e+02
2.334286e+00	1.273417e+00	1.095156e+03	3.356393e+02
2.631957e+00	1.147721e+00	6.555613e+01	6.462894e+03
2.104915e+00	1.397932e+00	3.848163e+01	4.482860e+03
2.221244e+00	1.331960e+00	3.968149e+02	5.804127e+03
1.951120e+00	1.501930e+00	2.003987e+03	1.913503e+03
1.723248e+00	1.692805e+00	1.987505e+02	1.402177e+02
2.066401e+00	1.422764e+00	9.055092e+02	6.678803e+03
1.799376e+00	1.622895e+00	1.767770e+02	9.784778e+02
2.026620e+00	1.448708e+00	2.516200e+02	1.506710e+03
2.018938e+00	1.455513e+00	2.819132e+03	6.794181e+03
2.199083e+00	1.343231e+00	3.295337e+02	1.464434e+03
2.335884e+00	1.272941e+00	6.951915e+00	7.734687e+03
2.217680e+00	1.333181e+00	1.082075e+03	6.607030e+02
1.832405e+00	1.595064e+00	2.097429e+03	4.924598e+02
2.203903e+00	1.341468e+00	1.014443e+03	8.088788e+03
2.331559e+00	1.274595e+00	5.959309e+01	1.427673e+03
2.553713e+00	1.177865e+00	5.421786e+02	4.778095e+03
1.904416e+00	1.535115e+00	1.602806e+03	3.214284e+02
2.596119e+00	1.161125e+00	7.583566e+01	4.241052e+03
2.190819e+00	1.347492e+00	1.719823e+01	1.255999e+03
1.825680e+00	1.600631e+00	1.211428e+03	5.234180e+03
1.982656e+00	1.477961e+00	5.748004e+02	1.793037e+03
1.869144e+00	1.563096e+00	7.281671e+01	1.285439e+03
2.769767e+00	1.099015e+00	5.947056e+01	8.416512e+03
2.317270e+00	1.283103e+00	2.628406e+03	2.512748e+03
1.786373e+00	1.634869e+00	2.826145e+03	7.636767e+02
2.131123e+00	1.381904e+00	1.436157e+00	2.365753e+02
2.433683e+00	1.227229e+00	9.054747e+01	3.525280e+02
2.607325e+00	1.156849e+00	3.287012e+02	5.124981e+03
2.049979e+00	1.432690e+00	4.898377e+02	1.971979e+03
2.508849e+00	1.195360e+00	3.348182e+01	9.006717e+02
1.730690e+00	1.685595e+00	2.569119e+02	7.259344e+02
2.518045e+00	1.192708e+00	1.765232e+02	7.056987e+03
2.566024e+00	1.172737e+00	6.628250e+02	7.271674e+03
2.612310e+00	1.155149e+00	7.440107e+02	6.749188e+03
1.796279e+00	1.624991e+00	2.846713e+02	1.475959e+02
2.697469e+00	1.123639e+00	1.933092e+02	8.288769e+03
1.798001e+00	1.623965e+00	6.277763e+02	6.968733e+02
2.143337e+00	1.375554e+00	1.325133e+03	1.378663e+03
2.048272e+00	1.433787e+00	1.017992e+03	2.233679e+01
1.856146e+00	1.574612e+00	5.196226e+02	4.181751e+03
1.887577e+00	1.550616e+00	1.177953e+03	4.421793e+03
2.264344e+00	1.308099e+00	1.040244e+02	7.367564e+02
2.382199e+00	1.250284e+00	1.550918e+02	1.953646e+02
2.664443e+00	1.136352e+00	7.923446e+01	4.839756e+03
2.074183e+00	1.418328e+00	3.314908e+02	2.245207e+03
1.985831e+00	1.476938e+00	1.418711e+03	6.457548e+03
2.439641e+00	1.224143e+00	3.623208e+00	6.178768e+02
2.297497e+00	1.291797e+00	4.525247e+02	4.921223e+03
1.714820e+00	1.701138e+00	2.546873e+02	6.937418e+02
2.346732e+00	1.267106e+00	2.717769e+01	1.802706e+03
1.882442e+00	1.553485e+00	1.137968e+03	2.238346e+03
2.199039e+00	1.344202e+00	1.470925e+03	7.683101e+03
2.366099e+00	1.257995e+00	8.877784e+02	4.826487e+03
2.623647e+00	1.150943e+00	6.138254e+02	4.250245e+03
2.614940e+00	1.152780e+00	1.210729e+02	3.394595e+03
1.789779e+00	1.631201e+00	2.115105e+03	3.723200e+02
2.195218e+00	1.345389e+00	3.622629e+02	4.224704e+03
1.957867e+00	1.495538e+00	2.397425e+02	3.956313e+03
2.066558e+00	1.422171e+00	9.417465e+02	1.698686e+03
2.654538e+00	1.138948e+00	7.579123e+01	6.433893e+03
2.515892e+00	1.192142e+00	8.697672e+01	5.711929e+03
2.281844e+00	1.298633e+00	1.856648e+02	2.912047e+02
1.870551e+00	1.563172e+00	3.572551e+03	9.122610e+02
2.386887e+00	1.248551e+00	2.121367e+02	5.445016e+02
1.896304e+00	1.541762e+00	3.398359e+02	1.140062e+03
1.747700e+00	1.670349e+00	3.319354e+03	4.271644e+02
2.403871e+00	1.241463e+00	1.071897e+02	4.763200e+03
2.219195e+00	1.333031e+00	1.763456e+03	2.027026e+03
2.292942e+00	1.294055e+00	3.252401e+02	4.099711e+03
2.149049e+00	1.371599e+00	2.706274e+02	6.459371e+02
1.719617e+00	1.697005e+00	3.307428e+03	1.504800e+03
1.803410e+00	1.618721e+00	1.021886e+03	4.865676e+03
1.883516e+00	1.552108e+00	2.384535e+03	2.498407e+03
1.965134e+00	1.491171e+00	5.388847e+02	2.328560e+03
2.087105e+00	1.409677e+00	9.973467e+02	2.874986e+03
1.783015e+00	1.636559e+00	1.426651e+02	1.075258e+03
1.961801e+00	1.492709e+00	2.539235e+03	8.323009e+02
2.305168e+00	1.287128e+00	2.275658e+02	9.638042e+02
2.158624e+00	1.365905e+00	3.103568e+01	8.069993e+02
2.524302e+00	1.188927e+00	5.423173e+02	2.014422e+03
2.597799e+00	1.159708e+00	1.317865e+00	4.406841e+02
1.928675e+00	1.517869e+00	3.872497e+03	7.656118e+03
2.230462e+00	1.326680e+00	6.290473e+02	9.276769e+03
2.551071e+00	1.178876e+00	3.738337e+02	6.891694e+03
1.779842e+00	1.639606e+00	2.491335e+03	1.730439e+03
1.819963e+00	1.604674e+00	1.887377e+02	9.039038e+02
2.263002e+00	1.309257e+00	6.417366e+02	1.970709e+03
1.885302e+00	1.549958e+00	5.262964e+01	5.617857e+02
2.606907e+00	1.156952e+00	1.115357e+01	8.787080e+03
2.060372e+00	1.426133e+00	3.771264e+02	3.982443e+03
2.551950e+00	1.178484e+00	4.407373e+02	7.819554e+03
2.447716e+00	1.221947e+00	8.231831e+02	6.153303e+03
2.379468e+00	1.252217e+00	5.724452e+01	6.143752e+03
1.992742e+00	1.470770e+00	5.602322e+02	3.590855e+03
2.422701e+00	1.232789e+00	4.169074e+02	5.308550e+03
2.621459e+00	1.150769e+00	7.376209e+01	6.409759e+03
1.900246e+00	1.538699e+00	1.281552e+03	1.656243e+03
2.183103e+00	1.351820e+00	2.997262e+02	5.493252e+01
2.205815e+00	1.339355e+00	2.366085e+02	4.677558e+03
1.745262e+00	1.673223e+00	2.454671e+03	1.074910e+03
1.982141e+00	1.478673e+00	3.922888e+02	2.163899e+03
1.845821e+00	1.582536e+00	6.498061e+01	3.524861e+02
2.536489e+00	1.184918e+00	2.882628e+02	6.831935e+03
2.246946e+00	1.317718e+00	1.090812e+03	1.896493e+03
1.980054e+00	1.479797e+00	4.035555e+02	1.290352e+03
2.510448e+00	1.195576e+00	1.036502e+03	2.033167e+03
1.886837e+00	1.550021e+00	3.092123e+03	1.267380e+03
1.941195e+00	1.507930e+00	1.055902e+03	2.880525e+03
2.022121e+00	1.452123e+00	2.705120e+03	8.807152e+02
2.531564e+00	1.186463e+00	2.795129e+02	6.150210e+03
2.522191e+00	1.190670e+00	7.574074e+02	1.516859e+03
2.760750e+00	1.102238e+00	3.132141e+01	8.370194e+03
2.254812e+00	1.314596e+00	1.087789e+03	7.690100e+03
2.051413e+00	1.433040e+00	2.070453e+03	1.426612e+03
2.247218e+00	1.318073e+00	5.920643e+02	4.389750e+03
2.003603e+00	1.464460e+00	3.101779e+03	1.450721e+03
1.894936e+00	1.543029e+00	1.472152e+02	2.556147e+03
1.860816e+00	1.570319e+00	1.292049e+03	9.729821e+01
1.872214e+00	1.562588e+00	4.310298e+02	3.912996e+03
1.934090e+00	1.514289e+00	2.680530e+03	4.851146e+03
1.770117e+00	1.648170e+00	3.028584e+02	2.572157e+02
2.564024e+00	1.173639e+00	4.518043e+00	3.985350e+03
1.951025e+00	1.501722e+00	1.286781e+02	5.910875e+03
2.079046e+00	1.414701e+00	1.342913e+03	1.206632e+03
2.429579e+00	1.229229e+00	3.368661e+02	5.461113e+03
2.275408e+00	1.302541e+00	6.369407e+01	1.665872e+03
1.988327e+00	1.474674e+00	2.657233e+03	7.240575e+03
2.032466e+00	1.444295e+00	5.331259e+02	3.834552e+03
1.822098e+00	1.603341e+00	8.471805e+00	4.060542e+03
1.864564e+00	1.567465e+00	3.228109e+02	2.052032e+03
2.381141e+00	1.251054e+00	2.613137e+02	2.156189e+02
2.935952e+00	1.047662e+00	1.732296e+01	6.778441e+03
2.667303e+00	1.134324e+00	1.548042e+02	7.872476e+03
2.575067e+00	1.169296e+00	1.216109e+02	3.950813e+03
2.164269e+00	1.362490e+00	8.779872e+02	4.782432e+03
2.437794e+00	1.226090e+00	2.377757e+02	6.859774e+03
2.599544e+00	1.160231e+00	3.904861e+02	5.694245e+03
2.398324e+00	1.243301e+00	5.880088e+02	4.986830e+03
2.115677e+00	1.391911e+00	4.610704e+02	4.706970e+03
1.715968e+00	1.701104e+00	6.406100e+02	2.494863e+02
1.976146e+00	1.482561e+00	5.626423e+02	2.175860e+03
2.171709e+00	1.357904e+00	2.987521e+01	7.253042e+02
1.938472e+00	1.509911e+00	4.883573e+02	5.231890e+02
2.710999e+00	1.119022e+00	5.648880e+02	8.563803e+03
2.552450e+00	1.177451e+00	9.731746e+00	6.596708e+02
2.466383e+00	1.213258e+00	1.641402e+01	5.383316e+02
2.502008e+00	1.198842e+00	7.017525e+02	1.601448e+03
1.744725e+00	1.671602e+00	7.001717e+02	1.334491e+03
1.895088e+00	1.543026e+00	8.873114e+02	3.129342e+03
2.620301e+00	1.152080e+00	3.914816e+02	4.326665e+03
2.000388e+00	1.466795e+00	1.972005e+03	1.880100e+03
2.084351e+00	1.411283e+00	1.692671e+02	5.757803e+03
1.926494e+00	1.518589e+00	3.724728e+01	8.504710e+02
1.844143e+00	1.585252e+00	3.081777e+03	1.500689e+03
2.488467e+00	1.204243e+00	6.547982e+01	8.207196e+03
2.024265e+00	1.449868e+00	1.049103e+03	2.074863e+03
1.834219e+00	1.591276e+00	1.747472e+03	8.188194e+03
1.896327e+00	1.542077e+00	2.291069e+03	2.317178e+03
2.240845e+00	1.320357e+00	4.038951e+01	1.736412e+03
2.332202e+00	1.274237e+00	7.319578e+02	7.797624e+02
2.665581e+00	1.135455e+00	8.532685e+02	2.995916e+03
2.251826e+00	1.315297e+00	1.032628e+03	6.390915e+02
2.046792e+00	1.435368e+00	7.727428e+02	1.404265e+03
2.350696e+00	1.265484e+00	6.196137e+02	1.204218e+03
2.704822e+00	1.120895e+00	4.478829e+02	7.436694e+02
2.542452e+00	1.182338e+00	4.563254e+02	5.021923e+03
1.911912e+00	1.531006e+00	7.097972e+02	5.255044e+03
2.432657e+00	1.228291e+00	6.337979e+02	2.059233e+03
1.790123e+00	1.630005e+00	2.813700e+02	1.286789e+02
2.666763e+00	1.134744e+00	8.539141e+01	7.282073e+03
2.599786e+00	1.159958e+00	3.509899e+02	3.007811e+03
2.049430e+00	1.432939e+00	8.238489e+02	5.033333e+03
1.949328e+00	1.502009e+00	7.538727e+02	7.028356e+01
2.491741e+00	1.202770e+00	3.000214e+02	5.320853e+03
1.799383e+00	1.622062e+00	4.287486e+02	4.422195e+02
2.341912e+00	1.270002e+00	1.591778e+02	5.992598e+03
2.031186e+00	1.444222e+00	7.349550e+01	5.642774e+02
2.089385e+00	1.408257e+00	7.396669e+00	1.585745e+03
2.429768e+00	1.229663e+00	2.960144e+02	7.232594e+03
1.792082e+00	1.629268e+00	6.818866e+02	2.941978e+02
1.839128e+00	1.588566e+00	2.133126e+02	9.261213e+02
1.969031e+00	1.487396e+00	3.724359e+02	7.459897e+02
1.804857e+00	1.617708e+00	5.443502e+00	3.191888e+03
2.545469e+00	1.180739e+00	4.211348e+01	3.315221e+03
1.926424e+00	1.519730e+00	3.297996e+03	5.199154e+02
2.580304e+00	1.166939e+00	2.420562e+02	2.637220e+03
2.648713e+00	1.141348e+00	2.530763e+01	5.362513e+03
2.524259e+00	1.189516e+00	6.332542e+02	2.491298e+03
2.671134e+00	1.133405e+00	1.728966e+02	7.207819e+02
2.414809e+00	1.235352e+00	1.061401e+02	7.220255e+02
2.188913e+00	1.349726e+00	1.702387e+03	3.571132e+03
2.145343e+00	1.373669e+00	3.917150e+02	1.144678e+02
2.532305e+00	1.186110e+00	7.970543e+01	3.172504e+03
2.444546e+00	1.223153e+00	3.326602e+02	6.594385e+03
1.924524e+00	1.520355e+00	2.124933e+02	2.102510e+03
1.734842e+00	1.681980e+00	9.335931e+02	1.629046e+03
2.532946e+00	1.186050e+00	2.664742e+02	5.411157e+03
2.050773e+00	1.432740e+00	2.151505e+03	2.510940e+03
2.334333e+00	1.273265e+00	5.245481e+02	3.388874e+03
1.793006e+00	1.627203e+00	4.463105e+02	7.003885e+02
2.002149e+00	1.464935e+00	4.479610e+02	3.098401e+02
2.154765e+00	1.368772e+00	1.095452e+03	2.597297e+03
2.468275e+00	1.211988e+00	8.333102e+01	4.079712e+02
2.512136e+00	1.194476e+00	2.945143e+02	3.449420e+03
2.012465e+00	1.457228e+00	2.872084e+02	3.637389e+02
2.093180e+00	1.404589e+00	2.259382e+02	3.451721e+02
2.017525e+00	1.454664e+00	1.888642e+03	1.515443e+03
2.455798e+00	1.217420e+00	2.133941e+02	5.325725e+03
2.334554e+00	1.273406e+00	8.498423e+01	1.407335e+03
1.954582e+00	1.498836e+00	7.127387e+02	4.845768e+03
2.516233e+00	1.193543e+00	3.017420e+02	7.458962e+03
2.131735e+00	1.381477e+00	1.694147e+02	6.984860e+02
1.988685e+00	1.473772e+00	1.379602e+02	5.196169e+02
1.875532e+00	1.558665e+00	3.414887e+02	6.815581e+03
2.009868e+00	1.459742e+00	4.811494e+02	1.920847e+03
2.378775e+00	1.252294e+00	1.903972e+02	4.260968e+03
2.299228e+00	1.290803e+00	1.428119e+03	4.068917e+03
2.562048e+00	1.174526e+00	7.582185e+01	5.717716e+03
1.849326e+00	1.579182e+00	1.478462e+02	5.556065e+02
2.359221e+00	1.261100e+00	1.097229e+02	1.286148e+02
1.764162e+00	1.654230e+00	1.518684e+03	1.213530e+03
2.520148e+00	1.191289e+00	5.502676e+02	4.977754e+03
1.987323e+00	1.474884e+00	1.502187e+02	7.324976e+02
2.332673e+00	1.273815e+00	3.409206e+01	1.644374e+03
2.355733e+00	1.263262e+00	5.702305e+02	2.659763e+02
1.734172e+00	1.682237e+00	2.755587e+02	5.582017e+02
2.482167e+00	1.207130e+00	5.117708e+02	7.170957e+03
2.163363e+00	1.363675e+00	1.083461e+03	2.434457e+03
2.469450e+00	1.210816e+00	4.050895e+02	4.895986e+03
1.785232e+00	1.635253e+00	1.054052e+03	1.807422e+03
2.018313e+00	1.453556e+00	4.690212e+02	9.884746e+02
2.237782e+00	1.323293e+00	2.561278e+02	2.030578e+03
1.974858e+00	1.484644e+00	6.352454e+02	2.430407e+03
2.361426e+00	1.260824e+00	1.285497e+03	9.179675e+02
1.993994e+00	1.470171e+00	5.614016e+02	1.274633e+03
2.031209e+00	1.446045e+00	1.010183e+03	1.435678e+03
2.303898e+00	1.289376e+00	5.502910e+02	3.126566e+03
1.955257e+00	1.498138e+00	8.491223e+02	1.212327e+03
1.933986e+00	1.513061e+00	1.510215e+03	5.579053e+02
2.534844e+00	1.185413e+00	1.307138e+03	7.227453e+03
1.882439e+00	1.552010e+00	4.875502e+02	1.100971e+03
2.496975e+00	1.200519e+00	1.496548e+02	7.907123e+03
1.782267e+00	1.637887e+00	6.683811e+02	8.522471e+02
1.912139e+00	1.530822e+00	1.914931e+03	1.972067e+03
2.029467e+00	1.446018e+00	1.853762e+01	1.049805e+03
1.805916e+00	1.616977e+00	1.463812e+02	4.408769e+02
1.895505e+00	1.543193e+00	2.917135e+03	1.250755e+03
1.959714e+00	1.494323e+00	4.041338e+02	4.886927e+02
2.009636e+00	1.460305e+00	2.962655e+02	5.899942e+03
2.051187e+00	1.431161e+00	1.440950e+03	3.671929e+02
2.550500e+00	1.179745e+00	9.399724e+02	9.545952e+02
1.914271e+00	1.528321e+00	7.050717e+02	3.270294e+03
2.309049e+00	1.286764e+00	5.286597e+02	2.730737e+03
1.924709e+00	1.520002e+00	1.395555e+03	6.068235e+02
2.551523e+00	1.178005e+00	1.024535e+01	6.709020e+02
2.507099e+00	1.196388e+00	3.781362e+01	2.177292e+03
2.424972e+00	1.231209e+00	1.728683e+02	1.104238e+03
2.557442e+00	1.176148e+00	1.343630e+02	7.265857e+03
1.920789e+00	1.522367e+00	1.523652e+03	2.356034e+02
2.647062e+00	1.142020e+00	2.703435e+02	5.032901e+03
1.796384e+00	1.624395e+00	3.233537e+02	3.504027e+02
1.713662e+00	1.702923e+00	3.523850e+02	3.178039e+02
1.876257e+00	1.558253e+00	4.232438e+02	9.715685e+02
2.258777e+00	1.311689e+00	1.887196e+02	3.422225e+02
2.640963e+00	1.144406e+00	2.340011e+01	4.623868e+03
1.841555e+00	1.587816e+00	4.040553e+03	5.837366e+02
2.483681e+00	1.205748e+00	5.171965e+01	6.481932e+02
2.040118e+00	1.439372e+00	2.832782e+02	4.999288e+03
1.987017e+00	1.474668e+00	3.939639e+02	2.715514e+02
1.780249e+00	1.640299e+00	2.781883e+03	1.195746e+03
2.286072e+00	1.297769e+00	1.413962e+02	4.723199e+03
2.885749e+00	1.063184e+00	3.780693e+01	2.498955e+03
2.443477e+00	1.222688e+00	1.577046e+02	7.194176e+01
2.627091e+00	1.148993e+00	1.467088e+02	5.038657e+02
2.135852e+00	1.379433e+00	1.802800e+03	8.372445e+02
2.184009e+00	1.352403e+00	6.347841e+02	5.868082e+03
1.957469e+00	1.496404e+00	2.244533e+02	1.664380e+03
2.067025e+00	1.422467e+00	2.224244e+02	5.147210e+03
2.650426e+00	1.140660e+00	6.359399e+01	4.621525e+02
1.739311e+00	1.678440e+00	2.497099e+03	2.329476e+03
1.932715e+00	1.515006e+00	1.625239e+03	2.026748e+03
1.931050e+00	1.517129e+00	3.197586e+03	1.361266e+03
1.776343e+00	1.643342e+00	1.032131e+03	1.927709e+03
2.043896e+00	1.437605e+00	6.096030e+02	4.311660e+03
2.378923e+00	1.252187e+00	6.132688e+02	3.622370e+03
2.399064e+00	1.243101e+00	5.840069e+01	7.323590e+03
2.552757e+00	1.178198e+00	3.812073e+02	4.174744e+03
2.339556e+00	1.271494e+00	1.623708e+02	7.165987e+03
1.848208e+00	1.581233e+00	1.241524e+03	1.657554e+03
2.550564e+00	1.178084e+00	4.502909e+02	2.270667e+03
2.563517e+00	1.173775e+00	2.443970e+02	6.114386e+03
1.992584e+00	1.471409e+00	3.751034e+02	1.878363e+02
2.010469e+00	1.459225e+00	7.030143e+02	2.049892e+03
2.419803e+00	1.233315e+00	4.427672e+00	6.250726e+03
2.711046e+00	1.119077e+00	6.451910e+01	1.343959e+03
2.246971e+00	1.316994e+00	5.738023e+01	5.758181e+02
2.017036e+00	1.453583e+00	1.082973e+02	1.336396e+02
2.402813e+00	1.240898e+00	2.295028e+02	5.314312e+03
1.918385e+00	1.525142e+00	5.361699e+02	2.158629e+02
2.068447e+00	1.420331e+00	4.365351e+01	7.536463e+02
2.382672e+00	1.250393e+00	1.599584e+01	7.136945e+02
1.961305e+00	1.494212e+00	1.226858e+02	5.137901e+03
2.512796e+00	1.193981e+00	5.683150e+02	1.094318e+03
2.531002e+00	1.186692e+00	6.122336e+01	2.252978e+03
2.390558e+00	1.246644e+00	3.231598e+02	4.699229e+03
2.110903e+00	1.394993e+00	1.711870e+03	9.940612e+02
1.824538e+00	1.600896e+00	1.063190e+02	1.560080e+03
2.064393e+00	1.423702e+00	6.159554e+02	5.994717e+03
1.752516e+00	1.665748e+00	3.006016e+02	2.973632e+03
1.959686e+00	1.494694e+00	6.113922e+02	2.724256e+03
2.317877e+00	1.281914e+00	3.471769e+02	4.890509e+03
1.898399e+00	1.540637e+00	3.578551e+02	4.855843e+02
1.807168e+00	1.614413e+00	6.245262e+01	3.955166e+02
2.616574e+00	1.153686e+00	1.623124e+02	5.446042e+03
1.735053e+00	1.681844e+00	5.473868e+02	6.114213e+01
1.992062e+00	1.472344e+00	4.895531e+02	3.426530e+03
2.627526e+00	1.148255e+00	2.426434e+02	5.878717e+03
2.529105e+00	1.187846e+00	2.364307e+02	2.324996e+03
1.839143e+00	1.587482e+00	4.856870e+02	1.378013e+03
2.681281e+00	1.129259e+00	1.858216e+02	6.603868e+03
1.992548e+00	1.471209e+00	6.084924e+02	1.853650e+02
2.630107e+00	1.148380e+00	2.483622e+02	6.371010e+03
1.806693e+00	1.615571e+00	5.298214e+02	3.519848e+02
2.651764e+00	1.139822e+00	9.554802e+01	7.284766e+03
2.043379e+00	1.437732e+00	2.749555e+03	3.521074e+02
1.817156e+00	1.607533e+00	1.082473e+03	8.857541e+03
2.798570e+00	1.089002e+00	2.657288e+00	5.573608e+03
2.240645e+00	1.320915e+00	5.548074e+01	4.170964e+03
2.617468e+00	1.153099e+00	5.804701e+01	3.960619e+03
2.606372e+00	1.156634e+00	3.603539e+01	1.446218e+03
2.368462e+00	1.257092e+00	5.779806e+02	1.137202e+03
2.181782e+00	1.352724e+00	1.880853e+02	1.828280e+02
2.129774e+00	1.383815e+00	7.340259e+02	3.092551e+03
1.854060e+00	1.576405e+00	1.661955e+03	5.819971e+02
1.820912e+00	1.603815e+00	2.670521e+03	4.163798e+03
2.668586e+00	1.134118e+00	7.746348e+01	6.257439e+03
2.055317e+00	1.429542e+00	3.266067e+01	4.325942e+03
2.383566e+00	1.249754e+00	3.779736e+01	3.072817e+02
2.515292e+00	1.193028e+00	4.612357e+02	8.974356e+03
2.325401e+00	1.278789e+00	1.317752e+03	4.482582e+03
2.536204e+00	1.184798e+00	4.529223e+00	9.454386e+03
2.525681e+00	1.190070e+00	9.817271e+02	3.831845e+03
2.281745e+00	1.300150e+00	7.918067e+01	2.646905e+03
2.380854e+00	1.251812e+00	5.300694e+02	2.281933e+03
2.052604e+00	1.431138e+00	2.495947e+02	3.721076e+03
2.158960e+00	1.365861e+00	1.348822e+02	1.531439e+03
2.380670e+00	1.251709e+00	1.048474e+03	2.687778e+03
1.732321e+00	1.684197e+00	1.565801e+03	2.334375e+03
1.919511e+00	1.523672e+00	3.919501e+01	1.584382e+02
1.753163e+00	1.663144e+00	1.617386e+02	8.339503e+02
2.594923e+00	1.161426e+00	7.797757e+02	2.773032e+03
2.528299e+00	1.187873e+00	1.005914e+03	3.815136e+03
2.291923e+00	1.293892e+00	3.940315e+01	1.997066e+02
2.674945e+00	1.131838e+00	6.289975e+02	9.154264e+03
2.334075e+00	1.273497e+00	2.624157e+02	2.239783e+03
1.835999e+00	1.590234e+00	2.511345e+02	7.914126e+02
2.032062e+00	1.444372e+00	7.963460e+02	2.007172e+03
1.742591e+00	1.674851e+00	9.861833e+02	1.697803e+03
2.459937e+00	1.215831e+00	1.585055e+02	2.905415e+03
2.027448e+00	1.449707e+00	7.556366e+02	4.179085e+03
1.714084e+00	1.701770e+00	2.120845e+02	2.644111e+02
1.947477e+00	1.504447e+00	1.599415e+03	3.320856e+03
1.874889e+00	1.558922e+00	4.866286e+02	3.756805e+02
2.328924e+00	1.276295e+00	1.913653e+02	7.167564e+03
2.603164e+00	1.157614e+00	1.355991e+02	6.325490e+03
2.371203e+00	1.256168e+00	3.920522e+02	4.167545e+03
2.676399e+00	1.131091e+00	4.067913e+01	7.798002e+03
2.476091e+00	1.208838e+00	1.243100e+02	7.454748e+02
2.445249e+00	1.222418e+00	4.356015e+02	5.674143e+02
2.467483e+00	1.213328e+00	7.941512e+01	5.502852e+03
1.847263e+00	1.581175e+00	5.886517e+02	7.844956e+02
2.620741e+00	1.152054e+00	2.428604e+02	9.948388e+03
1.709824e+00	1.706424e+00	1.667283e+03	1.021716e+03
2.596959e+00	1.160844e+00	1.165641e+02	5.594809e+03
1.823908e+00	1.600995e+00	1.835636e+03	3.014370e+02
1.826690e+00	1.599440e+00	5.340990e+02	1.181368e+02
2.095177e+00	1.403737e+00	9.179766e+02	1.891828e+03
2.613276e+00	1.154754e+00	3.764986e+02	9.094533e+03
1.844593e+00	1.582985e+00	7.641747e+02	1.581164e+02
2.604819e+00	1.158004e+00	4.336596e+02	8.625131e+03
2.632936e+00	1.147343e+00	3.243260e+02	3.905606e+03
1.906415e+00	1.535000e+00	2.580903e+03	1.631352e+03
2.134338e+00	1.380177e+00	3.123042e+02	3.515321e+03
1.773071e+00	1.646288e+00	3.427114e+02	2.737205e+03
2.131607e+00	1.381933e+00	3.190967e+02	3.746402e+03
2.446539e+00	1.222282e+00	6.030399e+01	5.499716e+02
2.613114e+00	1.154822e+00	7.106899e+02	3.823377e+03
2.473712e+00	1.210813e+00	9.529301e+02	8.252345e+03
1.957327e+00	1.496241e+00	1.317826e+03	2.743384e+03
2.515530e+00	1.192410e+00	1.390758e+02	2.945901e+02
1.956253e+00	1.497468e+00	1.321309e+03	9.612824e+02
2.400651e+00	1.242222e+00	1.693383e+01	5.442174e+03
2.246417e+00	1.317107e+00	8.261229e+02	5.162344e+02
2.126941e+00	1.384415e+00	3.479253e+02	1.412161e+02
1.757293e+00	1.660452e+00	1.156773e+03	2.340331e+03
1.956271e+00	1.497284e+00	8.070104e+02	2.575278e+03
1.821311e+00	1.603189e+00	1.833000e+03	1.941445e+02
2.119108e+00	1.389786e+00	7.136741e+02	3.637916e+03
1.890496e+00	1.546604e+00	1.314553e+03	2.764314e+03
2.337517e+00	1.271658e+00	3.976281e+01	7.275118e+02
2.649603e+00	1.141087e+00	2.514741e+02	8.901950e+03
2.106429e+00	1.396969e+00	4.707184e+02	7.251733e+02
2.503460e+00	1.197767e+00	2.241276e+02	8.393544e+03
2.244436e+00	1.318649e+00	1.562728e+02	4.973161e+01
2.511154e+00	1.194874e+00	2.782342e+02	5.381631e+03
2.625645e+00	1.150112e+00	6.654844e+02	2.276079e+03
2.546422e+00	1.180961e+00	3.866914e+02	6.021065e+03
1.967929e+00	1.488391e+00	2.061835e+03	5.205569e+02
1.921923e+00	1.522566e+00	5.874341e+02	3.199957e+02
2.664518e+00	1.134918e+00	1.510898e+02	8.398244e+03
1.954907e+00	1.498411e+00	1.049010e+03	2.086619e+03
1.862838e+00	1.570277e+00	1.495213e+03	9.967403e+02
1.956550e+00	1.497930e+00	2.972039e+03	5.197103e+02
2.219024e+00	1.332801e+00	1.081461e+03	2.420445e+03
2.032069e+00	1.444437e+00	9.291147e+02	1.035089e+02
1.937381e+00	1.510533e+00	3.607939e+02	1.333858e+03
2.013741e+00	1.457773e+00	6.638893e+00	1.731118e+03
2.161343e+00	1.365901e+00	2.120329e+03	7.784951e+02
1.946214e+00	1.503612e+00	5.432676e+02	3.804510e+03
2.399458e+00	1.242366e+00	1.060828e+02	7.381123e+02
2.147044e+00	1.373556e+00	3.479356e+02	1.971537e+03
2.465721e+00	1.213943e+00	4.783100e+02	1.673540e+03
1.901211e+00	1.538061e+00	7.807958e+01	1.605546e+03
1.733587e+00	1.683783e+00	4.821651e+02	3.289956e+02
2.579093e+00	1.167821e+00	2.010028e+02	6.204388e+03
1.915051e+00	1.526645e+00	4.036317e+02	1.663268e+02
2.233434e+00	1.324437e+00	1.735017e+02	2.936941e+02
1.721500e+00	1.694491e+00	1.957597e+02	6.040507e+02
1.861018e+00	1.569510e+00	7.979317e+02	8.227993e+02
2.309117e+00	1.284860e+00	5.693607e+02	1.091794e+03
2.272281e+00	1.304838e+00	1.676661e+03	5.638753e+03
1.895053e+00	1.541596e+00	3.564396e+02	3.325858e+02
2.368228e+00	1.257662e+00	3.229114e+02	5.865061e+03
1.862506e+00	1.570364e+00	7.959642e+02	7.966469e+03
1.963812e+00	1.490557e+00	1.402042e+02	9.583167e+01
2.407542e+00	1.239442e+00	6.754486e+02	1.976180e+03
2.720691e+00	1.115644e+00	8.065705e+01	7.239920e+03
2.516353e+00	1.192793e+00	3.019506e+02	3.322012e+03
2.078572e+00	1.414898e+00	9.826288e+01	3.296698e+03
1.734871e+00	1.681457e+00	7.673384e+02	9.864071e+02
2.497369e+00	1.200047e+00	1.583090e+01	2.998497e+03
2.224455e+00	1.328837e+00	2.643088e+02	5.291564e+02
1.912529e+00	1.529041e+00	2.457482e+03	8.133753e+02
1.964372e+00	1.491192e+00	2.082579e+03	9.559394e+01
2.431619e+00	1.227863e+00	3.137761e+02	5.031244e+03
1.968685e+00	1.489474e+00	1.763471e+03	5.780530e+03
2.056760e+00	1.428426e+00	7.500370e+02	4.048660e+02
1.991052e+00	1.472720e+00	2.298571e+03	1.124527e+03
2.523708e+00	1.189574e+00	2.230512e+02	8.991737e+03
2.200100e+00	1.342767e+00	7.873945e+02	7.305672e+02
2.625171e+00	1.150258e+00	8.726932e+02	6.644673e+03
2.546101e+00	1.180240e+00	3.250102e+02	3.694618e+03
2.585550e+00	1.164605e+00	6.452744e+01	6.936281e+02
2.510526e+00	1.194979e+00	6.558539e+02	6.169678e+03
2.131735e+00	1.381477e+00	1.694147e+02	6.984860e+02
2.559076e+00	1.176282e+00	1.960511e+02	7.690886e+03
2.345764e+00	1.267475e+00	4.547440e+00	8.519776e+02
2.976162e+00	1.036175e+00	2.194735e+02	4.659031e+03
2.188934e+00	1.348261e+00	3.491248e+01	6.014289e+02
2.563475e+00	1.173538e+00	3.002178e+02	4.496423e+03
2.455970e+00	1.218158e+00	4.572128e+02	1.074644e+03
2.154257e+00	1.369424e+00	1.075925e+03	4.742774e+02
2.421338e+00	1.233011e+00	4.132968e+02	3.472205e+03
2.572384e+00	1.170907e+00	3.495255e+03	8.764640e+03
2.575941e+00	1.168676e+00	2.040986e+01	2.747396e+03
2.548577e+00	1.179831e+00	3.885358e+02	8.963921e+03
1.803123e+00	1.619594e+00	1.592886e+03	2.235419e+03
1.962562e+00	1.493444e+00	1.547002e+03	6.395458e+03
1.993728e+00	1.469239e+00	1.796187e+01	1.210435e+03
2.048169e+00	1.434285e+00	1.710649e+03	4.550060e+03
2.067481e+00	1.422924e+00	8.932200e+02	4.836767e+02
1.768136e+00	1.650633e+00	5.738244e+02	2.368557e+03
2.404133e+00	1.241295e+00	3.470124e+02	2.046444e+03
1.980252e+00	1.480673e+00	7.422909e+01	5.634087e+03
1.882540e+00	1.551894e+00	1.865593e+02	2.414418e+02
2.002872e+00	1.464911e+00	4.660427e+02	1.424729e+03
1.841796e+00	1.587023e+00	7.048311e+02	4.964717e+03
2.556992e+00	1.176204e+00	4.424004e+01	3.199598e+03
1.795449e+00	1.626289e+00	6.607166e+00	7.146433e+02
1.723419e+00	1.692454e+00	3.197972e+01	4.560023e+02
2.308311e+00	1.286779e+00	6.139133e+02	3.142959e+03
2.545659e+00	1.181109e+00	6.129159e+02	5.480650e+03
1.752915e+00	1.664266e+00	3.177887e+02	5.248804e+02
2.119310e+00	1.389732e+00	1.289448e+03	1.473572e+03
2.003264e+00	1.464468e+00	3.990401e+00	4.573969e+02
2.060759e+00	1.425922e+00	1.469647e+02	5.679579e+03
1.784684e+00	1.636351e+00	1.635931e+03	3.115478e+02
1.835443e+00	1.591125e+00	7.057794e+02	5.215628e+02
2.217082e+00	1.333983e+00	8.684892e+02	3.213259e+03
2.412414e+00	1.237758e+00	1.637531e+02	1.921700e+03
2.134723e+00	1.380307e+00	1.898709e+03	4.012634e+03
2.490275e+00	1.203532e+00	6.004628e+02	3.045063e+02
2.605789e+00	1.157379e+00	2.026047e+02	7.785220e+03
2.280406e+00	1.300910e+00	1.943781e+01	2.292346e+03
2.276306e+00	1.302668e+00	1.650964e+03	5.940928e+01
2.133930e+00	1.380768e+00	8.672755e+01	4.076415e+02
2.162996e+00	1.362966e+00	6.654540e+00	5.846433e+01
2.728549e+00	1.113303e+00	4.809950e+02	2.250024e+03
1.963382e+00	1.492211e+00	3.010363e+02	5.723504e+03
2.568272e+00	1.171625e+00	3.952368e+02	2.346084e+03
2.632655e+00	1.147007e+00	1.849697e+01	1.382091e+02
2.764439e+00	1.100855e+00	6.617143e+02	1.410472e+03
1.802289e+00	1.620551e+00	1.759798e+03	2.354441e+03
2.415067e+00	1.235480e+00	3.321184e+02	4.687063e+03
1.944980e+00	1.505465e+00	5.115308e+02	7.460426e+02
2.451141e+00	1.220398e+00	2.548441e+02	2.840184e+03
1.996327e+00	1.468371e+00	1.032922e+03	2.120240e+03
1.843711e+00	1.585355e+00	1.003895e+03	2.728693e+03
2.813580e+00	1.085766e+00	5.043442e+02	8.177896e+03
1.855355e+00	1.574486e+00	2.300857e+02	2.501098e+03
2.094483e+00	1.403334e+00	5.725765e+02	1.998860e+03
2.381985e+00	1.250879e+00	1.020459e+02	7.604544e+02
2.168016e+00	1.360996e+00	3.504790e+00	4.215441e+02
2.397076e+00	1.243805e+00	1.282063e+02	4.970401e+03
2.383221e+00	1.250737e+00	5.123790e+02	4.409165e+03
2.078632e+00	1.414689e+00	1.007639e+03	8.052653e+02
2.460614e+00	1.215201e+00	1.964351e+02	2.256429e+02
2.499843e+00	1.199480e+00	4.478249e+02	8.810609e+03
2.476145e+00	1.209389e+00	1.794760e+02	8.622953e+03
2.447377e+00	1.221192e+00	1.783682e+02	1.217038e+03
1.730378e+00	1.686457e+00	1.310008e+02	2.743918e+03
1.714971e+00	1.700753e+00	2.568839e+02	5.707631e+02
1.735762e+00	1.681063e+00	1.072437e+03	1.318468e+03
2.006403e+00	1.461559e+00	4.165285e+02	1.458411e+03
2.039289e+00	1.440519e+00	2.919590e+03	3.917108e+03
2.148624e+00	1.371647e+00	7.521604e+02	2.175120e+03
2.470891e+00	1.211096e+00	6.838522e+00	1.246806e+03
2.001036e+00	1.465146e+00	1.670758e+02	1.468026e+03
2.111009e+00	1.393974e+00	9.906838e+01	4.020329e+02
2.513467e+00	1.193520e+00	7.752037e+02	3.028788e+03
1.965609e+00	1.490873e+00	1.838258e+03	8.489572e+02
1.730749e+00	1.687040e+00	2.191969e+03	3.449393e+03
2.171658e+00	1.358406e+00	3.854235e+02	1.455829e+02
1.955660e+00	1.496271e+00	6.140447e+02	1.581942e+03
2.426605e+00	1.231261e+00	1.580878e+01	1.959156e+03
2.587879e+00	1.164507e+00	5.902789e+02	2.520998e+03
1.943882e+00	1.505301e+00	6.075657e+02	1.140296e+03
1.776974e+00	1.642981e+00	9.050278e+02	2.556978e+03
2.472198e+00	1.210832e+00	3.478772e+02	1.745750e+03
2.187738e+00	1.349981e+00	3.938868e+02	2.950879e+03
2.385583e+00	1.249127e+00	4.078411e+01	8.362923e+02
2.493608e+00	1.201900e+00	1.634082e+02	2.454805e+03
2.482568e+00	1.207184e+00	5.495801e+02	3.459990e+03
2.625016e+00	1.150549e+00	1.054320e+03	3.264410e+03
1.965580e+00	1.490837e+00	1.555745e+03	7.711270e+02
2.154253e+00	1.368794e+00	3.496850e+01	6.578387e+03
2.192809e+00	1.346227e+00	1.212337e+02	9.014539e+02
1.977382e+00	1.482780e+00	3.131375e+03	1.121139e+03
2.064075e+00	1.424122e+00	2.229350e+03	8.186127e+03
2.542465e+00	1.181393e+00	2.939885e+02	3.515458e+03
2.778061e+00	1.095979e+00	1.055216e+02	5.711140e+02
1.847180e+00	1.580691e+00	2.349005e+02	9.268096e+02
2.283200e+00	1.298196e+00	1.174340e+02	5.714145e+02
2.020524e+00	1.452055e+00	4.573074e+02	2.903499e+03
2.640387e+00	1.144648e+00	1.002100e+03	4.219066e+03
2.035933e+00	1.441719e+00	2.757385e+02	3.327383e+03
2.528788e+00	1.186961e+00	1.771877e+02	5.925268e+03
1.745241e+00	1.671496e+00	2.230104e+02	2.873418e+01
2.493081e+00	1.201822e+00	2.247265e+02	3.651568e+03
1.734737e+00	1.681010e+00	4.163331e+02	1.665628e+02
2.152116e+00	1.369852e+00	2.001728e+02	4.591464e+03
2.245373e+00	1.318021e+00	1.893202e+02	1.780232e+02
1.899127e+00	1.540170e+00	1.308925e+03	3.873302e+03
2.306376e+00	1.287211e+00	6.379458e+02	1.952482e+03
2.438016e+00	1.225936e+00	2.348588e+02	6.663930e+03
2.405376e+00	1.240048e+00	3.234012e+02	6.509040e+02
1.903921e+00	1.535722e+00	7.449844e+02	1.717557e+03
2.119289e+00	1.389171e+00	7.160025e+02	3.956044e+03
2.608198e+00	1.156620e+00	8.798325e+02	5.878540e+03
2.020135e+00	1.452753e+00	5.697598e+02	2.000697e+03
1.894616e+00	1.543564e+00	5.309582e+02	5.261588e+02
1.867586e+00	1.565194e+00	1.147666e+03	1.143599e+03
2.190872e+00	1.347925e+00	3.723646e+02	4.603339e+03
1.978366e+00	1.480174e+00	2.629462e+02	4.376379e+01
1.952226e+00	1.500357e+00	9.789682e+02	2.224237e+03
2.561901e+00	1.173848e+00	2.169053e+02	2.972203e+03
2.342775e+00	1.270338e+00	6.585977e+02	3.221123e+03
1.765861e+00	1.653543e+00	1.328787e+03	1.128947e+03
2.493101e+00	1.201747e+00	1.087261e+02	2.481901e+02
1.968746e+00	1.488585e+00	8.474473e+02	8.054443e+03
1.807838e+00	1.615117e+00	3.578490e+01	7.187183e+02
1.829380e+00	1.597265e+00	1.004217e+03	1.006705e+03
1.775629e+00	1.645395e+00	1.383692e+03	2.825588e+03
1.852359e+00	1.576615e+00	3.608803e+02	8.826453e+01
1.932494e+00	1.515050e+00	1.734015e+03	7.993134e+02
2.640006e+00	1.145333e+00	3.539174e+02	1.199792e+03
2.424259e+00	1.231242e+00	3.589032e+02	4.233244e+03
2.214384e+00	1.335490e+00	2.855979e+02	6.903631e+03
2.431173e+00	1.228516e+00	2.781462e+02	5.597190e+03
2.525100e+00	1.189357e+00	2.421764e+02	6.685040e+03
2.431070e+00	1.229119e+00	3.366369e+02	3.399022e+03
1.861173e+00	1.569159e+00	1.095157e+02	2.628008e+02
2.564825e+00	1.172646e+00	3.653613e+02	1.818636e+03
2.270355e+00	1.304855e+00	3.191866e+02	1.166931e+03
2.080488e+00	1.413792e+00	6.776761e+02	2.618201e+03
2.608816e+00	1.156444e+00	5.392225e+02	4.200827e+03
1.913786e+00	1.528018e+00	3.182340e+02	3.214756e+02
2.410147e+00	1.237863e+00	7.326302e+00	1.285052e+03
1.809481e+00	1.612914e+00	8.269840e+01	7.624929e+02
2.567388e+00	1.171197e+00	1.640587e+01	2.138504e+03
1.824947e+00	1.601635e+00	2.466266e+03	2.400583e+03
2.006046e+00	1.462235e+00	2.015608e+02	2.922834e+03
2.638381e+00	1.146193e+00	1.128274e+02	5.038024e+03
2.466424e+00	1.213590e+00	4.973604e+02	6.541812e+02
2.499902e+00	1.199231e+00	4.848484e+02	8.277635e+03
2.503369e+00	1.197369e+00	8.972780e+02	1.500587e+03
1.724894e+00	1.692315e+00	2.575405e+03	4.783708e+01
1.849218e+00	1.580881e+00	4.904931e+02	5.152874e+03
2.189206e+00	1.348883e+00	3.525796e+02	8.597525e+02
1.848182e+00	1.582031e+00	4.771913e+02	1.120254e+03
2.665139e+00	1.135333e+00	2.020586e+02	4.654609e+03
2.613135e+00	1.155014e+00	7.064269e+02	2.021001e+03
2.365144e+00	1.258789e+00	1.837214e+02	3.894955e+03
2.124158e+00	1.386729e+00	5.915795e+02	3.174222e+03
1.820606e+00	1.603029e+00	5.005104e+02	2.085431e+02
2.463551e+00	1.213857e+00	1.337891e+02	4.801007e+03
2.679083e+00	1.130440e+00	1.568237e+02	4.922504e+03
2.636346e+00	1.145004e+00	8.403620e+01	5.957805e+03
1.917016e+00	1.526182e+00	1.596196e+03	4.023006e+02
2.666938e+00	1.134603e+00	4.824260e+02	8.383764e+03
1.966643e+00	1.488734e+00	6.434863e+02	1.342431e+03
2.183987e+00	1.351542e+00	3.145879e+02	9.457921e+02
2.274437e+00	1.303626e+00	2.607416e+03	3.712523e+03
1.928066e+00	1.517774e+00	1.267202e+02	3.386684e+03
1.772730e+00	1.646458e+00	8.021092e+02	3.248623e+02
2.269968e+00	1.306221e+00	3.997697e+02	4.249427e+03
2.639141e+00	1.144090e+00	1.145224e+02	8.451392e+03
1.856596e+00	1.573113e+00	2.353571e+02	1.022204e+02
2.056106e+00	1.428909e+00	9.270705e+01	5.300863e+03
2.228971e+00	1.326750e+00	2.771436e+02	7.818264e+01
2.064557e+00	1.422719e+00	1.474633e+03	1.738844e+02
2.334210e+00	1.273386e+00	9.081683e+00	5.203138e+03
2.591006e+00	1.163134e+00	1.980018e+03	5.248995e+03
2.405130e+00	1.240418e+00	7.130149e+01	2.132250e+03
1.967923e+00	1.488388e+00	8.718466e+02	2.293728e+03
2.497417e+00	1.199641e+00	1.718663e+01	2.623352e+02
1.831134e+00	1.595130e+00	1.272910e+03	6.970090e+01
2.507154e+00	1.196454e+00	9.788528e+02	3.468941e+03
1.920486e+00	1.523461e+00	6.085292e+02	1.408225e+02
1.908699e+00	1.532704e+00	1.253165e+03	4.996519e+02
1.751427e+00	1.666320e+00	4.923016e+02	6.898907e+02
2.041858e+00	1.438286e+00	5.069066e+02	4.005268e+03
2.022871e+00	1.451742e+00	8.375645e+02	3.551587e+03
2.204631e+00	1.341269e+00	1.401965e+03	5.020521e+03
2.320794e+00	1.279646e+00	3.138751e+02	4.268764e+03
1.867200e+00	1.565148e+00	1.319570e+02	4.027784e+03
2.188920e+00	1.348110e+00	1.624213e+02	3.522828e+03
2.405368e+00	1.240414e+00	3.501435e+02	5.229048e+03
2.155454e+00	1.368434e+00	6.653635e+02	3.269724e+03
1.858585e+00	1.572389e+00	3.455566e+01	9.386178e+02
2.182894e+00	1.352552e+00	5.554381e+02	1.046789e+03
2.744266e+00	1.108053e+00	2.801507e+02	3.481323e+03
2.503896e+00	1.198554e+00	9.014154e+02	9.063012e+03
1.880347e+00	1.555501e+00	8.460828e+02	5.208874e+03
2.267020e+00	1.306953e+00	2.493315e+02	6.696547e+02
2.523731e+00	1.188919e+00	2.463330e+02	3.577137e+03
2.181202e+00	1.352973e+00	1.348662e+02	1.194390e+03
1.818183e+00	1.605653e+00	2.007953e+02	4.190163e+03
2.622107e+00	1.151736e+00	1.022047e+03	3.484956e+03
2.390354e+00	1.246672e+00	2.153112e+02	4.016826e+02
2.166054e+00	1.362502e+00	9.361065e+02	2.347034e+03
2.441620e+00	1.223805e+00	1.287683e+02	6.295427e+02
1.984359e+00	1.477193e+00	5.685178e+02	2.085187e+03
2.033213e+00	1.443857e+00	7.588929e+02	2.051025e+03
2.665226e+00	1.135457e+00	1.010287e+02	5.381643e+03
2.065966e+00	1.422784e+00	4.831360e+02	3.215242e+03
2.414525e+00	1.236119e+00	8.789313e+02	1.716228e+03
1.725120e+00	1.690888e+00	1.949314e+03	5.298462e+02
1.944046e+00	1.506533e+00	2.276513e+03	1.442148e+03
1.721555e+00	1.694533e+00	2.698164e+02	8.173900e+02
1.871075e+00	1.562394e+00	4.286094e+02	1.396276e+03
1.773491e+00	1.646474e+00	1.402399e+03	1.028738e+03
2.123307e+00	1.386610e+00	8.842147e+01	4.061215e+02
2.276190e+00	1.301700e+00	8.157550e+02	3.155090e+02
2.810763e+00	1.086032e+00	6.434552e+02	1.870147e+03
2.392723e+00	1.246119e+00	1.532680e+02	4.380700e+03
2.264344e+00	1.308099e+00	1.040244e+02	7.367564e+02
1.962904e+00	1.493091e+00	6.932786e+02	2.824307e+03
2.287320e+00	1.297495e+00	2.495201e+03	7.960189e+02
2.471790e+00	1.210668e+00	1.379963e+03	6.286329e+03
2.640601e+00	1.144196e+00	3.195259e+02	4.983302e+03
1.768057e+00	1.650810e+00	2.297833e+02	3.121189e+02
2.253313e+00	1.314090e+00	7.004303e+02	2.505423e+03
2.254232e+00	1.313420e+00	4.124798e+01	1.892905e+03
1.729901e+00	1.686742e+00	6.781107e+02	1.374758e+03
2.043549e+00	1.436697e+00	2.777705e+02	2.247242e+03
1.813928e+00	1.610092e+00	7.269426e+01	6.745407e+02
1.840869e+00	1.587339e+00	3.015683e+03	2.429743e+03
1.978912e+00	1.481905e+00	3.353288e+02	4.285037e+03
1.733005e+00	1.684455e+00	3.129548e+03	4.648522e+02
2.391437e+00	1.246763e+00	4.381651e+02	4.263748e+03
2.510870e+00	1.194585e+00	2.401204e+02	4.081527e+03
2.494211e+00	1.201435e+00	9.406718e+01	1.894964e+03
1.881311e+00	1.553482e+00	2.103592e+02	3.767695e+00
2.635580e+00	1.147277e+00	5.738723e+01	4.955830e+03
1.882590e+00	1.552094e+00	1.059499e+02	3.472642e+02
1.973158e+00	1.485253e+00	9.352212e+02	2.121772e+03
2.232894e+00	1.325221e+00	5.228636e+02	3.331168e+03
2.593922e+00	1.161819e+00	3.155999e+02	5.774226e+03
2.468358e+00	1.212346e+00	4.990618e+01	1.423957e+03
2.263127e+00	1.308704e+00	6.847758e+01	5.711533e+03
2.053984e+00	1.431279e+00	3.463604e+02	5.325814e+03
2.045127e+00	1.435439e+00	1.587722e+02	7.364318e+02
2.886042e+00	1.062504e+00	4.622199e+02	3.715238e+03
2.774196e+00	1.098588e+00	5.396175e+02	7.680134e+03
1.743430e+00	1.674396e+00	3.477418e+02	1.072500e+03
2.484673e+00	1.205276e+00	5.661869e+02	8.235399e+02
1.945641e+00	1.503960e+00	6.483164e+02	2.731729e+02
2.163335e+00	1.363942e+00	4.718882e+02	4.502393e+03
2.039435e+00	1.440007e+00	4.053408e+02	2.000109e+03
1.712102e+00	1.704766e+00	2.287632e+03	6.083040e+02
1.999613e+00	1.466065e+00	3.732599e+02	1.776600e+03
2.261659e+00	1.310362e+00	2.166722e+02	6.244737e+03
2.616843e+00	1.152377e+00	2.896438e+02	5.742586e+03
1.725065e+00	1.690145e+00	2.126879e+03	1.474616e+03
1.709025e+00	1.706642e+00	8.569694e+01	5.105477e+02
1.966592e+00	1.488703e+00	8.160037e+00	5.910473e+02
1.969458e+00	1.487460e+00	1.163161e+03	1.716893e+03
1.949760e+00	1.501663e+00	5.420885e+02	4.516024e+02
2.518058e+00	1.191882e+00	9.852044e+01	6.206829e+03
1.998782e+00	1.468083e+00	1.378922e+03	2.030918e+03
2.090016e+00	1.406681e+00	3.941300e+02	1.676486e+02
1.995661e+00	1.469743e+00	1.917321e+01	1.116625e+03
1.834864e+00	1.592685e+00	7.371567e+02	3.915087e+03
2.037243e+00	1.441031e+00	5.496509e+02	2.658180e+03
2.118103e+00	1.390681e+00	1.116103e+03	6.085959e+03
2.423674e+00	1.231292e+00	8.523683e+01	2.935133e+02
2.594868e+00	1.161697e+00	5.949888e+02	4.066291e+03
1.966692e+00	1.489399e+00	4.914688e+02	2.414759e+03
2.736466e+00	1.109870e+00	2.381658e+01	4.701036e+03
1.980248e+00	1.480079e+00	1.097259e+03	2.170254e+03
2.028319e+00	1.446175e+00	1.082221e+02	1.307247e+03
1.797270e+00	1.624732e+00	3.856079e+02	3.233360e+03
2.171471e+00	1.358575e+00	4.162975e+02	1.293699e+03
2.038667e+00	1.439960e+00	2.876038e+02	1.401936e+03
1.917471e+00	1.526298e+00	1.353631e+03	1.432537e+03
2.627523e+00	1.149268e+00	6.444082e+02	4.102413e+03
2.232871e+00	1.324793e+00	9.038365e+02	6.071387e+03
1.712264e+00	1.703490e+00	2.719378e+02	1.789057e+02
1.852220e+00	1.578509e+00	3.940169e+02	5.141263e+03
2.263156e+00	1.309611e+00	3.264530e+02	4.710609e+03
1.901819e+00	1.537762e+00	1.023756e+03	3.571119e+03
1.868967e+00	1.564242e+00	2.909799e+03	1.272897e+03
1.771664e+00	1.646842e+00	6.492592e+02	2.459089e+02
2.309221e+00	1.286072e+00	8.020552e+02	1.310927e+03
2.043390e+00	1.435329e+00	7.383634e+00	2.366321e+02
2.154866e+00	1.367520e+00	6.163592e+02	1.763754e+02
1.950094e+00	1.501869e+00	9.453358e+02	1.131793e+03
2.326722e+00	1.276884e+00	1.145868e+02	1.449797e+03
1.887996e+00	1.548133e+00	6.935916e+02	1.786571e+03
1.842854e+00	1.586114e+00	8.342870e+02	3.069609e+03
2.442826e+00	1.223659e+00	1.733239e-02	1.411067e+03
2.752661e+00	1.106103e+00	2.414219e+02	5.881952e+03
2.133864e+00	1.381895e+00	9.706769e+02	4.506963e+03
2.342477e+00	1.270553e+00	6.669133e+02	3.195257e+03
2.274489e+00	1.303718e+00	8.655462e+00	3.490490e+03
2.534276e+00	1.185076e+00	1.589256e+02	4.086616e+03
1.918253e+00	1.524915e+00	1.653323e+03	6.554757e+01
1.951817e+00	1.500249e+00	8.116224e+02	8.675710e+02
2.559123e+00	1.175617e+00	4.526062e+02	2.797054e+03
2.133282e+00	1.382575e+00	1.406345e+02	5.016124e+03
2.513825e+00	1.193341e+00	2.284827e+02	4.687618e+03
1.861996e+00	1.570375e+00	2.853052e+03	9.678676e+02
1.892465e+00	1.544574e+00	9.877490e+02	4.915810e+03
1.938255e+00	1.510584e+00	1.045916e+03	4.034339e+03
1.777866e+00	1.642031e+00	6.182220e+02	2.576258e+02
1.959382e+00	1.494349e+00	3.400416e+02	1.838122e+02
1.907113e+00	1.533844e+00	5.142971e+02	3.974222e+02
2.554085e+00	1.177422e+00	1.020308e+03	1.005937e+03
2.477306e+00	1.208081e+00	5.538433e+02	1.484334e+02
2.560982e+00	1.174965e+00	5.462121e+02	3.153473e+03
2.231805e+00	1.326035e+00	8.998002e+02	2.892623e+03
2.441876e+00	1.223815e+00	2.374634e+02	8.036099e+03
2.216216e+00	1.333514e+00	7.521205e+01	1.979648e+02
1.899328e+00	1.539636e+00	3.750056e+02	1.112447e+02
1.841403e+00	1.586465e+00	2.304575e+02	6.770768e+02
2.231793e+00	1.325292e+00	6.707188e+01	6.905666e+02
1.868418e+00	1.565102e+00	1.524270e+03	5.203121e+03
1.922501e+00	1.522077e+00	1.378558e+03	6.730403e+02
1.721807e+00	1.694943e+00	2.346191e+02	5.034589e+02
1.990142e+00	1.472563e+00	3.312696e+02	1.762079e+03
2.465295e+00	1.213568e+00	3.543578e+01	7.999514e+03
2.035586e+00	1.442202e+00	2.999866e+02	6.904522e+03
2.548910e+00	1.179572e+00	6.864514e+01	6.829601e+03
2.413210e+00	1.236847e+00	1.250445e+02	7.818281e+01
2.339001e+00	1.271110e+00	5.322564e+02	3.623022e+03
1.955154e+00	1.498105e+00	1.154271e+03	1.985887e+03
2.532545e+00	1.185789e+00	1.817642e+02	4.833436e+03
2.378773e+00	1.251817e+00	2.268029e+02	5.268741e+03
1.960755e+00	1.494463e+00	3.720561e+02	3.086789e+03
2.394169e+00	1.244886e+00	5.151559e+02	7.116539e+02
1.836106e+00	1.589851e+00	2.650612e+02	2.138032e+03
2.513954e+00	1.194083e+00	2.523745e+02	9.370339e+03
2.197767e+00	1.344505e+00	1.001195e+03	2.312192e+03
1.731925e+00	1.684257e+00	1.357648e+02	3.931739e+02
2.195843e+00	1.344992e+00	1.374670e+02	5.024257e+03
2.110142e+00	1.395488e+00	4.015150e+02	5.616468e+03
1.804263e+00	1.617440e+00	3.673020e+02	2.334208e+03
1.860536e+00	1.569973e+00	1.609283e+02	4.252089e+02
2.490750e+00	1.203405e+00	4.103733e+02	5.402280e+03
2.350019e+00	1.265830e+00	8.794005e+01	5.910992e+02
2.070068e+00	1.418461e+00	2.400659e+02	2.136990e+02
1.754779e+00	1.663069e+00	2.864358e+03	1.584615e+02
2.090994e+00	1.406392e+00	1.352746e+02	1.632835e+03
2.276199e+00	1.301607e+00	6.158981e+02	3.486865e+03
2.501267e+00	1.198062e+00	1.656232e+01	1.834106e+02
2.642710e+00	1.143865e+00	2.068312e+02	2.949366e+03
2.322306e+00	1.280182e+00	5.553648e+02	1.523498e+03
2.003867e+00	1.463362e+00	7.599811e+02	2.556318e+03
1.772608e+00	1.646647e+00	1.605615e+03	6.620819e+02
1.729215e+00	1.686844e+00	4.919443e+02	2.225809e+02
2.661770e+00	1.136834e+00	3.147666e+01	6.832437e+03
2.405499e+00	1.240528e+00	8.658663e+02	4.211960e+03
2.033455e+00	1.443975e+00	1.413362e+03	2.406989e+03
2.347146e+00	1.267495e+00	3.084822e+02	4.646087e+03
1.978721e+00	1.481003e+00	4.844856e+02	3.007460e+03
1.926294e+00	1.518372e+00	1.441531e+03	2.101885e+02
1.876697e+00	1.557147e+00	1.034508e+02	1.040325e+03
2.056106e+00	1.428374e+00	3.288791e+02	1.617095e+02
2.637698e+00	1.145587e+00	4.225511e+02	4.433825e+03
1.904376e+00	1.535947e+00	1.093818e+03	3.129995e+03
2.618539e+00	1.152178e+00	9.070221e+01	2.344819e+03
2.474852e+00	1.208926e+00	1.518531e+02	7.952764e+03
2.333809e+00	1.273814e+00	2.889901e+02	7.579256e+03
2.228444e+00	1.327034e+00	1.733750e+02	8.167357e+02
2.654552e+00	1.140416e+00	3.674987e+02	2.467767e+03
1.768116e+00	1.650439e+00	2.108349e+02	9.766127e+02
1.744362e+00	1.672402e+00	2.034494e+02	5.026674e+02
1.726086e+00	1.690254e+00	2.600079e+02	7.317510e+02
1.804582e+00	1.618672e+00	3.399362e+03	1.060299e+03
2.031653e+00	1.444287e+00	3.988123e+02	3.971190e+01
2.277189e+00	1.301543e+00	2.932309e+01	2.806923e+03
2.474964e+00	1.209080e+00	3.638312e+02	3.268963e+02
2.846648e+00	1.073797e+00	8.310614e+00	6.196071e+03
2.541015e+00	1.183221e+00	4.189132e+02	1.928988e+03
2.048982e+00	1.433771e+00	3.914453e+02	3.505827e+03
2.594518e+00	1.161905e+00	3.714573e+02	5.027263e+03
2.162890e+00	1.364022e+00	1.160748e+03	2.276930e+03
2.408888e+00	1.238352e+00	1.444396e+02	1.111042e+02
2.185866e+00	1.350575e+00	2.208336e+02	5.343048e+02
2.037090e+00	1.441040e+00	5.855058e+02	9.122066e+01
2.332340e+00	1.274861e+00	2.465570e+02	9.091356e+03
2.190531e+00	1.348360e+00	3.634060e+02	4.661783e+03
2.667045e+00	1.134759e+00	1.036910e+02	3.232627e+03
2.731819e+00	1.112038e+00	2.028877e+02	6.774825e+03
1.931486e+00	1.515452e+00	6.979838e+02	2.847005e+02
2.170252e+00	1.359345e+00	4.374160e+02	1.043112e+03
2.618191e+00	1.152713e+00	2.114660e+02	9.893941e+03
2.075072e+00	1.415537e+00	2.552047e+01	1.226879e+03
2.431246e+00	1.228604e+00	8.187939e+01	2.845665e+03
2.516367e+00	1.192849e+00	3.991416e+02	5.681274e+03
1.978795e+00	1.480870e+00	2.288600e+03	1.497509e+03
2.029166e+00	1.446363e+00	5.317122e+02	1.852388e+03
2.557384e+00	1.176117e+00	3.754972e+02	3.527998e+03
2.306808e+00	1.286700e+00	2.568330e+02	2.186670e+03
2.558160e+00	1.175876e+00	2.314230e+02	7.455399e+03
1.907287e+00	1.533341e+00	7.104179e+02	1.579693e+03
2.060153e+00	1.426600e+00	2.080973e+03	2.326065e+03
2.175865e+00	1.357751e+00	1.280717e+03	5.164727e+03
2.421021e+00	1.233396e+00	9.029006e+02	6.606399e+02
2.409440e+00	1.238702e+00	4.671859e+02	9.070783e+02
2.037656e+00	1.441866e+00	2.790324e+02	3.715852e+03
1.762739e+00	1.654989e+00	4.788280e+02	5.625275e+02
2.635177e+00	1.146563e+00	4.309886e+01	9.007403e+03
1.981842e+00	1.480511e+00	1.646563e+03	4.948867e+03
2.108629e+00	1.395316e+00	1.302355e+02	1.025214e+02
2.039471e+00	1.439940e+00	1.532988e+03	2.889968e+03
1.799022e+00	1.624081e+00	2.595753e+03	2.079675e+03
2.623703e+00	1.150895e+00	1.737402e+02	1.986889e+03
1.909615e+00	1.532540e+00	1.110804e+03	2.467674e+03
1.973965e+00	1.483892e+00	1.034835e+02	1.812019e+03
2.426212e+00	1.230997e+00	2.778585e+02	9.969348e+03
1.934757e+00	1.512681e+00	1.214969e+03	9.181835e+02
1.872293e+00	1.562474e+00	9.415939e+02	4.942037e+03
1.999293e+00	1.466585e+00	6.258798e+02	3.409960e+02
2.442308e+00	1.223281e+00	6.188904e+00	8.687240e+02
1.966012e+00	1.489414e+00	2.326331e+01	4.190132e+02
2.573587e+00	1.170156e+00	9.272159e+02	1.818419e+03
1.959225e+00	1.494011e+00	2.414535e+03	1.372556e+03
2.141288e+00	1.376488e+00	3.310846e+02	3.884149e+03
2.274900e+00	1.302937e+00	2.057253e+02	7.404401e+02
1.735530e+00	1.680024e+00	3.685745e+02	3.415998e+02
1.831580e+00	1.596337e+00	1.930399e+02	4.310146e+03
1.996292e+00	1.469435e+00	1.656436e+03	5.181720e+02
1.847738e+00	1.581365e+00	1.157406e+03	1.758623e+02
1.894109e+00	1.544144e+00	1.915639e+03	4.779409e+02
2.047039e+00	1.435654e+00	8.875019e+02	1.485930e+03
2.382936e+00	1.249977e+00	3.531400e+01	4.579101e+02
2.573575e+00	1.170091e+00	1.037561e+03	2.412238e+03
2.528219e+00	1.187994e+00	4.589273e+02	3.325277e+03
2.065481e+00	1.424029e+00	1.515403e+03	6.637106e+03
2.462236e+00	1.215104e+00	5.748277e+01	7.967554e+02
1.929078e+00	1.517416e+00	1.042750e+03	1.968885e+03
2.018387e+00	1.453124e+00	4.817008e+02	3.413166e+03
2.475301e+00	1.209284e+00	5.125263e-01	7.450125e+02
2.074827e+00	1.417417e+00	4.589929e+01	1.967782e+03
1.976728e+00	1.483041e+00	2.444384e+03	3.376306e+03
2.472390e+00	1.210358e+00	2.118776e+02	3.869462e+03
2.540020e+00	1.183431e+00	2.902865e+02	1.798202e+03
2.044557e+00	1.435305e+00	9.639841e+01	9.746380e+02
2.451489e+00	1.220025e+00	6.352182e+02	1.569285e+03
1.980509e+00	1.479912e+00	1.782882e+02	1.925302e+03
2.088166e+00	1.408186e+00	2.026876e+02	9.661089e+02
2.609654e+00	1.155768e+00	2.519210e+01	8.229929e+03
2.395634e+00	1.244642e+00	1.510166e+02	5.618699e+03
2.107402e+00	1.396452e+00	2.763418e+02	5.773873e+02
2.158042e+00	1.367743e+00	1.208419e+03	7.127182e+03
2.142836e+00	1.375690e+00	2.842711e+02	3.810074e+03
2.531927e+00	1.186321e+00	4.177710e+02	4.882278e+03
1.812638e+00	1.610313e+00	7.458247e+02	4.984318e+01
1.822433e+00	1.601927e+00	4.095825e+02	1.907978e+03
1.985651e+00	1.475908e+00	2.593576e+02	3.191920e+03
2.388945e+00	1.247302e+00	9.611555e+00	1.299943e+03
1.943361e+00	1.505836e+00	2.995477e+02	7.070093e+02
2.289865e+00	1.294771e+00	3.181349e+02	5.185380e+03
2.584554e+00	1.165525e+00	3.232390e+02	7.135248e+03
2.002119e+00	1.465338e+00	3.023041e+02	5.477875e+03
2.146102e+00	1.372537e+00	3.853588e+02	1.205107e+03
1.879142e+00	1.554560e+00	7.958517e+02	4.701722e+02
2.077431e+00	1.416368e+00	3.890024e+02	9.188923e+03
1.938531e+00	1.510483e+00	3.898888e+02	2.259904e+03
2.546377e+00	1.180668e+00	6.685689e+02	4.364399e+03
1.777426e+00	1.642202e+00	1.754189e+03	7.227506e+02
1.843074e+00	1.584475e+00	3.889329e+02	3.624923e+01
1.920880e+00	1.523698e+00	1.341353e+03	1.596097e+02
2.145511e+00	1.374362e+00	9.507531e+02	2.042365e+03
1.815904e+00	1.609954e+00	1.792950e+02	3.787488e+03
1.736036e+00	1.681736e+00	3.037527e+02	1.369078e+03
2.630132e+00	1.147705e+00	1.083496e+02	3.393547e+03
2.027572e+00	1.446633e+00	1.684357e+02	1.072607e+03
1.806733e+00	1.616060e+00	8.540405e+02	4.213004e+03
1.792075e+00	1.629102e+00	3.977521e+02	2.864972e+03
1.895196e+00	1.542549e+00	1.164485e+02	1.123052e+02
2.618304e+00	1.152752e+00	2.559701e+02	9.592967e+03
1.951046e+00	1.500283e+00	4.319223e+02	4.057167e+03
2.570763e+00	1.171255e+00	1.580376e+02	6.634842e+03
1.826079e+00	1.599358e+00	3.126532e+02	1.271506e+03
1.862213e+00	1.569268e+00	2.481151e+03	2.701857e+01
2.603698e+00	1.157771e+00	1.441263e+02	1.200285e+03
1.956027e+00	1.498555e+00	1.118720e+02	2.296764e+03
2.395703e+00	1.244233e+00	4.096724e+02	3.923433e+03
1.856579e+00	1.572324e+00	2.540125e+02	4.083697e+02
1.708034e+00	1.707804e+00	1.530703e+02	1.221182e+02
2.049614e+00	1.432597e+00	3.139080e+02	1.930719e+03
2.531030e+00	1.186262e+00	1.162278e+03	9.870794e+03
2.135337e+00	1.380384e+00	1.649562e+02	5.857861e+03
1.869457e+00	1.563959e+00	3.267273e+03	1.337402e+03
2.083298e+00	1.410882e+00	2.009303e+02	4.133300e+02
1.925642e+00	1.519496e+00	2.073383e+03	2.657815e+03
2.607255e+00	1.156223e+00	5.472407e+01	1.732307e+02
2.236369e+00	1.323977e+00	4.707143e+02	1.480594e+03
2.661579e+00	1.136801e+00	1.831618e+01	6.906884e+03
1.750001e+00	1.668104e+00	4.735989e+02	1.394582e+02
2.620715e+00	1.150773e+00	2.373865e+02	5.294438e+03
2.216478e+00	1.333279e+00	1.001223e+01	7.705518e+02
2.242835e+00	1.319772e+00	2.822577e+02	3.746873e+02
1.856660e+00	1.573667e+00	1.701540e+02	3.232330e+02
2.686098e+00	1.128460e+00	1.006892e+03	3.767048e+03
2.175173e+00	1.357180e+00	1.881967e+02	4.735176e+03
2.332619e+00	1.273627e+00	1.117583e+02	1.627265e+02
2.384150e+00	1.249344e+00	2.048888e+02	1.351594e+03
1.947701e+00	1.503529e+00	1.068811e+03	2.418993e+03
2.075860e+00	1.416123e+00	3.876832e+02	4.647747e+03
2.529736e+00	1.186917e+00	5.686405e+01	1.757368e+03
2.443999e+00	1.223033e+00	7.081930e+02	4.403708e+03
2.093903e+00	1.404658e+00	5.107052e+01	1.249806e+03
1.945365e+00	1.504229e+00	2.446300e+03	1.793830e+03
1.920104e+00	1.523693e+00	1.135947e+03	7.936765e+02
2.111431e+00	1.394808e+00	3.409037e+02	4.302882e+03
1.992581e+00	1.470716e+00	3.521807e+02	6.450000e+02
1.819619e+00	1.604201e+00	2.439420e+02	4.517452e+01
1.921103e+00	1.523185e+00	1.174677e+03	1.976287e+02
1.726912e+00	1.689837e+00	3.285572e+02	4.865863e+02
1.716127e+00	1.699896e+00	8.003741e+02	1.991755e+03
2.070259e+00	1.419596e+00	8.659435e+02	9.635510e+01
1.925177e+00	1.519309e+00	4.807314e+02	1.364961e+03
2.048796e+00	1.433682e+00	1.356453e+02	3.415190e+02
2.004811e+00	1.462804e+00	1.424031e+02	1.143425e+03
1.945103e+00	1.505093e+00	7.754109e+02	6.454139e+01
2.010460e+00	1.460998e+00	3.457827e+02	3.784511e+03
2.211708e+00	1.336696e+00	2.874467e+03	2.576963e+03
2.267939e+00	1.306032e+00	8.122276e+02	5.343976e+03
2.145715e+00	1.373255e+00	2.340005e+02	2.038568e+02
1.794434e+00	1.626851e+00	2.388064e+03	8.980464e+02
2.530827e+00	1.186889e+00	5.175984e+02	4.925824e+03
2.526374e+00	1.188349e+00	2.125966e+02	4.844119e+03
2.422268e+00	1.232660e+00	5.682609e+01	2.886979e+03
2.519714e+00	1.190566e+00	8.243407e+01	4.087288e+02
2.464284e+00	1.213736e+00	8.541492e+01	5.129159e+03
1.932020e+00	1.515666e+00	1.168813e+02	4.843297e+03
1.714028e+00	1.703105e+00	3.689043e+03	4.857633e+02
2.248224e+00	1.316545e+00	1.007719e+03	5.851897e+03
1.900770e+00	1.538804e+00	7.261964e+02	2.262055e+02
2.158847e+00	1.366325e+00	5.422499e+01	5.789764e+03
1.762049e+00	1.657357e+00	4.102501e+03	4.071795e+03
2.018829e+00	1.453111e+00	7.665937e+02	2.036127e+03
1.738608e+00	1.679106e+00	1.087179e+03	1.398041e+03
1.896389e+00	1.541484e+00	1.033234e+03	3.755612e+03
1.724135e+00	1.692344e+00	1.225019e+03	1.092587e+03
2.394260e+00	1.244815e+00	7.527310e+01	9.876269e+03
2.100567e+00	1.401189e+00	9.290221e+02	1.029730e+03
1.916137e+00	1.527363e+00	1.318520e+03	3.424091e+03
2.569673e+00	1.171460e+00	6.782144e+01	6.683244e+03
2.565793e+00	1.173026e+00	1.476975e+02	7.579469e+03
1.978303e+00	1.480354e+00	2.103226e+02	9.944333e+02
2.649266e+00	1.140659e+00	2.130979e+02	7.403420e+03
2.156490e+00	1.367496e+00	1.046667e+03	6.763357e+02
2.018248e+00	1.453387e+00	1.619348e+02	3.400519e+03
2.284927e+00	1.297354e+00	2.107592e+02	1.546175e+02
2.447907e+00	1.221681e+00	3.233033e+02	3.698704e+03
1.773894e+00	1.644365e+00	4.962856e+02	3.612768e+01
2.568126e+00	1.172070e+00	2.073708e+02	5.646593e+03
2.019740e+00	1.452478e+00	3.776867e+02	1.002513e+03
1.836380e+00	1.590798e+00	4.210015e+02	8.786387e+02
1.796182e+00	1.626247e+00	3.630295e+02	9.455155e+03
1.967110e+00	1.489790e+00	6.988252e+02	6.312386e+03
2.469344e+00	1.211828e+00	4.010717e+01	5.753679e+02
1.936023e+00	1.512283e+00	2.469648e+02	1.693547e+03
1.755058e+00	1.665366e+00	3.018136e+03	7.880798e+03
1.802290e+00	1.620279e+00	1.270524e+03	1.517212e+03
1.714284e+00	1.701533e+00	1.707811e+02	1.542178e+02
2.344889e+00	1.268582e+00	1.041592e+03	2.618707e+03
2.020271e+00	1.452097e+00	1.948509e+02	1.265358e+03
2.378639e+00	1.252559e+00	2.472874e+01	9.713859e+02
2.166375e+00	1.361965e+00	1.029449e+03	8.791112e+02
2.402504e+00	1.241631e+00	1.971558e+02	9.817544e+02
2.137112e+00	1.378182e+00	2.175050e+02	4.039943e+02
2.631254e+00	1.147592e+00	1.610206e+02	2.946069e+03
2.445716e+00	1.221744e+00	4.480823e+02	7.101978e+02
1.988022e+00	1.474278e+00	6.433824e+02	2.177931e+03
2.110316e+00	1.394931e+00	6.770867e+02	2.442901e+03
1.887406e+00	1.549155e+00	2.171059e+02	7.067338e+01
1.862830e+00	1.568609e+00	1.705884e+02	2.190381e+03
1.829643e+00	1.595614e+00	6.774613e+02	7.602726e+01
2.037576e+00	1.440798e+00	5.033283e+02	5.998024e+03
1.711888e+00	1.705015e+00	7.088703e+02	2.371263e+03
2.620478e+00	1.152035e+00	4.018236e+02	3.089347e+03
1.766720e+00	1.651388e+00	1.019168e+02	9.714214e+02
2.039178e+00	1.439954e+00	5.114953e+02	3.962958e+03
2.700228e+00	1.122373e+00	1.241325e+01	6.194275e+03
2.077218e+00	1.415231e+00	1.361709e+03	3.583119e+03
1.792620e+00	1.628006e+00	1.396338e+01	2.805701e+02
2.386061e+00	1.248940e+00	1.032026e+02	6.765235e+02
2.393768e+00	1.244767e+00	2.789454e+02	3.527666e+01
2.444364e+00	1.223094e+00	3.630081e+00	4.137526e+03
2.466369e+00	1.213335e+00	5.540323e+02	9.250050e+03
2.645218e+00	1.142644e+00	9.074440e+01	6.181420e+03
2.278193e+00	1.302030e+00	4.040847e+02	5.209829e+03
1.717565e+00	1.697674e+00	6.286091e+02	3.712385e+02
2.619545e+00	1.152452e+00	1.895889e+03	5.616861e+03
1.863027e+00	1.568118e+00	7.538144e+02	1.542018e+03
2.182290e+00	1.352364e+00	3.293458e+02	1.485541e+03
2.035267e+00	1.442506e+00	1.092484e+02	3.920624e+01
1.843242e+00	1.584294e+00	2.767741e+00	8.573346e+02
2.627508e+00	1.149465e+00	9.207053e+02	4.108820e+03
1.943269e+00	1.507114e+00	2.303486e+02	1.104257e+03
2.249214e+00	1.316786e+00	4.089421e+02	5.562357e+03
1.932721e+00	1.513475e+00	9.639233e+02	1.017775e+02
2.540509e+00	1.183233e+00	8.117509e+02	3.484720e+03
1.937787e+00	1.510364e+00	1.606508e+03	7.597887e+01
2.419117e+00	1.234540e+00	4.169522e+02	3.454388e+03
1.972497e+00	1.485092e+00	1.512072e+03	6.786137e+00
1.984149e+00	1.477023e+00	1.050351e+03	2.456219e+03
2.499506e+00	1.199821e+00	1.619360e+02	9.467819e+03
2.511094e+00	1.194103e+00	1.098309e+02	2.508833e+03
2.611016e+00	1.155367e+00	5.918415e+02	3.498381e+03
2.581839e+00	1.166721e+00	2.854762e+02	1.855947e+03
1.992546e+00	1.472077e+00	7.157610e+01	6.121734e+03
1.966279e+00	1.490582e+00	1.308898e+01	3.337644e+03
2.117366e+00	1.390450e+00	2.702949e+02	4.145278e+03
2.468074e+00	1.212535e+00	6.338270e+02	8.584954e+03
1.891688e+00	1.545901e+00	1.036281e+03	3.927806e+03
2.538872e+00	1.183053e+00	2.238886e+01	9.743356e+02
2.138502e+00	1.378215e+00	7.328881e+01	4.216949e+03
1.905942e+00	1.535504e+00	8.529211e+02	1.858742e+03
1.856613e+00	1.573869e+00	8.060606e+02	3.384934e+01
2.436710e+00	1.226112e+00	6.959144e+02	6.116894e+03
2.643737e+00	1.144259e+00	9.693575e+01	5.544612e+03
2.571694e+00	1.170800e+00	3.700541e+02	5.599035e+03
1.884337e+00	1.551357e+00	1.589876e+03	4.083121e+02
1.718170e+00	1.698734e+00	8.508922e+02	2.246485e+03
1.711334e+00	1.705362e+00	2.414868e+03	5.161930e+02
2.215336e+00	1.334615e+00	3.409337e+02	5.056602e+02
1.725058e+00	1.690936e+00	2.599367e+03	1.025667e+02
1.752616e+00	1.664962e+00	4.671985e+02	1.869345e+02
1.764895e+00	1.653793e+00	5.862415e+02	7.133908e+02
2.159846e+00	1.365938e+00	5.298900e+02	6.205964e+03
2.608316e+00	1.156256e+00	1.895755e+02	4.993379e+03
2.334620e+00	1.272945e+00	7.600942e+02	3.551123e+03
1.916795e+00	1.526336e+00	3.716119e+02	3.034144e+03
1.944120e+00	1.506071e+00	1.223003e+03	3.879169e+03
1.930820e+00	1.516182e+00	1.304456e+03	3.296883e+03
2.516393e+00	1.192524e+00	4.737485e+02	1.050514e+03
2.608740e+00	1.156678e+00	2.497642e+02	5.730047e+03
2.507551e+00	1.196296e+00	1.173657e+02	3.584073e+03
1.719494e+00	1.696572e+00	8.347486e+02	1.824836e+03
2.517871e+00	1.191693e+00	3.787664e+02	4.440381e+03
2.418197e+00	1.235291e+00	1.053433e+03	5.408728e+03
2.194665e+00	1.345201e+00	1.560530e+02	1.574141e+02
2.352873e+00	1.265229e+00	8.530696e+02	1.657959e+03
1.822410e+00	1.603318e+00	3.033853e+03	1.309251e+03
1.926568e+00	1.518888e+00	7.280406e+02	4.385677e+02
2.004154e+00	1.464231e+00	2.709447e+02	5.361656e+03
1.845149e+00	1.583535e+00	1.080762e+03	6.955013e+02
1.811498e+00	1.612250e+00	7.629041e+02	4.981513e+03
1.866753e+00	1.566835e+00	1.198863e+03	2.253153e+03
2.698630e+00	1.123623e+00	4.466808e+02	2.427059e+03
2.575784e+00	1.169243e+00	1.722568e+02	6.440652e+03
2.497508e+00	1.199718e+00	8.883419e+01	2.604658e+03
2.063700e+00	1.423817e+00	2.529833e+01	4.708008e+03
2.610988e+00	1.155316e+00	1.262249e+02	4.861849e+03
2.523360e+00	1.189971e+00	3.256921e+02	6.772679e+03
2.651819e+00	1.139517e+00	1.773727e+02	7.210066e+03
2.134070e+00	1.379852e+00	6.492212e+02	4.273278e+02
2.455007e+00	1.218383e+00	3.970514e+02	2.514125e+03
2.300200e+00	1.289774e+00	1.711422e+01	1.682938e+03
2.479267e+00	1.207804e+00	1.876918e+02	1.580640e+03
2.014988e+00	1.456631e+00	1.198422e+03	1.585345e+03
2.379822e+00	1.251961e+00	8.294971e+02	1.638979e+03
2.138947e+00	1.377463e+00	4.886230e+02	4.441047e+03
2.370345e+00	1.256210e+00	5.078175e-01	1.940024e+03
2.574541e+00	1.169672e+00	2.877574e+02	2.843853e+03
2.248797e+00	1.316204e+00	2.140243e+02	6.446448e+00
2.414378e+00	1.235680e+00	2.632519e+02	4.791190e+03
1.716644e+00	1.699134e+00	3.084075e+02	4.263790e+02
1.897462e+00	1.540502e+00	8.886573e+01	6.833090e+02
1.889188e+00	1.547349e+00	2.758781e+02	5.529165e+01
2.263023e+00	1.308560e+00	4.169584e+01	8.217336e+02
2.187925e+00	1.349863e+00	8.355798e+02	1.912035e+03
2.208508e+00	1.338558e+00	9.043014e+02	2.444928e+03
2.380400e+00	1.252053e+00	3.690936e+02	4.850124e+03
2.232776e+00	1.325110e+00	1.066646e+02	4.359959e+03
1.718677e+00	1.698319e+00	2.423255e+03	1.319838e+03
2.163648e+00	1.362687e+00	8.601606e+01	5.500403e+02
1.733693e+00	1.684954e+00	1.301296e+03	2.204439e+03
2.001478e+00	1.465128e+00	5.174604e+02	2.483727e+03
2.269334e+00	1.305993e+00	1.739230e+02	1.656604e+03
2.834952e+00	1.078561e+00	6.030117e+02	6.738637e+03
1.812535e+00	1.610812e+00	2.899875e+03	1.292988e+03
1.860355e+00	1.570004e+00	3.676933e+02	8.664075e+02
1.968695e+00	1.488117e+00	1.870736e+02	2.832052e+03
2.388165e+00	1.247557e+00	3.976640e+02	4.285866e+02
2.188320e+00	1.349570e+00	6.835215e+02	1.954081e+03
2.663661e+00	1.135553e+00	2.874412e+02	8.056619e+02
1.981875e+00	1.478588e+00	7.646603e+02	1.854654e+03
2.679913e+00	1.129257e+00	4.388762e+01	8.559701e+03
1.956719e+00	1.497684e+00	1.500460e+03	3.750200e+03
2.472732e+00	1.211180e+00	1.552032e+02	2.375214e+03
1.794461e+00	1.627868e+00	2.685583e+03	5.531549e+02
1.961502e+00	1.493231e+00	1.265311e+03	2.902695e+03
2.344716e+00	1.268152e+00	1.733573e+02	1.373186e+03
1.845984e+00	1.582864e+00	1.202226e+03	9.809011e+02
1.897435e+00	1.541485e+00	4.831850e+02	5.057504e+03
2.383016e+00	1.249306e+00	6.024681e+01	1.126632e+03
2.381298e+00	1.251297e+00	6.283330e+01	1.748906e+03
1.786210e+00	1.634506e+00	7.549151e+02	1.291574e+02
1.736412e+00	1.680173e+00	1.320086e+03	1.067181e+03
1.898925e+00	1.540286e+00	1.288551e+03	3.697033e+03
1.831917e+00	1.595708e+00	2.144248e+03	1.159780e+03
1.777814e+00	1.642205e+00	4.424674e+02	1.034079e+03
2.550148e+00	1.179139e+00	1.355330e+02	1.995587e+03
2.299125e+00	1.289899e+00	3.028564e+02	2.420023e+03
2.387142e+00	1.248469e+00	1.242624e+01	2.048473e+03
2.509034e+00	1.195426e+00	5.308236e+02	1.616952e+03
1.846023e+00	1.582306e+00	8.060777e+02	2.447451e+02
2.109805e+00	1.395785e+00	1.435426e+03	4.431581e+02
1.862852e+00	1.568913e+00	1.102352e+03	7.758470e+02
2.474651e+00	1.209197e+00	4.798199e+02	7.719020e+03
2.166276e+00	1.362052e+00	1.038837e+03	1.366105e+03
2.197931e+00	1.344408e+00	8.796704e+02	3.610061e+03
2.123052e+00	1.385504e+00	3.648367e+01	5.758409e+02
2.590145e+00	1.162472e+00	3.992266e+02	6.350674e+03
2.356954e+00	1.263262e+00	1.010268e+03	4.193497e+03
2.295061e+00	1.293359e+00	7.152378e+02	4.653750e+03
1.742982e+00	1.675095e+00	1.392527e+03	1.162993e+03
2.651026e+00	1.139758e+00	1.444907e+02	8.878614e+03
1.890762e+00	1.546433e+00	1.199856e+03	1.686148e+03
1.925864e+00	1.518569e+00	1.689117e+03	5.660318e+01
2.142320e+00	1.375824e+00	4.970914e+02	3.676709e+02
2.206701e+00	1.339615e+00	7.621987e+02	3.242244e+03
1.783979e+00	1.637499e+00	2.536834e+03	5.214767e+02
2.287258e+00	1.296272e+00	2.625159e+01	5.408693e+03
2.524107e+00	1.189748e+00	4.352234e+02	4.844386e+02
2.547134e+00	1.179767e+00	3.271096e+01	2.012484e+02
2.572504e+00	1.169689e+00	7.291015e+01	2.205676e+02
1.945505e+00	1.504685e+00	9.488364e+01	1.092873e+03
1.897923e+00	1.541627e+00	7.535759e+02	3.420694e+03
2.312117e+00	1.283756e+00	3.810891e+02	1.550467e+03
2.565070e+00	1.173070e+00	7.342685e+01	2.913058e+03
1.938684e+00	1.510024e+00	2.351237e+03	1.458281e+03
2.418532e+00	1.235706e+00	3.872217e+02	8.569952e+03
1.999581e+00	1.465969e+00	8.579211e+02	2.083642e+03
1.922180e+00	1.521658e+00	1.365378e+02	6.399306e+00
2.645298e+00	1.143654e+00	9.526512e+01	5.129492e+03
1.906473e+00	1.534077e+00	3.866181e+02	8.833992e+02
2.122217e+00	1.387894e+00	1.052474e+03	1.339635e+03
2.085630e+00	1.410846e+00	9.116252e+01	6.869826e+03
2.247048e+00	1.317018e+00	6.831064e+01	8.077200e+02
1.919491e+00	1.524132e+00	3.482668e+02	2.180135e+02
2.294998e+00	1.293510e+00	7.142821e+02	8.557800e+03
2.088411e+00	1.408597e+00	1.617108e+03	2.998606e+03
2.520617e+00	1.190902e+00	2.416816e+01	4.032268e+03
2.331692e+00	1.275298e+00	1.076920e+03	3.935295e+03
2.507745e+00	1.196123e+00	1.751286e+02	5.394527e+03
2.045517e+00	1.436388e+00	9.111464e+02	3.560801e+03
2.318156e+00	1.281300e+00	2.543425e+02	1.465195e+03
2.595646e+00	1.161115e+00	6.536524e+02	3.251350e+03
2.438036e+00	1.226014e+00	4.624729e+01	2.163660e+03
2.136496e+00	1.378549e+00	3.463384e+02	3.072333e+02
2.235057e+00	1.324226e+00	3.680722e+02	5.443907e+03
2.601650e+00	1.159189e+00	1.537657e+02	7.952807e+03
2.548850e+00	1.178993e+00	7.061106e+02	1.094482e+03
1.720067e+00	1.695879e+00	1.241162e+02	3.346037e+02
2.055969e+00	1.429833e+00	6.804107e+02	2.007394e+03
1.758130e+00	1.659865e+00	9.134747e+02	1.335034e+02
2.004284e+00	1.463309e+00	1.609379e+02	6.409865e+03
2.057473e+00	1.427911e+00	5.663339e+02	2.196612e+03
2.262598e+00	1.309472e+00	2.789142e+02	1.051316e+02
2.609539e+00	1.156052e+00	1.988038e+02	4.736727e+03
2.353201e+00	1.264735e+00	3.384234e+02	5.139407e+03
2.280571e+00	1.299876e+00	1.052920e+02	1.420374e+03
1.960021e+00	1.495138e+00	9.303150e+02	2.555572e+03
2.130459e+00	1.382798e+00	1.223789e+03	2.142366e+03
2.164459e+00	1.363005e+00	1.729532e+03	1.599232e+03
2.456624e+00	1.218027e+00	2.949742e+00	3.283275e+03
1.849522e+00	1.580667e+00	2.744304e+03	1.739722e+03
2.178764e+00	1.355024e+00	1.019826e+03	2.668844e+03
2.182182e+00	1.352967e+00	1.095452e+03	1.956478e+03
2.071378e+00	1.419375e+00	1.538911e+03	9.953113e+02
1.746912e+00	1.670299e+00	8.679562e+02	1.594452e+02
1.944270e+00	1.505024e+00	1.370130e+03	4.138951e+02
2.035782e+00	1.441754e+00	2.351850e+02	1.348787e+03
1.814068e+00	1.609584e+00	1.801165e+02	5.826330e+02
2.502129e+00	1.198636e+00	1.037208e+03	3.791966e+03
2.031387e+00	1.444892e+00	6.799932e+02	9.137863e+01
2.132121e+00	1.380931e+00	1.267821e+02	2.262134e+03
1.989076e+00	1.474347e+00	7.391027e+02	2.988011e+03
2.316790e+00	1.281988e+00	5.287230e+02	2.513578e+03
2.735788e+00	1.110275e+00	2.432033e+01	9.916387e+03
1.961502e+00	1.493231e+00	1.265311e+03	2.902695e+03
1.831217e+00	1.594555e+00	1.123983e+03	3.426348e+02
1.991854e+00	1.474069e+00	8.537002e+02	3.967420e+03
1.836210e+00	1.590961e+00	1.223669e+03	1.376995e+03
2.475825e+00	1.209968e+00	1.025120e+03	2.138893e+03
2.146084e+00	1.374094e+00	2.176083e+03	1.373789e+03
2.475901e+00	1.208317e+00	9.222405e+01	6.107382e+03
2.210592e+00	1.337737e+00	5.189457e+02	7.618903e+03
2.537891e+00	1.184011e+00	1.412050e+03	6.538004e+03
2.545708e+00	1.181006e+00	4.283863e+02	7.367932e+03
1.970222e+00	1.486995e+00	6.107037e+02	2.550757e+03
1.812272e+00	1.610350e+00	1.160803e+03	1.863374e+03
1.883879e+00	1.552545e+00	4.853402e+01	2.275820e+03
1.887578e+00	1.549202e+00	2.893348e+03	1.075496e+03
2.097167e+00	1.403087e+00	9.975166e+02	6.411720e+02
2.503735e+00	1.197355e+00	4.007405e+01	7.532925e+02
2.314219e+00	1.283439e+00	1.169255e+03	2.471140e+03
2.273882e+00	1.303717e+00	2.486453e+02	5.352134e+03
1.864577e+00	1.567688e+00	4.468521e+02	9.154881e+02
2.497709e+00	1.200984e+00	1.455875e+01	4.499610e+03
2.419169e+00	1.233731e+00	1.401916e+02	6.151033e+02
2.418319e+00	1.234904e+00	4.386908e+02	3.308511e+03
2.443486e+00	1.223364e+00	5.006498e+01	1.585118e+03
2.119072e+00	1.389797e+00	3.532944e+02	5.469300e+03
2.376758e+00	1.253037e+00	4.073335e+01	1.179663e+03
1.898995e+00	1.540628e+00	2.997546e+02	3.277048e+03
1.728452e+00	1.688739e+00	2.254332e+03	6.280351e+02
1.731495e+00	1.684246e+00	1.657612e+03	2.853794e+03
1.745148e+00	1.672419e+00	9.878730e+02	1.718768e+03
1.823986e+00	1.601018e+00	8.478548e+01	1.213000e+03
2.773853e+00	1.098683e+00	5.025061e+02	7.524169e+03
2.548573e+00	1.179909e+00	9.484867e+02	5.906501e+03
1.767779e+00	1.652031e+00	2.542255e+03	1.169123e+02
2.208631e+00	1.338433e+00	6.277673e+02	1.867147e+03
2.355685e+00	1.264999e+00	1.302004e+03	7.096153e+02
1.865436e+00	1.566782e+00	1.139432e+02	1.611568e+03
1.780604e+00	1.640861e+00	2.565459e+03	2.177231e+03
2.152730e+00	1.370440e+00	1.728044e+03	4.905098e+03
2.417820e+00	1.233894e+00	2.279205e+02	3.815673e+03
1.832017e+00	1.593651e+00	9.645224e+02	1.278585e+02
2.330340e+00	1.275500e+00	9.704306e+01	1.227096e+03
2.084089e+00	1.411380e+00	2.013311e+03	1.530298e+03
1.928697e+00	1.516906e+00	4.028870e+01	5.798896e+02
1.886249e+00	1.549524e+00	4.505926e+02	1.261722e+03
2.276948e+00	1.302574e+00	5.065454e+02	4.529897e+03
2.365811e+00	1.258223e+00	4.033105e+01	9.462717e+02
1.973502e+00	1.485108e+00	1.142190e+03	3.271925e+03
2.188416e+00	1.349503e+00	5.507849e+02	1.889412e+03
2.329217e+00	1.277124e+00	1.592464e+03	2.946339e+03
1.772595e+00	1.648438e+00	1.540363e+03	1.481776e+03
2.528140e+00	1.187320e+00	5.943758e+02	1.805216e+03
1.881598e+00	1.553615e+00	1.651427e+02	7.327870e+02
2.611820e+00	1.154233e+00	1.136020e+01	1.380921e+03
2.327258e+00	1.276550e+00	2.530354e+02	5.005233e+03
1.746777e+00	1.670162e+00	1.491657e+02	1.416106e+02
2.393805e+00	1.246351e+00	9.989190e+02	2.884201e+03
1.775655e+00	1.643662e+00	1.577643e+03	9.369106e+02
1.982151e+00	1.478795e+00	1.426948e+03	1.331963e+03
2.330107e+00	1.275030e+00	2.282808e+02	3.504428e+03
2.011254e+00	1.459223e+00	4.104647e+02	5.920572e+03
2.618304e+00	1.152752e+00	2.559701e+02	9.592967e+03
2.472936e+00	1.209866e+00	7.018807e+01	5.007137e+03
2.556887e+00	1.176364e+00	5.281028e+02	1.424964e+03
2.441642e+00	1.224705e+00	1.040616e+03	4.509545e+03
2.384764e+00	1.248766e+00	1.434911e+01	1.219464e+03
2.285488e+00	1.298695e+00	4.910464e+02	7.097824e+03
1.714166e+00	1.702891e+00	6.973034e+02	1.616223e+02
2.260765e+00	1.310953e+00	1.563033e+03	2.614548e+03
2.074352e+00	1.417218e+00	5.756825e+02	2.651925e+03
2.396160e+00	1.243971e+00	3.392375e+01	1.323211e+03
1.938474e+00	1.510285e+00	9.257297e+00	4.899774e+03
2.236077e+00	1.323702e+00	1.356510e+02	3.134618e+03
2.650089e+00	1.140247e+00	1.695979e+02	7.392045e+03
1.808818e+00	1.615128e+00	2.414419e+03	2.812488e+03
1.940502e+00	1.508795e+00	5.070907e+02	7.061957e+00
1.792675e+00	1.628507e+00	5.253346e+02	5.976504e+02
2.156782e+00	1.367867e+00	5.458670e+02	3.191107e+03
1.829750e+00	1.596058e+00	2.179041e+02	2.205618e+03
1.733514e+00	1.684031e+00	1.853353e+03	5.657971e+02
2.009006e+00	1.461286e+00	1.237115e+03	4.775406e+03
2.478332e+00	1.208045e+00	2.109351e+01	5.968817e+02
1.741652e+00	1.675111e+00	2.314071e+02	4.089442e+02
1.995852e+00	1.467681e+00	1.605517e+02	1.102151e+03
1.960699e+00	1.493262e+00	1.273214e+02	4.845966e+03
2.072389e+00	1.418739e+00	8.717790e+02	3.309752e+03
1.824759e+00	1.600139e+00	1.906587e+03	1.615210e+02
2.549743e+00	1.178632e+00	3.933621e+02	3.990329e+03
2.376944e+00	1.252848e+00	2.541242e+02	4.990847e+03
1.926686e+00	1.518801e+00	1.508090e+03	1.096311e+03
2.446763e+00	1.222054e+00	6.743063e+02	2.277191e+03
2.384482e+00	1.249518e+00	2.307788e+02	2.165898e+02
2.286786e+00	1.297039e+00	2.941677e+02	6.744672e+03
1.906979e+00	1.533837e+00	1.897389e+02	5.320632e+02
2.455749e+00	1.217923e+00	1.324144e+02	1.876947e+03
1.781867e+00	1.638084e+00	2.236207e+02	4.963667e+02
2.391643e+00	1.246525e+00	3.182450e+02	2.641363e+03
2.367595e+00	1.258380e+00	7.078580e+01	1.983046e+03
2.200804e+00	1.342000e+00	1.754595e+02	1.632280e+03
1.783152e+00	1.636922e+00	2.059995e+02	2.563672e+03
2.758372e+00	1.102980e+00	2.807986e+02	1.946900e+03
2.369216e+00	1.257148e+00	3.592084e+02	4.186966e+03
2.045812e+00	1.434664e+00	2.738941e+02	4.887077e+02
2.480083e+00	1.207262e+00	1.940052e+02	4.738490e+03
2.064172e+00	1.423345e+00	3.111390e+02	4.235975e+03
2.378331e+00	1.252294e+00	1.438594e+01	2.319320e+03
2.299734e+00	1.290501e+00	1.097207e+02	8.767215e+03
2.575728e+00	1.168545e+00	3.761050e+02	4.865932e+03
2.372970e+00	1.255139e+00	2.037003e+02	8.409499e+03
1.886391e+00	1.550197e+00	1.275375e+03	5.217308e+01
2.842720e+00	1.075002e+00	6.321903e+00	4.635339e+02
2.206485e+00	1.339562e+00	6.900539e+02	1.461281e+03
2.575191e+00	1.168565e+00	3.649620e+02	4.150130e+03
1.944258e+00	1.506697e+00	1.311071e+02	5.155486e+03
1.918839e+00	1.524117e+00	1.461081e+02	1.355979e+02
2.648689e+00	1.141614e+00	3.750071e+02	5.019612e+03
1.761897e+00	1.655921e+00	2.881499e+02	7.696742e+02
1.840054e+00	1.587155e+00	5.429800e+01	5.385188e+02
1.872972e+00	1.560164e+00	9.987491e+01	4.360970e+02
1.796989e+00	1.625386e+00	2.790750e+03	6.366785e+02
1.762924e+00	1.656028e+00	2.719847e+02	3.659317e+03
2.225368e+00	1.328378e+00	1.153539e+02	4.458411e+02
2.075304e+00	1.416190e+00	5.853087e+02	3.891431e+01
2.691809e+00	1.125342e+00	3.815120e+01	5.712624e+03
2.298882e+00	1.290960e+00	2.635326e+02	5.155529e+03
2.656614e+00	1.137730e+00	1.592390e+02	7.007983e+03
2.635340e+00	1.146459e+00	1.544118e+02	9.879546e+03
2.166327e+00	1.362085e+00	1.561362e+03	2.862703e+02
1.801891e+00	1.620026e+00	3.067355e+02	9.274580e+02
1.764217e+00	1.654234e+00	1.647938e+03	3.400430e+03
2.090118e+00	1.406879e+00	3.037394e+02	1.387062e+03
1.814813e+00	1.607784e+00	1.583160e+02	2.357103e+02
2.056677e+00	1.428906e+00	2.887809e+02	5.750757e+03
2.520137e+00	1.191067e+00	3.089180e+02	3.063020e+03
2.586101e+00	1.164931e+00	2.756392e+02	8.334099e+03
2.347034e+00	1.267172e+00	4.843464e+00	3.132076e+03
2.256747e+00	1.312038e+00	3.545931e+02	3.141387e+03
2.481544e+00	1.207718e+00	2.085520e+03	8.099151e+03
2.042137e+00	1.437674e+00	2.075464e+02	6.225475e+02
2.525612e+00	1.188810e+00	8.813475e+02	9.108419e+03
2.087414e+00	1.409469e+00	1.362975e+03	1.240502e+02
1.925181e+00	1.520603e+00	1.848385e+02	3.877175e+03
1.760484e+00	1.659531e+00	3.582014e+03	1.212102e+03
2.036992e+00	1.441154e+00	5.124967e+02	2.051690e+03
2.418405e+00	1.234825e+00	4.763296e+02	4.089025e+03
2.130184e+00	1.383273e+00	1.084210e+03	2.384590e+03
1.750692e+00	1.667557e+00	9.363759e+02	2.166368e+03
1.941068e+00	1.508449e+00	1.261924e+03	3.556809e+03
2.648005e+00	1.141838e+00	3.482637e+02	8.674705e+03
2.253927e+00	1.313476e+00	8.577681e+01	4.990339e+02
2.014524e+00	1.456137e+00	4.791110e+02	1.150065e+03
2.269108e+00	1.305679e+00	6.926757e+01	6.148966e+02
2.651577e+00	1.139578e+00	2.446020e+02	6.355296e+03
3.061156e+00	1.012817e+00	1.208284e+03	7.079552e+03
2.288356e+00	1.296657e+00	4.808359e+02	1.363475e+03
2.375259e+00	1.254521e+00	3.721354e+01	2.747755e+03
1.914694e+00	1.528374e+00	1.267040e+03	3.106023e+03
1.940301e+00	1.508066e+00	1.252311e+02	2.796706e+02
1.885833e+00	1.551012e+00	1.503438e+03	5.589694e+03
2.483599e+00	1.206490e+00	3.086742e+01	2.888456e+03
1.884286e+00	1.551405e+00	1.608397e+02	3.657383e+03
1.986460e+00	1.476290e+00	2.760948e+03	7.769347e+03
1.837231e+00	1.589658e+00	1.074726e+03	3.582922e+03
1.812440e+00	1.611072e+00	1.662470e+03	3.147927e+02
2.187527e+00	1.350502e+00	4.600342e+01	3.802128e+03
2.461344e+00	1.214929e+00	4.216485e+02	7.531383e+03
1.748385e+00	1.669204e+00	1.222038e+03	2.426117e+03
2.487574e+00	1.204893e+00	2.941749e+02	2.924524e+02
1.930950e+00	1.516263e+00	3.464678e+03	3.262308e+02
2.398840e+00	1.243274e+00	2.390410e+02	6.227693e+03
1.994660e+00	1.469435e+00	1.677131e+03	2.402378e+02
2.238129e+00	1.321906e+00	9.597037e+01	2.308038e+02
2.312387e+00	1.284469e+00	5.758210e+02	3.283027e+03
2.023327e+00	1.450485e+00	1.099582e+03	2.167983e+03
1.951220e+00	1.501088e+00	2.577800e+03	2.817310e+02
1.976757e+00	1.483253e+00	1.973476e+03	2.458717e+03
2.645152e+00	1.143311e+00	8.730477e+02	4.144062e+03
1.944826e+00	1.507191e+00	3.347929e+03	1.033162e+03
2.177954e+00	1.356282e+00	3.425864e+03	4.752865e+03
2.504505e+00	1.197378e+00	4.287252e+02	3.538703e+03
2.697600e+00	1.123891e+00	1.703017e+02	5.235580e+03
1.768633e+00	1.652523e+00	2.391024e+03	3.172696e+03
1.906975e+00	1.533921e+00	5.949069e+02	1.154774e+03
1.966438e+00	1.490901e+00	3.129339e+03	2.012741e+03
2.555895e+00	1.176068e+00	9.169351e+01	4.465857e+03
1.950766e+00	1.500918e+00	1.492596e+03	1.207889e+03
1.948994e+00	1.502032e+00	1.399797e+03	5.193360e+02
2.430261e+00	1.228903e+00	3.173971e+01	5.706887e+03
1.967247e+00	1.488317e+00	2.231723e+02	4.877211e+03
2.113911e+00	1.392106e+00	1.900611e+02	6.615482e+01
1.978235e+00	1.481048e+00	2.017068e+02	3.431837e+03
1.799537e+00	1.621981e+00	2.974218e+02	7.180260e+02
2.608598e+00	1.156053e+00	4.461750e+02	4.182576e+03
2.415532e+00	1.234994e+00	9.255994e+01	8.685950e+03
2.099241e+00	1.401901e+00	8.826865e+02	2.830079e+03
1.909191e+00	1.532135e+00	6.351414e+02	2.547166e+03
1.764664e+00	1.653163e+00	9.190441e+02	1.806503e+03
2.161213e+00	1.364346e+00	1.834392e+02	6.779137e+03
2.274982e+00	1.302294e+00	8.667348e+01	1.202880e+01
1.961758e+00	1.493233e+00	6.749249e+02	2.993623e+03
2.535607e+00	1.184572e+00	2.518754e+02	8.859593e+03
1.817178e+00	1.606829e+00	4.031796e+03	1.075974e+02
2.016311e+00	1.454819e+00	7.246463e+02	2.456871e+03
2.027406e+00	1.447427e+00	8.000718e+02	1.314934e+03
2.532928e+00	1.186282e+00	5.155981e+01	6.210429e+03
3.028533e+00	1.021305e+00	2.374901e+02	1.654375e+03
1.816540e+00	1.607047e+00	7.577383e+01	6.005869e+02
2.269093e+00	1.306468e+00	1.104956e+02	3.026887e+03
2.044135e+00	1.436638e+00	9.940559e+02	1.790971e+03
1.767101e+00	1.651660e+00	3.748274e+02	2.770904e+03
2.420044e+00	1.233896e+00	7.920620e+02	4.686881e+02
2.080671e+00	1.413619e+00	1.993998e+03	2.948560e+02
2.259294e+00	1.310768e+00	6.714351e+02	1.870799e+03
2.209387e+00	1.337333e+00	3.306196e+02	6.343501e+02
2.396894e+00	1.244480e+00	7.095070e+02	1.470366e+03
2.063584e+00	1.424175e+00	1.124760e+02	5.256294e+03
2.264904e+00	1.307307e+00	1.812255e+02	1.720544e+02
2.494322e+00	1.201480e+00	3.102187e+01	1.002236e+03
1.819151e+00	1.605467e+00	2.599350e+01	4.238075e+02
1.898518e+00	1.539354e+00	7.623276e+02	5.321785e+02
1.884024e+00	1.552286e+00	1.645715e+03	7.859554e+02
1.813090e+00	1.612264e+00	3.721883e+03	4.783137e+03
2.416367e+00	1.234715e+00	9.614699e+01	8.905798e+03
2.415775e+00	1.235279e+00	9.716228e+01	9.870106e+02
1.936888e+00	1.511568e+00	1.299469e+02	1.526344e+03
1.776370e+00	1.643050e+00	2.722129e+02	2.805693e+03
2.075090e+00	1.417677e+00	4.031984e+02	9.196156e+02
2.486428e+00	1.205173e+00	7.402919e+01	7.114333e+03
2.098257e+00	1.403214e+00	3.153260e+02	3.595924e+03
1.961098e+00	1.493363e+00	2.261216e+03	7.751318e+03
2.535598e+00	1.185321e+00	8.563064e+02	4.845536e+03
2.258503e+00	1.310964e+00	3.650850e+02	1.580005e+03
1.875712e+00	1.558711e+00	1.164078e+03	1.435029e+03
2.450105e+00	1.219902e+00	2.129851e+02	4.557416e+03
2.141470e+00	1.375802e+00	3.704527e+02	3.652111e+01
2.500008e+00	1.200356e+00	9.831297e+02	2.362498e+03
2.350413e+00	1.265147e+00	3.839361e+00	4.532268e+02
2.056554e+00	1.429361e+00	2.873379e+03	6.898963e+03
2.035754e+00	1.441822e+00	4.210615e+02	1.839140e+03
2.403248e+00	1.240944e+00	5.698168e+01	9.275577e+02
2.710904e+00	1.119926e+00	5.649432e+02	4.985599e+03
2.337175e+00	1.271947e+00	1.339604e+02	7.691373e+03
2.550226e+00	1.179187e+00	1.556006e+02	7.728892e+03
1.879603e+00	1.555391e+00	5.918302e+02	2.251258e+02
2.208503e+00	1.338312e+00	4.580487e+02	9.818268e+02
1.935953e+00	1.512636e+00	8.193860e+02	6.264203e+03
1.933289e+00	1.512865e+00	1.545152e+02	1.693919e+02
2.151089e+00	1.371337e+00	6.894167e+02	4.214972e+03
2.236114e+00	1.322939e+00	7.568873e+00	5.878018e+02
1.849289e+00	1.580835e+00	2.262874e+03	3.212016e+03
2.039848e+00	1.440314e+00	2.580598e+03	9.970744e+02
2.573092e+00	1.170228e+00	1.296034e+02	6.835928e+03
1.950627e+00	1.501133e+00	2.554964e+02	2.781248e+02
1.772999e+00	1.647175e+00	2.862152e+03	2.616160e+02
2.722823e+00	1.115374e+00	3.838725e+02	3.039293e+03
1.834338e+00	1.591546e+00	3.494931e+02	5.237712e+02
2.740274e+00	1.109967e+00	2.472520e+02	5.247895e+03
2.529448e+00	1.186839e+00	1.692183e+01	1.375898e+02
2.498038e+00	1.200355e+00	7.620047e+02	6.698928e+03
1.731074e+00	1.685890e+00	2.111738e+03	2.351546e+03
2.193311e+00	1.346043e+00	5.465646e+01	6.426108e+02
2.045804e+00	1.436438e+00	1.558804e+02	5.413003e+03
2.202437e+00	1.341264e+00	3.794387e+02	2.637737e+03
2.477542e+00	1.208267e+00	3.037218e+02	2.812207e+03
2.260385e+00	1.309749e+00	3.483265e+01	2.976282e+03
1.965014e+00	1.491327e+00	1.358751e+03	1.366531e+03
2.630318e+00	1.148247e+00	2.377578e+02	5.973463e+03
1.972227e+00	1.486512e+00	1.241711e+03	6.166936e+03
2.341652e+00	1.270435e+00	6.453890e+02	4.464222e+03
2.516008e+00	1.191912e+00	2.595891e+00	3.582350e+02
1.887956e+00	1.550010e+00	3.012233e+03	7.006133e+03
2.120621e+00	1.388158e+00	3.895352e+02	1.644884e+03
1.816221e+00	1.608234e+00	2.975385e+03	1.676011e+03
2.125735e+00	1.385848e+00	6.584499e+02	3.081920e+03
1.892964e+00	1.544739e+00	2.433849e+03	7.041368e+02
2.412889e+00	1.237323e+00	1.300234e+02	2.555410e+03
2.326202e+00	1.276394e+00	1.165886e+02	3.246342e+02
1.813291e+00	1.611858e+00	2.372262e+03	2.363799e+03
1.761023e+00	1.658553e+00	4.376804e+03	4.742797e+03
2.648776e+00	1.141462e+00	3.717585e+02	9.221627e+03
1.808883e+00	1.613566e+00	4.958053e+02	3.620717e+02
1.717765e+00	1.699116e+00	1.694082e+03	9.543419e+02
2.320851e+00	1.279633e+00	7.209306e+02	1.524570e+03
1.953923e+00	1.498527e+00	3.607199e+02	2.684956e+03
2.553274e+00	1.177972e+00	6.363077e+02	4.434245e+03
2.527192e+00	1.188751e+00	2.013210e+03	4.050089e+03
2.045767e+00	1.435550e+00	4.938120e+02	2.493080e+03
2.368716e+00	1.257249e+00	2.084531e+02	1.395966e+03
2.010788e+00	1.459465e+00	1.917072e+03	9.614209e+03
2.537089e+00	1.184193e+00	1.403660e+02	5.343118e+03
1.755548e+00	1.662387e+00	1.593394e+02	6.366250e+02
2.477110e+00	1.208569e+00	4.324871e+01	8.484714e+03
2.097445e+00	1.402956e+00	5.433970e+02	3.090113e+03
1.994318e+00	1.470132e+00	1.026074e+02	3.597862e+03
2.372910e+00	1.254593e+00	3.716834e+02	2.995051e+03
2.626204e+00	1.148876e+00	3.206039e-02	9.172184e+02
1.911885e+00	1.529219e+00	7.364960e+02	2.155460e+03
2.285925e+00	1.297069e+00	7.156595e+02	6.050071e+03
1.939195e+00	1.509526e+00	6.311536e+02	6.550132e+01
2.207270e+00	1.339175e+00	7.535626e+02	2.923153e+03
2.551813e+00	1.178103e+00	2.760653e+02	2.610061e+03
2.454317e+00	1.217969e+00	1.156980e+02	5.056889e+03
2.027962e+00	1.448177e+00	1.522556e+03	5.565424e+03
2.000986e+00	1.465183e+00	2.200165e+03	8.418390e+02
1.828494e+00	1.597409e+00	9.453502e+02	8.698466e+02
1.832117e+00	1.593804e+00	2.528035e+02	5.222432e+02
2.260955e+00	1.311452e+00	1.270710e+03	5.151186e+03
2.559385e+00	1.175469e+00	4.903329e+02	2.737944e+03
2.196951e+00	1.344509e+00	8.785473e+00	1.109634e+03
2.568929e+00	1.171818e+00	5.121482e+01	7.619142e+03
2.664535e+00	1.135781e+00	1.415000e+02	5.320708e+03
2.470828e+00	1.211265e+00	1.450886e+02	3.314818e+02
2.354929e+00	1.264395e+00	8.864889e+01	2.921568e+03
1.943718e+00	1.505480e+00	3.819572e+02	4.990695e+01
1.812420e+00	1.609587e+00	1.081237e+02	2.653582e+03
2.509415e+00	1.195663e+00	3.426458e+01	7.914235e+03
1.865698e+00	1.565113e+00	5.881191e+02	4.519210e+02
1.712260e+00	1.705551e+00	2.461835e+03	5.874305e+02
2.697472e+00	1.124492e+00	3.507870e+02	4.723867e+03
2.022013e+00	1.451730e+00	2.497258e+03	5.777283e+02
2.544283e+00	1.181145e+00	2.694533e+02	3.705570e+03
2.049494e+00	1.433397e+00	3.243432e+01	6.884622e+03
2.527030e+00	1.188234e+00	4.539312e+01	1.824467e+03
2.350861e+00	1.265048e+00	2.018531e+02	2.539479e+02
2.236081e+00	1.323493e+00	7.041824e+02	2.687441e+03
2.435034e+00	1.226480e+00	9.404645e+01	2.632727e+03
2.009698e+00	1.459955e+00	8.117188e+02	1.411527e+03
2.131588e+00	1.381880e+00	4.951987e+02	3.343826e+02
2.476690e+00	1.208733e+00	9.102758e+00	2.213079e+03
2.706045e+00	1.120818e+00	7.595516e+01	9.693373e+03
2.465071e+00	1.214112e+00	3.635503e+02	7.543094e+03
1.922557e+00	1.521249e+00	1.369069e+03	4.033792e+02
2.621633e+00	1.151621e+00	1.481310e+03	5.905153e+03
2.597082e+00	1.160602e+00	3.870874e+02	1.290248e+03
2.148065e+00	1.372537e+00	1.444647e+02	6.328023e+03
1.772578e+00	1.645895e+00	3.012461e+02	8.754945e+01
2.423933e+00	1.231526e+00	8.739879e+01	6.182482e+02
2.183106e+00	1.352696e+00	3.989616e+02	3.441886e+03
2.404026e+00	1.241181e+00	6.057692e+02	1.831008e+03
2.441273e+00	1.223887e+00	2.796160e+02	5.595986e+03
1.790223e+00	1.631673e+00	2.621923e+03	3.989247e+02
2.094346e+00	1.404917e+00	1.107187e+03	1.980665e+03
1.773778e+00	1.645338e+00	3.123876e+02	1.369153e+03
2.563755e+00	1.172979e+00	4.787352e+00	9.533439e+02
2.418560e+00	1.234542e+00	1.429271e+02	1.442542e+03
2.529863e+00	1.186971e+00	5.022562e+02	3.476396e+03
1.794061e+00	1.627319e+00	9.409907e+02	1.028462e+03
2.021881e+00	1.451636e+00	2.474674e+02	4.579397e+03
1.884291e+00	1.551968e+00	2.009958e+03	1.083593e+03
2.003489e+00	1.464052e+00	1.991896e+03	5.713480e+02
2.197304e+00	1.345028e+00	9.269078e+02	4.424901e+03
2.561244e+00	1.174168e+00	3.318343e+02	5.384312e+03
2.393557e+00	1.245579e+00	6.678843e+01	2.694064e+03
2.015446e+00	1.456086e+00	1.974672e+03	5.266932e+03
1.791435e+00	1.629668e+00	1.116728e+03	2.281856e+03
2.431647e+00	1.229048e+00	2.391225e+02	1.010671e+03
2.227777e+00	1.327916e+00	5.286087e+02	4.804088e+03
2.687829e+00	1.127465e+00	2.094233e+02	3.686747e+02
2.200802e+00	1.342869e+00	3.499766e+02	1.485999e+03
2.601792e+00	1.158659e+00	2.323810e+01	4.350895e+03
2.407235e+00	1.238887e+00	3.899257e+01	3.106751e+01
1.781277e+00	1.638734e+00	1.052563e+02	9.037278e+02
2.292164e+00	1.293874e+00	1.049212e+03	4.606720e+03
1.841380e+00	1.586245e+00	4.688961e+02	1.638312e+02
2.247623e+00	1.316542e+00	1.411661e+02	3.627731e+03
2.218522e+00	1.332360e+00	1.099570e+02	7.996512e+02
2.248077e+00	1.316213e+00	1.133894e+01	1.056463e+02
1.850304e+00	1.578009e+00	1.483778e+03	1.801539e+03
1.903435e+00	1.536745e+00	4.725183e+02	8.114737e+02
2.165094e+00	1.362947e+00	1.047356e+03	1.762676e+03
2.249350e+00	1.315889e+00	8.545856e+00	7.459264e+02
1.967727e+00	1.489228e+00	1.748064e+03	5.060502e+03
2.159723e+00	1.365063e+00	1.384762e+03	2.843650e+02
1.866129e+00	1.566050e+00	6.107883e+02	2.808329e+03
1.736424e+00	1.680070e+00	2.188242e+03	2.553920e+02
2.619027e+00	1.152693e+00	9.779777e+02	4.032502e+03
1.950307e+00	1.501734e+00	2.492284e+03	5.668562e+02
2.425979e+00	1.231639e+00	1.321477e+03	6.592745e+02
2.098284e+00	1.403382e+00	2.918105e+03	4.045130e+03
1.790628e+00	1.631799e+00	2.389613e+03	2.445626e+03
1.931274e+00	1.515604e+00	9.327929e+02	3.260887e+03
1.861925e+00	1.569891e+00	5.587936e+02	1.960684e+03
2.008687e+00	1.459427e+00	2.546090e+02	1.949093e+03
2.198072e+00	1.344181e+00	6.335396e+02	1.916020e+03
1.787927e+00	1.633389e+00	3.010409e+03	1.075186e+03
2.336320e+00	1.272132e+00	3.015752e+01	7.927573e+02
2.627518e+00	1.149184e+00	8.693408e+01	3.846162e+03
2.288854e+00	1.295822e+00	2.780359e+02	3.436366e+03
2.413631e+00	1.236828e+00	8.030881e+02	1.569848e+03
2.064640e+00	1.423059e+00	3.408661e+02	2.210706e+03
2.621400e+00	1.151637e+00	4.406769e+02	9.099325e+03
2.419568e+00	1.233274e+00	2.636320e+02	6.815751e+02
2.827407e+00	1.080125e+00	2.469027e+00	1.874195e+03
2.610159e+00	1.156349e+00	5.924256e+02	4.943770e+03
2.503132e+00	1.198257e+00	1.096738e+03	2.870671e+03
2.219104e+00	1.332543e+00	9.755143e+02	2.399521e+03
2.171042e+00	1.358921e+00	9.272215e+02	1.389660e+03
1.769723e+00	1.649323e+00	1.148189e+03	1.956363e+03
2.586646e+00	1.164705e+00	3.426978e+02	6.836996e+03
2.582622e+00	1.166206e+00	1.875245e+02	7.195054e+03
1.746073e+00	1.672034e+00	1.336835e+03	1.154183e+03
2.022405e+00	1.450943e+00	4.094725e+01	4.109475e+03
2.353854e+00	1.263559e+00	5.775002e+02	3.200042e+03
1.836874e+00	1.589795e+00	2.705840e+02	6.672135e+02
2.113719e+00	1.392075e+00	1.825743e+02	3.202100e+01
2.050858e+00	1.430965e+00	4.829376e+01	1.335321e+03
2.043777e+00	1.436815e+00	9.540961e+02	1.629352e+03
2.388049e+00	1.247179e+00	7.188231e+02	1.873117e+03
2.162933e+00	1.362596e+00	7.348822e+01	4.154924e+02
1.927487e+00	1.518960e+00	5.057536e+01	2.141367e+03
1.912924e+00	1.529715e+00	1.364037e+03	3.860276e+03
1.716387e+00	1.699646e+00	7.553845e+02	1.858922e+03
2.193395e+00	1.346058e+00	1.670216e+03	4.855651e+02
2.627703e+00	1.149460e+00	2.510891e+02	9.871360e+03
1.984356e+00	1.476671e+00	2.567627e+03	4.436989e+02
2.591727e+00	1.162907e+00	1.772194e+02	8.691152e+03
2.552142e+00	1.178229e+00	1.411654e+02	6.163595e+03
1.775957e+00	1.644826e+00	7.575021e+02	5.610027e+03
1.897555e+00	1.541094e+00	1.195870e+03	1.434194e+03
2.199297e+00	1.342399e+00	5.597517e+01	3.120849e+03
2.443059e+00	1.222438e+00	8.611606e+01	6.030834e+03
2.038754e+00	1.440167e+00	7.807853e+02	1.604239e+03
1.774192e+00	1.645476e+00	8.181847e+02	2.309256e+03
1.930882e+00	1.514464e+00	1.436810e+03	2.094993e+03
1.953842e+00	1.499216e+00	4.213334e+02	4.549688e+03
2.318885e+00	1.280553e+00	1.600315e+02	1.327665e+03
1.904528e+00	1.536385e+00	1.768368e+03	1.003788e+03
1.982561e+00	1.477369e+00	9.995280e+02	5.160823e+02
2.480545e+00	1.207397e+00	7.522657e+01	6.395946e+03
1.779721e+00	1.639353e+00	8.280979e+02	1.811825e+03
2.334814e+00	1.273412e+00	2.869558e+03	9.708676e+02
2.323153e+00	1.278507e+00	3.563833e+01	1.018297e+03
2.476035e+00	1.210318e+00	3.353313e+02	6.132105e+03
2.112797e+00	1.392969e+00	7.261619e+02	1.977392e+03
2.147046e+00	1.373977e+00	2.120216e+03	1.488654e+03
2.172920e+00	1.358311e+00	1.399682e+03	6.201249e+02
1.787213e+00	1.633964e+00	3.231399e+03	4.025899e+02
2.361109e+00	1.260448e+00	1.364024e+02	3.431276e+02
2.443016e+00	1.224050e+00	7.431286e+02	4.192537e+03
2.089781e+00	1.407660e+00	2.876716e+02	1.149030e+03
2.466821e+00	1.212465e+00	9.484953e+01	2.958509e+01
1.741790e+00	1.676537e+00	2.427261e+03	5.842999e+02
2.647632e+00	1.141905e+00	4.052925e+02	8.469776e+03
2.454299e+00	1.218427e+00	5.595554e+02	4.159569e+03
2.405695e+00	1.240032e+00	1.239431e+02	1.315220e+03
2.638835e+00	1.145685e+00	6.491326e+02	9.213996e+03
2.611953e+00	1.155034e+00	6.893964e+02	4.886113e+03
2.017286e+00	1.454685e+00	3.479787e+02	2.435522e+03
2.069785e+00	1.420736e+00	2.847537e+03	7.692007e+02
2.622668e+00	1.150907e+00	2.062816e+01	1.927486e+03
2.052960e+00	1.431443e+00	1.160995e+02	2.129592e+03
2.573598e+00	1.170112e+00	3.911134e+02	8.598787e+03
1.813995e+00	1.608928e+00	4.973455e+02	2.182514e+02
2.070287e+00	1.419614e+00	9.134831e+02	2.361298e+03
2.228810e+00	1.327350e+00	2.160018e+02	3.089752e+03
1.968367e+00	1.489020e+00	1.747603e+03	8.583410e+02
2.016341e+00	1.456670e+00	1.019961e+03	6.846592e+03
1.746776e+00	1.670061e+00	1.337065e+03	1.404633e+01
1.834160e+00	1.592367e+00	6.879617e+02	3.593297e+03
1.990672e+00	1.472377e+00	4.554636e+02	7.393688e+02
2.491776e+00	1.202490e+00	1.883986e+02	8.051714e+03
2.186699e+00	1.350458e+00	1.575818e+02	3.605681e+03
2.392189e+00	1.245537e+00	1.926527e+02	3.407902e+02
1.725094e+00	1.691417e+00	3.603005e+02	6.069362e+02
2.583056e+00	1.166195e+00	8.583222e+01	7.486675e+03
2.275426e+00	1.301950e+00	1.940253e+02	3.311014e+03
2.389538e+00	1.247834e+00	6.974490e+02	3.297829e+03
2.197379e+00	1.344084e+00	4.301335e+02	6.625529e+03
2.537890e+00	1.183950e+00	5.021496e+02	8.358909e+03
1.849680e+00	1.578939e+00	6.744373e+02	1.798626e+03
2.351761e+00	1.264860e+00	2.800928e+02	3.096620e+03
1.968750e+00	1.489229e+00	2.969395e+02	4.918372e+03
1.855081e+00	1.574395e+00	1.242037e+02	3.794781e+02
2.566985e+00	1.172762e+00	5.075607e+02	3.239508e+03
2.387671e+00	1.247828e+00	7.962398e+01	5.093928e+02
2.539821e+00	1.182541e+00	3.025931e+01	1.129630e+03
2.387457e+00	1.248472e+00	1.388415e+02	1.926289e+03
2.567251e+00	1.171601e+00	2.288617e+02	2.208687e+03
1.791901e+00	1.630017e+00	2.647071e+03	1.971548e+03
2.079139e+00	1.413965e+00	4.357126e+02	3.363990e+03
1.818793e+00	1.604446e+00	5.217013e+02	4.703044e+02
2.257767e+00	1.311631e+00	3.918855e+02	3.956244e+03
2.469662e+00	1.212280e+00	2.189364e+02	8.845503e+03
2.476156e+00	1.209689e+00	5.240630e+02	7.267601e+03
2.705763e+00	1.120427e+00	1.454992e+02	6.841119e+03
2.376254e+00	1.253743e+00	1.192556e+01	4.638097e+03
2.521468e+00	1.191924e+00	1.750324e+03	6.590477e+03
2.090919e+00	1.405269e+00	1.872445e+02	2.177127e+02
2.738484e+00	1.109394e+00	3.887998e+02	1.165467e+03
2.051703e+00	1.431862e+00	5.116629e+02	3.071000e+03
2.656280e+00	1.138163e+00	1.901004e+02	8.361874e+03
2.436973e+00	1.226235e+00	5.253755e+02	5.271660e+03
1.961646e+00	1.493212e+00	1.762443e+02	3.273015e+03
2.666554e+00	1.134062e+00	2.311100e+02	8.155286e+03
2.574825e+00	1.169531e+00	5.050172e+02	5.582209e+03
1.896126e+00	1.542981e+00	3.367912e+03	1.321110e+03
2.121315e+00	1.387932e+00	2.552939e+02	3.045368e+03
2.204027e+00	1.340698e+00	9.150793e+01	1.202201e+03
2.494727e+00	1.202355e+00	1.800909e+02	7.837571e+03
2.032209e+00	1.444386e+00	2.490615e+02	1.649624e+03
1.962807e+00	1.491942e+00	2.445893e+03	4.650211e+02
1.784248e+00	1.636064e+00	1.750584e+03	8.253631e+02
1.983949e+00	1.476993e+00	2.681040e+02	1.313413e+03
2.003903e+00	1.464173e+00	1.336567e+03	1.033869e+03
2.255887e+00	1.313301e+00	7.063904e+02	2.758436e+03
1.836106e+00	1.589851e+00	2.650612e+02	2.138032e+03
2.099533e+00	1.402139e+00	1.038289e+02	7.355011e+03
1.736194e+00	1.680587e+00	5.715652e+02	2.707161e+02
2.251506e+00	1.314715e+00	3.353785e+02	3.566086e+03
1.827932e+00	1.597706e+00	1.837098e+03	3.420813e+02
2.476466e+00	1.209251e+00	4.382524e+02	4.381251e+02
1.902772e+00	1.535982e+00	1.371327e+02	9.310188e+01
1.797143e+00	1.625135e+00	1.192421e+03	1.017333e+03
1.977416e+00	1.481902e+00	4.807920e+01	2.630163e+03
1.884011e+00	1.552366e+00	1.545198e+03	1.177820e+03
1.961113e+00	1.494281e+00	2.061903e+02	2.865885e+03
2.122444e+00	1.387266e+00	3.956125e+02	1.005853e+03
2.387047e+00	1.248476e+00	3.591353e+01	4.549233e+03
2.708891e+00	1.119319e+00	8.970913e+01	7.626433e+03
2.321327e+00	1.279600e+00	1.008391e+02	8.815774e+02
1.753285e+00	1.663700e+00	2.348241e+03	3.861389e+02
2.529172e+00	1.186855e+00	1.053805e+02	5.443085e+02
2.536176e+00	1.184557e+00	5.645964e+02	8.621513e+03
1.918175e+00	1.525375e+00	3.147948e+02	8.241919e-01
2.624407e+00	1.149808e+00	1.090388e+01	9.031848e+02
1.965925e+00	1.489504e+00	5.674707e+02	1.418573e+03
2.442739e+00	1.224122e+00	5.991797e+02	4.519353e+03
2.275995e+00	1.302709e+00	1.636893e+02	6.419678e+03
2.717503e+00	1.117042e+00	8.382424e+02	9.918934e+03
1.974821e+00	1.484396e+00	1.024974e+03	5.866412e+03
1.988763e+00	1.473568e+00	1.762837e+03	9.363503e+01
2.445358e+00	1.222755e+00	1.999339e+01	3.570249e+03
2.187554e+00	1.350733e+00	2.835242e+02	6.361624e+03
2.471986e+00	1.210289e+00	8.133277e+00	5.079214e+02
2.554233e+00	1.177250e+00	4.541232e+02	3.249266e+03
2.635094e+00	1.146203e+00	2.788556e+01	2.583271e+03
2.490335e+00	1.203411e+00	1.067728e+02	3.586873e+03
1.714137e+00	1.701658e+00	3.020648e+02	2.887104e+02
2.380396e+00	1.251126e+00	1.687229e+02	2.263304e+02
2.219405e+00	1.332744e+00	2.265161e+03	7.455333e+03
2.024868e+00	1.450063e+00	1.764325e+03	1.644782e+02
2.496386e+00	1.200335e+00	6.292194e+02	7.770344e+02
2.500208e+00	1.198833e+00	4.169228e+01	2.250553e+03
2.140721e+00	1.375861e+00	3.248625e+01	4.960432e+02
1.935147e+00	1.511874e+00	5.286320e+02	2.532265e+02
2.593436e+00	1.162307e+00	1.523435e+03	5.680963e+03
2.266793e+00	1.307829e+00	1.478004e+02	6.877904e+03
2.119663e+00	1.389726e+00	8.956825e+02	6.502639e+03
2.626807e+00	1.149580e+00	9.740091e+01	8.383551e+03
2.589020e+00	1.163914e+00	5.287004e+02	8.281286e+03
2.126036e+00	1.386245e+00	3.344849e+03	8.426826e+03
2.047234e+00	1.434994e+00	1.539035e+03	3.014570e+03
2.085360e+00	1.410678e+00	1.728552e+03	1.428454e+02
2.233378e+00	1.324855e+00	7.510353e+01	4.720284e+03
2.001256e+00	1.465064e+00	3.364053e+02	1.183378e+03
2.751405e+00	1.106270e+00	1.782513e+02	5.668905e+03
1.861685e+00	1.568962e+00	6.025732e+02	1.835554e+03
1.760172e+00	1.657045e+00	2.499904e+03	3.302238e+02
1.927685e+00	1.519251e+00	3.095335e+03	1.300967e+03
2.372369e+00	1.255152e+00	1.285354e+02	3.015451e+03
2.575080e+00	1.168159e+00	2.273319e+02	2.118961e+03
2.127904e+00	1.383966e+00	1.969945e+03	5.322867e+03
2.490640e+00	1.203635e+00	5.750583e+02	4.575637e+03
2.088786e+00	1.408281e+00	5.290353e+02	5.544358e+03
2.369390e+00	1.256384e+00	2.480511e+02	9.474484e+03
2.033734e+00	1.443494e+00	1.130084e+03	7.130190e+01
2.574596e+00	1.169506e+00	3.915084e+01	7.158085e+03
2.441574e+00	1.224257e+00	5.985902e+02	2.385343e+03
2.183196e+00	1.352338e+00	6.995490e+02	3.835085e+03
2.290653e+00	1.294689e+00	1.056669e+02	4.047824e+03
2.104520e+00	1.397166e+00	2.612945e+01	1.393233e+03
2.418004e+00	1.234917e+00	4.288001e+01	4.103807e+03
2.089928e+00	1.408654e+00	1.155335e+03	6.742582e+03
2.400178e+00	1.242725e+00	1.561740e+01	2.177914e+03
2.484111e+00	1.206031e+00	1.247053e+03	8.903967e+03
1.911760e+00	1.530247e+00	1.068796e+03	6.976826e+03
2.098433e+00	1.402175e+00	6.237781e+02	1.106391e+03
1.962665e+00	1.491747e+00	5.665945e+02	2.313219e+02
2.408799e+00	1.238701e+00	5.342285e+02	2.557368e+03
2.236018e+00	1.322821e+00	5.956059e+02	2.589392e+03
2.542970e+00	1.182348e+00	4.577323e+02	4.840575e+03
2.935798e+00	1.047614e+00	4.376985e+02	2.817369e+03
2.519556e+00	1.191638e+00	4.974817e+02	6.010810e+02
1.845466e+00	1.583141e+00	1.264237e+02	6.256051e+02
2.066783e+00	1.422077e+00	1.407009e+03	2.760882e+03
2.314375e+00	1.283132e+00	1.293793e+02	8.757252e+02
2.512387e+00	1.193779e+00	5.888945e+02	1.483601e+03
2.055969e+00	1.429833e+00	6.804107e+02	2.007394e+03
1.945282e+00	1.504248e+00	1.523805e+03	5.631128e+01
2.249470e+00	1.316572e+00	1.106004e+03	1.409613e+03
2.196862e+00	1.344067e+00	3.490317e+02	1.055179e+03
2.497367e+00	1.200556e+00	7.111615e+02	3.295742e+03
2.559828e+00	1.175578e+00	1.653729e+03	2.640685e+03
1.953268e+00	1.498454e+00	1.756061e+02	2.813221e+02
1.982674e+00	1.479042e+00	2.294478e+03	3.778358e+03
2.597704e+00	1.160444e+00	1.973240e+02	5.018360e+03
2.478063e+00	1.209497e+00	1.953253e+02	7.909565e+03
2.523131e+00	1.190112e+00	6.113421e-01	6.573437e+03
2.106687e+00	1.398231e+00	8.395589e+02	1.842866e+03
2.122656e+00	1.387548e+00	4.112142e+01	3.384882e+03
2.676254e+00	1.131454e+00	5.656123e+01	7.545518e+03
2.550976e+00	1.178657e+00	4.706945e+02	3.469933e+03
1.716982e+00	1.699931e+00	6.882741e+02	2.254031e+03
1.891736e+00	1.545641e+00	1.189741e+03	1.500440e+03
1.997371e+00	1.467476e+00	4.242592e+02	2.831934e+03
1.959959e+00	1.494537e+00	2.830278e+02	4.834641e+03
1.755147e+00	1.663019e+00	9.960516e+02	1.040253e+03
2.601799e+00	1.158329e+00	9.383465e-01	2.825527e+02
1.900812e+00	1.539414e+00	2.573694e+03	1.551733e+03
2.430598e+00	1.228976e+00	6.851817e+02	4.391217e+03
2.072326e+00	1.418958e+00	1.004609e+03	1.977053e+03
2.066987e+00	1.421881e+00	9.553204e+02	1.872288e+03
1.907862e+00	1.533376e+00	3.016999e+03	2.293920e+02
2.185225e+00	1.350664e+00	2.609883e+02	2.397730e+02
2.316078e+00	1.281738e+00	3.455416e+01	3.152772e+02
2.072577e+00	1.418731e+00	1.375438e+03	8.476959e+02
2.382019e+00	1.250657e+00	4.061588e+02	5.713165e+02
2.031417e+00	1.445676e+00	7.870292e+01	1.590076e+03
1.735142e+00	1.681105e+00	9.370561e+01	1.165342e+03
1.823304e+00	1.603539e+00	8.584366e+02	4.124368e+03
2.586404e+00	1.164240e+00	1.248290e+01	9.586470e+02
2.044958e+00	1.436076e+00	1.902900e+01	1.578400e+03
1.859759e+00	1.571661e+00	2.706921e+03	1.171689e+03
2.203303e+00	1.340642e+00	7.276109e+01	9.391011e+01
1.998801e+00	1.467204e+00	3.919542e+02	7.856139e+03
2.661118e+00	1.137117e+00	5.521391e+02	7.639468e+03
1.877814e+00	1.556039e+00	5.270735e+02	3.009044e+02
1.879002e+00	1.555697e+00	1.351241e+03	1.854747e+02
2.226715e+00	1.328155e+00	2.932680e+02	5.263494e+02
2.185081e+00	1.351312e+00	9.435427e+02	8.600878e+02
1.997504e+00	1.467893e+00	2.099826e+03	5.814894e+02
2.269069e+00	1.306196e+00	2.223525e+02	8.492212e+03
2.842558e+00	1.075769e+00	1.497166e+03	1.112599e+03
2.397592e+00	1.243635e+00	3.757066e+02	3.681649e+03
1.931014e+00	1.515693e+00	1.338896e+02	1.347212e+02
2.113190e+00	1.394123e+00	7.458935e+02	6.042124e+03
1.846655e+00	1.581939e+00	1.653941e+03	8.641163e+02
2.499506e+00	1.199088e+00	2.890552e+01	8.972630e+02
1.829051e+00	1.597599e+00	1.451690e+03	7.388330e+02
2.414047e+00	1.237706e+00	1.220713e+03	4.192127e+03
2.170005e+00	1.360346e+00	1.284441e+03	3.970201e+02
1.925524e+00	1.518838e+00	1.582977e+03	1.764120e+02
1.945283e+00	1.504067e+00	4.371372e+02	1.832044e+03
2.091995e+00	1.406340e+00	1.034240e+03	6.720383e+02
1.870377e+00	1.562311e+00	1.427697e+02	1.411628e+03
1.830893e+00	1.596687e+00	3.310080e+03	6.176579e+02
2.354637e+00	1.263336e+00	2.434601e+02	9.339769e+03
1.802683e+00	1.619289e+00	1.196198e+02	1.016678e+03
1.988742e+00	1.474039e+00	1.340662e+03	9.655241e+02
2.009336e+00	1.460268e+00	3.299672e+02	5.045380e+03
2.317488e+00	1.282064e+00	6.701689e+02	4.043604e+03
1.886135e+00	1.550237e+00	4.045584e+02	3.526512e+02
1.911169e+00	1.530592e+00	7.180859e+02	1.017939e+03
2.457094e+00	1.216895e+00	9.364236e+01	9.348865e+02
1.759982e+00	1.657473e+00	3.984873e+02	2.342456e+02
2.076100e+00	1.416479e+00	1.746126e+03	3.597379e+03
2.331695e+00	1.274426e+00	1.255196e+02	1.484292e+02
2.003413e+00	1.464967e+00	2.704060e+03	2.020369e+03
2.311772e+00	1.284487e+00	2.183605e+02	7.302435e+02
1.791802e+00	1.629209e+00	8.425976e+01	8.824727e+02
2.478383e+00	1.208019e+00	9.179774e+01	3.220316e+02
1.872143e+00	1.561128e+00	5.655406e+02	3.092040e+02
1.784236e+00	1.636208e+00	5.454968e+02	9.337344e+02
2.091432e+00	1.406823e+00	1.222463e+03	1.670171e+03
2.016879e+00	1.454772e+00	5.024342e+02	1.659466e+03
2.328175e+00	1.276671e+00	2.051811e+02	6.015163e+03
1.973418e+00	1.484071e+00	6.128037e+02	3.011155e+03
2.450779e+00	1.219612e+00	5.340513e+02	8.654390e+03
2.369465e+00	1.256897e+00	1.853411e+02	5.209877e+03
1.976832e+00	1.482307e+00	3.250167e+02	3.202405e+03
2.616359e+00	1.153945e+00	7.372086e+02	5.125020e+03
2.582013e+00	1.166534e+00	7.316354e+01	8.641773e+03
2.374534e+00	1.254327e+00	9.142339e+01	2.486860e+03
2.341785e+00	1.270384e+00	1.737886e+02	7.048931e+03
1.807718e+00	1.616626e+00	1.172241e+03	4.188999e+03
1.765550e+00	1.652281e+00	3.340653e+02	6.291729e+02
2.539815e+00	1.183320e+00	1.990229e+02	8.958125e+02
1.913254e+00	1.529798e+00	1.584262e+02	2.049297e+03
2.396695e+00	1.244109e+00	1.246312e+02	1.397427e+03
2.032996e+00	1.443744e+00	9.161092e+02	3.181318e+03
2.459603e+00	1.216447e+00	2.442855e+02	9.038783e+03
2.640136e+00	1.144424e+00	5.809412e+02	3.827799e+03
1.848011e+00	1.580440e+00	3.920871e+02	5.691453e+02
1.837483e+00	1.588944e+00	9.769617e+01	4.951238e+02
2.472793e+00	1.210661e+00	2.253441e+01	2.702655e+03
2.050034e+00	1.432494e+00	2.310998e+01	1.165972e+03
1.963953e+00	1.491486e+00	9.112201e+01	5.770503e+03
1.829624e+00	1.596954e+00	1.291597e+03	2.355351e+03
2.033760e+00	1.443853e+00	7.330615e+02	3.528853e+03
2.589329e+00	1.163778e+00	2.886679e+02	4.783114e+03
2.267905e+00	1.307252e+00	4.677499e+02	5.517658e+03
2.594041e+00	1.161790e+00	3.280299e+02	5.382836e+03
2.522054e+00	1.190635e+00	6.040413e+02	5.522956e+03
2.722228e+00	1.114620e+00	1.011465e+02	4.549601e+03
1.753186e+00	1.664520e+00	7.018185e+01	4.782076e+02
2.587995e+00	1.164394e+00	1.153349e+03	4.916495e+03
2.541779e+00	1.182019e+00	1.752105e+02	3.577017e+03
2.629717e+00	1.148477e+00	2.258321e+01	8.857104e+03
1.977840e+00	1.482766e+00	1.607427e+03	1.940326e+03
2.396797e+00	1.243843e+00	5.705495e+02	3.799409e+03
1.984833e+00	1.476371e+00	1.807802e+02	2.274736e+03
2.850522e+00	1.073436e+00	5.902253e+02	2.193839e+03
1.927617e+00	1.517709e+00	2.682512e+03	7.122188e+03
2.524110e+00	1.189327e+00	4.142149e+02	4.838800e+03
1.789884e+00	1.630407e+00	2.761747e+00	3.775405e+02
2.466701e+00	1.213673e+00	1.302497e+02	7.651022e+03
1.809348e+00	1.614857e+00	4.078458e+03	1.101688e+03
2.654599e+00	1.139422e+00	1.179424e+02	9.772655e+03
2.660767e+00	1.136221e+00	1.841936e+02	7.541441e+03
2.201152e+00	1.342101e+00	1.472024e+02	4.184706e+03
2.006649e+00	1.461647e+00	5.710709e+02	2.168501e+02
2.504053e+00	1.198121e+00	5.442154e+02	1.492737e+03
2.288459e+00	1.295921e+00	1.591527e+02	4.648827e+02
2.098660e+00	1.401335e+00	1.744052e+02	7.501535e+01
1.965722e+00	1.489594e+00	2.205409e+03	1.303898e+03
2.193462e+00	1.346414e+00	4.469339e+02	4.211227e+03
2.356271e+00	1.262319e+00	7.989642e+02	6.046184e+03
2.414935e+00	1.235886e+00	3.767192e+02	2.665892e+03
2.609810e+00	1.156267e+00	5.456859e+02	4.253374e+03
2.083655e+00	1.411162e+00	3.917543e+02	3.410210e+03
1.726212e+00	1.689782e+00	3.158804e+02	1.932474e+02
2.171785e+00	1.358420e+00	2.353074e+02	3.950008e+03
2.477258e+00	1.209293e+00	6.066738e+02	4.629356e+03
2.160210e+00	1.366064e+00	5.498465e+01	6.353951e+03
2.274019e+00	1.303537e+00	8.451593e+01	3.508471e+03
1.713867e+00	1.702447e+00	2.643757e+03	1.273943e+02
2.312878e+00	1.283812e+00	4.906291e+02	1.408325e+03
2.496951e+00	1.200562e+00	2.154862e+02	5.003295e+03
2.815802e+00	1.084729e+00	7.142081e+02	6.624350e+03
1.758674e+00	1.659147e+00	1.217685e+03	1.847487e+03
2.167263e+00	1.360782e+00	3.607572e+02	5.027237e+02
1.862812e+00	1.568562e+00	1.766204e+03	6.957141e+02
1.969347e+00	1.487552e+00	5.570253e+02	1.593823e+03
2.254879e+00	1.313365e+00	2.086602e+02	8.310842e+02
2.231187e+00	1.326030e+00	1.142369e+02	5.792681e+03
2.079533e+00	1.414579e+00	1.218704e+03	2.571454e+03
2.608579e+00	1.156067e+00	4.160665e+02	3.120953e+03
1.931654e+00	1.514838e+00	1.094069e+03	2.073304e+03
2.500405e+00	1.199049e+00	1.015386e+01	2.428292e+03
2.019836e+00	1.452346e+00	2.277114e+02	4.991438e+02
2.492217e+00	1.202191e+00	2.047576e+02	1.511746e+02
2.159059e+00	1.365741e+00	4.663916e+02	1.817378e+03
2.656649e+00	1.138956e+00	6.819414e+02	3.883338e+03
1.985749e+00	1.475993e+00	2.781996e+02	1.863469e+02
2.524107e+00	1.189748e+00	4.352234e+02	4.844386e+02
1.794502e+00	1.626369e+00	1.690413e+02	7.278793e+02
2.592106e+00	1.162697e+00	4.504735e+02	5.165302e+03
1.816134e+00	1.608424e+00	1.253670e+03	8.234931e+02
2.046380e+00	1.435955e+00	1.374455e+03	2.453321e+03
2.157731e+00	1.367467e+00	8.839273e+02	8.669121e+02
2.044447e+00	1.437150e+00	9.830543e+02	3.015613e+02
2.149737e+00	1.372240e+00	1.034556e+03	1.885408e+03
2.069318e+00	1.420957e+00	6.920603e+02	5.854724e+03
1.910900e+00	1.531003e+00	1.276317e+03	4.976562e+02
2.408113e+00	1.239582e+00	6.425198e+02	8.982197e+02
1.868821e+00	1.564759e+00	1.906330e+03	2.861312e+02
1.814172e+00	1.609908e+00	1.664897e+03	3.673633e+02
2.276381e+00	1.301737e+00	2.320220e+02	6.898711e+02
2.034264e+00	1.443907e+00	1.081911e+03	4.013642e+02
2.365280e+00	1.258575e+00	7.346834e+02	2.151938e+03
1.996665e+00	1.468299e+00	3.316114e+02	9.916934e+02
1.959655e+00	1.494415e+00	1.022563e+03	2.229463e+03
1.801731e+00	1.619873e+00	1.039489e+03	6.392374e+02
2.090151e+00	1.407420e+00	4.087446e+02	5.406097e+03
2.633743e+00	1.146733e+00	8.763312e+01	2.746187e+03
2.510132e+00	1.194746e+00	1.706858e+02	4.124871e+03
1.799692e+00	1.621635e+00	5.488312e+02	2.328237e+02
1.878713e+00	1.556468e+00	8.978618e+02	3.388150e+03
2.730313e+00	1.112458e+00	1.208127e+02	8.638990e+03
1.714654e+00	1.701367e+00	1.359572e+02	4.156610e+02
1.813454e+00	1.611478e+00	2.012950e+02	6.264274e+03
2.231862e+00	1.325424e+00	2.272936e+02	9.406975e+02
2.346811e+00	1.267919e+00	1.758426e+02	6.181989e+03
2.468010e+00	1.212959e+00	7.421626e+02	1.397191e+03
2.094644e+00	1.405219e+00	1.160194e+03	2.765142e+03
1.796485e+00	1.624427e+00	5.556691e+02	6.157771e+01
2.199413e+00	1.343210e+00	2.757765e+02	7.327298e+02
1.837991e+00	1.588788e+00	5.965275e+02	3.801795e+02
2.059003e+00	1.427443e+00	9.558702e+02	3.063714e+03
2.644903e+00	1.142619e+00	1.781286e+02	5.229710e+03
2.584909e+00	1.165131e+00	7.207150e+01	3.078416e+03
2.633323e+00	1.147087e+00	2.313868e+02	3.647548e+03
1.928691e+00	1.517552e+00	4.684231e+02	3.351111e+03
1.910951e+00	1.531086e+00	6.390917e+02	8.076448e+02
2.302147e+00	1.289919e+00	4.972634e+02	2.757012e+03
2.490604e+00	1.203084e+00	1.927800e+02	3.402941e+03
2.356786e+00	1.262409e+00	7.602395e+01	1.609053e+03
2.181103e+00	1.353945e+00	1.959614e+02	4.401401e+03
1.876913e+00	1.558128e+00	1.746146e+03	3.152180e+02
1.925943e+00	1.519885e+00	1.141396e+03	1.303370e+03
2.435882e+00	1.227198e+00	1.922017e+02	5.492841e+03
2.618486e+00	1.152661e+00	8.156577e+00	8.822018e+03
2.497808e+00	1.200218e+00	1.675045e+01	1.879610e+03
2.232135e+00	1.325788e+00	1.794113e+03	8.086769e+02
2.218638e+00	1.332999e+00	1.853099e+02	3.119022e+03
2.647293e+00	1.141635e+00	7.578546e+01	2.959480e+03
2.512740e+00	1.193877e+00	2.281263e+02	5.063444e+03
2.681461e+00	1.128970e+00	5.030300e+01	8.923346e+03
2.597075e+00	1.160835e+00	8.243983e+01	8.268923e+03
2.367871e+00	1.256847e+00	1.016114e+02	6.599227e+01
2.091105e+00	1.405552e+00	2.673019e+02	1.331783e+03
1.954146e+00	1.498179e+00	8.743658e+02	5.197340e+02
2.449234e+00	1.220863e+00	8.813064e+01	5.259654e+03
2.604237e+00	1.158269e+00	3.931146e+02	8.226718e+03
1.794105e+00	1.627073e+00	2.891048e+02	2.922067e+03
1.994034e+00	1.471969e+00	1.393854e+03	6.546555e+03
2.427135e+00	1.230194e+00	5.720503e+02	9.561809e+03
2.473390e+00	1.209647e+00	2.777662e+02	9.868294e+01
2.632815e+00	1.146871e+00	1.152911e+02	5.700820e+03
1.960132e+00	1.494150e+00	4.918625e+02	3.046206e+03
2.423293e+00	1.231818e+00	3.382779e+02	4.753169e+03
2.674890e+00	1.131338e+00	7.990336e+01	7.515082e+03
1.753533e+00	1.664464e+00	1.140241e+03	2.195671e+03
1.984321e+00	1.476734e+00	1.438900e+03	7.474113e+02
2.386005e+00	1.248904e+00	1.828587e+01	6.937661e+02
2.327436e+00	1.276371e+00	5.067552e+00	1.151119e+03
2.494151e+00	1.201552e+00	2.398617e+02	1.820839e+03
2.676948e+00	1.130584e+00	8.601150e+01	9.624999e+03
2.093626e+00	1.405856e+00	1.393646e+03	6.203741e+03
2.497508e+00	1.199718e+00	8.883419e+01	2.604658e+03
2.495794e+00	1.201685e+00	5.991160e+01	5.725131e+02
2.264931e+00	1.307980e+00	4.845262e+02	1.319294e+02
1.856438e+00	1.574564e+00	7.687308e+02	3.100320e+03
2.493823e+00	1.201832e+00	8.563156e+01	1.718565e+03
2.628968e+00	1.148860e+00	5.818725e+02	4.410521e+03
1.735952e+00	1.680445e+00	6.330509e+02	1.211839e+03
2.297636e+00	1.291285e+00	2.217696e+01	1.032244e+03
2.188040e+00	1.350225e+00	8.070668e+02	4.457125e+03
2.624087e+00	1.150675e+00	2.196459e+01	4.661044e+03
2.630107e+00	1.148207e+00	1.525543e+02	5.378517e+03
1.920789e+00	1.522367e+00	1.523652e+03	2.356034e+02
2.118282e+00	1.391019e+00	6.868999e+01	6.051021e+03
2.366442e+00	1.258175e+00	8.926201e+02	1.106881e+03
2.142407e+00	1.375835e+00	5.629771e+02	6.805649e+03
2.436904e+00	1.225804e+00	1.412880e+02	8.411394e+03
2.787173e+00	1.092693e+00	7.931255e+02	3.334475e+02
2.245088e+00	1.319308e+00	1.075034e+03	4.646309e+03
1.846392e+00	1.582390e+00	2.149273e+03	3.317309e+02
1.764570e+00	1.654064e+00	2.991630e+03	2.462052e+03
1.930062e+00	1.516293e+00	3.381366e+01	9.071859e+02
2.036066e+00	1.442614e+00	1.162637e+03	1.851086e+03
2.438454e+00	1.225074e+00	6.878824e+01	9.018687e+02
1.787415e+00	1.634033e+00	4.247166e+02	5.087663e+03
2.678829e+00	1.130319e+00	4.546879e+02	8.516690e+03
2.563029e+00	1.173774e+00	3.353645e+02	4.670858e+03
2.252844e+00	1.314531e+00	4.466088e+02	4.055458e+03
1.922379e+00	1.522139e+00	6.956804e+02	3.159400e+03
2.411177e+00	1.237984e+00	2.606371e+02	1.778442e+03
1.906417e+00	1.534001e+00	2.033702e+02	2.256567e+03
2.300802e+00	1.289573e+00	1.336958e+02	5.702372e+02
1.833641e+00	1.592617e+00	8.851292e+02	2.438452e+03
2.331559e+00	1.274595e+00	5.959309e+01	1.427673e+03
2.280731e+00	1.301228e+00	7.519293e+02	3.434051e+03
1.979509e+00	1.480240e+00	2.813752e+02	3.765406e+03
1.861915e+00	1.569502e+00	1.191676e+03	6.200707e+02
2.343324e+00	1.268507e+00	1.025929e+01	1.510400e+03
2.084806e+00	1.410379e+00	6.695593e+02	2.819067e+03
2.439122e+00	1.225704e+00	4.127131e+02	3.410311e+03
2.143337e+00	1.375554e+00	1.325133e+03	1.378663e+03
2.035122e+00	1.441873e+00	3.125839e+02	2.239899e+02
2.110083e+00	1.394316e+00	1.795781e+02	4.247019e+02
2.460349e+00	1.216371e+00	9.802881e+01	2.117902e+03
2.057282e+00	1.428002e+00	1.447894e+02	1.893477e+03
2.133781e+00	1.381038e+00	1.228465e+03	2.761220e+03
2.031561e+00	1.445847e+00	8.373392e+02	6.498928e+03
2.331034e+00	1.276251e+00	2.676735e+03	3.209824e+03
2.310094e+00	1.285188e+00	4.387897e+02	3.528334e+03
2.439194e+00	1.225209e+00	4.238914e+01	2.258045e+03
1.937939e+00	1.510164e+00	9.577361e+02	1.403459e+03
2.055213e+00	1.429843e+00	8.932541e+02	2.327032e+03
2.509415e+00	1.195663e+00	3.426458e+01	7.914235e+03
2.607103e+00	1.157019e+00	4.376653e+02	4.419261e+03
2.115930e+00	1.389977e+00	2.397906e+01	1.533805e+02
1.945760e+00	1.504986e+00	7.126908e+01	1.663729e+03
2.609224e+00	1.156222e+00	1.946695e+02	8.664466e+03
2.593814e+00	1.162185e+00	1.042657e+02	6.577771e+03
2.597082e+00	1.160602e+00	3.870874e+02	1.290248e+03
2.522724e+00	1.190057e+00	1.302619e+03	9.160812e+03
2.357463e+00	1.261915e+00	1.937188e+02	6.032580e+01
2.274148e+00	1.303099e+00	2.655305e+02	3.237249e+03
2.310927e+00	1.285259e+00	1.804065e+02	9.372534e+03
2.037304e+00	1.440178e+00	9.072088e+01	1.025689e+03
2.668804e+00	1.133202e+00	3.566945e+02	7.088846e+03
1.907405e+00	1.535006e+00	3.714973e+02	4.339428e+03
2.473807e+00	1.209880e+00	2.456797e+02	2.937109e+03
2.094860e+00	1.403897e+00	3.454377e+02	7.129032e+02
1.804605e+00	1.618187e+00	2.897843e+02	7.151372e+02
1.937723e+00	1.511909e+00	1.608198e+03	2.995856e+03
2.483049e+00	1.206065e+00	1.851061e+02	3.512760e+02
1.998360e+00	1.467393e+00	2.135742e+03	1.647066e+03
1.838490e+00	1.588610e+00	6.406440e+02	2.903592e+03
2.324408e+00	1.276654e+00	5.725761e+02	2.177994e+03
1.882510e+00	1.553320e+00	3.807717e+02	1.766156e+03
2.608740e+00	1.156678e+00	2.497642e+02	5.730047e+03
1.715362e+00	1.700824e+00	1.100358e+03	1.663239e+03
1.958430e+00	1.494768e+00	6.059756e+02	3.721032e+02
1.849594e+00	1.579700e+00	5.389775e+02	4.926677e+02
1.807627e+00	1.614899e+00	3.210351e+02	8.450083e+02
1.743989e+00	1.674217e+00	1.824791e+03	5.990485e+02
1.751782e+00	1.665542e+00	6.577549e+02	1.282914e+03
1.920871e+00	1.523069e+00	3.926247e+02	3.052505e+03
2.176767e+00	1.356069e+00	1.644861e+03	1.848283e+02
2.013074e+00	1.456563e+00	4.136185e+02	1.389442e+03
2.032348e+00	1.444177e+00	5.476283e+02	7.437119e+03
2.472766e+00	1.210137e+00	6.675282e+02	5.509107e+02
2.442521e+00	1.223850e+00	2.637564e+02	7.759931e+03
2.549121e+00	1.180347e+00	8.249958e+01	7.693472e+03
2.310046e+00	1.284753e+00	5.131942e+01	3.899422e+03
2.721769e+00	1.115140e+00	3.863563e+02	1.293803e+03
1.972416e+00	1.485398e+00	9.985470e+01	4.584482e+03
2.754755e+00	1.105279e+00	6.212558e+02	5.546668e+03
2.141899e+00	1.377032e+00	1.451116e+03	5.605737e+03
2.309841e+00	1.286532e+00	5.380853e+01	8.567647e+03
1.856029e+00	1.574049e+00	2.316063e+02	1.783710e+02
1.950571e+00	1.501034e+00	7.224354e+02	5.286817e+02
2.093088e+00	1.405172e+00	7.381378e+01	1.408142e+03
2.462100e+00	1.215378e+00	3.296208e+02	8.727476e+03
2.111257e+00	1.393678e+00	3.998060e+01	6.899036e+02
1.895943e+00	1.542527e+00	5.920553e+02	1.649208e+02
2.272421e+00	1.303734e+00	1.398229e+02	2.192500e+02
2.526821e+00	1.188437e+00	1.537923e+02	5.248133e+03
2.379477e+00	1.251825e+00	1.633179e+02	1.071379e+03
1.762606e+00	1.656796e+00	2.697185e+03	1.041787e+03
2.520165e+00	1.190359e+00	2.483814e+02	3.170765e+02
2.580012e+00	1.167335e+00	4.072738e+02	5.287777e+03
1.992888e+00	1.470755e+00	2.024950e+02	2.103756e+03
1.988176e+00	1.474351e+00	5.216967e+02	3.488358e+03
2.102184e+00	1.400057e+00	1.960866e+03	8.017116e+02
2.410039e+00	1.238285e+00	1.533760e+02	1.939744e+03
2.475912e+00	1.209393e+00	3.649614e+02	3.987467e+03
2.012534e+00	1.457219e+00	6.586098e+01	7.761740e+02
2.199616e+00	1.342419e+00	5.403698e+01	1.018684e+02
2.026975e+00	1.448982e+00	2.373066e+03	3.329349e+02
1.892332e+00	1.544258e+00	8.704663e+02	7.822882e+01
2.630820e+00	1.147201e+00	7.882172e+01	6.477203e+03
2.603882e+00	1.158110e+00	4.206046e+01	3.528461e+03
2.569817e+00	1.170270e+00	5.076225e+02	6.028642e+03
2.019015e+00	1.451960e+00	3.053188e+02	9.451276e+02
2.259556e+00	1.310882e+00	1.658526e+03	2.034376e+03
2.315511e+00	1.282521e+00	2.195411e+02	5.340090e+03
2.481906e+00	1.206886e+00	2.289999e+02	5.315006e+03
1.964894e+00	1.490215e+00	3.088075e+01	5.040304e+03
2.227989e+00	1.328744e+00	5.056134e+02	6.060837e+02
1.720111e+00	1.696135e+00	9.078609e+02	2.035560e+03
2.553227e+00	1.177570e+00	6.116665e+01	9.970715e+03
2.579784e+00	1.167300e+00	2.373678e+02	1.059646e+02
2.016982e+00	1.454416e+00	7.749725e+02	2.220242e+03
2.532631e+00	1.185733e+00	1.814012e+00	2.577706e+02
1.868175e+00	1.564353e+00	2.382054e+02	2.106699e+02
2.220029e+00	1.332453e+00	7.142927e+02	3.583735e+03
1.815304e+00	1.608683e+00	1.840108e+01	8.871721e+02
1.895577e+00	1.543808e+00	2.500145e+03	3.420385e+03
2.421083e+00	1.233611e+00	5.180722e+02	1.582475e+03
1.850971e+00	1.578790e+00	2.962847e+03	1.380866e+03
1.965747e+00	1.490186e+00	1.473875e+02	1.743058e+03
1.875510e+00	1.559521e+00	2.493087e+03	2.399581e+03
2.094324e+00	1.405157e+00	5.648090e+02	2.810831e+03
2.364964e+00	1.258647e+00	7.746890e+02	2.199170e+03
2.441311e+00	1.223530e+00	6.528792e+01	8.646106e+03
2.093533e+00	1.405940e+00	1.433488e+03	2.636284e+03
1.933152e+00	1.513551e+00	5.512990e+02	1.482950e+03
2.577788e+00	1.167009e+00	1.464958e+02	3.559951e+03
2.651752e+00	1.141189e+00	9.360266e+02	9.183111e+02
1.857712e+00	1.572671e+00	2.065989e+02	2.815543e+02
1.886637e+00	1.550912e+00	3.887170e+03	7.128780e+03
1.987844e+00	1.475013e+00	1.870283e+03	1.032072e+03
1.751782e+00	1.665542e+00	6.577549e+02	1.282914e+03
2.224821e+00	1.328823e+00	6.520830e+02	2.647734e+03
2.651915e+00	1.139527e+00	1.735648e+02	6.656291e+03
1.886972e+00	1.548423e+00	6.182699e+02	1.781862e+02
2.583061e+00	1.166075e+00	3.213038e+02	7.556238e+03
1.892089e+00	1.544169e+00	1.992907e+03	8.757505e+02
1.867541e+00	1.564337e+00	5.389749e+02	1.602336e+03
2.474846e+00	1.210274e+00	1.524032e+00	2.430050e+03
1.717216e+00	1.701275e+00	4.002865e+03	4.255435e+03
2.556158e+00	1.177000e+00	6.016426e+02	1.931719e+03
1.843344e+00	1.584920e+00	1.700553e+02	1.300028e+03
1.962874e+00	1.492298e+00	8.342452e+02	4.554032e+03
1.929929e+00	1.517433e+00	6.818131e+01	2.018052e+03
2.332113e+00	1.274578e+00	2.587771e+02	3.287675e+03
2.498659e+00	1.199787e+00	4.585248e+02	2.399559e+03
1.952507e+00	1.499458e+00	6.498858e+02	1.001714e+03
1.909153e+00	1.531149e+00	6.354240e+02	1.299222e+03
2.210926e+00	1.337473e+00	8.064639e+02	3.562716e+03
2.429484e+00	1.228122e+00	3.468686e+00	5.783070e+03
2.632420e+00	1.147313e+00	2.252890e+02	3.800030e+03
1.753405e+00	1.665534e+00	2.661028e+03	2.472661e+03
2.562876e+00	1.174236e+00	1.303427e+02	6.156807e+03
2.500208e+00	1.198833e+00	4.169228e+01	2.250553e+03
1.763330e+00	1.655545e+00	1.463633e+03	8.575558e+02
1.879428e+00	1.554964e+00	5.794327e+02	2.487415e+03
2.100689e+00	1.400092e+00	3.366993e+02	1.181461e+03
2.575534e+00	1.169266e+00	1.002815e+03	6.784668e+03
1.945485e+00	1.504674e+00	1.251817e+03	1.582314e+03
2.596876e+00	1.160754e+00	5.920079e+02	4.119521e+03
2.084683e+00	1.411349e+00	3.628083e+03	1.079883e+02
2.479324e+00	1.207590e+00	4.045557e+01	6.856902e+02
2.708464e+00	1.120125e+00	5.510320e+02	1.905520e+03
2.178124e+00	1.355178e+00	7.125025e+01	1.349470e+03
1.960030e+00	1.494001e+00	1.322350e+03	6.699519e+02
2.090525e+00	1.406959e+00	2.366551e+02	3.102287e+03
1.883327e+00	1.553643e+00	1.902043e+02	5.773702e+03
2.126097e+00	1.385101e+00	3.193597e+02	3.408877e+02
1.903187e+00	1.536108e+00	2.264882e+02	6.052189e+02
3.057900e+00	1.013826e+00	9.174484e+00	5.735864e+03
1.783573e+00	1.636220e+00	4.394027e+02	3.027397e+03
2.580588e+00	1.167336e+00	3.554897e+02	5.032507e+03
2.222956e+00	1.330527e+00	7.443983e+02	3.829880e+03
2.163921e+00	1.362257e+00	4.171597e+02	2.424937e+03
1.759640e+00	1.658277e+00	4.908800e+02	1.131399e+03
1.820592e+00	1.604303e+00	1.975900e+02	7.531637e+02
2.584934e+00	1.164700e+00	2.022628e+02	4.233536e+03
2.373020e+00	1.255193e+00	2.748216e+02	5.172695e+03
2.146790e+00	1.372481e+00	3.021771e+02	6.537043e+02
2.265266e+00	1.307575e+00	2.629031e+02	6.290763e+02
2.454963e+00	1.218215e+00	2.368966e+02	2.447614e+03
2.018598e+00	1.452246e+00	1.238704e+03	9.882681e+02
2.599109e+00	1.160106e+00	1.107354e+02	1.983928e+03
2.502129e+00	1.198636e+00	1.037208e+03	3.791966e+03
2.337465e+00	1.272435e+00	5.630413e+01	4.776095e+03
2.710834e+00	1.119297e+00	6.727107e+01	8.197144e+03
2.593590e+00	1.162449e+00	1.460298e+03	6.374325e+03
2.388513e+00	1.247661e+00	6.142084e+00	3.681730e+02
2.363131e+00	1.260052e+00	9.567269e+02	1.145605e+03
2.401528e+00	1.241697e+00	8.281372e+01	1.150501e+03
2.445194e+00	1.221815e+00	1.253197e+02	4.709904e+03
1.896074e+00	1.542969e+00	2.417422e+02	3.900317e+03
1.949643e+00	1.501388e+00	8.206326e+02	5.834854e+02
2.490032e+00	1.203467e+00	2.026707e+02	4.600177e+03
1.914626e+00	1.527807e+00	1.641275e+03	2.183941e+02
2.241062e+00	1.321183e+00	3.487033e+02	1.560645e+03
1.721143e+00	1.694799e+00	5.828624e+00	2.517389e+03
2.323830e+00	1.278984e+00	7.076727e+01	4.384348e+03
2.650538e+00	1.141290e+00	9.847749e+02	3.401604e+03
2.269581e+00	1.305556e+00	1.519136e+02	7.272871e+02
2.326950e+00	1.276696e+00	4.327467e+02	4.323882e+03
2.599930e+00	1.159784e+00	4.794227e+02	4.215969e+03
2.176818e+00	1.356251e+00	6.416900e+02	9.067726e+02
1.765780e+00	1.654198e+00	2.481378e+03	3.399737e+03
2.391102e+00	1.246249e+00	2.718487e+02	3.979817e+03
1.863235e+00	1.567655e+00	2.510729e+02	5.039852e+02
1.927691e+00	1.518064e+00	5.546628e+02	2.548720e+03
2.283573e+00	1.298609e+00	6.721273e+01	7.341202e+03
2.143273e+00	1.375642e+00	2.233032e+03	2.739409e+03
2.603325e+00	1.158954e+00	2.581105e+03	2.400622e+03
1.875587e+00	1.557076e+00	7.490336e+01	2.454328e+03
1.837512e+00	1.589305e+00	5.901693e+02	1.177770e+02
2.401388e+00	1.242411e+00	1.513587e+02	5.939650e+03
1.928346e+00	1.519117e+00	3.537295e+02	3.737857e+03
2.205688e+00	1.339909e+00	1.384002e+03	5.884321e+03
2.495011e+00	1.200425e+00	1.870004e+02	7.669946e+03
2.656765e+00	1.138328e+00	5.432594e+02	3.630378e+03
2.202141e+00	1.341975e+00	1.393059e+03	6.030090e+02
1.871192e+00	1.561600e+00	8.006114e+02	1.593123e+03
2.310906e+00	1.284425e+00	1.949532e+02	4.210282e+03
2.229136e+00	1.326991e+00	1.392628e+02	3.402235e+03
2.182415e+00	1.352967e+00	2.620827e+02	3.784125e+03
2.505020e+00	1.196980e+00	5.675206e+01	4.896200e+03
1.828494e+00	1.597409e+00	9.453502e+02	8.698466e+02
2.554604e+00	1.176138e+00	1.395693e+02	5.985838e+03
1.934813e+00	1.514082e+00	4.261224e+02	3.623626e+03
2.406699e+00	1.239374e+00	8.026035e+02	1.124402e+03
1.768057e+00	1.650810e+00	2.297833e+02	3.121189e+02
2.614088e+00	1.154413e+00	3.579813e+02	4.732220e+03
1.955612e+00	1.497453e+00	4.488535e+02	3.222373e+03
1.914491e+00	1.528265e+00	1.913409e+03	5.707446e+02
2.515292e+00	1.193028e+00	4.612357e+02	8.974356e+03
2.448133e+00	1.221832e+00	8.729062e+02	4.752977e+03
2.503527e+00	1.197693e+00	1.138890e+02	1.467679e+03
2.509976e+00	1.195210e+00	8.391603e+02	3.629005e+03
2.703332e+00	1.121487e+00	8.799600e+01	9.730479e+03
2.426940e+00	1.231070e+00	7.071872e+02	1.464349e+03
1.980294e+00	1.479963e+00	6.061575e+02	2.928093e+03
2.117231e+00	1.390762e+00	5.481737e+02	1.041578e+03
2.199301e+00	1.342701e+00	1.888275e+02	2.770971e+03
1.927741e+00	1.518580e+00	2.787714e+01	6.640315e+03
2.391998e+00	1.245729e+00	2.328259e+02	2.434527e+02
2.883805e+00	1.063065e+00	2.425945e+02	4.082011e+03
2.683199e+00	1.129948e+00	4.808995e+02	8.252653e+03
2.152592e+00	1.370784e+00	1.162574e+02	1.202898e+03
1.963389e+00	1.491793e+00	6.133226e+02	3.587070e+03
1.888604e+00	1.548457e+00	2.919654e+03	7.239921e+02
1.914156e+00	1.528487e+00	4.484024e+02	5.200306e+02
2.538344e+00	1.183732e+00	2.336771e+02	6.379449e+03
1.907038e+00	1.533576e+00	6.800067e+02	2.767384e+03
2.474240e+00	1.210044e+00	2.839779e+02	3.980393e+03
2.478439e+00	1.207793e+00	1.135641e+00	2.880014e+03
2.663327e+00	1.135108e+00	2.385547e+02	6.171966e+03
2.565269e+00	1.173039e+00	1.637919e+02	3.782649e+03
1.716167e+00	1.699607e+00	1.182634e+02	5.561368e+02
1.762518e+00	1.655685e+00	1.704519e+03	3.008795e+03
2.438108e+00	1.225651e+00	2.313165e+01	2.945709e+03
2.284919e+00	1.297858e+00	1.034620e+03	5.955069e+03
1.926578e+00	1.518595e+00	1.279178e+03	7.424945e+02
2.596304e+00	1.161274e+00	8.985775e+02	6.397809e+03
1.738337e+00	1.678086e+00	2.448043e+02	5.622734e+02
2.505598e+00	1.196629e+00	2.518767e+02	3.673851e+03
2.426905e+00	1.230851e+00	3.690454e+02	3.829590e+03
2.558134e+00	1.175815e+00	2.821169e+02	5.362321e+03
2.509881e+00	1.194597e+00	3.763025e+02	2.493087e+03
2.356414e+00	1.262841e+00	5.160020e+02	7.479464e+02
2.276731e+00	1.301777e+00	2.117499e+02	3.554215e+02
1.736730e+00	1.679905e+00	1.901632e+02	2.353963e+03
2.469685e+00	1.212071e+00	4.903236e+02	6.579403e+03
2.501219e+00	1.199041e+00	2.779119e+02	3.213058e+03
2.358790e+00	1.262100e+00	1.628230e+02	6.313085e+03
2.026103e+00	1.447300e+00	2.133339e+02	2.190954e+03
1.781695e+00	1.639771e+00	9.518361e+02	2.986083e+03
1.984548e+00	1.476491e+00	7.489006e+01	2.256531e+03
2.080671e+00	1.413619e+00	1.993998e+03	2.948560e+02
2.472124e+00	1.211363e+00	1.168887e+03	1.118669e+03
2.111781e+00	1.393828e+00	5.032233e+02	2.993478e+03
2.070683e+00	1.420579e+00	1.691613e+03	1.706982e+02
2.185767e+00	1.350763e+00	1.180310e+03	8.842394e+01
1.917174e+00	1.525535e+00	1.442833e+03	9.240100e+02
2.022770e+00	1.451357e+00	1.136689e+03	1.450259e+03
1.769767e+00	1.649377e+00	1.604810e+03	1.121118e+03
2.521329e+00	1.190564e+00	1.859382e+02	1.640224e+03
1.712196e+00	1.703848e+00	6.515629e+02	6.084467e+02
1.812723e+00	1.611291e+00	1.655694e+03	5.180500e+01
1.882107e+00	1.553580e+00	1.247591e+03	8.113727e+02
1.975813e+00	1.482967e+00	1.282560e+03	1.833737e+03
1.992350e+00	1.472302e+00	3.774248e+02	2.366381e+03
2.321304e+00	1.279671e+00	1.385096e+02	9.070507e+02
1.970137e+00	1.487890e+00	4.861061e+01	4.868905e+03
2.229136e+00	1.326991e+00	1.392628e+02	3.402235e+03
2.571209e+00	1.170702e+00	6.003673e+02	5.270285e+03
2.060780e+00	1.425321e+00	1.171600e+03	7.702337e+02
2.565164e+00	1.173415e+00	1.316533e+02	6.779458e+03
2.510917e+00	1.194667e+00	1.009252e+02	2.641615e+03
2.520685e+00	1.190987e+00	2.104143e+02	1.006457e+03
1.947707e+00	1.503725e+00	2.650253e+03	1.221339e+03
2.426398e+00	1.229918e+00	1.952332e+02	2.541122e+03
1.837659e+00	1.590379e+00	8.696145e+02	3.723653e+02
2.302422e+00	1.289369e+00	4.651687e+02	3.751541e+03
2.110526e+00	1.394638e+00	1.966159e+03	5.227542e+02
1.938030e+00	1.509522e+00	1.363405e+03	3.374900e+02
2.477910e+00	1.209163e+00	5.783005e+02	1.689209e+03
2.526535e+00	1.187914e+00	6.376431e+01	5.345469e+01
2.504298e+00	1.197323e+00	3.885741e+02	1.545236e+03
2.578756e+00	1.167872e+00	2.532738e+02	3.234006e+03
