# R_NS (km) M_NS (Solar mass)
1.039419611645753960e+01 1.142186703520351232e+00
1.110180222011770290e+01 7.678810863975705781e-01
1.210609966663550452e+01 9.996910265924505712e-01
1.099494898659258979e+01 6.468984888979077974e-01
1.097602874311078303e+01 6.722985033395705301e-01
1.095811866372415366e+01 6.590334790198811854e-01
1.080943200546404448e+01 6.014703124589345640e-01
1.081807211702817639e+01 7.667238490759943348e-01
1.102499266934004218e+01 6.537948897573300222e-01
1.131581588129296634e+01 1.138773224911544757e+00
1.061805740609758431e+01 7.119435755333266558e-01
1.209513820191764744e+01 9.097419401427506713e-01
1.136251486116476350e+01 8.986645535930906092e-01
1.090013324017687246e+01 1.080672694204454443e+00
1.137440764337202559e+01 9.204074453831518898e-01
1.049449434464959907e+01 1.114293104682645419e+00
1.062445552445305452e+01 6.044916369921697896e-01
1.056579209636467453e+01 6.870726076897702983e-01
1.133287875454397131e+01 1.360922963314977974e+00
1.078992326955575543e+01 6.405065351586882727e-01
1.143153087154550640e+01 1.154566005483720792e+00
1.194073964750561068e+01 8.783369275311024849e-01
1.145918852321463532e+01 9.470117393204354750e-01
1.166922217893049485e+01 9.134238737091708860e-01
1.099735885363112331e+01 7.744624268209231444e-01
1.231308988710821772e+01 9.630271109349364256e-01
1.104451087185237768e+01 6.302917317645336803e-01
1.109798780576358546e+01 7.850089299113712782e-01
1.119419055592986112e+01 1.068247214740971396e+00
1.162627220424467644e+01 8.443376357098439922e-01
1.128396626323202412e+01 8.118756969175484617e-01
1.127241213952007293e+01 1.034706966928097049e+00
1.114501305314956348e+01 9.223563878337345256e-01
1.129586720603568928e+01 9.824865130604569785e-01
1.128898414487594870e+01 7.370183720852879761e-01
1.118591645861578954e+01 1.149249734172712811e+00
1.181968599418722654e+01 7.983381983175860119e-01
1.120740989453056891e+01 7.580941005782678710e-01
1.096734637389893585e+01 7.120014067272733005e-01
1.205845779591658484e+01 8.528100680883151652e-01
1.183286913043105670e+01 8.943173711494071254e-01
1.146150456913131777e+01 8.405245060296341331e-01
1.148876381957599691e+01 7.794063912721539422e-01
1.198962969688307645e+01 8.259225383114903174e-01
1.149229650540832992e+01 7.919935072412613852e-01
1.096842254032332775e+01 9.516727096976760336e-01
1.095101921230910236e+01 9.413822446333383054e-01
1.084874211313024794e+01 8.882077382959430167e-01
1.172991942951346722e+01 7.542231025998527016e-01
1.123744586589045369e+01 8.364520561889358108e-01
1.099373527648548610e+01 7.810203485101195886e-01
1.259850815437540206e+01 9.350436518946938502e-01
1.122286952302236784e+01 6.917629947893048081e-01
1.106561510594205267e+01 1.256034505777208432e+00
1.131360973960804372e+01 1.065377190280507147e+00
1.095233544741187970e+01 6.241710587696662760e-01
1.147763676138061761e+01 1.066464837646198704e+00
1.082325883753940765e+01 8.113099574576860817e-01
1.134842851323768720e+01 9.479583965904222476e-01
1.204823072002134765e+01 1.081786756211732481e+00
1.185428548516650338e+01 1.000731946544539674e+00
1.179124230650346661e+01 1.097214509618715583e+00
1.162386213023121684e+01 8.942943261011414569e-01
1.079525824475884477e+01 8.632402583037278587e-01
1.102001964732112960e+01 7.497717275858664099e-01
1.129561406532840095e+01 8.168381287212991282e-01
1.135925902454387781e+01 6.934860116808970742e-01
1.102365523672574099e+01 7.975456620337991742e-01
1.111583534492966763e+01 1.130253805028049952e+00
1.191886065139327577e+01 8.029875026006528804e-01
1.212639770955899365e+01 9.412423634945027429e-01
1.026855453460141554e+01 1.114102204245947192e+00
1.167116267579211275e+01 1.072500420143839506e+00
1.132817193289123026e+01 7.961018512923484503e-01
1.133741158205816824e+01 7.214885469441150168e-01
1.144032661741018941e+01 1.001966170009142454e+00
1.124028003384267826e+01 1.318399535424173097e+00
1.200784479254425818e+01 9.202514577768002857e-01
1.125948264072302152e+01 1.246699501436403512e+00
1.159669331217816968e+01 9.339229546721680153e-01
1.085528511752146663e+01 7.055121211677674031e-01
1.203474290730175333e+01 8.242154256556026848e-01
1.138091232876416292e+01 7.367681139406565549e-01
1.074628978690964232e+01 6.172889829834833364e-01
1.168318301804581694e+01 8.621258763355349464e-01
9.936532774500658860e+00 6.624898355194597244e-01
1.111687537302189810e+01 7.618345421118111194e-01
1.121589475035018957e+01 6.618006741566586637e-01
1.204003197182660401e+01 8.801635650122481280e-01
1.082282990614323559e+01 6.432297274314141555e-01
1.173100044633179628e+01 1.206414182074301733e+00
1.089230237895094788e+01 1.210649960342852882e+00
1.177456382362502119e+01 9.041762181724318781e-01
1.192742918967724819e+01 1.335831251147497234e+00
1.229206674297877022e+01 1.003582029494340944e+00
1.099441238534115683e+01 7.833423206160184948e-01
1.105057178762643133e+01 7.367168338112713988e-01
1.096978629957162177e+01 9.897353284025873776e-01
1.094558637621406838e+01 8.466062238647051874e-01
1.093457254736962625e+01 7.838648187107151166e-01
1.180474974862749171e+01 8.866323024558366850e-01
1.113262831121118701e+01 8.849091577147788490e-01
1.152544170296183701e+01 1.240178322184593007e+00
1.101476692198052376e+01 7.414304575934279606e-01
1.207920947756527674e+01 8.317657325654117528e-01
1.141642760231630049e+01 9.279644666272968134e-01
1.177138558741486740e+01 9.150483257081973854e-01
1.094348625428012589e+01 6.846264065593774539e-01
1.219156537036903210e+01 1.393501039504202677e+00
1.215938043939732793e+01 8.343999486977425883e-01
1.169583742253316672e+01 8.245557747143805738e-01
1.103321461852379315e+01 6.355448111363874997e-01
1.218059073774282730e+01 1.164771268246573843e+00
1.110412515990576487e+01 8.592858235226235042e-01
1.174996559509803440e+01 1.064900996723346926e+00
1.148434450765838299e+01 8.071833715714417101e-01
1.184136930190432757e+01 9.799568092056459845e-01
1.132749060487151560e+01 8.306516798044374372e-01
1.207628925994230329e+01 1.091381820424578653e+00
1.082266689842688834e+01 7.410269578310874072e-01
1.094073478080808748e+01 6.447698943618280776e-01
1.217635866465954741e+01 8.905198008874988247e-01
1.102244268142671579e+01 6.590902076051149416e-01
1.083819956631366566e+01 9.461588395979830812e-01
1.126853778506320047e+01 8.287704274227760681e-01
1.133785242966631657e+01 7.446270524484588371e-01
1.133584026119489074e+01 1.017817564039549261e+00
1.189868221070099175e+01 9.884134725179797298e-01
1.087955840208463343e+01 9.167228012903727574e-01
1.103945477120650587e+01 7.088220420267811184e-01
1.161364450736591891e+01 8.914138754199250059e-01
1.121196228834359943e+01 1.007426864560754476e+00
1.121181766294508542e+01 6.686607204045154074e-01
1.138297466889667930e+01 1.301330601552249888e+00
1.088847706556047079e+01 7.766630538309106102e-01
1.072909144883925414e+01 6.208739702566482555e-01
1.091813220652024974e+01 1.264834189898121242e+00
1.169436825951931525e+01 9.802850533574158920e-01
1.147151246212203901e+01 7.404828457960703769e-01
1.125729020004388303e+01 7.310840745987015055e-01
1.140368636081979226e+01 1.174983809241246790e+00
1.094463655300704730e+01 6.902507285341606957e-01
1.126724333783027276e+01 8.849063589198882251e-01
1.108474592159985583e+01 8.497079643576762598e-01
1.164585753888009201e+01 1.066192955898461303e+00
1.117298462695959316e+01 6.738178670746888255e-01
1.180212961001559968e+01 1.119194375967929922e+00
1.127128956607058541e+01 7.894167659753178468e-01
1.220671820940798469e+01 9.159827388454504504e-01
1.067426185072158340e+01 5.778491682715407585e-01
1.122005013371470916e+01 8.086540619168960387e-01
1.127485053619718514e+01 8.363446039218809247e-01
1.064774117202133397e+01 5.932139273749181818e-01
1.136084562571782186e+01 8.876138302508638223e-01
1.106224267682793361e+01 9.353365594814718742e-01
1.163599309054502662e+01 7.593478084910693093e-01
1.129351162928808527e+01 7.579787738896240912e-01
1.190279141741321922e+01 8.558742665861011067e-01
1.181125482728567988e+01 7.809560621220483778e-01
1.060145992214344979e+01 6.676813268506253118e-01
1.160143947953908672e+01 1.387527884940106704e+00
1.144948613468121223e+01 8.699092930596467044e-01
1.121793660655681535e+01 7.456279289201078742e-01
1.160375134298219990e+01 1.375613140767131037e+00
1.143812860863164538e+01 8.767532420484112077e-01
1.090355243303579513e+01 8.432916400547406655e-01
1.129811386510588456e+01 6.909702686095621216e-01
1.214763555575452614e+01 1.149016717966797607e+00
1.050747404458208578e+01 5.750521849029508470e-01
1.143779755001794030e+01 1.198838263671757387e+00
1.123519049921280022e+01 6.429465925144013383e-01
1.205006753401000807e+01 1.299560090253565781e+00
1.126742307701503698e+01 8.627641429448801302e-01
1.209569512230309307e+01 1.224423417818942372e+00
1.095613142945398977e+01 7.390402552886323750e-01
1.133947647897489475e+01 8.530133056404843872e-01
1.116408202525392390e+01 8.010243398910393831e-01
1.143490012210746798e+01 1.271157404869145413e+00
1.111678385806420977e+01 1.032301746093590600e+00
1.221394867689513752e+01 1.274530493070898274e+00
1.243470111157123625e+01 1.179701827343411003e+00
1.138966507907324299e+01 7.340121709818094864e-01
1.159546645837659895e+01 9.605298344614215944e-01
1.127826167752719755e+01 1.044774940790335283e+00
1.099287169277416787e+01 6.161005045364579269e-01
1.124123545613030828e+01 6.697185007648865929e-01
1.083652527188508508e+01 6.900751197897034839e-01
1.209711957869193277e+01 9.798673692733150808e-01
1.165746954141144798e+01 7.746115666993388382e-01
1.155160818749775586e+01 9.212256417673739817e-01
1.010291090805766601e+01 7.654517834379364061e-01
1.096808852653173716e+01 9.258390616652749650e-01
1.187573520671845984e+01 1.109014249811708819e+00
1.119010414266294084e+01 7.098987455283386483e-01
1.142063624934523958e+01 7.791112285281510674e-01
1.067170431624585270e+01 1.049637234399750430e+00
1.174373290690057736e+01 1.120642340889496102e+00
1.146372439151826050e+01 8.490071460337489384e-01
1.230023703784906353e+01 1.308523774094606296e+00
1.076738984803597710e+01 6.916545692414756141e-01
1.119995337309686079e+01 7.228905660508974096e-01
1.138945504409420018e+01 1.034516198259377351e+00
1.179926338244147743e+01 9.921625055738660937e-01
1.142543789770338591e+01 1.026865886574994891e+00
1.100665238909795995e+01 8.710695310235232469e-01
1.120338046542983612e+01 7.622332929840762716e-01
1.139656630214800082e+01 6.958003709808042725e-01
1.093150104202568151e+01 7.205025351515651488e-01
1.192509187404090554e+01 9.117157907397668293e-01
1.081447807139878847e+01 1.003748222364712950e+00
1.071803898625671003e+01 5.976865940942879263e-01
1.086122176887406710e+01 6.864722998595822467e-01
1.110038082348168587e+01 1.114682035318973474e+00
1.024771338882405303e+01 9.580791173402991578e-01
1.078756771962185113e+01 7.665163179961904660e-01
1.038095957660052981e+01 7.436616383746654790e-01
1.086344343074834740e+01 7.188719009966506590e-01
1.070244109730912285e+01 7.161881118439921146e-01
1.097301022748287380e+01 1.043313444308395344e+00
1.130772094512890291e+01 1.267938345307425996e+00
1.106000610961663178e+01 8.381786665932140501e-01
1.116877946052530568e+01 9.546271845169500558e-01
1.186073187638026738e+01 1.081475407360940277e+00
1.160025062576139199e+01 9.887300525271132123e-01
1.091603800224545573e+01 9.300628413598499566e-01
1.131270650856114024e+01 8.311417734834743998e-01
1.126509504537540529e+01 8.429510834842883771e-01
1.196833108553406966e+01 1.379336307990032928e+00
1.037914727269489035e+01 9.884657704182295834e-01
1.174028824514339497e+01 7.789853798237635907e-01
1.182188180313891124e+01 9.662003868641935167e-01
1.142520494402166698e+01 7.483593178464131856e-01
1.138969666746062792e+01 6.808960188560948534e-01
1.051321213970687651e+01 6.875731450242879017e-01
1.128129835362400790e+01 8.951444094866645163e-01
1.219887849085574061e+01 1.129234610505470693e+00
1.154240351064707149e+01 7.166899893193279247e-01
1.082684899182420679e+01 7.859565393971034153e-01
1.125446310698055541e+01 6.708987510133472831e-01
1.119251239166070455e+01 7.360324534882991543e-01
1.055898061729224757e+01 1.299195000191044613e+00
1.149022134894430458e+01 7.011398330207285756e-01
1.089786727311350845e+01 6.115186953824066629e-01
1.192178485383499087e+01 9.184461364793852223e-01
1.173218013450058628e+01 8.754336808822147376e-01
1.221498138097089559e+01 1.164339491896615453e+00
1.119522817018585492e+01 8.323240844504994351e-01
1.152126134036795868e+01 7.924774657687539969e-01
1.101915423769669644e+01 9.473230606060059067e-01
1.197024147200882993e+01 8.109781041608088437e-01
1.191537298998453132e+01 9.183652341583902201e-01
1.109430043353409445e+01 8.606774699791401861e-01
1.048934671308925637e+01 8.609853528138232681e-01
1.129739871648128080e+01 1.037679191713591464e+00
1.179500433467509346e+01 1.429378981713628205e+00
1.198241294994390671e+01 1.086748691391146826e+00
1.084313703670341056e+01 5.876773550987594019e-01
1.094584649492029804e+01 9.189923556477315181e-01
1.206661890081034905e+01 9.680696569443851818e-01
1.103583671823168011e+01 9.136777269614753116e-01
1.116514489280364231e+01 9.529478620419346013e-01
1.161492398535808768e+01 1.007323504132235481e+00
1.098748041936881492e+01 6.162201976979633233e-01
1.098989989595407124e+01 1.278448762929200289e+00
1.188286449887096019e+01 9.287341483465892944e-01
1.163015696895121920e+01 8.155260200724103736e-01
1.133088950723677790e+01 7.669789316205337659e-01
1.113181275189166364e+01 7.939594588533542829e-01
1.130709740353280957e+01 8.528330349982609082e-01
1.083552781250102548e+01 7.201720531907030987e-01
1.156476962866856972e+01 8.453563896861242544e-01
1.148010516079827958e+01 7.013739553971973795e-01
1.110499664948026499e+01 6.699879659458651826e-01
1.149361949251994908e+01 7.525539832940659757e-01
1.140798080277994231e+01 7.973995004297516065e-01
1.125890899285525748e+01 6.847536509857171660e-01
1.121181548550228158e+01 7.433156616649799764e-01
1.112301956222154509e+01 7.331508253379074302e-01
1.139230930965351263e+01 8.967149390922023455e-01
1.132905054187162364e+01 8.204842250741958276e-01
1.131683608713420064e+01 9.211044694373047292e-01
1.136998302665067229e+01 7.598040323800926421e-01
1.104174310561590566e+01 1.058459346489519337e+00
1.194895631678637926e+01 8.564441979693245832e-01
1.155437620228124196e+01 7.324315918854711338e-01
1.082441761452937179e+01 9.247857828124262936e-01
1.181152170377876054e+01 8.166115271851203117e-01
1.082559981742894450e+01 6.823106313067839324e-01
1.168749549726567238e+01 1.054447535445419248e+00
1.137269299722872162e+01 8.715666780018705984e-01
1.117340925320090328e+01 1.083844500457185722e+00
1.126098375014240816e+01 6.976716819862843755e-01
1.136717484584129423e+01 6.860221060564722917e-01
1.176027827681080318e+01 8.413223603199994072e-01
1.200662047793692722e+01 8.937244643690358537e-01
1.124872300489734300e+01 9.442738896187011788e-01
1.118051163840315532e+01 6.897044243315164636e-01
1.112103634949341924e+01 7.852497909876100524e-01
1.113127825024761464e+01 9.242966875656191128e-01
1.213583670493428457e+01 9.672559150694400865e-01
1.145654845839993285e+01 9.452020585320115575e-01
1.082581301360065318e+01 6.120610470098505340e-01
1.144171003027181577e+01 8.217427647996008444e-01
1.111297212913857635e+01 9.245378354620090722e-01
1.240662605138974328e+01 1.343746329470606016e+00
1.098115351953261332e+01 8.803496279663111101e-01
1.117600058011693953e+01 8.521554740338355138e-01
1.124939679481436805e+01 6.601406592867822276e-01
1.211421752501145477e+01 1.175227225750858695e+00
1.142182100354858854e+01 7.931280036558956414e-01
1.214297430094625163e+01 1.163955863109040978e+00
1.124451892641027406e+01 8.412630989178744301e-01
1.187209726478005578e+01 7.969057880855008325e-01
1.091448324992440710e+01 6.054760302123204374e-01
1.185620501018561157e+01 7.675272605245255786e-01
1.115323391787070761e+01 6.537925481345432388e-01
1.116284098176150152e+01 1.162722566629467380e+00
1.092644660309485261e+01 6.994065749520346209e-01
1.175128585209613341e+01 1.088230101711431752e+00
1.120979352373121074e+01 8.958846899991449453e-01
1.242186600769639249e+01 9.384671520287540813e-01
1.139032945314565914e+01 9.082839715565043104e-01
1.184227917755507953e+01 9.051992279345886239e-01
1.215830850756060855e+01 9.831037758785637903e-01
1.147333585269725198e+01 8.572879392708511181e-01
1.102513789685234258e+01 6.549284132799652047e-01
1.168235357062785873e+01 9.898177233369837014e-01
1.210236184470450382e+01 9.396378311263400285e-01
1.076115116580414011e+01 7.228607904475982115e-01
1.164084446572454468e+01 1.114040298111686367e+00
1.160077381638337357e+01 1.232001603775257914e+00
1.177921607858016806e+01 9.629640801512744375e-01
1.120134902016482137e+01 1.013051057605419913e+00
1.204557327726601912e+01 8.105805829876661095e-01
1.091776353031617930e+01 9.912188998553065344e-01
1.202515838125042968e+01 9.501925547713480080e-01
1.081707718404014074e+01 1.047572136272742593e+00
1.207943056715051888e+01 1.014552792890021760e+00
1.118188438132596829e+01 7.011985626739156707e-01
1.186675824847388583e+01 8.054422760152574190e-01
1.151914129588731228e+01 1.056926784525891172e+00
1.081506183709981883e+01 6.403330288223522127e-01
1.218253629049855036e+01 8.518604585456449607e-01
1.098891840012722376e+01 6.852957651148954277e-01
1.091378685969901952e+01 8.039177558887927733e-01
1.149668065172076581e+01 8.685051945681033780e-01
1.206765602285370598e+01 8.932390908090321879e-01
1.081199001959158501e+01 6.582938056679206174e-01
1.135210735426472439e+01 6.852383857379054088e-01
1.077976414524816029e+01 8.510376212052948031e-01
1.109245787567517105e+01 6.301392589928913601e-01
1.135453658713157843e+01 6.680828198218704550e-01
1.147497032902862735e+01 9.962625889043169591e-01
1.117777755996079492e+01 7.120353230551244028e-01
1.121976232298204046e+01 1.573530769950922448e+00
1.198146361344486266e+01 1.043566499046312934e+00
1.134388823318320760e+01 8.803251768457989179e-01
1.138074911697887259e+01 7.241675083186573936e-01
1.173659384319466170e+01 8.058184287833288773e-01
1.186211507713096225e+01 9.578532524186545993e-01
1.117607178024805670e+01 6.944101568277699643e-01
1.182405068610563958e+01 9.567070071999602687e-01
1.201616348015315339e+01 8.205535681509031898e-01
1.173036279366933776e+01 7.542700817496575949e-01
1.012240738753726532e+01 5.383581706946776180e-01
1.159185930932720510e+01 9.940525605690543332e-01
1.133881285237589509e+01 7.671297826325488289e-01
1.123396049674601471e+01 7.699397122838042007e-01
1.166130145669966467e+01 9.280299250852673820e-01
1.087879960498400678e+01 1.029003549697940167e+00
1.071167107049406653e+01 8.023554698034980337e-01
1.162650085540700218e+01 1.054360380972217737e+00
1.166013961278830813e+01 8.941214847551937073e-01
1.181622808104745204e+01 8.007931808854168443e-01
1.103405499373078769e+01 7.594072143036125766e-01
1.182270512767667370e+01 1.288358208981222441e+00
1.193360157940525923e+01 9.628925859869919002e-01
1.116938599576783098e+01 7.031849804206766752e-01
1.120381964116341855e+01 6.733865111373754653e-01
1.134968543820810005e+01 7.120210989536077673e-01
1.121191766824019886e+01 8.592271682634562424e-01
1.177697836637002027e+01 1.069152459737285010e+00
1.099215671656150839e+01 6.719220499904176025e-01
1.083261128244597771e+01 7.685669512489894384e-01
1.198479483022633652e+01 1.174669481039641195e+00
1.128582913330031445e+01 1.079610792954195819e+00
1.179307552492564071e+01 1.384027876732501383e+00
1.105990852690562853e+01 6.395085568105388640e-01
1.077162521070292733e+01 6.640292108144160155e-01
1.104131483195720698e+01 6.561746755075854587e-01
1.165355939862770995e+01 7.722505595132728162e-01
1.091490241861371757e+01 8.418269990164459760e-01
1.177771607717996893e+01 1.264610494450004285e+00
1.183293855669196937e+01 9.265699346255242830e-01
1.114778038222471501e+01 6.424265430665494492e-01
1.141627527748940807e+01 7.117564039438569745e-01
1.131335303216893351e+01 7.968638580028907237e-01
1.106838495100768682e+01 7.784578690493679787e-01
1.068689554359491289e+01 5.844680324273289207e-01
1.184659306429409042e+01 1.088263748045215307e+00
1.094314485886279265e+01 7.947949971647929601e-01
1.146375323946179492e+01 8.912036285902091848e-01
1.089639608721491015e+01 9.865009817407740522e-01
1.068082658547382557e+01 6.087736352604036227e-01
1.162042792751881848e+01 9.015611061498443046e-01
1.120979172742577035e+01 8.213832087132355575e-01
1.099113367227464799e+01 7.276738025275896193e-01
1.071997980642103698e+01 6.810394547922923314e-01
1.163383819161996868e+01 9.451517861214925320e-01
1.121737524060224445e+01 8.654275330714356063e-01
1.033292112865624901e+01 1.265366934470406823e+00
9.575274597339770821e+00 6.850303922510692090e-01
1.145602953059389151e+01 9.294764238738477680e-01
1.208613142720847300e+01 8.642679986748937893e-01
1.095829238987374588e+01 8.091525979048826978e-01
1.160551770058401999e+01 8.336215225021733621e-01
1.103801733775351046e+01 7.250716628000528630e-01
1.145872106743274799e+01 8.047433994367207966e-01
1.111020311836618113e+01 7.552510003232150160e-01
1.112930136411126902e+01 6.614425811194553084e-01
1.177344793591284855e+01 1.213818419858312403e+00
1.109008084024174501e+01 7.395182250505215604e-01
1.162395274550382851e+01 1.081750979585996086e+00
1.177249462377972833e+01 1.095591472085715612e+00
1.154572091533792566e+01 8.971362009646242086e-01
1.125239355726712098e+01 6.912139209301139120e-01
1.217409251609805665e+01 9.043564369536311043e-01
1.122143902151388239e+01 7.544228586382633051e-01
1.162850302286331328e+01 8.297472535777640212e-01
1.220180078588300887e+01 1.181514985916305438e+00
1.180657095758362729e+01 1.392330699576020736e+00
1.144153283195472781e+01 7.630775512193471721e-01
1.204398832736617919e+01 8.898599774289918107e-01
1.091296016090580068e+01 6.971889253108920492e-01
1.178537233177784316e+01 8.660786222303508142e-01
1.233870609439223642e+01 9.029064763964839146e-01
1.103518296867218673e+01 6.883778854546785952e-01
1.145903032907293451e+01 7.719702619838209046e-01
1.193785474255638768e+01 8.101233772013284318e-01
1.206856887904169184e+01 1.035710612015231291e+00
1.227383829942750282e+01 1.491426967473448384e+00
1.087882512918561773e+01 1.073892734690630402e+00
1.162428988639666727e+01 7.974693639352203878e-01
1.128946352710496370e+01 7.019851089963282664e-01
1.084137492025863381e+01 9.601017888026347480e-01
1.090959867475253375e+01 6.898224723808431547e-01
1.224601424383650716e+01 8.448747606864525084e-01
1.093605833573535513e+01 1.106256360006072192e+00
1.098491175277236565e+01 6.178778908034771034e-01
1.089501735942413418e+01 7.023203314277555176e-01
1.129249483688871969e+01 1.289126126129364502e+00
1.175331707554783911e+01 8.090745626968235404e-01
1.083431236228233452e+01 6.803563676043026254e-01
1.111118733204050102e+01 6.229576324514658481e-01
1.156264358869882258e+01 1.135181655493009645e+00
1.184280369028079782e+01 8.643643922592699758e-01
1.103559069943145232e+01 7.786681180033971916e-01
1.124297949828814147e+01 6.436090299887596844e-01
1.221481156172781013e+01 1.052599096010176538e+00
1.170415497127943283e+01 1.147129536101838765e+00
1.222277030437808776e+01 9.252553994730636777e-01
1.131292881269372508e+01 7.741081021042620636e-01
1.110521426521784072e+01 7.227127640624534388e-01
1.127197603990758523e+01 7.013551108995352834e-01
1.092487190545165987e+01 6.326181767408299850e-01
1.122203375144981052e+01 7.440457225664226515e-01
1.103947643976760062e+01 7.344083589705917570e-01
1.213784082463439340e+01 9.407253679236355914e-01
1.165882067063609462e+01 1.459255869044309151e+00
1.186649661659791555e+01 8.484915582938022949e-01
1.150538498469798476e+01 1.066394878646040434e+00
1.133862347921669844e+01 1.032953895081982543e+00
1.177739325894751587e+01 1.060774606874539172e+00
1.115904570549507646e+01 7.749962285396548856e-01
1.078042373735498494e+01 8.098314994077264739e-01
1.171725073091505287e+01 1.083140619262486837e+00
1.080279146953180103e+01 6.888793099490864158e-01
1.117056127137117905e+01 1.064967653392849156e+00
1.143043214477281211e+01 1.064161238179038182e+00
1.123129257267403780e+01 8.108375333511783634e-01
1.210788482833730839e+01 9.321687583529063570e-01
1.122859625101014913e+01 9.061967655326607085e-01
1.098110832640505841e+01 6.203881514754623350e-01
1.114080486335219966e+01 1.196749539921966088e+00
1.160876368029589933e+01 9.060910240061001986e-01
1.077733909052108885e+01 6.872085356031094605e-01
1.105155790691112827e+01 1.087647101295661445e+00
1.180030786105966989e+01 1.005078855074002853e+00
1.109037622211460317e+01 8.147476162355857809e-01
1.095740780029596628e+01 8.191145113812325906e-01
1.205276448894426267e+01 9.424444702491885373e-01
1.185766014134985724e+01 1.289156472164403988e+00
1.076099687638126134e+01 7.023409271827907308e-01
1.111153575370856927e+01 6.434601028178049686e-01
1.127674127611818733e+01 6.843193748033792323e-01
1.146764805442971102e+01 1.050452694730392711e+00
1.128256854677322707e+01 9.965542510294717049e-01
1.114748558852141613e+01 1.273112362062521541e+00
1.097023035145772418e+01 1.011140741050505554e+00
1.087138934068870455e+01 8.441553965290187200e-01
1.068503314912048374e+01 6.785268664091618218e-01
1.202977692879202642e+01 8.648389451220759305e-01
1.176771545662244378e+01 8.224981798539185984e-01
1.183357192043249384e+01 8.079405562406718477e-01
1.056485703711207691e+01 1.243017154794056278e+00
1.245156313182480723e+01 9.147433093233029444e-01
1.140622019093740036e+01 7.363414882224318392e-01
1.161610784463417900e+01 1.060217373702059040e+00
1.103463245011788985e+01 1.027917010510025264e+00
1.113678942825788276e+01 1.225050780318999832e+00
1.202776951424283247e+01 8.631247373306930593e-01
1.144619952321342993e+01 7.162779188325304469e-01
1.127246496696782607e+01 8.040693923609365523e-01
1.137232981165034396e+01 1.187031309704865478e+00
1.125768401621754577e+01 7.269895487823152536e-01
1.205177703898964836e+01 9.967101590044793458e-01
1.184140509431156651e+01 9.010582016395475291e-01
1.095245683481883781e+01 8.607545544444069607e-01
1.128226344157322991e+01 6.620426750651166037e-01
1.251572795614474209e+01 1.199911515407659168e+00
1.107692084605039717e+01 7.948301513068862789e-01
1.159039188914452012e+01 7.872949825814992142e-01
1.207446672315493075e+01 8.232605489979399893e-01
1.098118061755113573e+01 1.404369237149020178e+00
1.129950004099845629e+01 8.537353604831888765e-01
1.165649565233071172e+01 1.087691185155667428e+00
1.118863499382227111e+01 7.774031747609432275e-01
1.150507419914686835e+01 8.732863149526559621e-01
1.166869309233698182e+01 9.417702154688065708e-01
1.099595834329820754e+01 7.027994703620182859e-01
1.148179000193861476e+01 7.932271908740635702e-01
1.213327201199348515e+01 1.032144245908817037e+00
1.206771022068515364e+01 1.303712615719538004e+00
1.190410441500983652e+01 1.012656600441055987e+00
1.110294799437497737e+01 1.075323160461717054e+00
1.124804811425578954e+01 1.007054902970721866e+00
1.097605850909181591e+01 8.119697207639510195e-01
1.156659340561430405e+01 8.265503153351186905e-01
1.088378777003694431e+01 7.679364850632905970e-01
1.110249165668447091e+01 8.211644450620905200e-01
1.224509640686655665e+01 9.413347154299809283e-01
1.213385656896534925e+01 9.463264061916392134e-01
1.195297279641478561e+01 9.420816530739324346e-01
1.149968916888638049e+01 1.277811168182902080e+00
1.107164172150617176e+01 8.786940189169019089e-01
1.068789360513305908e+01 6.640078624519202277e-01
1.086795606243469692e+01 7.489137797496306925e-01
1.124122429405886869e+01 7.520662745335153776e-01
1.176986285849232772e+01 8.676869643098128471e-01
1.069847841861134086e+01 6.830407008000153324e-01
1.140070253078146578e+01 7.515702160295001377e-01
1.106992994314322409e+01 8.787138338399059778e-01
1.092477946005756806e+01 7.107070225931035878e-01
1.208401614547348224e+01 8.193181554728248273e-01
1.099696299950673328e+01 1.181498136411902378e+00
1.180984095662676481e+01 7.757875358072779948e-01
1.142002128877162548e+01 7.964198247079226078e-01
1.072635917277820994e+01 1.268705407446161226e+00
1.123817156146839302e+01 1.127813654863662585e+00
1.128416235677093660e+01 1.074798806981161370e+00
1.141683446961238424e+01 1.150497835333085250e+00
1.095432527563127678e+01 5.894579426927719634e-01
1.131331647004610907e+01 7.501205653686607855e-01
1.153907430512658827e+01 9.270880001223895661e-01
1.202374180750507193e+01 1.048996554358792688e+00
1.178086815967395040e+01 1.047933061542650979e+00
1.196302398079736484e+01 1.152051326780176188e+00
1.127553689565326067e+01 7.195975799533729234e-01
1.161096295107696008e+01 8.112967797251683377e-01
1.162380447939927031e+01 7.742123467908809120e-01
1.171983972229190840e+01 1.063530275226794997e+00
1.104874712565415606e+01 7.819502180436991301e-01
1.117578867179975077e+01 9.180973219606087810e-01
1.101294060476450554e+01 8.241872961286811350e-01
1.103526756857650959e+01 6.931299543533143703e-01
1.095486077830308957e+01 9.512205316151809420e-01
1.103351344537635192e+01 6.954382955795010979e-01
1.160376060518929364e+01 7.534906972073613929e-01
1.076255626988056946e+01 7.570436544300539472e-01
1.130033666714649243e+01 9.286150851627685832e-01
1.085537819660556380e+01 6.082292915051736859e-01
1.107356606227579299e+01 7.408785914989348687e-01
1.193006202854629372e+01 9.444354582982718016e-01
1.240770096042410309e+01 1.059231822942433121e+00
1.143637286618331927e+01 7.109269373967959105e-01
1.135071793108913241e+01 1.347264441844110872e+00
1.190056435709384886e+01 8.729237394185135335e-01
1.105542157783890822e+01 6.922762235971147149e-01
1.165014202357258277e+01 8.343009846256013162e-01
1.086308726596742069e+01 9.259333567147385313e-01
1.090097196655290368e+01 9.552017296541621683e-01
1.139775211409558864e+01 7.702545956465775001e-01
1.143718703733580178e+01 8.235023304987365567e-01
1.103000423018539422e+01 7.971676850711272300e-01
1.100557138021564185e+01 6.951007441603668235e-01
1.077285051348309608e+01 6.860939513802140066e-01
1.119900948578248467e+01 1.094484699476476530e+00
1.151371099321065472e+01 8.979190065433735324e-01
1.104638425517075362e+01 1.011130585540523930e+00
1.182450008191150204e+01 8.307613793961564630e-01
1.155639622544393852e+01 9.852733001571681859e-01
1.101924215130498119e+01 7.271438244410142193e-01
1.147250634054263330e+01 7.699908136379940427e-01
1.090522660997818072e+01 7.866101533774968457e-01
1.114515612042119486e+01 7.153469466192549087e-01
1.173947006649168046e+01 1.503766484326048092e+00
1.165784958138125305e+01 7.350996212154543574e-01
1.101399559091353275e+01 6.329924130197683851e-01
1.225026152006643798e+01 9.700559137008593069e-01
1.216734993710359625e+01 1.402456138465218549e+00
1.174215220091478606e+01 9.311466362593822099e-01
1.113148167691168311e+01 8.707826484590385219e-01
1.040453642670659207e+01 8.772734655844313112e-01
1.150796058539039279e+01 7.700802523757207529e-01
1.139290242399225939e+01 7.598655020967111096e-01
1.061211169404407606e+01 7.641756540496675854e-01
1.139648799430601578e+01 7.890225552269729548e-01
1.126514631655601484e+01 7.285265336955054627e-01
1.069839300655423209e+01 7.418418933704998830e-01
1.139838807846930280e+01 1.159526573091911539e+00
1.121616149384223249e+01 7.594365690172703021e-01
1.211570962597891743e+01 8.265735671964958842e-01
1.081597297660662349e+01 6.830263375873326659e-01
1.109628537760370648e+01 6.164800997471888699e-01
1.085055342170307568e+01 8.159718470493076969e-01
1.125805058062942798e+01 7.439087619738162793e-01
1.129673679087693650e+01 1.282133316690116764e+00
1.140863132798060064e+01 1.056809924252175570e+00
1.198875412271950935e+01 1.339412185172477843e+00
1.140291305646033493e+01 1.024306715376761545e+00
1.132987965080168280e+01 6.867975014242899690e-01
1.140166439954612798e+01 7.003412059154885405e-01
1.125367185959283667e+01 7.203156767105355351e-01
1.028345772530439106e+01 6.000534019719392376e-01
1.120560171231126212e+01 7.155585973913157760e-01
1.127120670965436133e+01 8.211859035381321448e-01
1.172220121393157655e+01 1.257240811757369459e+00
1.188208878923557243e+01 9.891138949969808802e-01
1.106935896034163669e+01 1.088436609927850851e+00
1.138197366734609695e+01 1.196522891535503952e+00
1.099353246786203187e+01 8.106511721507149160e-01
1.099755433080704137e+01 7.006296400613111208e-01
1.132065859020782561e+01 7.355235119249881048e-01
1.142358649174329344e+01 9.428073776569447784e-01
1.129043520033551573e+01 9.348074942165968126e-01
1.107265784924772767e+01 7.302494161775323622e-01
1.127115922042006879e+01 9.592016937904599416e-01
1.150167240467193963e+01 1.085654982429160587e+00
1.155059414354917635e+01 1.167604109768046738e+00
1.143421309049308476e+01 8.134146057018110110e-01
1.040424673978722225e+01 8.039656218172401836e-01
1.164544780373349475e+01 8.703653486285223284e-01
1.149757017753071331e+01 8.004846237802092368e-01
1.181113468226199537e+01 8.604138954081166357e-01
1.124577146671328798e+01 9.997571453418574450e-01
1.081542655167391587e+01 9.329911728591884224e-01
1.096582920626058133e+01 7.422228764798235456e-01
1.204308093221216502e+01 1.224004899945833946e+00
1.194610936594177097e+01 1.197436342247808927e+00
1.114959659919439794e+01 6.997886448134232884e-01
1.156616271836790055e+01 8.969711799550166287e-01
1.178640909125654623e+01 9.547792998824795596e-01
1.078426268749017503e+01 6.714645201556472820e-01
1.110081701215186278e+01 1.149812666505487302e+00
1.122199324105813645e+01 9.368356868154956718e-01
1.086004145967284451e+01 7.083315192797685622e-01
1.136536359298237819e+01 9.143726912854900357e-01
1.099241119286906709e+01 7.774869451690997746e-01
1.216556663640701963e+01 1.002261713088759665e+00
1.129940926094059783e+01 8.826153070560378566e-01
1.124645796555555499e+01 7.633378719266751267e-01
1.127724742442268102e+01 1.119316682466626967e+00
1.081740026682625455e+01 6.005912308258000154e-01
1.141300780026397099e+01 9.490953174237705126e-01
1.142038192801871332e+01 7.065961236486894004e-01
1.169935342967199432e+01 7.712631785542009011e-01
1.098167951294591305e+01 6.837116149061066572e-01
1.111737981864843938e+01 6.672265741288997409e-01
1.151241178181541791e+01 8.046912627999992518e-01
1.222090301489001085e+01 1.277712052732250747e+00
1.117213732622341738e+01 1.104928364742995495e+00
1.065887904497924943e+01 7.166480115205992041e-01
1.220092903267908468e+01 9.576522183412440326e-01
1.134736068701668543e+01 6.639785720127066027e-01
1.187642422480074522e+01 8.473695703703389981e-01
1.123288116802571146e+01 7.424925974098349757e-01
1.155232512450816884e+01 8.384005342815314954e-01
1.207780576335751199e+01 1.252336697164646795e+00
1.059342127871960137e+01 7.377106409020697253e-01
1.181207254571075715e+01 9.318825604358432768e-01
1.191688699744431901e+01 1.583879232985047736e+00
1.191272184137363865e+01 9.491677039669474958e-01
1.136079291556794502e+01 8.662392447599464029e-01
1.202408471441609095e+01 1.341167906458091474e+00
1.154034630666907013e+01 8.229521474595582475e-01
1.096574572872335551e+01 6.692325401198024881e-01
1.109944797943820483e+01 7.219791214024443571e-01
1.094263101051132914e+01 7.270703751493976519e-01
1.091571307698601423e+01 6.344098410640827135e-01
1.069438950434526525e+01 6.532893799907746324e-01
1.132484488874150941e+01 8.417695509827930467e-01
1.208237572214978606e+01 1.174448399660151354e+00
1.098235770231916497e+01 8.197047809174804467e-01
1.092293346381159047e+01 8.891103494854336597e-01
1.094114829812826883e+01 6.138726575828635790e-01
1.196236927980257825e+01 8.390220607686983412e-01
1.168900477545636463e+01 1.237688655945407001e+00
1.188515988092168563e+01 9.599656126548508084e-01
1.195690771634067850e+01 8.778891605259354636e-01
1.136103738522882267e+01 8.576957536273184246e-01
1.120787392225834367e+01 7.080606040817567504e-01
1.110521946099016333e+01 1.086766843669931371e+00
1.203174952652274854e+01 8.039559140807823745e-01
1.182502369463764502e+01 9.031839433511625881e-01
1.126886859373802352e+01 7.560511320383195288e-01
1.116709821638488798e+01 9.268905589775308096e-01
1.205448191630547328e+01 1.073544650476281559e+00
1.131078267121513470e+01 7.789673328608467395e-01
1.194491391076519804e+01 1.318566278058131980e+00
1.051151732141083350e+01 8.356835729440237337e-01
1.198662253882855211e+01 9.159469394395340913e-01
1.198671454230566091e+01 8.606365279615194597e-01
1.091457105695190677e+01 8.000211613105476793e-01
1.145478041357854160e+01 8.929215758594520880e-01
1.178598771552484870e+01 9.304336962940246147e-01
1.103851582198140235e+01 9.174838229589512562e-01
1.073917218887744340e+01 6.114698940540621575e-01
1.158530492058975803e+01 9.026022680217249405e-01
1.118953038922857779e+01 7.420642527104294173e-01
1.097047756656982642e+01 9.701251972513805777e-01
1.198288935476370298e+01 1.026637423891412659e+00
1.170062092454139346e+01 9.199209702431946356e-01
1.132080525148886885e+01 1.026256590141783720e+00
1.102983561352861486e+01 6.547432358093647764e-01
1.105288216597046791e+01 9.779062759746167677e-01
1.179981622685281728e+01 7.393822590321719179e-01
1.142123919204214388e+01 7.563908190869375048e-01
1.217692728826271065e+01 8.644487943425963605e-01
1.185145744992183126e+01 1.028921019947260262e+00
1.173656935106482990e+01 1.082001291145573862e+00
1.142762287969530099e+01 7.737160065855850366e-01
1.075677039109498700e+01 6.128608801270133410e-01
1.148569010558274783e+01 1.175775743331075596e+00
1.191546064936666127e+01 1.018714920386265765e+00
1.152436686514820074e+01 8.075308307254340789e-01
1.085824022886161266e+01 8.205797708131700174e-01
1.209965674627980903e+01 1.104173552996194907e+00
1.154641605289818251e+01 9.095878384533282457e-01
9.864570128149409811e+00 9.874729196062606018e-01
1.090410236212063033e+01 6.548359084085457749e-01
1.118228656124663800e+01 7.556364175187811894e-01
1.143677909802914527e+01 1.144407247470998756e+00
1.207526320414212861e+01 1.128407318760841660e+00
1.165727125355167182e+01 7.441475547295605120e-01
1.204212621711138809e+01 9.939258761637592698e-01
1.109523794956713338e+01 9.167638769191313042e-01
1.217578023730967907e+01 9.902416010756701636e-01
1.078469019108410620e+01 6.846356153811392620e-01
1.188801469761732221e+01 8.421791266086260386e-01
1.105033734038274496e+01 7.965416144537367238e-01
1.065825704953950215e+01 6.020352706272914523e-01
1.157413714861735166e+01 7.885650554969738657e-01
1.155905225426249316e+01 8.260247824925321947e-01
1.114939285977373373e+01 7.811480049487349309e-01
1.106979495656537793e+01 8.544954490510844325e-01
1.193536560673982017e+01 8.552008476106738311e-01
1.084128467093326265e+01 6.353693821348724846e-01
1.091838783495828835e+01 6.634415158035079640e-01
1.085116377689047695e+01 8.346541419501771752e-01
1.121147482412088969e+01 1.117076875866723329e+00
1.203891825955542672e+01 1.036566089707234184e+00
1.140399805044730464e+01 7.271057348255904884e-01
1.138996615198281503e+01 7.142827923193182382e-01
1.107022887602616557e+01 8.462460879869911912e-01
1.083353751716886926e+01 7.034898286636591669e-01
1.128783161476173369e+01 9.697772694753822309e-01
1.179876733130327082e+01 9.405104423575588735e-01
1.126116895006455465e+01 8.341959211122701445e-01
1.157076992968310414e+01 8.445500596275680172e-01
1.191957358327609917e+01 1.297904142481429046e+00
1.161210039823511941e+01 8.534714317436250530e-01
1.197197569788519189e+01 9.316041208724724632e-01
1.157634481293102269e+01 1.041941142351783478e+00
1.131379794719964949e+01 8.628851330479454518e-01
1.193840623442631177e+01 1.082451897292056930e+00
1.094548009763521890e+01 1.088080945185531334e+00
1.118525978267647503e+01 6.913290327862015028e-01
1.107356134049392615e+01 9.280373406651235557e-01
1.147056028596210631e+01 9.630152825661716376e-01
1.152100661759992839e+01 8.101031765891962833e-01
1.162666765602204322e+01 7.487650289143228388e-01
1.133396605299614812e+01 1.136479599911181859e+00
1.133883025922944121e+01 7.935577923439669501e-01
1.145711905754168924e+01 9.140943821944218506e-01
1.191688495569277251e+01 1.172113804941701032e+00
1.212469976631001778e+01 9.626441619604880762e-01
1.125057378995112423e+01 6.335141318874001337e-01
1.088684702300826146e+01 6.500137657081480613e-01
1.083914441662022021e+01 7.598238711798845912e-01
1.128620707237675802e+01 8.967271214251542055e-01
1.092382401478071863e+01 1.029945064171665425e+00
1.213634924882210520e+01 1.015670245057903376e+00
1.101321643743791334e+01 6.503750282147016115e-01
1.135062602423463041e+01 8.910302426140642718e-01
1.102914959635080017e+01 1.017094984698161175e+00
1.103464605145202881e+01 1.117150625985795509e+00
1.128024803682048294e+01 7.514224136209883831e-01
1.146333236598132110e+01 8.019999567224226356e-01
1.121484717583881441e+01 7.758823917686220595e-01
1.215593603108635534e+01 1.248259395522540949e+00
1.217152230922962275e+01 1.149151127566588215e+00
1.072502080018773540e+01 7.570108529135320952e-01
1.156400393049207942e+01 7.127610633312850830e-01
1.091074220799544570e+01 7.294799829382142553e-01
1.164126600870823403e+01 7.638356011742493124e-01
1.163217507607327761e+01 1.022374890851963203e+00
1.118654324011536971e+01 1.012957397497001644e+00
1.180467870304406297e+01 9.825270930797941338e-01
1.114111038577742896e+01 8.109944400336502879e-01
1.200181448718226918e+01 9.070139651775286360e-01
1.129112031631593283e+01 1.115023554356764812e+00
1.096112818154591828e+01 8.713668597385044734e-01
1.043332555536507655e+01 8.360718950580630082e-01
1.200085916689574894e+01 9.415850758576207458e-01
1.098988400590549297e+01 6.234239332254274402e-01
1.188083130212578631e+01 1.054513999707454186e+00
1.202006687911667626e+01 9.051284549125704348e-01
1.079268600952279833e+01 7.664670707996679155e-01
1.124111016764381610e+01 8.893447221541729286e-01
1.097407285962942503e+01 7.555197173946883726e-01
1.077785198109742737e+01 7.935010983477255309e-01
1.111016468625178888e+01 1.185114673461773460e+00
1.151458857535339675e+01 8.875350562205518434e-01
1.144037331354690856e+01 9.565352335515170390e-01
1.129877055434146449e+01 8.998475232340183982e-01
1.045407184660742139e+01 8.215890601426070194e-01
1.129519016614879767e+01 1.245888836976335678e+00
1.164503756524169198e+01 7.159674790812394773e-01
1.091410769699542804e+01 6.916196818610876873e-01
1.122698403678956502e+01 7.371559133592197055e-01
1.166948839506943436e+01 8.136098886484322001e-01
1.192117269895334708e+01 8.522871500746506124e-01
1.095111743222126677e+01 7.727843359754484887e-01
1.102772522761102536e+01 6.946762956630934127e-01
1.138866479019562661e+01 1.027045971606935337e+00
1.091243733962820883e+01 6.561473556405690299e-01
1.089497831716377618e+01 6.264243375026914418e-01
1.148808842556592857e+01 7.296230490043981165e-01
1.091541571678590650e+01 8.532612362033480391e-01
1.115215017517699536e+01 1.023117794990358265e+00
1.211117136553212426e+01 9.000773648857143261e-01
1.124728077348970956e+01 1.197616414401887264e+00
1.074085854972868681e+01 6.660764084293944176e-01
1.208024485824073579e+01 1.574207186290622618e+00
1.145614777958157404e+01 8.300937618701916820e-01
1.105507174828906436e+01 9.454438641100633145e-01
1.118510721225054638e+01 8.568572229912938543e-01
1.086621767287439688e+01 7.606035231240654282e-01
1.125381285964315836e+01 8.108708962121924380e-01
1.106651061405383984e+01 9.010254506965260646e-01
1.113459828672098340e+01 7.788994146144373465e-01
1.143645084625558894e+01 7.553760835510286986e-01
1.180396713375693629e+01 7.736800708558493334e-01
1.221709561240048991e+01 8.933796239842745068e-01
1.190658732636502215e+01 8.115960423100992971e-01
1.148387227830576229e+01 6.967534573436550138e-01
1.164393747658997036e+01 7.445985292350806306e-01
1.159560421320140300e+01 9.550445777946767745e-01
1.082997104516114462e+01 9.010510869414893875e-01
1.105633078584644657e+01 8.972601087668834463e-01
1.179254901773189346e+01 7.730105758071331712e-01
1.131395430489830822e+01 8.227205758056443941e-01
1.142962904296765814e+01 7.514952211925441938e-01
1.152184304739090592e+01 8.642929663858870404e-01
1.184146612796829068e+01 1.240602726902862329e+00
1.103950004317151112e+01 6.434455571864536871e-01
1.256900549281480828e+01 1.042308117815178736e+00
1.171389291459607485e+01 8.805823471932487934e-01
1.218761668658426522e+01 9.717858748708152472e-01
1.134337259203854309e+01 8.882273343054380987e-01
1.154554979802826686e+01 7.637696520026383551e-01
1.193483816255533370e+01 1.286257937808447327e+00
1.118047639418743522e+01 1.011281280645941028e+00
1.207124813376379002e+01 1.159821103041399848e+00
1.087457886424257403e+01 6.932660813869453431e-01
1.141017952116737710e+01 7.894407325477517112e-01
1.138721585117465906e+01 7.745626135523118183e-01
1.124311964369601213e+01 7.869074984181394505e-01
1.187221088747982911e+01 8.161980445682577301e-01
1.107468064956400688e+01 7.645802761486624188e-01
1.108736547463067978e+01 6.375101240208513875e-01
1.102109305463351241e+01 7.043023214835174572e-01
1.077591762606696690e+01 8.282001550008546431e-01
1.121476248498390049e+01 1.005155435119922558e+00
1.109317287683934872e+01 9.360644515042231273e-01
1.190205740198586426e+01 8.922769002538691874e-01
1.113216288737011439e+01 6.460375116136243268e-01
1.164106500245866727e+01 8.298224437616806837e-01
1.200862173643358233e+01 9.228008055560393830e-01
1.174041726830297350e+01 8.163004652677712247e-01
1.206666832971890813e+01 1.068046149143502044e+00
1.102136095562576656e+01 6.827355459927164638e-01
1.094275705305607360e+01 1.305865417044527854e+00
1.076672530729558375e+01 6.459584619197504818e-01
1.179276478843278042e+01 1.011593117681643728e+00
1.104278245115620471e+01 1.230060025441998217e+00
1.100445118164678604e+01 1.005607200811103885e+00
1.162042903454217324e+01 8.451652432831949779e-01
1.133088554876158938e+01 8.396358667797936270e-01
1.095556140924047561e+01 6.587632619294535585e-01
1.091683586127033401e+01 5.918363394865594485e-01
1.178017526856108610e+01 1.210567219771531144e+00
1.178267754395211142e+01 1.032568661286325629e+00
1.089373910031466153e+01 6.100263565540331445e-01
1.187655729822321860e+01 9.119079079412750755e-01
1.205193113365365676e+01 9.021023706176777290e-01
1.027214644761544982e+01 1.318121654987459479e+00
1.097379180011885147e+01 1.143842818253713256e+00
1.162023154199930097e+01 9.531165275533880488e-01
1.139733835043796439e+01 6.691019706810512613e-01
1.124341559985115424e+01 6.531616480242949940e-01
1.094786352846613653e+01 8.274732429084533658e-01
1.087107335882010339e+01 6.438090714495614542e-01
1.222117635880170816e+01 9.568263862831289934e-01
1.214723812341421194e+01 8.491410090086358720e-01
1.206062186200802699e+01 8.626989163293152796e-01
1.031733294310743432e+01 1.047255148697092686e+00
1.213120534334711742e+01 1.225537978686961127e+00
1.128366436994448740e+01 7.193727338356435963e-01
1.131354272398231231e+01 7.778744079401497258e-01
1.086122182702781203e+01 8.870012111342977512e-01
1.172426800716006134e+01 7.418763679971972502e-01
1.094753902986939487e+01 7.924053303828384465e-01
1.175877916487741359e+01 7.526782853241356097e-01
1.080917402325907517e+01 7.152518966431198333e-01
1.131702074465741248e+01 7.136500126658569254e-01
1.050253390216535720e+01 5.464888992153720260e-01
1.105496841821547704e+01 6.093255833003011768e-01
1.091391345923823231e+01 6.791893730159419551e-01
1.132865927197786249e+01 7.930088164430987296e-01
1.083077245087402929e+01 9.768202340573678422e-01
1.163178655335527623e+01 8.848914892081545247e-01
1.059356780650220031e+01 6.267432491400787287e-01
1.055554180216978111e+01 5.500244295188307930e-01
1.080618574657451880e+01 1.018219619017217914e+00
1.088760365287583731e+01 9.268613341151242802e-01
1.113297626348384739e+01 9.803815691933346343e-01
1.243174344040940227e+01 1.281752302295435575e+00
1.209788591671049396e+01 1.087498657501712040e+00
1.150067872220575005e+01 7.895093868390772318e-01
1.124442408915037994e+01 8.938090730455657829e-01
1.129237492422195110e+01 6.593388615508634087e-01
1.095697636045852441e+01 7.483603529168643131e-01
1.114997672224716574e+01 6.621091673027019731e-01
1.159287622230000281e+01 8.206561288171749791e-01
1.089197411426431650e+01 6.389889631952029303e-01
1.170021909293863871e+01 1.024482480926043548e+00
1.154509840799620868e+01 7.708793125534917356e-01
1.082169579073167931e+01 1.122234200526202486e+00
1.131346191094939080e+01 6.747199208770333634e-01
1.031461000944205253e+01 8.394837913578876432e-01
1.116418462496169894e+01 7.332305570225381430e-01
1.041278669444052163e+01 8.876310534548619291e-01
1.116728749006333388e+01 1.013683390322210220e+00
1.156707358577534528e+01 7.204961824239377588e-01
1.174037630924293651e+01 8.307943907309440768e-01
1.195465293789083638e+01 9.778762816196963081e-01
1.116691496966964792e+01 1.058222202343757079e+00
1.179547456672078454e+01 8.370591999633870683e-01
1.164516423741781992e+01 8.485134442282120659e-01
1.135770311869526239e+01 9.413232478521368352e-01
1.156499566004525725e+01 7.763470788927815391e-01
1.213625844372619333e+01 1.011708659695106816e+00
1.120912273144487337e+01 1.033167824348885766e+00
1.224816456430002631e+01 1.174985368695369736e+00
1.124909356126877746e+01 9.591190091432505449e-01
1.137595779344657565e+01 1.241771124846389629e+00
1.080978677501146556e+01 6.973366087887510334e-01
1.142830614274600443e+01 8.520317923457946252e-01
1.075406708120671340e+01 6.823340561532744708e-01
1.148643979686992367e+01 7.932762040316735375e-01
1.157267040467703545e+01 7.977941321525310325e-01
1.179069769778778998e+01 1.015044776937310766e+00
1.119888767740255808e+01 1.125828563054895870e+00
1.147166917771517625e+01 1.047354748866066831e+00
1.110815572921547378e+01 7.807201254978394234e-01
1.142323906084389229e+01 6.747554908018974507e-01
1.225588477280999555e+01 1.311249555439601977e+00
1.188857946844297864e+01 8.769050723669399305e-01
1.097526098327407595e+01 1.265084326350913724e+00
1.108627162107709729e+01 8.398125984760902440e-01
1.206608565067044836e+01 8.007106261282380677e-01
1.199482311060241813e+01 1.049988598437253895e+00
1.122962016970926946e+01 8.932660497011886136e-01
1.145726523916026807e+01 1.143581596542466716e+00
1.125696979307941525e+01 7.747170088432944191e-01
1.221670290358203559e+01 8.625142432003819470e-01
1.122615929184633288e+01 9.410573341508090550e-01
1.170035659113993987e+01 9.467224616505418577e-01
1.122499148279150205e+01 9.749939021560745100e-01
1.115618080311672777e+01 9.395897152890323456e-01
1.074224990966181714e+01 5.914298796358984367e-01
1.128812112440330750e+01 7.014760147948418956e-01
1.210595836134386438e+01 8.946443765344357368e-01
1.060403466606994627e+01 1.017156730684827703e+00
1.241998054070824686e+01 9.833892647315785052e-01
1.137060969274877387e+01 8.487093317427868433e-01
1.209541394999458142e+01 8.294347070949026346e-01
1.077891820299634418e+01 9.473161129135720948e-01
1.127993081531887576e+01 1.074198057156828812e+00
1.087532895034570046e+01 7.821355070799219655e-01
1.189870327075113643e+01 1.046830589056559235e+00
1.156137455463972685e+01 8.922960904990204778e-01
1.117083629490386798e+01 6.557186846974436545e-01
1.146551504396933474e+01 1.494574132846320014e+00
1.081950150371262076e+01 6.996724841516334115e-01
1.187216344667025680e+01 9.981709665601088410e-01
1.197830073596688294e+01 9.257314461082803980e-01
1.158731671897383819e+01 8.424374214992168541e-01
1.200461035573164992e+01 9.557143935927047140e-01
1.151174656822522557e+01 8.847642350880683404e-01
1.174297554133283228e+01 1.071653021528059302e+00
1.084184444833619487e+01 6.277739902440133690e-01
1.143915320467327845e+01 6.704747051071922037e-01
1.153313662716682408e+01 1.062131642359965378e+00
1.114365679872085479e+01 7.322339082670888954e-01
1.130285455652370352e+01 9.200943587959427017e-01
1.096842500296092915e+01 7.003255670089232332e-01
1.160749293535223536e+01 1.333236703467810980e+00
1.080781880403052675e+01 6.838112964763116697e-01
1.194608922477907242e+01 1.316334085333634496e+00
1.201653652777454617e+01 8.527751600824208245e-01
1.090544250137774362e+01 6.698176235238179066e-01
1.127092870281696868e+01 7.221221801542571095e-01
1.093601836093468727e+01 7.747680923372174400e-01
1.136069196002890891e+01 8.966434149894113581e-01
1.142671099370832799e+01 8.999543305193340448e-01
1.126567098344217577e+01 7.616117865051639235e-01
1.176625235648291934e+01 1.028922021965454459e+00
1.182960956750993375e+01 1.015203703360407994e+00
1.159056785583391225e+01 1.045703012020127609e+00
1.218800098610682703e+01 8.200421383593742286e-01
1.173806108500640732e+01 9.500443809225513903e-01
1.088696760662850949e+01 8.745028500881231182e-01
1.137284080297221678e+01 1.072385394596250041e+00
1.151815927484472724e+01 7.404171821713093626e-01
1.190886267991742997e+01 9.344950186752000176e-01
1.181486416665615735e+01 1.217254227033473857e+00
1.139417695760073279e+01 7.341734996540209002e-01
1.179154972524110256e+01 1.225614729588396790e+00
1.139835962320490736e+01 9.392915646063866308e-01
1.098388870939717243e+01 7.383998496082615492e-01
1.042296283677388935e+01 8.433763103529645644e-01
1.065265986330230241e+01 9.771069841271888823e-01
1.128643598401586701e+01 1.110005070459050058e+00
1.094315647849189332e+01 6.690974024916843677e-01
1.110399485813250564e+01 6.577816741584660010e-01
1.197717374663605128e+01 1.086291427276082633e+00
1.145219579387225117e+01 8.567111549554077277e-01
1.115552699934778680e+01 9.926171680017907839e-01
1.178959684869896307e+01 1.105815393230412891e+00
1.144875167139293204e+01 8.092661516454583426e-01
1.116176053948324132e+01 6.740342256050380065e-01
1.133039965280793027e+01 7.317497873000664566e-01
1.109624925659429984e+01 9.914758513525459005e-01
1.111373068909407280e+01 1.127355022922923666e+00
1.125807673282782595e+01 9.289826160984484549e-01
1.192473548907202385e+01 1.039647532783283479e+00
1.197832154946611105e+01 1.175867934311854768e+00
1.098005891185046146e+01 8.813139554359760153e-01
1.122898068263712368e+01 7.275473221862371886e-01
1.175234032236438431e+01 9.733777230645934697e-01
1.155838703674740131e+01 7.246047443572929403e-01
1.148745839405619051e+01 6.904286160040663534e-01
1.077231274333855993e+01 9.567876701292439279e-01
1.104792568243944650e+01 8.327254687655619714e-01
1.097509772551755880e+01 8.456244870935207825e-01
1.104705799007148315e+01 6.617263227260503644e-01
1.091774792437464114e+01 6.263887792576370295e-01
1.156693505111805464e+01 9.153778223110919932e-01
1.066937931623404268e+01 8.099968704750002413e-01
1.098077491029064845e+01 5.949692894178263414e-01
1.105068803086857798e+01 1.207304981367460561e+00
1.142062538744820976e+01 9.839809721065889692e-01
1.102487469447746271e+01 1.005889618244008243e+00
1.084349757169898787e+01 7.299312544670818470e-01
1.137890491066237431e+01 1.232510994141750027e+00
1.098052775670826797e+01 1.060581057699419683e+00
1.171218385666442963e+01 8.914653125547816748e-01
1.210928966981358634e+01 1.196305487946095925e+00
1.103784058867954521e+01 1.028728852176480135e+00
1.108186869966711541e+01 9.887675880960791197e-01
1.093049572953026605e+01 6.160119111141600934e-01
1.092051941588036890e+01 7.719308351232282428e-01
1.183472529689663233e+01 9.656739035264296778e-01
1.193119527621423970e+01 1.194024978865452447e+00
1.154273860909857419e+01 8.977794491939254939e-01
1.122541448926160434e+01 7.155857228991605590e-01
1.099870305775478130e+01 1.339357242283381488e+00
1.149976456688436777e+01 1.069425138269906039e+00
1.190423616072095392e+01 1.064814690325280422e+00
1.088108998687420303e+01 7.470523563675867118e-01
1.159639299559623637e+01 9.158703313936784607e-01
1.082783764036278207e+01 8.326174060541838839e-01
1.194668518520130007e+01 9.033900943018666752e-01
1.100810768146517482e+01 6.270560081517038142e-01
1.105928285578204928e+01 7.939481975721963680e-01
1.108840245301146687e+01 8.579730494738402324e-01
1.078232738514076594e+01 7.416342869150828188e-01
1.129148547575389294e+01 1.071269712295894516e+00
1.152050475698603726e+01 7.157816486814212453e-01
1.131733497166294811e+01 9.832680201494536920e-01
1.191286308055181031e+01 9.597580718841209890e-01
1.079991961003470102e+01 1.015364577340430952e+00
1.083611219088059663e+01 7.211181579363570293e-01
1.217029350224124151e+01 9.627560607825903505e-01
1.152367266102926102e+01 7.905320840197556098e-01
1.091124201012774897e+01 7.550548509184001889e-01
1.150418746207288834e+01 8.462591067094695774e-01
1.063854445549263339e+01 6.915437421300958398e-01
1.071487831841324656e+01 5.843890907006775715e-01
1.076065676305942453e+01 6.722800129713869532e-01
1.109708313644143551e+01 7.790849437949773915e-01
1.164474094610932475e+01 1.018721242754987877e+00
9.886201430197333551e+00 9.526612897524621149e-01
1.083947703615555902e+01 7.880090812579491066e-01
1.178997093577674526e+01 9.972900138343393506e-01
1.171626345026765215e+01 9.976019532953023239e-01
1.082324448021275565e+01 8.347008200058996241e-01
1.086788940448985841e+01 7.647234940237621625e-01
1.049033799218898011e+01 1.212877983517804292e+00
1.143742553871500967e+01 1.009944493249942621e+00
1.118648581117703777e+01 9.731602954155046392e-01
1.219148033832843403e+01 9.781930559420147775e-01
1.183464677162459111e+01 8.434059869887045036e-01
1.163847357324558907e+01 7.360624672185069883e-01
1.080597482710918555e+01 5.966063751090309175e-01
1.195500223668931739e+01 1.289830064234328555e+00
1.095499753218707717e+01 1.144272406722698143e+00
1.116758896431227654e+01 7.765567459357852753e-01
1.215556921336582086e+01 8.716571667929789990e-01
1.092862304742615898e+01 1.125153955368873193e+00
1.126974013657310181e+01 6.754238199811060106e-01
1.174919996554988444e+01 9.685889995190316570e-01
1.068013872544803355e+01 6.635062056475223846e-01
1.114218928479374426e+01 8.758377921403904809e-01
1.179514065454250016e+01 1.132404341830241856e+00
1.097327082673124288e+01 1.064925468382734719e+00
1.111012025354954957e+01 8.571093762430201934e-01
1.150990510420835022e+01 9.081277579094240160e-01
1.092826925154316875e+01 6.614992515602636791e-01
1.144221498502727208e+01 9.441064652142058256e-01
1.114430545137420303e+01 8.232268117590634260e-01
1.125649234087890882e+01 7.498659167732808495e-01
1.116095377060780791e+01 7.454097218609825326e-01
1.166906636007183096e+01 9.273662890651922508e-01
1.119977718006208356e+01 8.878175956856673157e-01
1.148799581171629747e+01 7.532543815723066194e-01
1.165826095894427361e+01 9.955343686322424279e-01
1.114232562525990566e+01 1.192418220288597341e+00
1.211006764943782699e+01 9.831814923668805717e-01
1.103301675991442288e+01 7.830023049807597335e-01
1.092735455394030453e+01 7.866284159503069695e-01
1.136103349575097177e+01 7.692883546364303049e-01
1.198508537876046809e+01 8.319682888243832286e-01
1.076133372706682323e+01 7.882186631336643989e-01
1.132827851304160660e+01 6.867197388558811122e-01
1.141580019109118638e+01 7.057929889914769106e-01
1.197667556146038059e+01 1.050784421886607367e+00
1.133262307077927922e+01 9.894282603881116023e-01
1.181830135788934655e+01 1.084734706530200654e+00
1.073038797697226343e+01 9.060338543370172193e-01
1.133313458404574092e+01 7.390212990964346584e-01
1.102548194102599410e+01 6.587458734446298703e-01
1.217245440516827593e+01 8.440163116245879005e-01
1.215341098401893838e+01 8.826381878163908068e-01
1.109732247256804527e+01 1.247359681521936547e+00
1.140994173625247932e+01 8.609856428419687679e-01
1.105345424299522428e+01 9.271110038280166998e-01
1.166035630857497019e+01 9.945571029238101657e-01
1.129339324671742695e+01 1.338482697064405036e+00
1.094141926354075878e+01 6.841468818351367220e-01
1.143677202766554224e+01 7.254402710577436686e-01
1.078128283711298430e+01 8.143086668319513555e-01
1.178821020738904046e+01 1.147553855358118380e+00
1.097581942761842200e+01 1.149121563684174951e+00
1.131253033388236773e+01 6.540808295566190589e-01
1.148551158925290316e+01 1.055165830934676530e+00
1.140040140059978135e+01 8.426481881299705545e-01
1.178208973227039102e+01 8.743715968295899810e-01
1.082656939511092631e+01 8.418581062244462343e-01
1.111001315542254453e+01 8.551556558235465788e-01
1.148242435316572596e+01 1.034612051272812083e+00
1.109444893439153645e+01 8.737862163583683950e-01
1.156640109796353855e+01 1.530974177801016856e+00
1.158077014656677406e+01 1.043938989163023523e+00
1.146021216840134471e+01 1.241151621736629407e+00
1.111032532438126097e+01 6.198465606044081255e-01
1.048999260194367977e+01 9.194581911358595816e-01
1.100983572532078547e+01 7.230624141934001159e-01
1.115192301746943748e+01 7.893795638816234472e-01
1.109282057468148430e+01 1.015881016780195933e+00
1.162584765129344611e+01 8.723758382332147399e-01
1.112197169698388421e+01 6.761870587070936134e-01
1.098852904323480928e+01 6.987355131877885928e-01
1.220706295691319276e+01 9.925269566282055589e-01
1.136265452722638258e+01 9.011735604531336818e-01
1.164441678410709180e+01 9.655314059632493784e-01
1.224588445456958752e+01 1.013417089381249747e+00
1.223268340774926877e+01 9.776000589455382528e-01
1.175202604014911145e+01 9.355502243084249381e-01
1.140696697917607416e+01 8.096969021102152775e-01
1.123951298967944368e+01 1.046491345290326835e+00
1.178591300767674177e+01 1.002682845559328850e+00
1.117654542366631532e+01 1.060119107932440796e+00
1.135508431987486411e+01 8.495038024129567544e-01
1.102890320435502503e+01 6.036965136613783312e-01
1.190265253853092275e+01 8.301735872931040872e-01
1.101634168669364477e+01 8.510093232739003311e-01
1.160679267928365199e+01 1.094289207500093397e+00
1.180717583111960600e+01 9.954039248647478244e-01
1.111316538885540162e+01 8.888130046424508324e-01
1.134095159747607617e+01 7.909884354895259095e-01
1.122778422729584236e+01 6.506938733633609306e-01
1.148803356752836358e+01 8.957035806587244631e-01
1.217709350414787473e+01 9.035134423385258184e-01
1.133034644244888511e+01 7.006069299949542195e-01
1.213457352373312048e+01 1.212509984071804769e+00
1.164568754495137703e+01 8.474396292237098560e-01
1.133806146895407529e+01 1.011954300452188260e+00
1.095827439532169123e+01 6.786540225568820084e-01
1.147974802581500775e+01 9.210920613144272240e-01
1.152558941580994478e+01 9.256269523143324518e-01
1.119731193683267811e+01 7.280349958106727692e-01
1.126849101503201211e+01 8.689127795273982047e-01
1.164262868261381634e+01 8.995269776463483691e-01
1.158922735120145653e+01 9.323868425525224657e-01
1.109395595582747340e+01 8.691508655113258097e-01
1.167242739582503397e+01 1.023075892897057360e+00
1.206151287985065146e+01 1.194040082392810342e+00
1.118761738422137419e+01 1.382101206578604691e+00
1.180845064393625776e+01 1.010312927255403892e+00
1.160129745802253254e+01 1.020016320179887304e+00
1.194933707861941130e+01 9.001190203088829112e-01
1.095371586933359964e+01 6.195649383284209666e-01
1.126626879037883988e+01 1.043458891751975370e+00
1.131731756153039292e+01 8.352743259958747002e-01
1.009006284192867930e+01 9.980252309137868094e-01
1.162292776912945058e+01 9.873961190342606109e-01
1.199271080717488225e+01 9.064289082182798163e-01
1.193718925331975278e+01 8.891824404281004623e-01
1.103401704288741136e+01 8.921878849178271897e-01
1.148089172903151045e+01 7.535634400052080295e-01
1.155357027216337507e+01 7.147275744551255805e-01
1.219158531970396631e+01 9.296121320085534157e-01
1.170832320032922524e+01 1.019869608898007485e+00
1.165702384262677782e+01 9.687244364082214787e-01
1.133411881985812819e+01 1.260062257201395974e+00
1.208314005482866804e+01 8.771521741450766241e-01
1.126388866344873918e+01 1.281380299357733010e+00
1.114537663044955984e+01 7.419698422672591498e-01
1.146819840205047569e+01 1.207701808816300737e+00
1.081639303023098364e+01 7.426319254772186795e-01
1.078390991461076709e+01 7.265750073941070752e-01
1.159828332126306272e+01 1.280162507951885686e+00
1.159052511921969320e+01 8.772907887582287456e-01
1.086894290222483050e+01 6.400323854075878893e-01
1.095757907506865969e+01 7.272247621180720767e-01
1.098242751308906051e+01 6.449098298374256188e-01
1.120119956601670097e+01 6.648251522719675899e-01
1.205472675514527481e+01 8.802998369371506371e-01
1.058546282831174246e+01 6.897909853610507680e-01
1.121970787822678695e+01 7.151837864234834585e-01
1.100536405567013887e+01 1.063358451567645524e+00
1.117535047597609221e+01 1.030638243290566303e+00
1.216131318628771929e+01 1.011363452104485194e+00
1.103274153167968308e+01 6.658847954140212355e-01
1.187606578687474368e+01 1.052651456526601859e+00
1.078948987808577265e+01 6.956530653106502982e-01
1.083688193124807420e+01 8.555167110129642261e-01
1.105859707818689408e+01 6.731911707670485967e-01
1.115588107390692230e+01 1.067405779744248884e+00
1.119713278713211579e+01 7.867504068243562632e-01
1.130452740354978758e+01 8.576030376409056188e-01
1.084190312493513986e+01 7.144304685086222406e-01
1.174222156606047740e+01 9.173263747224076337e-01
1.187763020601590469e+01 8.529389649254118799e-01
1.088631520473172465e+01 1.515589047495675468e+00
1.054947087474473300e+01 6.671781698573897579e-01
1.079977279157941084e+01 5.876853756774835791e-01
1.076704738566885489e+01 7.440335207734980472e-01
1.119312770908447874e+01 9.307425860309884724e-01
1.096434780969446798e+01 9.989670496249914988e-01
1.126228180694806547e+01 1.158368603840990163e+00
1.088334540656551042e+01 6.388789957403872011e-01
1.097931546482673149e+01 7.716447099572486534e-01
1.110958627901317897e+01 9.677385646512661754e-01
1.071088311212623090e+01 1.018299462207205464e+00
1.112564413573556266e+01 8.080355679748431053e-01
1.172404902522334069e+01 1.026970587591839790e+00
1.138195727675670454e+01 1.090669324528226625e+00
1.086275536806545006e+01 7.080044435384986734e-01
1.111714548871892205e+01 7.771416976427797385e-01
1.201831488927804159e+01 1.020558200739578814e+00
1.042291596799375064e+01 9.569834722091715706e-01
1.179358780619442193e+01 8.768366058738574775e-01
1.127123117378439687e+01 8.046092162268717596e-01
1.069594114121179018e+01 6.887764735341799227e-01
1.205580765810585930e+01 1.028601977691047109e+00
1.096922756641553676e+01 6.172737394680256617e-01
1.110386272156933707e+01 8.768541092607272658e-01
1.133673189952880556e+01 7.309915775443888153e-01
1.091063256978135598e+01 5.993318984736359933e-01
1.173267265521145220e+01 8.253429620673849998e-01
1.180739699376767682e+01 7.960100674363113082e-01
1.102891580100806479e+01 8.191541420317322020e-01
1.130710648606418189e+01 8.624442323116096043e-01
1.110712945592201173e+01 6.745174075061498575e-01
1.214174822060152614e+01 1.208137940503267060e+00
1.073167700308439265e+01 6.544295517585979605e-01
1.088853904626866864e+01 7.783164014155701249e-01
1.131095680367897138e+01 8.322165306752566938e-01
1.095175783857620644e+01 9.027183238785654318e-01
1.219767207305362255e+01 9.610042982663732358e-01
1.126384666008069857e+01 7.151477737798609402e-01
1.104157995431342343e+01 8.654478845833389888e-01
1.133713442774444324e+01 8.925478893795857349e-01
1.101109513570599319e+01 6.711411058394335383e-01
1.081995979028723731e+01 6.548789067250926355e-01
1.098174800330541068e+01 8.751153686033025236e-01
1.205314097590827949e+01 8.186926585017948454e-01
1.218621005152803782e+01 1.518765473436742619e+00
1.176826373562207628e+01 9.902520335175108990e-01
1.172971864541734810e+01 7.684153271854257117e-01
1.143181076389328510e+01 7.658492189906043190e-01
1.170427873656348616e+01 9.142058949151921077e-01
1.095514028002031814e+01 9.662418941848536225e-01
1.126893519046690351e+01 6.499134036241873691e-01
1.197707260457166711e+01 7.926416915235150462e-01
1.136418048126105695e+01 9.285165399755395121e-01
1.096232586184331659e+01 1.207593256499648771e+00
1.129820982711173194e+01 8.456064484234754319e-01
1.191104587950931126e+01 8.653407265047849961e-01
1.149301713448164364e+01 7.989393705433152082e-01
1.131695425555259504e+01 7.508112630483090300e-01
1.059981423681947987e+01 1.044178802038609799e+00
1.137628093891418146e+01 1.213904592059457332e+00
1.126805967154115962e+01 1.263256692008238868e+00
1.145194646091596091e+01 1.016922479385133471e+00
1.160061577943102762e+01 8.678592551083442741e-01
1.089362387437055801e+01 7.425482586974638810e-01
1.071578057682291529e+01 6.108549137520684624e-01
1.133222326692837001e+01 7.111416395782570454e-01
1.116276148852248795e+01 9.362831026589504280e-01
1.091011351263063922e+01 6.881441906719666379e-01
1.156436629597209631e+01 8.617497497002256646e-01
1.091261697831621191e+01 8.043580827335834460e-01
1.154010713860001403e+01 8.973874788723125162e-01
1.110580943542215415e+01 1.220906374335806843e+00
1.137232263087399176e+01 7.062861415713098667e-01
1.109750543936946876e+01 8.277104537630305403e-01
1.107876114325756411e+01 7.999929061327594182e-01
1.114321834586426974e+01 8.289490379588906332e-01
1.041318861594507439e+01 1.138767857981344722e+00
1.163159919005273757e+01 9.336021031541541504e-01
1.210696501107302048e+01 9.495328285488243703e-01
1.127108213248821578e+01 8.320703923742527319e-01
1.093618248930617298e+01 7.064945992183149226e-01
1.186529391049818472e+01 8.425789810476667085e-01
1.179811171724944607e+01 8.358621569555138020e-01
1.198955052889690265e+01 8.241081484244004995e-01
1.173909475051496010e+01 9.180599369962316736e-01
1.112556410688371322e+01 8.093953492438548114e-01
1.100513678784110994e+01 1.148047644379585286e+00
1.132469245292080195e+01 1.022451762691144461e+00
1.165408333064626945e+01 1.493738152340921443e+00
1.099830901749247758e+01 8.165828929571767869e-01
1.151866222071133272e+01 8.419965759056460275e-01
1.086875254151666859e+01 9.747242374004798648e-01
1.109977652385159530e+01 6.584045375025194824e-01
1.117307304874095841e+01 7.645163100180708549e-01
1.134370958782961836e+01 1.008791407905603510e+00
1.147618064755477718e+01 8.925548388101376407e-01
1.085939804411941800e+01 6.456659420191451781e-01
1.114355210232811544e+01 7.401142225040112654e-01
1.174977946124919015e+01 9.170471937005315599e-01
1.135632118055917239e+01 7.987168574512129027e-01
1.137898147579722341e+01 7.251328832201675567e-01
1.147276644601316775e+01 1.331448909649747714e+00
1.213942371250943353e+01 1.129063700744393328e+00
1.123269644521520050e+01 6.645057776681925210e-01
1.132480906958413058e+01 6.774104435645081912e-01
1.108212732239675091e+01 6.592826309806728569e-01
1.225043249507119825e+01 8.460854554659439364e-01
1.192798014540839269e+01 1.056694107207958977e+00
1.132363031300993939e+01 6.673769183147291173e-01
1.219935867620530168e+01 9.983879068946395208e-01
1.190990528499734680e+01 1.014353681470381074e+00
1.137589707825407892e+01 7.021384582504855976e-01
1.134567328885510307e+01 1.373856226121007884e+00
1.131024004175319142e+01 8.128069726008883000e-01
1.129525354287739169e+01 1.175537900080431575e+00
1.223755914749264839e+01 1.054589527525799264e+00
1.128828815704221533e+01 1.113599531415680577e+00
1.098577505814220956e+01 1.001436990219062295e+00
1.041971267651593536e+01 6.813777164991310364e-01
1.115574587940365170e+01 8.393631155277095912e-01
1.166867007991216987e+01 8.807681385685554032e-01
1.108031977606213658e+01 1.077081020866027306e+00
1.187626177567362795e+01 8.110937113735375847e-01
1.087874810890269295e+01 6.254366160922346651e-01
1.102601554385803340e+01 6.313567538016512382e-01
1.174388151381442391e+01 8.617916361972707273e-01
1.091264183857316006e+01 8.017790874832689818e-01
1.072236970464734362e+01 7.311015614001582508e-01
1.111945117380956027e+01 1.049298652087073291e+00
1.113417554498843387e+01 7.253280820469897305e-01
1.128895137952928351e+01 7.559041640015694563e-01
1.107898752788724472e+01 1.171615524991417301e+00
1.135759376904668727e+01 1.071312287814996544e+00
1.019431226009301383e+01 8.339039555547693716e-01
1.138627441634625015e+01 9.855968064813577234e-01
1.116107626829712629e+01 6.357470700673725217e-01
1.170212079188765131e+01 8.585028768314841852e-01
1.137983995448661112e+01 9.045775578869383882e-01
1.076490486808366143e+01 6.150775654622228084e-01
1.091754374568118102e+01 7.856233336854484550e-01
1.127338018831259525e+01 8.817321762285591502e-01
1.177977104458293667e+01 7.848040980202698469e-01
1.146768432727931675e+01 7.270579032776407491e-01
1.094385933982710135e+01 6.286028453519422188e-01
1.133914661552441139e+01 9.228910035782269539e-01
1.114237926912823973e+01 1.066833420762338003e+00
1.110275506413548996e+01 9.808930097314375596e-01
1.136997045698564257e+01 1.000051211254699313e+00
1.219238969654068505e+01 9.066221941234721138e-01
1.093906945040042089e+01 7.498932178111231694e-01
1.120527760557959063e+01 8.701682677679780653e-01
1.092905953580669909e+01 8.900780744476081141e-01
1.066944537410091698e+01 1.095959193422707534e+00
1.178532232706134586e+01 1.163987597648307615e+00
1.150189450117766121e+01 8.631312728011660829e-01
1.099451299025420425e+01 1.087249298875566650e+00
1.193595310907141283e+01 7.935898465247429590e-01
1.131789340539128119e+01 7.365637947559620091e-01
1.102672285050455869e+01 8.007977844882571139e-01
1.140118106369194173e+01 7.070811756712894747e-01
1.113923463579045503e+01 6.966321636355111702e-01
1.113262012911604870e+01 7.942673908456062692e-01
1.127677409381753115e+01 6.984134455301289623e-01
1.098633937098511382e+01 8.803658664819844493e-01
1.103883997181598353e+01 7.057958652947839973e-01
1.110026593827588037e+01 6.198217158606983412e-01
1.115977611276029435e+01 6.966034771741185239e-01
1.145149001069230010e+01 7.656567049244179524e-01
1.160786384961430961e+01 7.560684550902705414e-01
1.092933445641088852e+01 7.089059118448780561e-01
1.141858715762792187e+01 6.906914212109565021e-01
1.106994815805719234e+01 9.732638472663986962e-01
1.181326647673031616e+01 9.104089797215463298e-01
1.069254514718320159e+01 8.520964938315688242e-01
1.150459401573884399e+01 7.476817802323355577e-01
1.086642147213597376e+01 1.141780301254635699e+00
1.206075712795615473e+01 1.049648310119286387e+00
1.091613321668144287e+01 7.718508834881787628e-01
1.124775063508440276e+01 9.327244353536974231e-01
1.119483176797602297e+01 8.070818856485924009e-01
1.100523626777075314e+01 7.915975180181232806e-01
1.127623041871312992e+01 7.411091397863639463e-01
1.088096243041063182e+01 8.825750240799880020e-01
1.156758983445485356e+01 9.112556221416140412e-01
1.138004217891965197e+01 1.093193788820755907e+00
1.140718592239912610e+01 8.657483018277297715e-01
1.063774603126664609e+01 6.751373024105431497e-01
1.118365349286435873e+01 6.932718652569211937e-01
1.150306419527666613e+01 9.011669772165461501e-01
1.224455847302704115e+01 9.705914664219967847e-01
1.204175301007472143e+01 1.286931796961774399e+00
1.161815829468627470e+01 7.441641261525004936e-01
1.199639844715004600e+01 7.989714975217589998e-01
1.130285064167678755e+01 8.625019553207109446e-01
1.211066064652349361e+01 1.064057081869804522e+00
1.152438036029186996e+01 7.534080754773264665e-01
1.088517679401778615e+01 6.016767503232965941e-01
1.098926248207575362e+01 6.848873959578828385e-01
1.071145817062701866e+01 7.930962009787101419e-01
1.158156885530611824e+01 7.633221193050456765e-01
1.100931753543171077e+01 8.510838336017192418e-01
1.210126535933803638e+01 9.726578519389796895e-01
1.201669426421491949e+01 1.057286039357838936e+00
9.567224061507042521e+00 7.094184710587335685e-01
1.158997383377691115e+01 1.408875292907238563e+00
1.051711401716865346e+01 7.179028389331975069e-01
1.109107064432419065e+01 6.454377875473399362e-01
1.079674201863122640e+01 7.365775187268359669e-01
1.165635045742512510e+01 7.431340843132331342e-01
1.171442406992627916e+01 1.125496030052190566e+00
1.122944189903259193e+01 6.658062383105328719e-01
1.125325339236881028e+01 7.857861205499936386e-01
1.091599717607393139e+01 1.044485938255247603e+00
1.133592869252904123e+01 7.144773482245507790e-01
1.098909973984323862e+01 8.021122183720261756e-01
1.161018163960805971e+01 9.200496083499577482e-01
1.173322273845337449e+01 8.333330679961212795e-01
1.144043316731265492e+01 7.272637429295600864e-01
1.178249819136030041e+01 9.995397059266499795e-01
1.109569811300970166e+01 9.927350236546049755e-01
1.101540835437927690e+01 7.354123358026191104e-01
1.128513283909695808e+01 9.402210458759848732e-01
1.059423225555282322e+01 7.126957658537410589e-01
1.139723090983715537e+01 9.169186020294293193e-01
1.123916080897836878e+01 7.185097479925213193e-01
1.205735455266970035e+01 1.245743399401171292e+00
1.158805660764832091e+01 7.105782199685015676e-01
1.108066160193205363e+01 7.717594941967337308e-01
1.134291583341918752e+01 7.502171094315347455e-01
1.157701488134887313e+01 8.542347424751192131e-01
1.134465772995082666e+01 8.104068848331591468e-01
1.099898965186964972e+01 7.585088961001438257e-01
1.195618659802820005e+01 1.169003985442536919e+00
1.217432749583617380e+01 9.098190832686312568e-01
1.212292870518569110e+01 8.441321954413145701e-01
1.207156574349341227e+01 9.283868598465893074e-01
1.145948191336013977e+01 6.880284017346437464e-01
1.013694935199360536e+01 8.189378034004480833e-01
1.091169933759242205e+01 8.343411793969228718e-01
1.127431382972787333e+01 7.826299245091657975e-01
1.204597132178555441e+01 8.803200012024320342e-01
1.225088527058415977e+01 8.944243554494861748e-01
1.096173866182763312e+01 6.762651313778809126e-01
1.116729686973324753e+01 9.563260854768022012e-01
1.122700088412120323e+01 1.055733096727431208e+00
1.148511188974374875e+01 8.023271691937241545e-01
1.126766491700802320e+01 7.403807274033644692e-01
1.154078515044671072e+01 9.960996897593987764e-01
1.100047658723551791e+01 9.123697753955044565e-01
1.186343563452455285e+01 8.662828078471744853e-01
1.190488347808226877e+01 1.253543930887613733e+00
1.085083730233133892e+01 9.058390043778579148e-01
1.179346386124897528e+01 7.949633313936267376e-01
1.207623033959193393e+01 8.657426089062179031e-01
1.144027571334682669e+01 7.380352332204702659e-01
1.106703626795131434e+01 7.502691590562265977e-01
1.199060017358378794e+01 8.779112876867489756e-01
1.174764594433812626e+01 1.111299621129264725e+00
1.157645513766931344e+01 9.605439758609257694e-01
1.192392925745270915e+01 1.226942790839748998e+00
1.136189832632359042e+01 7.356747565880524808e-01
1.040157755057983913e+01 7.408288710250214848e-01
1.202294604195506977e+01 9.249362090405909287e-01
1.165249615335397237e+01 8.947975551580731324e-01
1.161630890649842840e+01 8.072762396739654456e-01
1.111135708181604365e+01 1.083525190877316469e+00
1.131864319142499831e+01 7.352323026027286490e-01
9.972394040242432922e+00 8.683448279982159956e-01
1.092771018488972068e+01 8.774739276029015489e-01
1.106173697657292898e+01 8.671584479614730112e-01
1.181670371102316253e+01 8.210556872639288573e-01
1.189703447643344347e+01 1.035249626614874963e+00
1.159698362046571773e+01 8.928886762172599800e-01
1.209465054437253606e+01 8.448606741608774007e-01
1.094520945559529501e+01 6.842193711938591161e-01
1.113658674229270495e+01 6.470800511201961758e-01
1.030047203291115920e+01 6.458868380978379786e-01
1.017813591471704804e+01 9.117516860174533777e-01
1.111806082319627365e+01 8.819696173692730401e-01
1.032172577844635875e+01 1.154838038394085942e+00
1.155580235358352859e+01 7.380710405713496458e-01
1.182787639187110784e+01 9.562157103443441608e-01
1.107730034912955475e+01 8.601793523806015029e-01
1.104408481103527251e+01 8.825039709144889555e-01
1.193972612018352919e+01 1.187124145603567049e+00
1.122382348925112261e+01 8.416291548127977640e-01
1.196862800769548585e+01 9.765872944068096917e-01
1.090464616370210038e+01 7.131987829019917902e-01
1.110071655148356662e+01 1.052942504608601393e+00
1.141728896474631050e+01 8.088472745696920763e-01
1.119497612413074528e+01 8.233485365165511549e-01
1.143158330967432690e+01 7.069954273798491062e-01
1.051993380806114153e+01 1.208324810918136372e+00
1.125651169091306514e+01 6.956520923254441158e-01
1.185424780969739267e+01 9.263533063947335666e-01
1.059266981006938479e+01 7.842337832100180206e-01
1.098753039027773326e+01 6.338319870843608372e-01
1.118172076822974326e+01 1.139591627725838885e+00
1.095506837299793546e+01 7.236943460934043282e-01
1.143013055936308575e+01 8.166109440545626930e-01
1.125411809451666478e+01 6.793435932862581517e-01
1.079193377334072679e+01 6.350291993619189279e-01
1.189524099927735001e+01 1.101564310479228093e+00
1.180198804717205086e+01 8.964357614128173335e-01
1.228557165018735020e+01 1.265173553528762040e+00
1.199422360967599488e+01 8.753209441781811817e-01
1.160352404770079460e+01 8.745044567433090110e-01
1.166134233873656889e+01 9.046979321184931422e-01
1.153720395756760198e+01 9.545552616213307529e-01
1.131171574352156028e+01 8.151534539470247642e-01
1.144605207812663217e+01 7.084216134823216882e-01
1.135668650676568348e+01 7.294081727410991478e-01
1.141664642552545494e+01 8.014472360745141799e-01
1.191349461401022047e+01 9.799691967595899333e-01
1.077882142337193727e+01 8.229994530832334121e-01
1.194677350298110952e+01 1.161747792442373806e+00
1.148900015816872866e+01 7.911629140335482147e-01
1.138038232158100627e+01 7.465924714725854505e-01
1.154679780195914951e+01 8.299671184580357242e-01
1.173016066308840522e+01 7.507804503615156388e-01
1.105155194238922967e+01 8.653513465011820616e-01
1.210347077967437457e+01 1.048945973143676547e+00
1.050513610992106273e+01 8.542028241903741881e-01
1.165449635568503162e+01 8.281872544570677563e-01
1.033854064702402731e+01 6.603847460992310348e-01
1.185054437553311857e+01 9.520714690542946279e-01
1.179498194289642399e+01 1.187441011281576975e+00
1.125035906638366434e+01 9.440495380837722328e-01
1.185286544590335289e+01 7.657798304331165928e-01
1.102477638741087418e+01 9.235565758910112555e-01
1.085370288494594782e+01 7.027743478372910912e-01
1.179888675948101806e+01 1.033778361962777170e+00
1.121734338299174816e+01 8.099738075994106223e-01
1.111463058480201838e+01 1.123170849066738031e+00
1.116888637792736105e+01 7.067753543723795939e-01
1.114607053501132405e+01 8.517210673583844871e-01
1.165756000485819044e+01 9.625655536423428638e-01
1.145874115765089662e+01 8.049403470957888773e-01
1.120454240109906152e+01 9.803893697840267984e-01
1.189793837945870436e+01 8.044430390036687584e-01
1.099428527601518368e+01 1.061990443668424211e+00
1.109619630829256032e+01 8.751713110497241210e-01
1.111421968382599346e+01 8.058343826658255216e-01
1.214447424160076494e+01 8.188461813627199160e-01
1.113481952473201808e+01 6.509523549778238882e-01
1.202060263873481283e+01 8.371812950778716456e-01
1.146641969533872540e+01 7.117245363228817956e-01
1.126260219017300379e+01 7.361144421037632002e-01
1.207193134247958533e+01 8.211271508190719493e-01
1.090955314609001192e+01 6.505127634502816392e-01
1.103761696496565570e+01 7.167321251029785678e-01
1.071810877728093025e+01 1.141452346122757922e+00
1.109676394807283017e+01 7.908089572169777481e-01
1.178245345043113623e+01 9.156975944033310943e-01
1.101532566796601742e+01 6.497797728483847290e-01
1.113523992054219391e+01 1.056152141297135527e+00
1.133550471618808153e+01 7.135098152198211530e-01
1.063984308765692077e+01 7.082718779833426792e-01
1.113534765585749575e+01 9.985955584534910168e-01
1.102040255549709968e+01 8.441610114189003200e-01
1.135963249449966028e+01 8.107700212918147464e-01
1.198480754572202578e+01 9.031897605759668934e-01
1.129670819856799646e+01 7.145548175006836145e-01
1.114528653697263039e+01 9.432255380810329326e-01
1.106989159476242790e+01 6.415816565140564087e-01
1.084670482495330646e+01 8.853723539255002883e-01
1.036644497561745837e+01 9.925774910624028946e-01
1.085398542493461527e+01 7.504357594489347028e-01
1.133030016223476366e+01 7.629612685206880185e-01
1.083283565502706480e+01 6.281825782533858593e-01
1.111500552770750438e+01 8.784040039549607659e-01
1.129379309052110614e+01 6.613813263519658925e-01
1.193957374431322371e+01 8.712851176218675553e-01
1.143408795809579992e+01 8.516303027673624015e-01
1.100044763606332765e+01 7.616744750491616367e-01
1.078469600598100442e+01 7.962474449148706501e-01
1.104485854723423266e+01 8.874754083472449206e-01
1.079507982744403094e+01 6.528802839846454820e-01
1.155719211247208733e+01 1.100878501369626727e+00
1.162908303201505866e+01 8.257456533345798322e-01
1.202134241518036184e+01 8.724390162510483604e-01
1.128125653501648706e+01 8.497805058029075376e-01
1.216371341645071702e+01 1.025359819194827882e+00
1.150780547544135146e+01 8.028628405319601091e-01
1.103423451344512252e+01 6.842428723503501953e-01
1.108018486191289043e+01 7.447034780097732121e-01
1.114706601647807283e+01 7.708744956386028857e-01
1.138042891297028092e+01 7.574056674608069528e-01
1.192865663491014949e+01 8.428163706214105710e-01
1.139900718306610194e+01 8.802896974071516834e-01
1.183304146530406520e+01 1.063875553201365953e+00
1.121245077497792231e+01 7.010838273274381249e-01
1.059747935898909965e+01 1.004699857133611207e+00
1.141860685318027180e+01 8.292764804125903888e-01
1.103651403462604463e+01 7.639245146785147433e-01
1.066880718545927387e+01 6.297929417089725979e-01
1.106747180545341358e+01 8.049590165741469239e-01
1.099153348321555690e+01 7.542628809917695243e-01
1.091159003188087695e+01 9.803432018041674523e-01
1.149983771214347250e+01 8.046290455379294659e-01
1.076722204990415754e+01 7.959217369507485262e-01
1.212205672766476461e+01 1.173011487764056948e+00
1.162590630976728967e+01 7.124447829774094298e-01
1.167202874981497907e+01 8.464498280178769374e-01
1.158745406622133522e+01 8.233813919816630467e-01
1.221451626905203725e+01 1.029745711271255360e+00
1.204992363917172327e+01 8.348882573174954969e-01
1.118314220617112298e+01 8.343773980870654583e-01
1.170475698374303342e+01 8.948704318515937617e-01
1.138279432785986778e+01 1.107934388708833540e+00
1.091378845376099704e+01 8.473834468102680040e-01
1.124595963157422851e+01 8.791706825487574095e-01
1.087515948828875523e+01 7.456404690232065757e-01
1.181254831748040601e+01 9.012975848842866844e-01
1.219793325496111436e+01 1.087974188639067696e+00
1.072407084571175773e+01 6.074016610648358405e-01
1.094169032955411858e+01 9.217434328310060154e-01
1.100355739972112801e+01 6.645547935234223935e-01
1.165146332942457974e+01 8.319962073897693156e-01
1.154560161965324383e+01 7.528748337888147013e-01
1.188516394667741416e+01 1.260228747674337013e+00
1.126451622090185545e+01 8.463293934977503818e-01
1.158648712684516724e+01 1.095133344525704544e+00
1.128583805900717785e+01 1.025832390927307491e+00
1.120639698898451364e+01 9.331019259794960385e-01
1.079757083415658947e+01 1.067648048696712593e+00
1.120314889690792448e+01 7.584185050069425227e-01
1.124729793969074976e+01 7.041796640652240313e-01
1.165616794924208399e+01 8.575420673396784155e-01
1.116901118352804545e+01 7.875711816362207518e-01
1.119800226759653405e+01 1.207269781600708747e+00
1.067980799578305628e+01 1.244945319638304015e+00
1.146972279262587335e+01 9.565237872879335246e-01
1.091224201780301684e+01 9.254024706594607963e-01
1.169934014899653896e+01 8.051072405598782566e-01
1.145799174263613196e+01 1.061716310843637823e+00
1.099375043771406446e+01 8.545726539096707430e-01
1.153208275522043635e+01 8.987820624671548631e-01
1.200954340525843023e+01 1.078597028946455927e+00
1.154212500541431474e+01 8.279054996702168712e-01
1.138960682187046025e+01 1.200841230802902393e+00
1.172930709283502004e+01 7.884604322828565603e-01
1.134255386338452176e+01 1.032588456877375105e+00
1.183706969015428712e+01 7.552888980725334100e-01
1.144333384699503320e+01 6.909653083893134706e-01
1.212643187944809497e+01 8.623481880478989225e-01
1.141099335967184558e+01 6.961841884730564090e-01
1.113173235524125992e+01 1.213280714059819854e+00
1.110920163424718154e+01 9.941654856583428401e-01
9.523319303312199224e+00 1.182138297031861907e+00
1.165419324582213179e+01 7.721807582635438205e-01
1.186288555326776795e+01 1.044980129898613885e+00
1.082467015579785219e+01 6.307658278025136678e-01
1.124333521386218138e+01 6.720010375334709574e-01
1.101611745997660385e+01 6.703120066415831912e-01
1.129977978584779130e+01 9.653742042874094986e-01
1.156770666893874555e+01 1.004056861899495612e+00
1.072398519955253704e+01 6.391497344506352762e-01
1.109523558401776633e+01 8.140925576867936719e-01
1.210493599746995308e+01 8.436889017686820536e-01
1.124218246590309533e+01 7.816472507178882090e-01
1.029698477972649329e+01 7.879879214829396128e-01
1.217786631242486273e+01 1.063133565661486868e+00
1.092343937492813666e+01 6.174378037730550162e-01
1.165887613499118736e+01 8.921885636448078083e-01
1.124732082114037901e+01 9.292743408716404030e-01
1.218317546823454478e+01 1.262383504642787813e+00
1.105753074228241317e+01 1.073915008695119688e+00
1.165088736189335172e+01 8.356754974994049512e-01
1.199605671797055528e+01 1.037687868814508363e+00
1.126943770607359419e+01 6.522440447394434182e-01
1.041867794004484615e+01 7.022278357368223478e-01
1.111823772516534881e+01 8.577763277289401911e-01
1.037978711562586653e+01 6.248925025117675336e-01
1.109726736103982248e+01 8.421475306486982948e-01
1.201133735453563389e+01 1.328652714220363462e+00
1.098330874167754168e+01 8.754998006942836808e-01
1.112165217024331909e+01 6.878037903945993792e-01
1.120519645485099502e+01 8.559074262354253726e-01
1.077418244088841881e+01 6.126288991936591488e-01
1.096011484475478603e+01 7.737718380359738246e-01
1.088354631883944812e+01 9.125719818245520143e-01
1.135894928736795606e+01 7.519808874539799515e-01
1.122623570597306042e+01 8.228709380990639755e-01
1.163719019411896127e+01 9.480568454237663367e-01
1.130773345746089298e+01 7.041956552921451173e-01
1.095045940306820498e+01 8.624692940217605353e-01
1.189825681543171676e+01 1.084060109687449813e+00
1.112503325270911958e+01 6.395937392398671761e-01
1.077409523726785423e+01 8.683750966133276794e-01
1.196775254014373857e+01 9.807447562117724837e-01
1.084200872565710405e+01 7.374739327414890910e-01
1.120525889092081862e+01 7.760087923874571247e-01
1.210553542148453587e+01 1.396542424726537002e+00
1.040720542217837874e+01 7.164905132684556976e-01
1.115826429030932054e+01 6.354549740594325202e-01
1.146371212324407196e+01 8.132624815240427907e-01
1.139371974970569745e+01 8.434595916400016158e-01
1.086463078021369277e+01 7.264178483862603342e-01
1.038150528083256496e+01 9.406626176228121139e-01
1.130294602630462109e+01 9.243994867006283256e-01
1.132951156093215062e+01 7.513367138758429986e-01
1.223497230733298835e+01 9.961166183253059581e-01
1.121443612291684921e+01 6.454467960973270246e-01
1.026632616146264354e+01 9.295555463324788326e-01
1.136813010421633940e+01 1.042654433471787101e+00
1.131472875829662073e+01 6.754879260396360330e-01
1.027731404691017403e+01 5.820520814892747863e-01
1.187225455806680863e+01 1.021624827752788400e+00
1.127156437223928620e+01 9.943971704983440851e-01
1.186817641269040990e+01 9.292152447507379120e-01
1.062013185353299427e+01 8.966959996356445028e-01
1.179383923370835241e+01 1.090144821553514998e+00
1.203860673448145668e+01 8.892309816723454885e-01
1.118954236027740556e+01 6.543495005063629799e-01
1.045233317200947809e+01 8.776293518238592606e-01
1.208935156258618449e+01 8.715634124427926732e-01
1.067498988065413812e+01 9.295334118760760767e-01
1.198342767458337477e+01 9.471328549638015071e-01
1.099269720116211069e+01 6.836651735847072420e-01
1.186890763256100634e+01 1.206683218900419741e+00
1.112326092436461700e+01 6.426114344065904094e-01
1.112703661703505986e+01 1.101593741992460185e+00
1.078833488948697550e+01 6.686897885506826178e-01
1.127156317542976005e+01 6.979451912847191020e-01
1.118437577183795817e+01 7.214469961342423465e-01
1.094004393731771607e+01 7.171858391087027051e-01
1.094144177406302276e+01 9.217884656989476788e-01
1.130131867619298625e+01 7.905989328350051526e-01
1.072907555433022786e+01 7.796038442332324792e-01
1.114924983620451293e+01 8.766664067845219011e-01
1.126651004328099859e+01 6.954832055925647127e-01
1.122382975995964749e+01 7.416680035865141907e-01
1.121243993002295802e+01 8.962642397399828154e-01
1.152553676186369991e+01 7.160755483585610204e-01
1.152682812590072459e+01 7.981278172173590368e-01
1.092544415703584804e+01 5.956109725407592315e-01
1.124880397895567263e+01 7.980135329070943140e-01
1.113116133104701788e+01 6.495935755925382749e-01
1.121821826158978297e+01 6.734864495925605432e-01
1.131258349584840772e+01 9.065738582840578985e-01
1.195297330453297846e+01 9.104963372443632963e-01
1.133929223134047781e+01 6.953866709760313514e-01
1.165665210606660551e+01 9.966282986764375407e-01
1.105556451459641210e+01 9.967847785897746560e-01
1.177192883212394392e+01 9.512597082351009758e-01
1.156004424124214758e+01 7.531622434535836241e-01
1.192178707268798554e+01 1.239058549676664844e+00
1.093888780365169922e+01 7.445525682651514821e-01
1.238050814994203996e+01 8.793714228620597151e-01
1.147135466903011292e+01 9.300458472667996190e-01
1.097973721060560059e+01 8.986192485902647631e-01
1.036828292627279247e+01 9.742103142183370368e-01
1.166441572148458405e+01 1.033269549517415342e+00
1.160332181989688038e+01 7.048817749725477810e-01
1.089672709834851538e+01 6.593927685046016007e-01
1.110324821857382283e+01 7.760210438299409708e-01
1.160702181651817533e+01 7.804500394018500931e-01
1.148839493748771901e+01 8.733757035769664778e-01
1.150099657530687303e+01 7.882847508806180015e-01
1.196508261090696301e+01 9.456006538040951925e-01
1.083748346125676143e+01 6.219907121852695786e-01
1.093983920493664108e+01 7.773530330515682207e-01
1.114393715873823965e+01 8.339587442348285196e-01
1.170601718854930340e+01 9.596538445162540176e-01
1.137362615742363481e+01 8.760801640642843502e-01
1.080106271298308407e+01 7.055557701850673213e-01
1.128218286801836534e+01 8.280431756678382493e-01
1.095372504024380511e+01 1.115137553688013483e+00
1.098268769763708441e+01 7.033798487411286882e-01
1.199474519124739835e+01 1.123208644285418556e+00
1.141313100588050489e+01 8.283993684159709492e-01
1.088437339627692424e+01 5.917030626734810506e-01
1.186277092171794756e+01 1.216584418108859644e+00
1.238226401654940823e+01 1.028676580577475130e+00
1.190143826219083145e+01 9.222294617881916512e-01
1.084753656518278220e+01 8.267781536269189768e-01
1.206699126478833151e+01 8.692208586263709957e-01
1.124632959673445498e+01 8.985558627458420933e-01
1.150112831003139036e+01 1.153263427307533950e+00
1.086066064009402687e+01 7.568607692920773511e-01
1.058746009548080558e+01 8.129541112403301240e-01
1.033459263270699680e+01 7.565437524318314733e-01
1.178338208553174660e+01 1.063974408863046728e+00
1.121471495731564438e+01 6.978200595929232586e-01
1.152096424465376323e+01 8.259004743801923176e-01
1.125261149416026640e+01 1.073473714452760408e+00
1.138901161167756726e+01 8.642357901903571227e-01
1.139354113930914103e+01 7.744474065250703809e-01
1.189655884928417962e+01 8.381466784484929988e-01
1.235016525449640667e+01 8.906363603761726644e-01
1.151321599077601832e+01 9.179949952640473754e-01
1.145115820362162751e+01 8.371704586092473255e-01
1.106879557704849226e+01 6.605802233490408737e-01
1.157682291713259559e+01 8.258972829985251618e-01
1.157219044886442738e+01 7.894722734822127164e-01
1.177739491535200145e+01 8.134300214241430016e-01
1.148228421622788531e+01 8.574304335870510663e-01
1.214296163696287500e+01 1.028511613727626672e+00
1.143775951303445737e+01 7.103302836764292527e-01
1.109841425686836303e+01 1.025786394099478915e+00
1.098775175388009906e+01 6.201695450176124558e-01
1.121430686647606478e+01 8.135702518138482331e-01
1.092512646963884393e+01 8.288702743234287462e-01
1.096426105336195711e+01 6.991258622472118489e-01
1.138126961042673635e+01 7.560279910369418488e-01
1.117740817552730093e+01 6.493127153518999384e-01
1.068913523485272066e+01 6.752001070748090417e-01
1.226030103924256842e+01 8.696438313956531552e-01
1.141412279102348215e+01 8.262199724513948906e-01
1.096144083058844210e+01 9.753479094200209198e-01
1.095843703658386659e+01 1.099181347960912492e+00
1.068262084616193164e+01 8.629459826291625557e-01
1.109545456679247621e+01 1.020799833670842149e+00
1.176752854571364004e+01 1.346536796115556767e+00
1.100342704732136667e+01 1.136216759010082455e+00
1.153662816970065208e+01 1.086156359876629729e+00
1.185039943146982644e+01 8.407941643175611546e-01
1.122190904640986098e+01 8.517770954628243185e-01
1.020032434771826857e+01 8.811519084412748892e-01
1.204263859238298018e+01 1.060936315211067793e+00
1.082521143302751376e+01 6.430280037805471416e-01
1.104242858717478093e+01 1.159047660995768059e+00
1.113716164015931298e+01 8.743013444813596546e-01
1.080070744666392102e+01 6.882451524485627692e-01
1.055064100727087251e+01 8.383417316288938048e-01
1.132265318889656314e+01 6.882575075354498972e-01
1.093822280041769801e+01 6.829179052629189561e-01
1.125586130393191375e+01 8.467933788982859866e-01
1.163037396207777263e+01 8.121896144008172724e-01
1.182882536935488638e+01 7.925879416879475503e-01
1.147068632132432597e+01 7.602268141148724734e-01
1.126890824408581970e+01 7.117383674461098542e-01
1.190813831791601629e+01 9.569186211640952067e-01
1.101644621505616328e+01 8.959500629126423421e-01
1.157998675188082061e+01 1.043363825820613711e+00
1.141387570314032196e+01 1.070089107620738611e+00
1.205479298937181731e+01 8.714585230107482205e-01
1.105984804010157241e+01 8.861497023937777717e-01
1.188547491909452702e+01 7.777033269019072437e-01
1.149264701354547213e+01 7.055381129366344872e-01
1.106039780436148412e+01 6.799656073647297738e-01
1.082990985632222625e+01 7.328184715400898330e-01
1.189992069743870751e+01 1.147725610421304721e+00
1.110561656148476040e+01 7.211427176160259966e-01
1.125957349083741299e+01 7.732386076943031927e-01
1.145441454885535393e+01 8.163789623379296145e-01
1.105239563669085712e+01 8.874886238296344487e-01
1.134610921113794646e+01 8.788358075393699620e-01
1.154814823057534312e+01 9.107908846402575920e-01
1.127378014499714531e+01 8.889202299301198762e-01
1.114298154140892372e+01 7.810266267703959153e-01
1.121834058144157176e+01 6.596713776379999894e-01
1.082480222317455265e+01 6.427690366556426671e-01
1.107731587197298495e+01 7.736928072697406567e-01
1.217548931594659578e+01 8.678543667871266853e-01
1.072974862328460333e+01 5.963674858685831248e-01
1.148821050609282679e+01 7.756238499198799818e-01
1.204567771767495366e+01 8.995112371712530308e-01
1.138635650476412486e+01 9.023878560311179298e-01
1.188028560116929278e+01 9.637523655923913024e-01
1.126214832911248998e+01 8.291216937856288327e-01
1.078886038800190228e+01 8.061265504819302707e-01
1.155983455126580495e+01 9.148426230337408649e-01
1.198326284734855740e+01 8.775078323522712553e-01
1.131481465049003354e+01 9.658013193507920535e-01
1.091141376994247381e+01 7.461738644270938803e-01
1.086185612454398886e+01 1.085176786411420791e+00
1.084853870188197611e+01 6.712337524594900184e-01
9.607712028930658121e+00 6.152522855489827025e-01
1.097378030022531981e+01 7.732130044403721092e-01
1.118712728282268820e+01 7.856761058859167424e-01
1.152210392171978626e+01 8.377608987284711484e-01
1.172486132896137612e+01 7.862816793282084715e-01
1.090608118423533490e+01 9.181676316618266886e-01
1.096463298682894383e+01 6.364369214488856397e-01
1.098911022078059219e+01 8.016991445745652589e-01
1.086607098952001849e+01 7.277085819590548565e-01
1.096305062000757324e+01 6.422250734428515129e-01
1.110546628092595434e+01 7.486630038999713133e-01
1.100834463905510496e+01 8.834208241797657513e-01
1.179714027537250054e+01 8.768653533524326527e-01
1.192307996310374918e+01 9.175995012434450260e-01
1.090834810802328469e+01 7.989627316215460739e-01
1.102819398123236105e+01 7.670866643157957521e-01
1.144998172992074892e+01 7.087468027541126148e-01
1.089658679494599269e+01 7.481528436673385851e-01
1.104428208569319736e+01 7.855906741029982099e-01
1.080390695995027173e+01 6.230850935025517012e-01
1.116184442476438932e+01 8.184772502273256478e-01
1.185111974888826047e+01 8.981043540475468490e-01
1.150750717765623676e+01 1.140500061079195993e+00
1.123090858659549340e+01 6.789395025251039328e-01
1.125274205011771222e+01 1.210165257553156737e+00
1.141728813066907300e+01 9.255531796830148705e-01
1.114527623847762250e+01 6.329972838924549094e-01
1.102448031882579826e+01 7.437803238961275820e-01
1.121229766534927741e+01 6.865500784140323720e-01
1.116044559722456064e+01 7.638221726420718616e-01
1.215572979206822524e+01 9.336489990584423415e-01
1.090991246841353934e+01 8.991246986858997259e-01
1.052421948690933462e+01 7.574866427768298660e-01
1.087894677889784489e+01 9.326349690762891775e-01
9.927826601286671604e+00 6.685925101964819151e-01
1.086639776003178604e+01 7.692008947074507885e-01
1.092087699888530317e+01 7.979138041907555268e-01
1.099428278158232786e+01 7.988273245955558322e-01
1.181316618525623952e+01 8.700546450631370110e-01
1.130485786560208261e+01 9.870669843100404739e-01
1.145057582827250009e+01 7.252763807187586620e-01
1.116808294883834840e+01 8.813817383687313489e-01
1.118416731409283926e+01 8.667781556593437964e-01
1.091368933866611002e+01 5.932992392193620068e-01
1.118091195836041685e+01 9.446210416609489569e-01
1.113731566331376754e+01 8.026633771920101967e-01
1.084888952812319118e+01 8.534538877632908971e-01
1.109735077028307693e+01 6.454044892279742207e-01
1.084688617313929981e+01 8.136532948164960644e-01
1.196231586196009999e+01 1.163084534777713008e+00
1.131925650294729380e+01 6.788534966487370648e-01
1.107200519973227593e+01 7.911148253230630978e-01
1.144470272055296256e+01 8.180137190221182797e-01
1.125185944257368931e+01 7.350258752779014193e-01
1.107294744559657929e+01 6.779706223418789923e-01
1.167908366762994632e+01 9.775691962273858060e-01
1.163362103939612879e+01 1.001543772781904762e+00
1.096896646360552197e+01 1.100437198990986021e+00
1.096169811520817028e+01 6.440492136608555462e-01
1.166005356271790383e+01 7.904240084315865555e-01
1.100402391249410883e+01 7.945291819225794860e-01
1.208425553298021349e+01 1.072449725703111145e+00
1.143612852533555468e+01 8.330062142209527787e-01
1.093745782630042562e+01 6.470363131955075842e-01
1.164507186578626907e+01 7.513002035747495810e-01
1.083059766886819553e+01 1.013693857160186784e+00
1.095229489669084977e+01 8.320035563202820006e-01
1.083572012970255116e+01 7.158730045058173674e-01
1.117281920022189645e+01 8.139158604394350904e-01
1.096310702632156442e+01 6.908212170601522040e-01
1.093838092982649002e+01 6.281389530626476647e-01
1.095245875620757126e+01 8.733618718962756766e-01
1.125084767520628581e+01 6.752229601724996089e-01
1.128338517910700034e+01 8.349866744867791013e-01
1.079389594709486033e+01 1.105394203702166456e+00
1.116827040347917155e+01 7.412175969584717805e-01
1.060027478863006323e+01 6.749940622935995949e-01
1.156889871751887533e+01 8.902224409725222332e-01
1.181042692754840040e+01 1.096759948073311008e+00
1.162303502484702200e+01 8.463608641912845343e-01
1.131277659418531911e+01 1.080364220652263452e+00
1.082548534222274661e+01 7.885579349671348881e-01
1.189446481869897632e+01 9.202631004816645977e-01
1.132017248996600678e+01 8.080584392792082848e-01
1.150904383444790291e+01 8.683244318722488364e-01
1.145873686794491597e+01 8.064881373640062634e-01
1.109081377556414694e+01 8.155035935275413150e-01
1.125154580792134951e+01 1.083350305482663645e+00
1.117094771295920808e+01 8.582956387287309363e-01
1.102261691860736015e+01 7.370560665746831441e-01
1.097354509239437093e+01 7.384639822698444434e-01
1.156013675870486956e+01 8.109799968797588576e-01
1.137120997007732370e+01 7.951011057150064731e-01
1.104564612154986136e+01 6.535465608527002424e-01
1.134095224779209410e+01 9.241862870594561574e-01
1.139492774764551086e+01 8.572697058640863510e-01
1.199767988056438917e+01 1.101492827113027984e+00
1.117711975097799915e+01 8.804211281376024267e-01
1.095393287366380797e+01 9.916847089689044825e-01
1.136175551715117393e+01 6.795545878594586586e-01
1.111503271679708860e+01 7.654456921523618007e-01
1.127211854925332624e+01 7.663518755751617118e-01
1.158156564234402275e+01 9.084310039162625250e-01
1.066653765744607441e+01 1.108218465103516959e+00
1.137903804732214041e+01 7.891376087617406609e-01
1.086841189268576002e+01 8.608125738133628468e-01
1.219808361665209517e+01 8.586278224517133184e-01
1.153493020447920436e+01 7.629410384354307073e-01
1.148636624634480086e+01 9.701040785482590856e-01
1.180479115175682026e+01 8.935177309370554433e-01
1.141376408547468380e+01 7.325987862618855706e-01
1.127484387694610213e+01 7.978078416587452981e-01
1.127489600938325687e+01 7.696498496703449987e-01
1.135365060782677205e+01 9.168436647147981677e-01
1.127122690954711359e+01 9.436235470332919872e-01
1.146493207774235579e+01 7.345920246591229885e-01
1.139085403642508432e+01 8.018926075557907263e-01
1.115626363411299771e+01 8.720404397353068715e-01
1.124028785838325284e+01 6.647978756588385219e-01
1.118919968502117790e+01 8.019851320526416583e-01
1.087876874822105044e+01 8.538726849471842684e-01
1.082425460906448578e+01 8.131448894802293381e-01
1.115955856501105536e+01 8.920562575756176837e-01
1.195962508533899715e+01 1.066739973745195025e+00
1.118054579345014865e+01 7.460394807898313996e-01
1.138616852736375229e+01 9.989083410747835456e-01
1.162494672262807427e+01 1.083591154947640689e+00
1.126662350897724885e+01 7.767201806653335483e-01
1.159944727184191571e+01 8.987940507143673541e-01
1.111924992910973842e+01 7.974335398119886120e-01
1.152222126486510945e+01 7.832404287798349074e-01
1.117101078802161851e+01 6.354218087987455466e-01
1.101879592078833170e+01 8.749453124498414169e-01
1.124253813130388480e+01 9.469878556537991710e-01
1.115521114501406075e+01 1.256299125178231169e+00
1.114918719923245405e+01 6.665255127037180705e-01
1.124890234348022311e+01 7.027259254599163008e-01
1.124831226603146561e+01 7.965885381574087098e-01
1.065849998634793749e+01 6.484510332622915874e-01
1.128099235367057673e+01 7.762772081863794638e-01
1.126755771471576395e+01 1.072141510491316785e+00
1.110167944834467058e+01 8.671065030266278395e-01
1.116649453000001380e+01 6.510860058390106619e-01
1.159402351405157106e+01 9.928215426658832943e-01
1.102861539184035777e+01 7.885282192478385577e-01
1.218630612499979726e+01 8.785765915094114753e-01
1.218103509913354721e+01 1.060706191736842774e+00
1.126051080640949209e+01 8.237893602485245603e-01
1.091891382806002753e+01 7.115814274922299676e-01
1.205340539022496849e+01 8.635571567162613205e-01
1.205485934155629835e+01 1.055247320019923052e+00
1.176675693434236614e+01 9.607696071056842646e-01
1.093545392921225456e+01 6.414496654725874158e-01
1.138841410327450632e+01 6.761564450849950614e-01
1.125175419143008781e+01 8.214215214561758627e-01
1.129066979506636592e+01 8.825921076429521506e-01
1.092249858742693824e+01 8.357627655555623924e-01
1.093024258184954967e+01 7.645021563433523903e-01
1.217066689467031715e+01 8.574981570793055452e-01
1.178891274209570561e+01 7.619238333160258669e-01
1.112574876811083868e+01 7.480873435937801519e-01
1.114811917071201464e+01 8.116933438614876151e-01
1.095672331522948717e+01 6.757188139978766994e-01
1.116742044485099683e+01 7.032313686080370330e-01
1.139526991149500645e+01 7.811851484568868020e-01
1.079357154607498082e+01 6.357009001274555038e-01
1.091794040175737557e+01 8.817238469406387669e-01
1.162300713982895672e+01 8.917121609501259538e-01
1.127282569295140036e+01 6.750082294587489429e-01
1.194189307533322797e+01 8.875509968108475922e-01
1.102037380899296437e+01 1.186850789136342232e+00
1.160131512890391292e+01 8.244486218101094721e-01
1.142507713899092359e+01 7.774714044284768422e-01
1.115962402559967970e+01 8.030987213482926323e-01
1.118597363269611122e+01 6.867103415101594166e-01
1.086511635267809339e+01 6.054419390923565514e-01
1.191791925008285702e+01 1.055096775165753842e+00
1.136838059512033183e+01 8.536394756487241109e-01
1.189485128425863536e+01 1.057147636208109809e+00
1.082654358842908238e+01 8.371519635412193461e-01
1.116356506461203679e+01 9.149152671506841639e-01
1.090118851119129850e+01 7.930131362908088288e-01
1.218369933036729513e+01 1.364534694310716834e+00
1.139417144321718212e+01 6.936147440505870954e-01
1.200574613748927000e+01 8.039924597771018755e-01
1.125294907328103200e+01 1.094160663603772177e+00
1.204152361817187078e+01 1.168325057830963631e+00
1.105245340125050646e+01 6.439058179168817286e-01
1.069175058585501681e+01 8.184193489179315550e-01
1.081392311018939445e+01 5.945404655573058861e-01
1.109129110955009345e+01 6.430854281149037677e-01
1.176011628564068090e+01 7.358507319770756228e-01
1.103805071239576030e+01 7.782176949941526090e-01
1.120627717777178312e+01 7.457924560856501461e-01
1.173029121871494773e+01 9.560017417704314013e-01
1.086107579698798453e+01 8.844694865463726963e-01
1.107412668928038713e+01 6.727508217922313349e-01
1.165467115989737756e+01 9.669252065183873146e-01
1.084586440197333701e+01 7.170356889304908554e-01
1.192335693367445337e+01 8.851573573655913130e-01
1.096487743085404531e+01 7.242236589277706305e-01
1.145841622708315199e+01 7.293691755530297138e-01
1.106037175115956295e+01 6.519940027618182921e-01
1.119569853218338196e+01 6.947081201005013140e-01
1.163308229352069922e+01 8.555213606172714647e-01
1.118557113000172087e+01 8.428383999898195755e-01
1.198883344788235839e+01 8.713248516443570235e-01
1.088321369668274308e+01 6.210454843745289999e-01
1.100108481007505823e+01 8.378841567210227881e-01
1.165005949821741282e+01 9.095588750157009850e-01
1.159699474281130271e+01 1.072133768844663493e+00
1.103139148939387759e+01 6.886366987312624310e-01
1.150452887408438229e+01 1.080539877906618429e+00
1.211856620489657388e+01 8.408057035523746059e-01
1.143106558608542578e+01 9.976315917560738544e-01
1.145773204267202949e+01 7.274435893660499142e-01
1.065745390191735886e+01 7.438035629951191829e-01
1.130955399611218226e+01 7.440040402364246352e-01
1.151028856427206826e+01 8.329358897587246791e-01
1.203008484430813674e+01 9.887195211965607022e-01
1.237036215820407570e+01 1.009865764026358192e+00
1.092888469072666524e+01 8.316569874514031513e-01
1.123513819746064968e+01 6.849833852258964129e-01
1.126954196024307286e+01 7.684332793996612176e-01
1.100032634792254704e+01 6.293091707993688777e-01
1.086958999916471846e+01 7.087183481299321741e-01
1.108183777197510977e+01 7.697432711290767005e-01
1.142779620583073807e+01 1.196122655984948935e+00
1.143870065780644296e+01 8.757060993534733218e-01
1.112454869416828451e+01 9.347068216699834231e-01
1.199964373558247566e+01 8.704800320543099046e-01
1.150409439034995529e+01 7.314390195105108239e-01
1.112863083024073951e+01 6.840333410158496719e-01
1.099993729079124627e+01 1.017694170429320311e+00
1.145829035556984188e+01 7.345948643103690223e-01
1.116051090139862190e+01 6.643728524540420954e-01
1.082839227296988582e+01 9.228549014481043367e-01
1.102761755217322914e+01 9.884527547935387792e-01
1.097809717446808619e+01 8.753985912662572977e-01
1.186686478860178973e+01 8.434720762414081863e-01
1.141378866891128041e+01 8.446821253827387910e-01
1.205057656790931553e+01 1.017975028383790725e+00
1.147547045733123561e+01 8.423833182288378296e-01
1.158900263992812896e+01 7.640240105221938194e-01
1.167886507496904258e+01 8.617469346077598624e-01
1.133479422831234729e+01 7.798256870892572579e-01
1.107355775899317685e+01 7.342014773035338004e-01
1.119498109397933483e+01 8.187218558689001169e-01
1.137714506979714280e+01 6.759145357425617728e-01
1.137682236056467389e+01 7.808095976521312043e-01
1.140278062451498364e+01 7.499106975044124157e-01
1.194673574966198970e+01 1.047119312487252207e+00
1.150009090041725379e+01 8.308681449330522772e-01
1.063609284129574206e+01 9.611163012734245115e-01
1.171602689810105602e+01 1.075864313013288109e+00
1.083689564391762339e+01 8.176303211057041054e-01
1.020794605330004678e+01 8.314629873929747506e-01
1.179957142770937395e+01 9.248694390087123240e-01
1.151222471079102228e+01 7.573150254434896089e-01
1.114554374494136901e+01 8.275295860881179966e-01
1.144415220185039672e+01 7.210329242172572872e-01
1.118151241877468038e+01 1.011842688031827642e+00
1.090232790012226971e+01 9.033001771739346264e-01
1.106980833688149701e+01 6.361860213674211950e-01
1.108611240317209834e+01 9.482524159937091301e-01
1.088659443519386372e+01 7.882191345968843077e-01
1.094778421415213465e+01 6.748407319310726349e-01
1.119416417899056349e+01 6.788141491638034486e-01
1.104365127461465690e+01 7.873284468629772048e-01
1.158881550598255750e+01 8.285397374603913345e-01
1.175581349539898923e+01 7.401605195732346987e-01
1.104481936758556593e+01 8.706043213743204223e-01
1.167685279165593748e+01 9.408478720296932218e-01
1.130551496739826867e+01 1.166635563712631107e+00
1.113581023462206865e+01 6.559737261256318730e-01
1.203256513193460542e+01 1.182015164314645261e+00
1.143778615542928989e+01 7.010063880616302923e-01
1.160606419649202792e+01 9.503539039791557563e-01
1.129369751326988158e+01 1.213048423695037181e+00
1.103907065164583834e+01 8.733679896681723065e-01
1.123303511435403124e+01 1.126557986063706274e+00
1.110533462793517856e+01 8.634775027840497774e-01
1.152015124956208147e+01 1.055243330300589033e+00
1.110417878264575720e+01 9.138682731275118432e-01
1.197272495526421565e+01 8.048558737763055193e-01
1.144800620489811394e+01 8.325237941834422450e-01
1.132729954461934696e+01 7.640614640314524753e-01
1.095512756901867490e+01 8.967663578954723214e-01
1.098161169198004217e+01 8.387222600647171733e-01
1.139372635036641590e+01 8.822159260138903170e-01
1.129968337802961287e+01 9.270849356755930248e-01
1.139081074743275401e+01 7.423876346607981569e-01
1.131814873884105310e+01 8.119552456820759989e-01
1.148932311224336011e+01 7.299886594978417520e-01
1.089639993317175737e+01 5.978186489283751071e-01
1.207123575468358467e+01 8.727081557821029234e-01
1.070518139864951124e+01 5.764619536298443148e-01
1.133419254379356111e+01 7.426356289685821510e-01
1.039845329936413343e+01 1.162677510157553717e+00
1.151744752708708575e+01 7.612952140231715736e-01
1.214274316672591425e+01 8.643350075711982994e-01
1.124069036481297879e+01 7.453233790021972505e-01
1.085113437518567991e+01 9.195681553529114760e-01
1.199201511895822136e+01 9.161413711353445510e-01
1.110584382047224139e+01 8.889281868141256648e-01
1.150232020249693754e+01 9.851347725005988876e-01
1.098107072882589286e+01 6.213637175558071046e-01
1.226344145589524715e+01 1.023514201403187052e+00
1.085656962358658184e+01 8.503711099325199640e-01
1.179396941902744977e+01 1.220209040395822786e+00
1.093984768925292705e+01 6.659882626624451518e-01
1.175473538545710106e+01 7.742920958254400077e-01
1.169857574587691751e+01 1.017281516807022612e+00
1.111043969079060467e+01 9.425292242419412991e-01
1.133623678719164474e+01 8.475827120923683511e-01
1.144928358530149026e+01 7.397478957760337259e-01
1.221528517427242555e+01 8.925024424594528716e-01
1.099930018478644378e+01 6.902185988941641481e-01
1.140422859974414571e+01 6.958058832596719645e-01
1.207653413230908512e+01 9.733466339203407092e-01
1.120530605287438064e+01 6.950751661147284155e-01
1.086448880457789556e+01 8.288390369078025843e-01
1.192700222665712495e+01 1.066735327973855396e+00
1.129777309571374388e+01 8.802152246590773110e-01
1.136014183177984016e+01 9.103419099904407341e-01
1.080375269661847959e+01 7.089719508819837257e-01
1.129439852016783874e+01 9.267376829817000061e-01
1.126163686626593829e+01 8.053096547598069810e-01
1.002947325774268528e+01 7.140172831178328572e-01
1.127925059393834673e+01 9.119701790712110290e-01
1.103655018030767465e+01 8.406401651546736575e-01
1.132441926826330914e+01 7.421386705065547984e-01
1.084725643969421505e+01 6.589788076625632263e-01
1.176933010754096642e+01 8.704311366468198141e-01
1.072995300280669539e+01 5.776614342839232474e-01
1.172256279163010362e+01 7.799840627713685581e-01
1.236028788121344846e+01 1.261931273367155049e+00
1.060304488245412102e+01 6.049247929571581750e-01
1.096327586575480950e+01 8.059961210916888330e-01
1.169854631896206421e+01 8.622981625633868719e-01
1.149996826947536377e+01 8.859909593314907461e-01
1.113825961013294830e+01 8.944291664316252888e-01
1.088680992862496133e+01 9.958512046149182728e-01
1.121970032750044943e+01 7.255340687581072201e-01
1.127448465614267192e+01 6.936790732731104026e-01
1.114003995648472767e+01 8.877002051818784212e-01
1.113504831496090830e+01 9.926352651536475280e-01
1.077632063979974220e+01 7.658318671807526901e-01
1.108574224811937370e+01 6.188871563431829204e-01
1.173665653851024615e+01 1.070505767451927603e+00
1.156600503809498370e+01 8.126646005869676559e-01
1.101324638068240347e+01 8.183406746426344913e-01
1.097641110217472082e+01 7.291168731953278082e-01
1.109830182664343923e+01 8.040169234942288190e-01
1.064635529636952427e+01 9.677706581509113448e-01
1.173990286183969545e+01 8.483560861752940108e-01
1.078600957989487874e+01 8.182943105022867369e-01
1.093370786692239882e+01 6.635199899432521198e-01
1.143139946269048579e+01 8.147368493736831807e-01
1.208941306756799428e+01 1.129380093912681016e+00
1.107367683385207613e+01 7.391729924551403430e-01
1.077498779318092126e+01 6.982196582057955681e-01
1.231553925380950432e+01 8.623147577349554727e-01
1.054755172731192836e+01 7.322496632709103448e-01
1.167402156380435052e+01 1.078666583605695006e+00
1.134440647729876339e+01 7.176524133745232348e-01
1.082199212617751805e+01 6.906186141407945067e-01
1.064063697402717779e+01 1.002892143629283250e+00
1.145889118543935759e+01 7.552575466352425826e-01
1.154464222911965088e+01 8.853256568594359832e-01
1.141138890268892148e+01 9.709468779916219372e-01
1.080681855264381852e+01 8.193425713771305130e-01
1.143477306323483056e+01 8.538666017805733865e-01
1.101940640635158353e+01 7.278858319004851696e-01
1.161341051918328482e+01 8.793591610828699334e-01
1.174779791250724692e+01 7.551665690093218863e-01
1.205958574729735489e+01 8.170208984967973764e-01
9.957333088875628846e+00 5.756078184330184477e-01
1.113900586189638275e+01 7.723809614906140819e-01
1.095966296140114338e+01 7.044585565664185367e-01
1.197287127466768020e+01 1.016840896610882172e+00
1.143180031446286549e+01 7.910188818168373270e-01
1.085046428051020051e+01 1.084333373326936911e+00
1.120643064207456341e+01 6.494919729124785102e-01
1.112052963387257876e+01 7.058211754760553847e-01
1.210103521740552956e+01 9.332904099733488890e-01
1.122793495512881812e+01 7.999587076033481958e-01
1.104212291796488721e+01 6.816257873957785041e-01
1.146021044531281774e+01 9.913978443381156191e-01
1.104513839651979268e+01 9.590349222435807786e-01
1.097594608408099681e+01 7.624454315956314954e-01
1.100432838554006132e+01 9.574651204203179500e-01
1.115162440528636090e+01 6.383168228716007420e-01
1.150873373930661536e+01 8.211715320829243714e-01
1.123818119460214326e+01 7.994741685728902203e-01
1.130208071919353152e+01 7.267375414379664278e-01
9.957331954431541732e+00 5.701741142567210430e-01
1.134844727698869882e+01 6.801160301093310823e-01
1.149427227877739099e+01 7.991393576697674028e-01
1.130352623236193388e+01 8.839538426846035302e-01
1.124099838268168661e+01 6.923706002009450966e-01
1.170081870271143387e+01 8.879956543030500526e-01
1.096859741674782107e+01 7.495339423326592421e-01
1.065015979033810645e+01 8.103522918211160109e-01
1.080766094409762168e+01 7.484091570506460345e-01
1.079432604392988893e+01 7.045566652420669485e-01
1.182379158080326675e+01 1.023398203390375683e+00
1.179902482514092554e+01 9.881950463051009104e-01
1.171033083949148512e+01 7.590560067988386672e-01
1.080243741468861529e+01 5.815921676574774546e-01
1.089060224080819594e+01 7.283693590668283147e-01
1.128338471102352969e+01 7.836438766853017768e-01
1.156898821868365168e+01 9.444318809764693512e-01
1.098609884696024963e+01 8.480185714369200545e-01
1.150111117702597063e+01 7.794882378449575766e-01
1.175731459540720181e+01 8.037269034796348244e-01
1.184375470305437261e+01 7.625425631597795295e-01
1.180122113248772386e+01 1.057993955059486124e+00
1.133173056351127173e+01 6.574500802692396784e-01
1.099225492484712596e+01 6.400209893151395102e-01
1.118216962010716742e+01 9.474313166325085689e-01
1.102594022213222402e+01 6.055154847851716982e-01
1.158421863624754700e+01 9.204046837966830541e-01
1.169437380799806903e+01 9.001262302959133210e-01
1.210260136371834427e+01 9.313841911177119792e-01
1.132388804331746535e+01 7.627716371847733656e-01
1.113362643857790779e+01 8.239287709093624512e-01
1.081354464523840875e+01 6.231726906882093520e-01
1.186847176543481552e+01 8.642101415107988904e-01
1.095375351809167341e+01 9.805302325246906259e-01
1.130383868472920383e+01 7.099742151938684964e-01
1.138414448835852610e+01 7.866356250018293750e-01
1.115799581537592289e+01 7.659403858566360412e-01
1.099829362257200849e+01 9.074676974750544023e-01
1.190383014250388527e+01 9.234997836782641301e-01
1.227674285666257958e+01 8.482815090858849549e-01
1.036514271729723546e+01 7.004624066251080583e-01
1.112291149840630489e+01 6.542752533079667643e-01
1.150851811803442359e+01 8.343775040426324452e-01
1.197852673391467704e+01 8.601588970428875047e-01
1.207053048007405316e+01 9.469556610380092110e-01
1.099331669461281535e+01 6.395234061982416618e-01
1.185522672691630852e+01 7.936312982287295759e-01
1.190495137359831190e+01 7.705915608913364023e-01
1.134127664859486906e+01 8.106903134005033484e-01
1.095972694076402121e+01 6.142862783964311291e-01
1.093190511337540904e+01 7.284467783420529585e-01
1.155401239586030471e+01 7.457240709601093975e-01
1.079453745839793477e+01 6.832628574862725790e-01
1.112287455267602709e+01 8.524001049088724136e-01
1.104413641038623339e+01 1.015713871237044819e+00
1.114183003635590197e+01 6.532740213540306762e-01
1.150748137873727117e+01 9.871231923089461846e-01
1.086984159047948673e+01 8.864712823058699120e-01
1.084129372671409186e+01 9.380528271280735852e-01
1.157446358253283947e+01 9.032578938076091246e-01
1.131348173383724287e+01 7.301495223503812193e-01
1.188218571528493861e+01 9.247515040765980077e-01
1.135084231291861911e+01 7.413668628649566772e-01
1.081615321021028286e+01 8.449587721124134365e-01
1.103248213688296531e+01 9.195669363924879880e-01
1.179050532448030708e+01 8.335110942746987162e-01
1.117708823625643788e+01 7.794988553331714254e-01
1.142309249408421223e+01 6.989368875976004203e-01
1.071291562978371736e+01 8.424294946654734551e-01
1.177855649711906594e+01 7.846233790157804977e-01
1.134052569389558229e+01 1.235349526791362340e+00
1.129339147851630898e+01 8.075925125530830639e-01
1.070360409310498540e+01 9.160686452895266951e-01
1.158373452128031289e+01 8.903289386599038124e-01
1.090329532020477465e+01 7.572774451025585662e-01
1.097685433559275481e+01 7.893173749909819792e-01
1.125579192844788423e+01 7.482244158607660456e-01
1.148243565031064328e+01 7.745043987257835827e-01
1.079353171991935412e+01 7.229409070876712251e-01
1.098369179435587206e+01 7.504533287070056513e-01
1.117249108327476215e+01 7.134439623382619056e-01
1.116171967400476461e+01 8.478094047737767536e-01
1.179664857406582179e+01 8.339506443976025807e-01
1.109901748801293841e+01 1.255170501890680468e+00
1.091063420626782587e+01 9.631963459452442811e-01
1.147928302495755304e+01 8.084581239606954961e-01
1.085087830527931629e+01 6.393341791739396429e-01
1.143114341678254853e+01 8.792752088920527953e-01
1.112779979799620200e+01 7.903557864546189027e-01
1.187674787838099277e+01 8.049995288656187631e-01
1.159882936533730557e+01 7.728005845903629378e-01
1.138801159691777620e+01 6.730223992874695416e-01
1.190472377375133561e+01 9.542497946465252623e-01
1.122432072054076180e+01 8.827611289177216269e-01
1.137297888508782329e+01 8.273492081506717000e-01
1.042137455583328709e+01 6.849720280834972197e-01
1.086019285625518904e+01 7.674650390438330083e-01
1.194381188405042415e+01 1.110904800767235523e+00
1.105610375235896647e+01 9.381949247344744114e-01
1.123405959047922487e+01 7.316813410040549082e-01
1.137811113157504472e+01 8.253935420404432399e-01
1.150641722185123506e+01 8.048682162998682665e-01
1.076253232506771695e+01 7.878285237196943624e-01
1.186041329782485754e+01 8.529574932597404624e-01
1.076127882269088509e+01 7.320125949199262072e-01
1.100332326436015684e+01 8.475621115482459000e-01
1.133764890787366930e+01 7.727653282508195609e-01
1.104928924589209238e+01 7.584370692459615482e-01
1.160640084122618454e+01 8.107831196161804366e-01
1.230525649798995680e+01 1.309467200496764017e+00
1.097315781850000072e+01 6.111750909423153688e-01
1.170043341336232778e+01 9.162214362711748050e-01
1.121881777672994751e+01 1.234343369692084469e+00
1.205164696969172766e+01 8.843905292216504010e-01
1.178926057888691936e+01 8.760893786265930849e-01
1.072434687396736486e+01 6.534630568547478147e-01
1.191463561269434912e+01 9.340842062695162706e-01
1.110375338997548589e+01 7.976362466991429034e-01
1.179546412297053415e+01 7.817113259832563221e-01
9.799592768634468598e+00 9.014531857779815027e-01
1.105503607525812981e+01 9.701890803036251620e-01
1.081282872337351719e+01 6.031914173751302677e-01
1.077807574465435891e+01 6.817595483623368757e-01
1.133463668644504985e+01 7.028824986881437864e-01
1.173147632721104827e+01 8.319940287311710092e-01
1.089880606696128496e+01 8.715330508209391258e-01
1.139403389649845977e+01 7.693731181150081921e-01
1.108655631135220254e+01 9.060102382684042110e-01
1.119194564494219613e+01 1.089159424478332916e+00
1.113665259775391014e+01 7.505440815831057044e-01
1.188805901780067664e+01 9.571322351421626129e-01
1.098770989015847732e+01 7.059500616698511921e-01
1.078562073469615434e+01 6.924076177785714048e-01
1.157969425998249235e+01 8.994095703696484145e-01
1.095467818254201120e+01 7.831956023981059278e-01
1.131416558592419186e+01 6.883942451871785106e-01
1.117306018086666164e+01 9.287188216005453079e-01
1.137611502548783804e+01 7.525692133253201188e-01
1.155116870468287615e+01 1.187287958113153241e+00
1.186770088351159558e+01 1.079436023065131867e+00
1.102540543862836131e+01 9.841060864467734426e-01
1.141135165102455673e+01 8.756885037628732160e-01
1.147668255992551245e+01 7.106338675753519629e-01
1.200300488396096732e+01 9.060964453202837721e-01
1.016549999778524516e+01 1.007418683984465657e+00
1.080463476771767084e+01 8.836706707543873218e-01
1.079397601769013271e+01 7.287208256218147273e-01
1.063841822018696348e+01 8.574146751938240829e-01
1.110820571323365691e+01 8.999409000470300901e-01
1.189922420291372340e+01 9.223619150089981122e-01
1.142420412564345256e+01 9.551655235882496875e-01
1.144733437368519802e+01 7.279302906437226106e-01
1.122966636981324129e+01 8.366185081633266130e-01
1.176630341243734712e+01 1.009301154671899958e+00
1.141091492732611457e+01 8.347999891467406952e-01
9.950069830046849972e+00 7.361937227417213458e-01
1.178739480410280471e+01 8.543805690007555409e-01
1.112253756022236395e+01 7.486106806513471712e-01
1.175747686163293437e+01 7.697515420953301435e-01
1.091833986426772185e+01 6.244117668547017885e-01
1.098684176374036525e+01 9.523970325005006732e-01
1.125873438731033538e+01 7.023935744403403403e-01
1.129659589492321992e+01 7.670189451665939684e-01
1.192779110785639674e+01 1.290314247073751419e+00
1.138780338225682165e+01 8.600104407494822967e-01
1.055728088601039794e+01 7.583759649967927174e-01
1.142584297265245930e+01 8.449889587383921929e-01
1.181502165690371875e+01 9.325835221972266220e-01
1.057654280033246330e+01 1.056956004529102877e+00
1.215331457931296377e+01 1.009257582013865395e+00
1.031337593984076584e+01 8.042325753822703316e-01
1.086611050347743124e+01 9.257127008233162480e-01
1.034076800369862070e+01 8.815828909414996639e-01
1.235700176305364550e+01 8.905618460105899636e-01
1.109741561484876193e+01 6.721168669176891264e-01
1.173436104286141735e+01 9.590664161297237644e-01
1.182967829359822076e+01 8.940954542266286165e-01
1.105354731883821096e+01 7.570103974714788020e-01
1.103167004286077635e+01 6.783680816576318495e-01
1.087897190686106441e+01 7.143704060795601496e-01
1.103519161823442474e+01 8.406697186125843269e-01
1.061058507253984295e+01 8.040906176526341209e-01
1.124382848597720397e+01 7.363339745426388250e-01
1.104129842263871453e+01 7.602140963998690326e-01
1.151851130430806869e+01 8.172993846902300019e-01
1.122710950290591470e+01 6.926317018114994672e-01
1.201744644513061111e+01 8.606625744160195657e-01
1.084459344838135486e+01 6.127586069658732537e-01
1.145484170840812688e+01 8.516493330736101264e-01
1.195950424547549318e+01 1.076916021594459760e+00
1.082311146557161052e+01 7.367271034254374573e-01
1.199905041489901514e+01 7.905451309049763564e-01
1.143829766296187600e+01 7.843076830123051346e-01
1.071172812226594040e+01 6.991627888148516101e-01
1.182917991184080009e+01 7.741251164892726244e-01
1.120956156861285358e+01 8.245131945736330348e-01
1.141909207546750515e+01 9.030956102168912203e-01
1.045986390799859400e+01 1.000577051759369951e+00
1.121173581526333152e+01 7.124824830147342691e-01
1.124319981695831849e+01 7.727885497930370162e-01
1.117841456665595068e+01 9.914566613814957963e-01
1.153995582640743756e+01 8.471224147511871028e-01
1.121143120481390554e+01 8.861722016683879488e-01
1.163556354122132674e+01 1.001782752227585949e+00
1.112891038774353625e+01 8.587851586139495508e-01
1.137150232721478105e+01 8.215658176464039064e-01
1.093335839871499360e+01 7.335727661956326084e-01
1.104248923128471915e+01 7.262721661113491489e-01
1.093696132340312843e+01 9.547322505492876754e-01
1.182680458535753232e+01 1.083291519761047761e+00
1.185384966004265017e+01 8.419467796248034652e-01
1.093922580987421966e+01 6.332407391504202288e-01
1.117459118520941175e+01 8.684178333181847842e-01
1.161108449970470602e+01 7.989185833726718533e-01
1.082217297856488258e+01 6.443189145869264722e-01
1.085423982448233637e+01 6.433878015285617868e-01
1.126687157163351216e+01 8.970407598124556792e-01
1.068890509674116984e+01 6.028451546370391378e-01
1.128833046468108847e+01 7.788940637852409532e-01
1.085266556919242298e+01 8.059930690108448870e-01
1.175555416773051576e+01 9.851066829499899313e-01
1.090657818453722960e+01 7.195342126764774360e-01
1.155748115554196609e+01 8.413646872891269446e-01
1.095906660439923819e+01 9.808559588339348378e-01
1.085386762410264083e+01 7.169678291638611478e-01
1.111764387038676105e+01 8.931800063460675343e-01
1.113269512542924744e+01 7.307888062931510165e-01
1.188615242837212982e+01 1.050900931144036932e+00
1.127926416309455426e+01 6.961190237217440568e-01
1.186480194231185870e+01 7.741778120633816540e-01
1.043203773619879726e+01 8.773110611793810687e-01
1.157581995147620724e+01 9.794176829660204975e-01
1.102504187382004908e+01 7.545822193507704112e-01
1.172754267508035220e+01 1.041920130845626957e+00
1.193611464159576663e+01 8.258391399267998034e-01
1.114739708296923659e+01 7.932559198161143188e-01
1.212891200446493478e+01 1.046163966068420992e+00
1.114317056667750805e+01 9.875203247643249416e-01
1.270970887981436626e+01 1.231148857522318840e+00
1.111426024114632227e+01 9.550377615218699212e-01
1.131863760268894126e+01 8.061767033906162006e-01
1.105842884811663396e+01 9.360723931559844502e-01
1.072580237710198681e+01 6.630153007905267293e-01
1.145115129190033976e+01 9.276986909141031745e-01
1.108408101385065869e+01 6.963080302878147387e-01
1.000105523829179255e+01 6.660060244051949629e-01
1.097837442757134596e+01 7.848030568563104659e-01
1.190402872412988167e+01 8.581326166305487391e-01
1.082310460542123032e+01 8.598013523392930013e-01
1.081926635973643513e+01 9.068475548511311102e-01
1.195651467106511312e+01 1.347965487116969285e+00
1.089190517281058135e+01 7.738780640203536398e-01
1.105336640870981135e+01 7.331180617989105919e-01
1.207060838187577900e+01 1.073676677458211826e+00
1.193134817318591168e+01 1.018440416293461936e+00
1.073476545524339087e+01 6.524680046404061073e-01
1.111737679590757821e+01 7.780457860135634451e-01
1.177679736793447240e+01 7.459888383223083341e-01
1.106405705387551031e+01 7.491793152048654703e-01
1.125868352120217786e+01 7.856132871647718563e-01
1.160028660842524850e+01 8.751938661470659575e-01
1.086066705202244442e+01 6.832068646954889690e-01
1.100637547454169507e+01 7.591472724371973735e-01
1.076178460790634794e+01 7.332260385095754618e-01
1.084052738907014835e+01 7.219350281261984748e-01
1.125749238013401055e+01 8.918171089544042474e-01
1.180061713753051045e+01 8.653422267660716427e-01
1.116180283371012649e+01 9.074402121873683669e-01
1.106162919596610905e+01 7.569356025854500070e-01
9.775332226272382741e+00 7.701670401033238189e-01
1.209852506216182455e+01 1.027332277550328854e+00
1.082934916714235740e+01 8.993005465986756430e-01
1.089418186367368158e+01 8.781579064484901220e-01
1.185020504475548364e+01 9.597110183414702123e-01
1.190515743100421453e+01 7.817392371174776144e-01
1.084234168259420628e+01 7.428406167247315617e-01
1.098549897214907922e+01 7.257874222415404697e-01
1.138885701716894161e+01 1.039662925228979962e+00
1.038277833937838324e+01 7.983994814581979460e-01
1.115324050249552457e+01 9.789652520596601182e-01
1.210156847257074375e+01 8.410734667045203228e-01
1.048502290189810537e+01 9.192559091219331124e-01
1.148161592262950492e+01 8.516909781895863896e-01
1.113844690785067826e+01 6.963966019081371250e-01
1.124298181899093230e+01 7.046835903319549343e-01
1.116770848431603902e+01 1.158889258721850002e+00
1.153809108911807613e+01 8.175342331016919317e-01
1.159849580461749952e+01 1.067047111528077075e+00
1.156288327655464876e+01 7.988864780683335720e-01
1.086918166331741809e+01 8.253246434995619163e-01
1.160254971433450066e+01 9.022068460756534902e-01
1.133009440620959651e+01 7.302394982739838225e-01
1.173074279091203387e+01 8.820698863381774002e-01
1.154698954470673122e+01 8.924033559883429723e-01
1.114255027150213451e+01 7.977495656509174804e-01
1.162046645066449457e+01 9.772762538669117482e-01
1.105811570064249416e+01 7.684235419237772646e-01
1.167788741421871812e+01 8.281951494899986166e-01
1.110760745448843068e+01 7.747289893350111090e-01
1.129641698244244452e+01 8.833933362993455773e-01
1.078994191723250928e+01 8.491294635664098367e-01
1.127428822636050754e+01 1.065059948587582239e+00
1.146120598288914394e+01 7.707032718535652416e-01
1.028458963390237280e+01 8.308643404604806326e-01
1.106935502781489333e+01 6.762280288276798501e-01
1.157862106225548082e+01 1.167258344325593278e+00
1.033949171755614316e+01 7.336743167756415440e-01
1.147977645101751420e+01 8.392665362700191256e-01
1.111316469080487046e+01 6.668103686031462418e-01
1.099470091335989075e+01 7.215309717357265562e-01
1.096271480621848760e+01 9.836711476861396131e-01
1.139031022986821640e+01 7.772590894616271395e-01
1.080321698769252592e+01 7.947674628352021653e-01
1.124607972446038140e+01 7.292436056679085787e-01
1.131673517487722513e+01 8.432808551310562173e-01
1.148021891272128592e+01 7.910189719554922005e-01
1.096563261218931551e+01 7.760253490228902207e-01
1.097141290098280741e+01 9.296809447899596623e-01
1.094116635057506670e+01 1.153450407994998983e+00
1.092802149713221382e+01 8.702564143288132881e-01
1.078252639028388948e+01 6.309939644141308035e-01
1.129351003832528910e+01 8.259410534367839229e-01
1.134683553038088810e+01 6.593011786606596258e-01
1.147619134446598288e+01 1.044941516788702396e+00
1.030734019324337503e+01 6.969111019705671595e-01
1.157106369539112656e+01 7.404542524545376647e-01
1.128087591498548470e+01 7.086480999145394755e-01
1.132340802545401104e+01 9.135899925084379758e-01
1.123140351517413649e+01 8.139019091235458747e-01
1.117890485145596102e+01 7.003701068949623743e-01
1.109612080915544929e+01 6.988176185476369096e-01
1.095540060852961162e+01 8.914473232049604512e-01
1.096081137303636766e+01 7.647387664699687448e-01
1.155429186080972137e+01 8.117983122052347955e-01
1.117221051923829478e+01 8.414551588607295241e-01
1.099110434144623305e+01 8.623707337002647355e-01
1.100928200795230971e+01 6.157240137541097891e-01
1.212465729315194451e+01 1.022843724460031911e+00
1.161874087026618518e+01 8.236426981867006614e-01
1.147270861557015920e+01 7.882224547488468902e-01
1.160520928307167843e+01 8.770413510457195638e-01
1.187196736204814407e+01 8.233823442404863968e-01
1.105638881973490939e+01 8.364183033979044612e-01
1.120373292344023852e+01 7.919512183464861854e-01
1.167161605691951287e+01 1.063687433585539299e+00
9.570562267156670799e+00 6.845102575071280171e-01
1.161331497774671284e+01 8.693045692036091010e-01
1.089668888531729607e+01 7.107599964351180022e-01
1.120690771521796236e+01 8.432916572899534779e-01
1.094435121297411229e+01 9.281883940895377938e-01
1.141353171214727880e+01 1.290989740034209854e+00
1.097470178173591115e+01 9.437729605806022271e-01
1.136649209165690877e+01 7.347378254713569090e-01
1.125401508610602441e+01 1.159912972689159050e+00
1.100405317440045572e+01 6.545192032923825565e-01
1.165255768217405219e+01 9.131288698618098554e-01
1.214222420736602359e+01 1.071162230148976047e+00
1.087230717487960163e+01 1.028720776596270703e+00
1.071820479196242815e+01 7.696194047050481934e-01
1.094994221415383606e+01 6.661494506803732341e-01
1.124856734010103665e+01 6.743302784277950268e-01
1.082189140863709120e+01 8.101255436703498347e-01
1.183235954020160108e+01 9.268626213444056683e-01
1.169020457453353146e+01 8.184160644244031779e-01
1.109117487992171291e+01 9.015943779982589223e-01
1.157400051673092278e+01 8.619454483372122056e-01
1.079017722517463973e+01 1.155836426566939412e+00
1.196601084087448896e+01 7.926163974799914635e-01
1.150960316587626231e+01 8.896585939426215894e-01
1.105440171413806461e+01 9.422535033000432048e-01
1.084174666481329297e+01 6.648031141350904116e-01
1.117543203316560074e+01 8.056262844152253244e-01
1.094503213131553387e+01 6.583054588536613183e-01
1.208486325128909300e+01 8.534094471446711516e-01
1.155453447475056450e+01 7.060836397261179842e-01
1.222278554331606060e+01 1.080486081436681678e+00
1.078150856698077753e+01 8.588976967497257142e-01
1.183609844146075929e+01 7.819432682922462519e-01
1.142083620657854759e+01 7.544478049193716895e-01
1.183772801488403204e+01 1.123115355399793680e+00
1.109704064765398357e+01 9.273727781160491235e-01
1.138835620830853834e+01 6.878945882804107237e-01
1.187452451050438818e+01 1.002193599300085225e+00
1.159040990213158473e+01 7.166090785322019041e-01
1.107864240720472182e+01 1.058079912393200761e+00
1.135104042973270744e+01 8.583355183391142562e-01
1.137331253411396048e+01 9.088927594511692076e-01
1.205252019581730494e+01 9.357325586086715496e-01
1.184161318332262525e+01 8.597447455293382168e-01
1.181402682817528493e+01 7.782698654978729147e-01
1.191127406055810667e+01 1.178420603687166279e+00
1.104454044431231807e+01 6.950052666536644663e-01
1.127761286176559885e+01 9.097068738520099895e-01
1.149772610870122946e+01 8.275049563525606056e-01
1.137428843401434619e+01 9.837632179530507726e-01
1.115288618157729594e+01 7.587482855942975224e-01
1.056932445953855826e+01 1.201828490854573106e+00
1.126262821626162314e+01 7.760024350481530275e-01
1.120813321814704366e+01 8.180521299006707769e-01
1.125710819656237760e+01 6.614236371992974206e-01
1.157839711699434737e+01 8.328610874674094999e-01
1.191783454648749974e+01 8.563953289800655400e-01
1.070342743678243025e+01 6.760087987959626510e-01
1.020551102784743058e+01 6.961926394570447929e-01
1.008702267890826043e+01 7.720799734859881136e-01
1.167250374987570005e+01 7.701701361742260277e-01
1.167636493423163735e+01 7.808907634770031470e-01
1.153138826391409921e+01 7.977084890483179258e-01
1.099163045927211080e+01 1.077709583992722431e+00
1.208736375471208291e+01 1.078713009068495987e+00
1.127746235531685137e+01 8.988161703694387272e-01
1.147396517844776120e+01 8.004726353354399970e-01
1.168417718108258008e+01 8.842967482129784340e-01
1.083451513166558655e+01 7.015823008576772546e-01
1.112001933953531285e+01 7.760884840340195323e-01
1.219128937132366985e+01 1.016062470780237259e+00
1.188452354222263097e+01 8.674661565303172228e-01
1.135909695274152931e+01 7.982609247129716090e-01
1.147156782736880132e+01 7.262927159143260925e-01
1.140986260882177206e+01 7.391197612411632978e-01
1.169575228113581211e+01 8.635447814834156244e-01
1.138977888423182883e+01 1.017814433843669653e+00
1.125036370893935711e+01 8.483500981677192243e-01
1.087102685115416278e+01 7.081337815360373433e-01
1.110279556447074611e+01 1.055079284997416433e+00
1.163670649918434385e+01 7.893412857905677260e-01
1.132708788427213875e+01 6.892962893207689179e-01
1.109314179977142700e+01 7.264054313188834655e-01
9.869221354008328007e+00 8.318473351433745000e-01
1.104089923850403032e+01 8.336515367602274074e-01
1.117444966552822372e+01 1.030182190522002550e+00
1.210443205944338629e+01 9.709021741127197291e-01
1.168568523666504255e+01 8.296036442419753021e-01
1.099271991335385934e+01 6.232885922010862334e-01
1.110915002924121886e+01 7.990041291982423743e-01
1.153980148969992392e+01 7.096777277409359597e-01
1.164736317901579632e+01 7.535437370408905045e-01
1.185240192299329109e+01 1.062982590618231526e+00
1.107780600126301529e+01 8.680681085182596624e-01
1.212701381289082825e+01 8.896981315352381348e-01
1.136106604243477491e+01 7.074680564983681919e-01
1.104555007398990796e+01 6.766904078438068515e-01
1.126944145700253941e+01 1.133214867679048554e+00
1.150291299623530605e+01 7.069158360935221541e-01
1.102618490926809258e+01 9.793313505781484629e-01
1.107755099722691128e+01 8.198972127614010397e-01
1.216054825805473705e+01 8.278962568839969283e-01
1.130488161221206944e+01 9.698167806796605950e-01
1.197826908949790869e+01 1.103639578096193841e+00
1.160125751112750336e+01 9.504021848307886433e-01
1.166068586726345835e+01 9.662296258544340599e-01
1.179011186163481106e+01 8.259630767667485163e-01
1.122515412879875285e+01 8.986010085944549086e-01
1.131854299455611823e+01 1.167971635355989024e+00
1.026448233212988548e+01 1.037339583934931975e+00
1.165020184189355490e+01 9.374122272374779685e-01
1.086123814164085744e+01 6.434652554542330538e-01
1.106014742672503637e+01 6.743093473760103373e-01
1.091607654277468598e+01 7.471797944023503835e-01
1.132673710910603937e+01 7.470500124583530077e-01
1.187766764324159396e+01 8.452540875477894122e-01
1.088326026737140850e+01 9.155091247140805244e-01
1.066891130484561856e+01 1.004127977828829010e+00
1.143266620580629755e+01 8.994070371417588472e-01
1.153207738033439611e+01 8.574549091109956445e-01
1.195877138485469438e+01 8.009180440845170557e-01
1.097313533578344469e+01 6.986352328543363743e-01
1.059198404471447397e+01 6.830939677077847438e-01
1.110905636469769853e+01 9.878749701010542950e-01
1.125619239638103686e+01 8.282512789654012941e-01
1.082579809824639128e+01 7.309307935138402712e-01
1.118336114422822902e+01 7.718000871531357499e-01
1.153350600651990021e+01 8.005675215499675756e-01
1.070812651468270360e+01 7.333008603893776955e-01
1.081773757623870047e+01 7.587695605062719784e-01
1.178181793862361282e+01 1.309551459350171143e+00
1.161771760053274782e+01 9.085127025425389080e-01
1.164828271102510726e+01 1.161587770976364009e+00
1.123571060050683457e+01 6.724532117336421422e-01
1.089141823795342745e+01 8.093721029299995040e-01
1.114747750232767842e+01 7.649347852221441979e-01
1.138447861589212984e+01 9.907198733886922737e-01
1.144909308616431431e+01 7.521632767991661694e-01
1.128894668273488477e+01 1.065947510833781475e+00
1.164712474661038222e+01 7.730745902155707894e-01
1.200088611452400755e+01 1.114478366825269129e+00
1.101734824973238602e+01 9.185354317776809330e-01
1.122410904887448169e+01 7.392599361471713371e-01
1.089283805455466414e+01 7.523822479151721643e-01
1.134537464850837551e+01 7.863807192447049843e-01
1.110520259873952575e+01 8.135015501664180082e-01
1.127826141309337338e+01 9.077503287817851874e-01
1.113539587962246280e+01 7.719911067465825560e-01
1.091569620583866573e+01 6.204856144925717798e-01
1.167666384627659859e+01 8.692520614830830938e-01
1.164693201877925866e+01 8.582517604042106951e-01
1.078370101864972241e+01 9.356656943457087872e-01
1.096980427985763029e+01 1.167522555184944633e+00
1.051932289569408852e+01 8.931823388658592933e-01
1.144401563261610200e+01 8.079231271957006966e-01
1.183269409738203493e+01 8.917772331942515063e-01
1.106198106454479735e+01 6.445174584673805107e-01
1.057748231170782383e+01 6.463315015565177513e-01
1.113899273048959948e+01 7.879669292623440180e-01
1.052777894825865346e+01 1.138299125870114725e+00
1.178400176993353909e+01 8.439920117617492057e-01
1.216222200517969476e+01 8.714497882156885256e-01
1.227750516198747022e+01 9.648762927408838230e-01
1.090403931958889672e+01 6.279347245273548817e-01
1.128188990493691968e+01 8.039691359945082549e-01
1.081450496079847667e+01 7.367166215557154896e-01
1.162272201840795027e+01 1.025448300291873505e+00
1.087929995747600387e+01 6.971912282247790804e-01
1.128331577488874338e+01 7.392820598303589952e-01
1.126257977966574941e+01 8.976059307890589256e-01
1.179177231487231481e+01 7.795513662896490503e-01
1.216220515255922940e+01 9.274777893368725268e-01
1.129408256236258978e+01 9.672579872210329555e-01
1.108158881056241718e+01 7.219204210699989854e-01
1.088263042016246729e+01 8.904041243972391495e-01
1.095394070772547046e+01 7.415141536301447234e-01
1.144978229627783861e+01 8.233983565038447416e-01
1.176410794781323332e+01 8.813777089466160453e-01
1.201089786881475163e+01 8.257562537386915480e-01
1.106177982100638957e+01 8.141415788742162318e-01
1.077266096265111095e+01 6.889264074251443271e-01
1.141282286728814199e+01 7.514127075274527057e-01
1.091525048629642747e+01 8.222954719237299814e-01
1.083847747195279965e+01 8.581568078138432920e-01
1.142448839215839129e+01 7.308994657673849593e-01
1.103854399124518615e+01 7.960961407064557349e-01
1.150551193948630235e+01 1.053575921414043881e+00
1.181239533886174975e+01 9.456745937986886785e-01
1.151567263312301392e+01 9.945240475501833100e-01
1.161560622398956610e+01 9.054229617208232606e-01
1.160361663944952149e+01 8.911197841406176545e-01
1.158491455840991158e+01 9.040299316429508680e-01
1.090763715149307522e+01 6.548324659048171403e-01
1.081018586870873577e+01 7.725415560318703578e-01
1.126079698809696694e+01 7.160049260970028362e-01
1.067661888512680690e+01 7.639310443178201071e-01
1.092818918144877927e+01 8.997462937466385036e-01
1.160148012348916247e+01 9.689272484036400845e-01
1.164208585752031233e+01 8.940971459608703098e-01
1.157941364811165741e+01 7.645291186978954157e-01
1.113477845312765702e+01 8.489570799259186229e-01
1.161410939839787559e+01 8.940256902194325672e-01
1.089722952841182746e+01 9.367751948487897939e-01
1.096304156166955046e+01 6.227000768284052246e-01
1.115770986046101498e+01 9.769311383213232780e-01
1.126664816851718598e+01 8.150327187338004542e-01
1.013777382102765223e+01 7.478015212610038542e-01
1.157837257593566704e+01 7.248395021625119172e-01
1.118096696646574451e+01 6.539440809770045160e-01
1.085541527773807680e+01 7.413930510337883861e-01
1.222068384444568245e+01 9.668679136324821455e-01
1.101438773884027356e+01 8.302421102176977818e-01
1.126107412695813714e+01 8.313641217631070335e-01
1.192039371841695150e+01 8.717041623049167631e-01
1.119128944323145625e+01 8.000636883643410524e-01
1.109982871664473159e+01 6.235256458288124248e-01
1.162189942665736098e+01 7.364018770183700102e-01
1.162612309924647214e+01 1.087998973574043848e+00
1.116623399572682374e+01 7.534329599348325024e-01
1.096890237579459182e+01 6.413114795628733766e-01
1.070810019149344683e+01 5.898298931084869912e-01
1.090769078739168130e+01 1.000686286435862327e+00
1.216976285184253648e+01 9.182276343824565812e-01
1.205550043677650507e+01 1.103888650528928483e+00
1.102068869432750731e+01 7.254567782546627042e-01
1.122660445812294761e+01 8.857647141043595296e-01
1.101042338582465696e+01 7.612697282876098592e-01
1.075633225017371686e+01 7.412815370439697071e-01
1.152281263902513331e+01 8.551452631432409079e-01
9.787172132305213879e+00 5.553917343179202160e-01
1.180889041571717613e+01 7.867933368299989683e-01
1.131906875061492812e+01 7.941251140613478920e-01
1.061925012986182892e+01 6.293513439895561667e-01
1.167376637650144566e+01 9.473490585665830244e-01
1.170526701805916225e+01 9.001549039538878638e-01
1.108819050831103148e+01 6.988592016574204369e-01
1.135472821120169229e+01 7.862709754130674522e-01
1.149595882616021392e+01 8.783537148483776535e-01
1.164436332218265591e+01 7.893226818608746198e-01
1.125481847839732730e+01 9.857346745224543350e-01
1.058386354254258599e+01 8.347924917617541851e-01
1.144906909149676899e+01 7.551710920666452331e-01
1.125361029598980522e+01 7.788724051470157228e-01
1.162639971065286737e+01 7.694289330601314925e-01
1.112197656975023641e+01 6.752288937745984931e-01
1.090954940446000876e+01 7.558760403343646184e-01
1.131518317700209231e+01 8.227619289271639325e-01
1.180086896094685223e+01 9.008829618770631820e-01
1.108346056099421517e+01 9.114026686201133209e-01
1.107899056924269310e+01 7.299091345217852966e-01
1.127850012200170404e+01 8.606344948900915837e-01
1.168497909731894069e+01 1.015559781988234933e+00
1.114284680685451967e+01 9.020802820806907985e-01
1.207068047717827319e+01 8.740097660412150526e-01
1.212372551879100158e+01 9.330324527084137287e-01
1.125532789073729312e+01 7.563530952556186682e-01
1.125461062625375774e+01 7.763116006355251786e-01
1.038697863199653604e+01 7.610203166007578623e-01
1.076419780970750573e+01 7.457599028490023985e-01
1.166610304897476169e+01 1.074709409780921776e+00
1.144206284182673983e+01 8.480443933551640168e-01
1.155129323226128335e+01 1.138593964395584690e+00
1.231346809784825957e+01 9.752124900324361523e-01
1.074970924971874275e+01 5.782346618467145705e-01
1.103769935497646237e+01 7.992211107250883906e-01
1.194421142969689598e+01 9.072586326112754840e-01
1.114303047711842609e+01 7.408071001545089018e-01
1.047386811173482002e+01 6.475479321281559786e-01
1.204758741094103591e+01 8.813988956320947254e-01
1.149029622340030699e+01 7.835296007457804857e-01
1.055100338661940640e+01 8.538475066582896789e-01
1.123147144802049446e+01 1.035426323440364449e+00
1.134289247522500688e+01 8.278151561396548397e-01
1.121876341665286780e+01 7.390126550384346071e-01
1.083503944166824517e+01 7.193955429778334798e-01
1.123769360752802626e+01 7.052986442870358141e-01
1.183768503578511222e+01 9.517999048882231916e-01
1.134169627247032608e+01 8.592324417368599754e-01
1.114862687339736702e+01 9.484002369987170056e-01
1.125139231604133272e+01 8.482464838514836014e-01
1.103519531795934583e+01 6.455853287441722932e-01
1.130561211029028890e+01 7.664712166754408251e-01
1.135513686793948018e+01 8.502154394672334359e-01
1.048669600118425649e+01 7.628746342933840907e-01
1.097265263186091033e+01 8.154426224562658643e-01
1.108506437266914091e+01 7.011131479133583255e-01
1.004614511583623937e+01 8.557633238840888223e-01
9.951991787760853470e+00 7.314910239380059132e-01
1.075762314834492095e+01 6.027243441452387884e-01
1.074877525717665527e+01 1.219972438637521694e+00
1.163246104799579150e+01 1.055441574252955483e+00
1.119172062006394341e+01 8.263727027697858052e-01
1.135643860144747386e+01 9.168264736723480413e-01
1.108606598995999981e+01 9.582979530771014165e-01
1.033042121112324985e+01 6.892194695286482098e-01
1.179627015160535031e+01 9.224946337680585140e-01
1.065915755853895242e+01 6.105965624703734163e-01
1.116925088238210506e+01 8.199598232446821955e-01
1.105600872281098646e+01 9.967190415347428889e-01
1.118759424324639262e+01 7.315859631907235539e-01
1.149907680476196781e+01 9.343090960167282910e-01
1.194000855897301605e+01 8.830839103804609680e-01
1.120522084436474763e+01 9.443638831379680409e-01
1.150880096721243540e+01 7.431413610717146900e-01
1.073108886419943708e+01 7.999357620682870929e-01
1.114628334404636512e+01 7.343499986958905712e-01
1.075888604078124722e+01 6.762534108177897796e-01
1.089213752038982896e+01 9.079457407641855493e-01
1.102828992954211884e+01 7.118696156201225200e-01
1.221221522549905814e+01 1.147940986715736189e+00
1.131707209325703545e+01 7.299322284878736466e-01
1.126920254766532103e+01 1.059088310721413961e+00
1.219764804597050301e+01 1.014164377930556027e+00
1.050782520533056186e+01 8.465307809235133041e-01
1.136019401788928107e+01 8.742788092253538368e-01
1.080586574243347897e+01 7.333990333402071737e-01
1.153925027180359031e+01 7.799006150206755361e-01
1.114610393796315613e+01 8.533380287609879655e-01
1.143186335993634017e+01 7.035761542578126138e-01
1.183936204937571546e+01 8.478068070256865596e-01
1.117532451884112987e+01 6.518619747686298371e-01
1.109760702044175318e+01 7.942549780944478943e-01
1.119963523306957143e+01 8.769440792177640720e-01
1.143754092963313518e+01 7.430902513767480011e-01
1.103143694359342497e+01 6.201334143494294793e-01
1.042781520807115747e+01 6.749301017575335404e-01
1.162600323610765507e+01 7.400490402672755819e-01
1.240733917557887978e+01 1.006398250524215277e+00
1.081425528537063840e+01 6.070150741949924544e-01
1.174234746629613468e+01 1.026366061303521704e+00
1.142469770979512234e+01 7.381301887995450617e-01
1.046800608418225842e+01 8.338380482724063736e-01
1.096260974553441869e+01 9.022179788848293525e-01
1.073549241496379025e+01 6.378405199858757646e-01
1.059934327352651806e+01 6.691267027845603232e-01
1.066501317240742530e+01 7.405144193520695195e-01
1.128850226044895777e+01 9.784926870598348314e-01
1.162335579375723427e+01 7.900876191788012148e-01
9.597137984682362344e+00 1.033151164912612829e+00
1.199304199359829326e+01 1.020522721446293080e+00
1.197047205746376441e+01 8.006832378786788995e-01
1.111174506362643299e+01 7.632975370376759994e-01
1.145569370821661437e+01 9.985222759658998193e-01
1.095249508665796867e+01 7.859157351077944442e-01
1.084972638098924413e+01 6.411446365349119381e-01
1.079329944934417007e+01 7.204339140763058591e-01
1.134629405072877439e+01 9.486778721703739148e-01
1.091731983969452990e+01 1.037890986980650743e+00
1.137454904142596135e+01 7.908619109410760517e-01
1.138779302135751337e+01 9.444137727979964314e-01
1.201342168468789495e+01 1.170546456026922533e+00
1.174679005459215908e+01 9.421858070539489427e-01
1.092848032803524561e+01 6.922231947977901534e-01
1.114250206015676881e+01 1.118305841083463203e+00
1.086843771969813410e+01 8.955424996241547753e-01
1.075275436077415847e+01 7.682351006032217544e-01
1.164335651808280936e+01 8.313984209146635385e-01
1.123498211279353143e+01 8.692961790757105511e-01
1.078781033471100592e+01 7.714500884984842877e-01
1.075503003799042467e+01 7.945088209563422321e-01
1.077130126283205414e+01 7.433680624214452637e-01
1.089805608055966601e+01 8.812846633017024089e-01
1.162858755958654200e+01 8.691137672695242733e-01
1.093890019641156108e+01 6.949409943280411284e-01
1.191549763083137670e+01 8.643609014475941432e-01
1.069926870604683877e+01 8.479761328860530023e-01
1.136807522024476391e+01 9.981568099988293863e-01
1.107689359296204401e+01 7.696729179920244190e-01
1.124645500314217550e+01 1.026706832073243758e+00
1.140228875364845784e+01 6.925612361169656284e-01
9.300215440220473084e+00 7.410891281156756216e-01
1.089689622222017817e+01 7.908095515416778687e-01
1.170290069721035486e+01 1.040231878114146413e+00
1.102215102407614999e+01 8.187801883089941279e-01
1.074741723764705448e+01 6.903320047891602362e-01
1.163480169810062748e+01 7.147134025381297606e-01
1.142587671540490390e+01 8.032098499986882745e-01
1.159431683158737947e+01 7.767649449281330831e-01
1.173964253136076152e+01 1.003485422021606288e+00
1.123939142039190031e+01 1.116226418506699014e+00
1.130973449658140773e+01 8.745939955581031322e-01
1.089655741210786033e+01 8.029449300353257435e-01
1.143698206540219786e+01 7.202530295317354225e-01
1.124533696089766366e+01 8.958526963509492180e-01
1.125173022667977563e+01 8.675779331643524994e-01
1.076527027410279125e+01 7.502199761970863578e-01
1.086310882538405842e+01 7.415533798720430614e-01
1.081617669082506339e+01 6.236228555766092363e-01
1.174316760236855295e+01 7.844218408816421295e-01
1.137524809694091665e+01 7.839861213855529032e-01
1.082213788166880342e+01 8.237665436527239482e-01
1.204944598339841555e+01 8.601769747551688550e-01
1.097048010931157869e+01 8.429368746342477126e-01
1.191934159306151741e+01 8.272267206978312082e-01
1.223965954337990958e+01 9.417800072462589878e-01
1.162242528551290022e+01 7.354074565682756637e-01
1.154443863325281683e+01 9.389314740915714053e-01
1.165912155623207802e+01 9.698340616947835890e-01
1.192481280993715842e+01 8.445338566077391640e-01
1.095671561290445695e+01 6.557189960310330079e-01
1.205266373715701356e+01 8.874599224885518778e-01
1.139363270678759399e+01 7.471820864097221682e-01
1.093297174311378583e+01 1.027686898051326292e+00
1.134998689248162229e+01 6.876650474851665473e-01
1.173344103005449668e+01 9.304508592525773114e-01
1.061944675996071474e+01 8.075125202058094365e-01
1.115575122243622630e+01 6.457449925516050016e-01
1.192809925957012318e+01 1.027064754191516105e+00
1.141055498283856906e+01 9.335212881180677824e-01
1.140250336277582655e+01 7.335319321183869645e-01
1.098904976260976341e+01 8.289010739578130949e-01
1.144414600161503159e+01 8.348148842073560560e-01
1.116060980450197526e+01 7.840080913783988859e-01
1.122491677210633299e+01 8.392784652628177966e-01
1.157451029176936252e+01 8.265417395953169599e-01
1.112599396499810922e+01 7.508403397259953982e-01
1.139176013813355048e+01 1.154868496009386458e+00
1.166533571281624937e+01 1.099894277504994688e+00
1.127957831495080576e+01 7.445666612746777435e-01
1.120265214786445362e+01 7.322889783014427945e-01
1.084377865972440880e+01 7.434523349902500966e-01
1.156733624661405457e+01 8.464614252187042664e-01
1.087547000956773680e+01 7.847139182892901577e-01
1.047967086091799871e+01 5.713349164314966977e-01
1.165257236340894842e+01 8.498731145293799694e-01
1.103505996890699059e+01 9.466433362841230048e-01
1.141755888406661690e+01 8.391481333145586197e-01
1.136804044536542158e+01 8.152171655541674555e-01
1.069543296158226120e+01 7.150486844717107715e-01
1.154981279572501229e+01 8.302930279276765635e-01
1.126344482321511009e+01 6.738208624554403725e-01
1.209017998193031396e+01 8.368932226411159858e-01
1.071244916735118835e+01 7.777436643646123970e-01
1.066522420768987622e+01 9.220496799990974823e-01
1.106722149842066827e+01 6.152445379686245497e-01
1.088491255824668613e+01 7.721787741744177147e-01
1.111590775646623541e+01 9.784833438746757261e-01
1.147780397420988052e+01 7.994014357378536051e-01
1.099868645712982484e+01 9.236934928109548082e-01
1.163409526804673888e+01 8.506853208898537133e-01
1.105342983769307530e+01 7.173017427141187285e-01
1.085535095319471921e+01 8.906652215017638596e-01
1.108484487735950985e+01 8.274792504819973304e-01
1.120435144617519185e+01 8.449752690463308014e-01
1.158847301808391173e+01 7.232503596504913368e-01
1.121826752820718021e+01 1.023488020209142979e+00
1.185086058205490822e+01 9.376374528031867772e-01
1.124177776400949647e+01 8.477466603560938063e-01
1.171555986551276796e+01 9.701229100265404970e-01
1.136922768943444240e+01 7.385643756735538190e-01
1.174116605915426881e+01 7.736176017511069425e-01
1.101973195611467382e+01 7.738266273592441236e-01
1.097957392640679508e+01 1.104010483865948578e+00
1.092065595470938000e+01 8.350433968975352617e-01
1.097215333708381912e+01 8.729400008268189959e-01
1.212524311313623571e+01 1.020680784085505222e+00
1.115319810667442546e+01 1.127413339998368125e+00
1.189417724722371617e+01 8.421256691518120840e-01
1.190301050092286594e+01 8.028451201802554449e-01
1.122951405896389687e+01 9.647214817552092203e-01
1.131018507957780450e+01 7.703261343859045818e-01
1.176584494096511868e+01 8.608502340027699429e-01
1.113071272858535643e+01 7.653858298081857026e-01
1.090835073076897821e+01 7.037784710705522473e-01
1.109045655137450481e+01 8.068833923457587876e-01
1.082678293176798157e+01 8.401102313247618136e-01
1.060334292416804125e+01 8.458135677565753463e-01
1.093226119444717881e+01 7.424874019036643569e-01
1.089083612781423405e+01 7.720845576965758017e-01
1.103553598317211026e+01 6.571076891282442434e-01
1.102299163873167132e+01 7.732225040720061005e-01
1.142385727189268430e+01 9.275932990558026781e-01
1.147155195854082521e+01 6.961391455930537875e-01
1.109458215535902426e+01 8.243945881315261071e-01
1.177426736667950280e+01 7.472553785859306075e-01
1.111961304575563858e+01 9.336075312122520398e-01
1.162934951437758890e+01 7.982683602206617213e-01
1.117641378695702059e+01 7.100370455044597851e-01
1.092486466671486767e+01 7.398873835323042103e-01
1.129222253385993291e+01 8.501332040447145966e-01
1.069853310688212211e+01 8.680652946036837569e-01
1.137121937694092821e+01 9.358374598578943493e-01
1.087974845095105181e+01 8.241558899936509697e-01
1.137095986992840935e+01 6.696347211283124601e-01
1.099883286867702203e+01 6.187412677791015447e-01
1.126488138266313577e+01 8.795382841160912513e-01
1.107868809655616538e+01 8.929431661932738518e-01
1.108588935847701862e+01 9.366773156545334933e-01
1.170619882177925319e+01 9.649685390578669475e-01
1.116662656203796189e+01 6.784875937310509419e-01
1.134803578738369723e+01 8.540454425767263213e-01
1.165380741539759057e+01 7.918504474809173743e-01
1.112435221353088366e+01 9.594227193694414568e-01
1.216844393781054556e+01 8.775247327895455696e-01
1.090755133271328248e+01 5.922145671092819974e-01
1.079492192335445999e+01 8.062113701091621065e-01
1.093287035810602070e+01 8.954930221712773530e-01
1.153693896947804909e+01 8.253798551204662992e-01
1.108438388655518914e+01 6.935221211810927988e-01
1.111238422610394849e+01 8.606158480348674589e-01
1.137692213258052831e+01 9.092320623294459780e-01
1.098691005456657166e+01 7.902313657057983276e-01
1.167988263917603931e+01 8.330764151662848338e-01
1.212367124630710435e+01 9.583893247218495670e-01
1.164820729240475750e+01 7.705720789389987058e-01
1.194478580745228413e+01 9.141835141648622098e-01
1.120084801479582026e+01 6.624996671725039699e-01
1.123288300763777769e+01 7.831139248046736778e-01
1.107497177877773176e+01 1.006738513583395278e+00
1.137600475785486154e+01 7.068584915115910805e-01
1.187648910539948233e+01 7.816412869017878018e-01
1.150279022992928724e+01 9.041422576827611302e-01
1.193689318820640999e+01 1.113218539883304770e+00
1.132076332599420354e+01 8.282461116176642602e-01
1.016192963186226272e+01 7.198009394024315055e-01
1.086569695828426418e+01 7.399827582585553065e-01
1.174395045478175881e+01 7.906199447682344950e-01
1.069017513793002649e+01 9.920135861700172253e-01
1.131378819553901138e+01 8.160433718042423568e-01
1.075807590750294196e+01 6.818305715698558256e-01
1.149197942792150862e+01 8.101903514868166178e-01
1.091983094467524218e+01 8.003053548598961786e-01
1.121263787070002849e+01 8.698242015611008515e-01
1.133924468958118936e+01 7.940862006989949373e-01
1.090945445843310146e+01 8.186549735508324988e-01
1.128161952735847251e+01 7.995753128072551341e-01
1.123427882705104963e+01 7.203020293804252017e-01
1.099143644972314959e+01 7.078800821366405538e-01
1.150770407949634055e+01 9.224181366175938646e-01
1.131749959664551852e+01 1.074212239735532926e+00
1.191504560970142101e+01 8.641741975208618864e-01
1.065322838456421017e+01 6.663972149838830461e-01
1.126242131172235617e+01 6.358321327365081821e-01
1.046633817189659155e+01 5.814290341319870992e-01
1.082963858185019568e+01 6.729787819765847834e-01
1.175732909742167109e+01 9.985309744579484725e-01
1.136611347949340356e+01 9.065514401648266940e-01
1.232053329027410982e+01 1.030143827425495706e+00
1.146857036827633891e+01 8.977064166737566131e-01
1.150143889555136845e+01 7.876650582531846689e-01
1.107530196213557971e+01 8.155527243227134182e-01
1.166727596531192113e+01 9.991525036382363778e-01
1.162079670064624359e+01 7.971495248780043896e-01
1.077434293475348781e+01 5.824299690121094164e-01
1.137775790659840958e+01 6.951664193692160820e-01
1.154185113609450930e+01 8.215724677613254201e-01
1.117478919732585041e+01 8.376499240580258521e-01
1.092380959537756979e+01 7.869285679497118879e-01
1.075933717296812198e+01 8.755896302099205331e-01
1.086803310215251983e+01 9.848410869648097643e-01
1.077642295491977009e+01 6.381895240585143680e-01
1.077607492494141894e+01 6.571565222414597063e-01
1.011081234600207246e+01 7.589077726420159209e-01
1.099899530258644020e+01 9.255918993664296046e-01
1.131009925882620593e+01 6.656991761286746856e-01
1.038415345331506145e+01 6.651716074808210477e-01
1.047664400316640432e+01 6.962908616229592784e-01
1.094193867896451344e+01 7.556885970690218057e-01
1.084496917138779004e+01 7.432856801598414220e-01
1.112912565819728172e+01 7.467640985874061110e-01
1.088277205960074134e+01 6.649496442314619671e-01
1.059459930542221784e+01 6.444652437170701464e-01
1.079521966124367971e+01 6.485653915924026736e-01
1.097556275671696824e+01 6.456422161378329028e-01
1.081816740997925486e+01 7.488801980623887022e-01
1.125722092219535320e+01 7.107193929310998692e-01
1.095690495894715077e+01 8.291988720700212978e-01
1.139944671700320455e+01 8.893951180359526143e-01
1.173171308462468510e+01 7.742895440766496273e-01
1.095883354458956482e+01 1.086973325027670301e+00
1.187771267927292485e+01 1.036499256154276072e+00
1.098117892297319109e+01 7.242079906317199223e-01
1.074586313113579195e+01 6.359925163226660683e-01
1.154347274668878143e+01 9.051701329147506803e-01
1.112845799155131132e+01 6.769855589654899530e-01
1.076750138164258885e+01 7.011282077014979741e-01
1.116916973435769123e+01 8.892637292659008041e-01
1.120995124723637559e+01 7.014109822531511274e-01
1.127380351436357486e+01 7.786325673428995398e-01
1.110062025513304107e+01 7.456488176960628378e-01
1.062019860015072403e+01 7.152012615427189024e-01
1.139233825097302066e+01 7.949165334166287122e-01
1.102866210080769349e+01 8.916988392359873616e-01
1.071535936624380092e+01 7.901447860517391009e-01
1.041736578369029509e+01 5.702533062360422011e-01
1.030077464380416252e+01 7.840167909041656502e-01
1.110975071222392963e+01 7.585349152046528820e-01
1.153482046339531486e+01 9.597683475944438491e-01
1.191930133809484360e+01 9.521951937422884482e-01
1.111322018892394503e+01 7.203383915119510039e-01
1.115334153278035423e+01 9.764456079822299017e-01
1.190731244217426976e+01 9.214539547037542411e-01
1.198223800280880802e+01 1.074049023319469942e+00
1.111417300085659399e+01 7.234522457642277304e-01
1.220121190477424378e+01 9.766089706244551749e-01
1.071099262326251988e+01 5.665110272221078880e-01
1.102536256934525483e+01 6.960218229292437497e-01
1.118738025591362728e+01 9.542950858170583528e-01
1.128089908712982314e+01 9.105706368748747170e-01
1.203698323803326886e+01 9.378955421243155843e-01
1.135354511529011035e+01 8.657374254656456936e-01
1.137254131325254747e+01 8.751878265448048699e-01
1.134203298609063282e+01 8.692064290746235322e-01
1.087566564207410202e+01 6.320591412137742671e-01
1.105944182713513868e+01 8.543772853798058398e-01
1.085889306820656408e+01 8.223794634348520205e-01
1.099276817348727597e+01 6.888773395988234682e-01
1.101145402105856519e+01 1.059245043810108200e+00
1.152520735063356128e+01 7.981754823808985266e-01
1.125029910754558671e+01 7.602524188824343332e-01
1.074487803495178362e+01 9.772137337538868707e-01
1.107216403896484458e+01 7.842066790479472749e-01
1.181439012928212406e+01 8.695397077570495847e-01
1.093866849256805196e+01 7.855836195610753636e-01
1.087082550614821841e+01 6.998576635908547727e-01
1.115167880126472788e+01 7.864622704405249687e-01
1.102512638289448255e+01 1.068934494577939320e+00
1.123787746872851656e+01 7.901860954312517338e-01
1.093826885884271860e+01 9.017097523529503666e-01
1.099335705202580193e+01 6.595330439021676039e-01
1.050171163004520203e+01 6.462275702416860890e-01
1.094847567401493471e+01 6.306019111027576507e-01
1.116106651217928203e+01 8.605725703699824702e-01
1.086393373629990400e+01 8.902628164578615388e-01
1.095730323055827959e+01 8.395952394192451873e-01
1.138062018261022779e+01 8.010198328921342981e-01
1.143146965884685429e+01 7.717560330851658268e-01
1.126001299504836339e+01 8.765754451005156600e-01
1.067786030599783764e+01 7.061889930229627854e-01
1.123991281539940346e+01 7.324298509495441589e-01
1.104679495650530185e+01 7.638551565584934533e-01
1.106140201770726605e+01 8.725497815290563786e-01
1.109374972735346887e+01 6.838239592257264743e-01
1.184255067220492208e+01 8.872413626284330057e-01
1.057620585276902681e+01 5.652868879154751003e-01
1.166003690691267636e+01 9.092438178030587403e-01
1.143396737332299828e+01 7.667574199541221658e-01
1.181344378292734021e+01 7.800429456711609477e-01
1.125981912551745978e+01 8.137611275571768887e-01
1.198275298489383012e+01 1.118297690246190523e+00
1.082859431197028854e+01 5.927247442080487705e-01
1.072985041497127945e+01 8.292472197712302817e-01
1.132437305677582806e+01 9.920640397938371713e-01
1.096689945944626565e+01 6.641588898650606643e-01
1.210055002020530246e+01 8.475159646320818974e-01
1.103323397308354004e+01 7.741473818561499520e-01
1.129693491359223145e+01 7.250407531279238205e-01
1.107010973171032475e+01 6.816870123001385062e-01
1.021145428836263847e+01 9.094711155405876823e-01
1.106579387254615021e+01 7.042574243316379601e-01
1.166581877370901310e+01 7.697457707706544250e-01
1.115641739067658200e+01 1.156067909548859962e+00
1.109310920103405351e+01 7.748862052516838350e-01
1.118536339994089523e+01 7.040091617377782773e-01
1.163317491292864858e+01 9.295639556027420758e-01
1.141313323535148427e+01 8.111762112826255144e-01
1.150054271281620721e+01 8.295083741490193452e-01
1.116998526086311827e+01 6.318303434796314066e-01
9.780287948757699468e+00 6.404266232748575538e-01
1.135556032811605931e+01 7.277708376126357237e-01
1.146644091425707579e+01 7.235607677149062944e-01
1.172445202413918430e+01 9.466889101789814909e-01
1.089912246334752943e+01 8.166099296930969809e-01
1.193414602081688436e+01 8.154634829800416762e-01
1.098727448007306329e+01 6.078841209519407762e-01
1.158296159380692636e+01 7.843375560168045491e-01
1.093125277492447367e+01 9.294783353945160753e-01
1.119147204513544658e+01 1.034071023838730952e+00
1.123556003570985951e+01 7.155970177672075216e-01
1.194126876990894992e+01 9.976699044716186293e-01
1.087744874796052841e+01 1.031873530288410556e+00
1.124825857960995279e+01 7.964311445391751842e-01
1.084937893727070879e+01 1.059770114238868466e+00
1.125148441555167622e+01 8.711177198857269488e-01
1.192955020135807054e+01 9.284810439021029538e-01
1.105835836714201648e+01 8.310368152030178646e-01
1.103768819593496353e+01 8.548607879784592134e-01
1.205595021548749202e+01 1.063466221613565077e+00
1.101719571845263346e+01 8.449058374797873139e-01
1.110385127984156739e+01 6.563431497006848581e-01
1.101574609022391371e+01 7.237069646210212426e-01
1.072627970186933055e+01 6.482978551963112235e-01
1.043062829888123133e+01 9.093647869676677598e-01
1.156292660231326508e+01 8.741914384964933893e-01
1.182032368918268794e+01 9.082445008729456148e-01
1.124397680480081263e+01 7.695969083115464793e-01
1.116665794358737074e+01 6.556881715786194720e-01
1.195286544545071905e+01 8.162118454697961933e-01
1.112550425142108068e+01 6.439931726620038432e-01
1.081851767073541382e+01 8.036575071639938672e-01
1.098646981480075624e+01 6.682349980253533550e-01
1.092091844922825317e+01 6.788329483408905851e-01
1.200556578672866870e+01 8.462611868095213374e-01
1.161355614897111721e+01 7.410896949620058294e-01
1.125844987568260080e+01 7.311460777310613279e-01
1.082770759358931123e+01 6.050063373551245460e-01
1.141033536765437795e+01 8.214928163133284889e-01
1.239200033610086571e+01 8.610116861385256337e-01
1.126980238480562946e+01 8.307495888268657813e-01
1.088256447290842743e+01 6.845308460548140683e-01
1.128883298329261997e+01 9.005617776565557620e-01
1.215481710397001791e+01 8.197858425877250221e-01
1.140800598847239300e+01 9.913907181093051246e-01
9.893340636319006620e+00 7.195925491255866779e-01
1.201104499566895711e+01 8.714278074484076431e-01
1.109039057302473630e+01 6.714908517332606186e-01
1.139947178083992974e+01 7.219813809650970082e-01
1.104228065097542100e+01 8.458744518328810136e-01
1.120235653325544334e+01 6.729383783175592049e-01
1.158304037652874818e+01 7.846404797969118716e-01
1.137215668344750519e+01 9.436948035208397867e-01
1.170563790635755907e+01 9.475153482019759155e-01
1.113310552484199434e+01 8.571333258235621644e-01
1.115278569903610340e+01 1.065220974817393529e+00
1.101922825249134341e+01 8.428693830937543652e-01
1.100267847192786519e+01 6.987965108357131472e-01
1.159973445493577238e+01 7.232406802186189809e-01
1.016043628395589060e+01 8.765124415986763617e-01
1.103570830272088621e+01 8.800382833593353160e-01
1.110631021512812389e+01 8.670327423866356353e-01
1.085412079918407713e+01 6.600716595761798589e-01
1.029554529220017933e+01 8.902297891922381634e-01
1.100861320915445418e+01 7.750633291937893965e-01
1.083454119007124739e+01 7.805082292946206035e-01
1.115317471597603571e+01 7.001438095543416340e-01
1.106512777735773057e+01 7.033685167868647392e-01
1.005271023961819310e+01 9.091900100772729587e-01
1.102669436400071667e+01 8.800748799849054116e-01
1.093128208998545503e+01 6.497101575922622496e-01
1.078935573862068686e+01 6.519956920498956032e-01
1.094182145873156564e+01 8.600221728127428467e-01
1.171524040490382568e+01 9.476290377423154387e-01
1.146462719438941313e+01 7.243557699796833171e-01
1.099603937577492729e+01 6.360066909490733611e-01
1.072675441352569514e+01 7.223451426291576105e-01
1.133939891102723685e+01 7.043821811768842256e-01
1.109135151723815760e+01 6.891043021032504656e-01
1.102929786976205584e+01 7.293073191692910351e-01
1.119454666686436539e+01 6.507547851319031018e-01
1.058687482216281239e+01 7.822544331752692148e-01
1.130503911929358729e+01 7.341789500356550313e-01
1.127046901693372227e+01 7.388538526961931918e-01
1.211580133736453568e+01 9.060270274325199491e-01
1.148934272459639239e+01 9.730621055681464293e-01
1.159294792692907450e+01 8.051096929193355400e-01
1.089198186244069078e+01 8.938986350214187526e-01
1.109773682351726087e+01 9.661172824304276041e-01
1.075462293642699052e+01 6.113673882141200666e-01
1.087011757415263347e+01 7.550711890552039840e-01
1.119821290624807375e+01 7.144143809684221358e-01
1.133793790429247039e+01 8.035216319052655987e-01
1.077347912069855163e+01 7.685296472901013143e-01
1.078736490532372194e+01 5.989347833205075355e-01
1.095862338700772654e+01 7.562949350183566510e-01
1.205141588007496978e+01 9.074279198955684800e-01
1.126608206276255864e+01 7.318460410956136863e-01
1.104228854474491150e+01 7.474017203582956625e-01
1.091161844111103640e+01 7.046140281317629928e-01
1.123055265376806844e+01 1.085354035593374844e+00
1.151546263567437123e+01 9.762509862530045490e-01
1.080173065840909885e+01 6.111549351458344104e-01
1.067524949244271149e+01 6.336730998329355158e-01
1.153284166424223578e+01 7.455715637487609904e-01
1.077740983493706928e+01 6.642807829545865905e-01
1.172136726244185567e+01 8.091910181145000047e-01
1.113289768980018124e+01 7.085078487086405863e-01
1.159407148166372181e+01 1.020045104336715358e+00
1.081053083841500495e+01 8.587988552422647359e-01
1.102191714045351922e+01 1.200688786965032895e+00
1.166661854568521761e+01 7.488039181651260368e-01
1.118853796295350023e+01 7.177403025062017994e-01
1.103837454360700754e+01 9.198396560258171872e-01
1.158048791125370691e+01 1.034133235608230894e+00
1.034017894425833184e+01 8.691798418680516392e-01
1.032452488997621032e+01 8.491816742754104697e-01
1.160413568946471763e+01 7.927797696479177425e-01
1.092051561961922168e+01 7.571787313041928869e-01
1.196043286765783265e+01 8.062328823845318349e-01
1.193441713242259361e+01 8.650911453310082821e-01
1.193842056842521338e+01 9.317618752091577639e-01
1.120700893763147477e+01 6.807708342027837256e-01
1.159971134135079218e+01 7.740066754389752779e-01
1.193905836252854158e+01 1.043180777686477656e+00
1.081109192595170221e+01 7.680561915726261679e-01
1.104710497696836136e+01 7.667017234338369125e-01
1.165354976138919163e+01 7.549411905994541927e-01
1.079032923983407954e+01 8.197309626451692033e-01
1.030053667516269833e+01 9.546694397905133300e-01
1.209329567038036579e+01 8.785792949604149804e-01
1.116615770898003390e+01 7.166271186422851214e-01
1.207330880764389036e+01 1.031123792805355155e+00
1.132445313040288859e+01 9.130018697251264248e-01
1.131502434021208181e+01 7.675860250320835076e-01
1.084416663028497574e+01 6.861165240234712304e-01
1.141394166402322874e+01 8.110326531177554088e-01
1.119499037235355132e+01 8.673723694611276125e-01
1.144676706587515902e+01 7.004034612829564965e-01
1.159875301270197312e+01 9.859501666156262889e-01
1.062527527605266719e+01 6.822450711999508144e-01
1.100189114892587483e+01 7.160615604625812924e-01
1.196424297041565055e+01 8.948531488505692133e-01
1.179459204012101026e+01 8.746151996899242942e-01
1.138945048797895332e+01 8.229004502954758715e-01
1.158134441705808726e+01 1.001638922499511031e+00
1.142771890324584838e+01 8.007333393822074763e-01
1.013250266597790628e+01 7.475524990976964990e-01
1.194728105609239677e+01 9.915103615290420391e-01
1.103217079031364634e+01 7.835094429231332924e-01
1.165090162469505408e+01 8.511239273154791452e-01
1.172099515771454925e+01 7.495302013106377448e-01
1.112328857695939455e+01 7.393755254226072049e-01
1.162559303674533240e+01 7.726756687311284733e-01
1.159649187461020681e+01 1.034392474889202163e+00
1.053247644997613541e+01 7.019719195875401274e-01
1.072164585526513036e+01 7.726898803258844817e-01
1.097830882102516092e+01 6.687471061788463622e-01
1.093690104758516313e+01 6.788187711552967629e-01
1.113929779695449085e+01 7.697628629002022382e-01
1.172105157023857025e+01 8.652294320257967186e-01
1.081928990301901194e+01 6.354145904254276944e-01
1.139329007561625318e+01 7.886394728437418067e-01
1.097734946851946702e+01 7.788161461480649361e-01
1.159377804251063360e+01 7.578856465586054636e-01
1.099963017699484880e+01 7.111669180718601657e-01
1.103056988357684531e+01 8.908214569289414353e-01
1.122217298701282040e+01 6.576827850164116418e-01
1.112939799456127155e+01 6.691617735283769131e-01
1.099112791949369416e+01 6.882095688979726900e-01
1.126870473862319422e+01 9.383531095188243354e-01
1.115414552382254243e+01 7.413190591412451846e-01
1.140164949623985891e+01 7.968502444217259173e-01
1.202631815585258401e+01 9.998510986890971619e-01
1.105933401579601849e+01 8.377937783861476584e-01
1.086860639559860076e+01 6.506798365431213371e-01
1.138406864910734484e+01 8.061371411619274729e-01
1.112049965474424873e+01 1.090893656280896407e+00
1.182273648974775959e+01 9.115694904575146751e-01
1.144954867157439615e+01 7.984415615590504389e-01
1.194437791425581885e+01 8.982928139885076879e-01
1.161142551575735915e+01 9.220252704731585203e-01
1.103622327945479498e+01 9.411808796764243867e-01
1.101692772762054418e+01 7.483746356163101243e-01
1.081029728175892046e+01 6.129115779707807743e-01
1.104319833229442338e+01 6.992040192575038615e-01
1.190409204285172429e+01 8.159404180910723170e-01
1.187014842068306386e+01 9.147620884359263238e-01
1.092992957141459698e+01 6.645936356266771705e-01
1.145110289790905611e+01 7.363588803885033895e-01
1.227185954000820090e+01 1.076695298044820337e+00
1.112451498742983880e+01 8.079032492022678591e-01
1.096411738580397532e+01 8.676682633041312709e-01
1.115777235418519631e+01 9.425436558190921632e-01
1.086556365134005731e+01 6.443077341490797139e-01
1.138146695893304461e+01 6.819743720449616964e-01
1.132936079521913442e+01 7.348324984314453800e-01
1.103055045398151712e+01 7.363528757063735330e-01
1.167209146428831801e+01 1.045042647009840175e+00
1.090010942039195818e+01 9.570231204833726801e-01
1.164213757940220439e+01 7.244680611948240978e-01
1.158666493325615399e+01 8.925597135979034258e-01
1.112340876213480811e+01 8.108912963099159654e-01
1.124030663498729687e+01 7.207772803567975561e-01
1.106048509001791302e+01 8.518186943529616473e-01
1.102931562011816524e+01 7.755021559255376173e-01
1.089464875405631084e+01 1.028600911929077100e+00
1.118811339351421275e+01 8.805614156845562590e-01
1.102486407120680667e+01 7.003671442311640849e-01
1.107493325265526174e+01 7.893027182003138353e-01
1.085669345094030547e+01 6.320543420494543208e-01
1.080987624398435187e+01 6.028467655686428062e-01
1.127394461673543091e+01 8.543925132781095000e-01
1.083989172856199978e+01 5.908929860161908909e-01
1.105638541667548580e+01 7.217546676029672481e-01
1.023565230070328269e+01 8.009869754678773379e-01
1.155831464384900009e+01 1.107383561008345563e+00
1.129373775087244525e+01 7.263978240109156825e-01
1.102625584285417482e+01 1.028529958805980637e+00
1.176140379995418961e+01 9.143144491012045183e-01
1.098108980235592469e+01 8.763473217586068564e-01
1.174132873487647188e+01 9.139580574291705783e-01
1.132327968723475387e+01 6.948433187995840532e-01
1.079678106437908447e+01 6.072133002695074833e-01
1.122249521116831872e+01 7.322219560642296843e-01
1.155741296821317832e+01 8.744946397557572526e-01
1.093031131240722331e+01 7.371454930026332120e-01
1.111932950490125016e+01 8.410791851367708238e-01
1.187188968330714012e+01 7.605265055097719662e-01
1.147797110851319324e+01 8.235226291085762096e-01
1.091158100018497734e+01 7.985760029356636647e-01
1.200815353141746300e+01 9.852106133610560867e-01
1.091597402695547281e+01 6.501481186890054609e-01
1.101139197274590309e+01 9.224284380007444772e-01
1.209618751206518183e+01 1.058356550280795227e+00
9.966800545211471629e+00 8.322211268176805676e-01
1.081870548503062324e+01 6.337002031828925519e-01
1.082727118133766453e+01 7.735227440629015572e-01
1.092587010684435000e+01 8.862886422748420534e-01
1.076451479052700577e+01 6.512123024714182584e-01
1.209806879567796223e+01 9.262719546191396924e-01
1.174690462342423025e+01 8.880941902108652197e-01
1.145064852460522253e+01 7.844733351737660509e-01
1.131016744597132728e+01 8.889055974122923587e-01
1.139211220963531090e+01 9.061654586447047688e-01
1.108763667380013374e+01 9.510784056879901804e-01
1.090405303763587952e+01 6.914668364657790001e-01
1.110748936352111649e+01 8.002702626639986994e-01
1.117824622983351368e+01 6.908560869673787685e-01
1.112793674419392076e+01 8.092545316174231118e-01
1.089567403369259857e+01 7.233764890175923279e-01
1.201603276213164762e+01 9.083496945874843798e-01
1.138704325913028370e+01 7.523074978807614555e-01
1.157394124568835103e+01 7.442840689284178080e-01
1.215091898318607555e+01 8.932293201979899511e-01
1.084108829355190906e+01 5.980253955184240411e-01
1.096700652932055675e+01 6.682129046600348010e-01
1.138658037411599544e+01 8.768314676303068378e-01
1.103576586397056047e+01 8.286647044217011482e-01
1.084709820139888592e+01 7.350717820757786125e-01
1.191517843875625893e+01 8.439832369305173554e-01
1.120527535831944732e+01 7.050381944502052134e-01
1.085942215625286345e+01 7.181123615088271794e-01
1.167601584161671013e+01 1.037963968595879694e+00
1.076415207321201173e+01 7.668255456344587051e-01
1.091566123780000019e+01 6.986140117928418825e-01
1.123892377877877102e+01 7.657722334475026704e-01
1.181168519580127452e+01 7.649346620104526817e-01
1.067794293543951767e+01 8.621846959526261456e-01
1.059119970456483273e+01 7.064920544808656055e-01
1.118367317899490665e+01 7.972519403985163233e-01
1.097388886234172745e+01 6.388589186246949048e-01
1.116010318071887930e+01 7.706895367700263844e-01
1.134423418894038349e+01 8.334522559525372465e-01
1.079945765956478887e+01 8.675144358868994710e-01
1.196124916114531089e+01 7.952591244867242004e-01
1.100054225345574466e+01 7.939962178505637347e-01
1.154484876215356159e+01 9.303951582403875431e-01
1.109160749070233898e+01 8.839588472302909450e-01
1.097642135622836257e+01 6.857685669094253367e-01
1.160427806944464457e+01 7.656708726368570694e-01
1.117644768089739138e+01 8.638431246908405692e-01
1.125312171080017620e+01 7.291711875589816927e-01
1.111586243026354737e+01 7.941334461958620139e-01
1.148220737230219513e+01 8.502324890342057850e-01
1.186425694397856923e+01 8.180306222860719290e-01
1.083249572576214348e+01 7.864372760132385398e-01
1.132154244659952269e+01 7.747506595122287676e-01
1.121035652171244301e+01 7.067259862320212083e-01
1.128379131842575056e+01 1.044462426685194956e+00
1.099448265872694996e+01 6.739738285943295271e-01
1.093355546745449125e+01 1.005374819170505196e+00
1.061130291200232634e+01 7.525123053543665286e-01
1.087290315050758593e+01 7.240577417239792979e-01
1.170352134048129322e+01 8.625185469175922215e-01
1.136401942275400501e+01 7.795007329829010123e-01
1.151029568230461209e+01 9.136504047645280790e-01
1.113337074307174213e+01 6.692624163173026552e-01
1.121786805772061335e+01 8.424842382006957342e-01
1.117552262349006398e+01 8.049933104756481494e-01
1.111227322134750217e+01 7.936594826321285989e-01
1.120873883785198544e+01 9.442233578169839658e-01
1.162929950399603030e+01 9.660403588827478627e-01
1.098645556544518520e+01 9.319453727985903546e-01
1.125890157034329597e+01 7.754879670229041233e-01
1.172257109005443887e+01 7.780822646268673592e-01
1.104140796283178361e+01 1.004680659143622812e+00
1.098020189080472697e+01 6.739116841813986847e-01
1.096260178685158948e+01 7.461333833982278785e-01
1.119170429207311557e+01 7.895382594718199920e-01
1.129827223492372923e+01 8.905114378061176339e-01
1.140281390730618405e+01 8.000049931150470250e-01
1.108561989713084195e+01 9.476803034347378585e-01
1.055077541996178248e+01 8.251215063628779545e-01
1.151208510768817561e+01 7.949501700005331406e-01
1.085675759649509686e+01 7.976945306915773637e-01
1.198396243416686957e+01 8.701170394789023987e-01
1.093546119873959732e+01 8.190051875435639950e-01
1.116010041505318107e+01 6.605318296021228663e-01
1.100710080856217843e+01 6.970210833086196711e-01
1.174099680302598969e+01 7.994552085660728835e-01
1.103508722473880077e+01 7.156031235772537524e-01
1.113187024459461227e+01 9.310260160320341649e-01
1.091123856382262503e+01 9.808496125728221049e-01
1.092632366438981961e+01 6.593054084862252084e-01
1.097016635778569693e+01 7.791711136961058104e-01
1.096047122564679555e+01 9.624896373650015935e-01
1.124708470835983576e+01 7.757462854710194256e-01
1.085085853374707909e+01 8.158389202061083756e-01
1.120626051428464365e+01 9.050037364215670621e-01
1.147817877323408275e+01 8.049513083618419218e-01
1.108448738002938683e+01 7.792991491710919982e-01
1.130854905860426030e+01 9.257540561552657365e-01
1.174158280902916118e+01 7.627582109028261392e-01
1.144930345101323432e+01 8.669847865079126636e-01
1.079539835517782009e+01 7.338163357252284191e-01
1.077626962623811302e+01 6.811585047888688571e-01
1.103728696860220815e+01 6.851438317484652707e-01
1.162938372834305945e+01 8.999408867959503011e-01
1.121091675118221076e+01 8.468919491807180844e-01
1.191455970432821942e+01 9.519099421202956712e-01
1.179290265970885621e+01 7.669961949497440257e-01
1.125894289806918280e+01 8.009414498176211650e-01
1.115513106386625530e+01 9.363349427810802039e-01
1.071169596986597305e+01 8.110269814368470387e-01
1.033719185449824352e+01 8.069957627239305875e-01
1.163679949957377424e+01 9.330926811991604453e-01
1.083424413124527774e+01 8.702841893010710983e-01
1.103114365287133580e+01 7.103637857956560664e-01
1.159372618713094738e+01 8.145571983401229677e-01
1.176500341246270231e+01 1.101549814692495355e+00
1.125865830953092406e+01 7.833684438897473568e-01
1.094479838271162642e+01 7.264963649102527121e-01
1.209082790068327462e+01 9.669413807208826483e-01
1.133321476813187623e+01 7.186222080554212077e-01
1.029516287727978430e+01 8.136325455778109506e-01
1.036677671968611314e+01 7.259951805472747433e-01
1.080296119129414123e+01 8.111160334459986965e-01
1.111758513725214748e+01 8.825115119447711765e-01
1.134053856189784604e+01 6.773779941781331582e-01
1.139607402591258989e+01 8.770671252420861874e-01
1.131594472793252315e+01 8.974556143274998732e-01
1.038617001120407402e+01 7.659667022798940517e-01
1.137166574720284196e+01 7.633929879207834723e-01
1.126568075285526405e+01 9.738470037365368759e-01
1.113931965191330420e+01 6.973825780576760058e-01
1.141278110872272045e+01 8.622457401379786113e-01
1.130634410008552848e+01 8.524578957361937936e-01
1.118071272191464161e+01 6.586813674248344075e-01
1.096821848839248759e+01 8.505938762299308786e-01
1.226003041635579116e+01 9.950113082444541623e-01
1.169163229376660063e+01 9.072482510847607040e-01
1.041115714213710675e+01 6.501892895581778964e-01
1.112442682583604281e+01 8.554731615107613596e-01
1.097555646327878165e+01 7.575450446784016689e-01
1.083846563798347873e+01 6.610937394897780095e-01
1.165594686367596644e+01 9.804947572814126655e-01
1.083972095304644867e+01 6.805636006488979817e-01
1.162267697146505618e+01 8.729738216807522155e-01
1.209292635190483622e+01 8.137014265159038251e-01
1.121916049575075824e+01 8.358522556201265497e-01
1.103091424006886712e+01 8.060460669622474539e-01
1.064809517732427224e+01 7.463143116460120297e-01
1.176824342417465807e+01 9.470766397759843302e-01
1.159360590078597752e+01 8.400924974153864966e-01
1.089547711597098001e+01 7.211603618612456579e-01
1.133711392402907236e+01 6.920896845953798948e-01
1.231759617713604094e+01 8.833289418278330585e-01
1.117746677839370939e+01 6.718715013086281607e-01
1.205221086628673355e+01 8.632263959634567385e-01
1.104915746948851485e+01 8.467973722431131334e-01
1.178504571473789397e+01 9.311079696823603147e-01
1.199851276899928898e+01 8.588604882033663568e-01
1.083181610283843277e+01 6.912210079640654925e-01
1.155564067969149278e+01 7.748358523800520370e-01
1.111676870412065199e+01 8.446146679256745227e-01
1.123143396620497114e+01 8.002569848227830684e-01
1.137901374905985286e+01 8.646537533659356400e-01
1.073903693120349523e+01 8.998220026073803224e-01
1.117817394920127505e+01 8.752074268419844927e-01
1.082948394972545536e+01 6.378771593869519974e-01
1.074634674870487672e+01 7.183975424054156456e-01
1.107986037728445261e+01 8.019667525612597103e-01
1.097279881904358767e+01 8.028991622762963187e-01
1.119105302701461113e+01 7.939047857881182946e-01
1.187905990399896261e+01 8.296014894114513982e-01
1.081391294336477138e+01 8.581778886818284269e-01
1.087721338033308882e+01 6.382607783514631095e-01
1.183748200775528936e+01 9.755006666536765181e-01
1.151770106373248659e+01 7.042182019434104490e-01
1.089465580584309734e+01 8.307426319856414665e-01
1.098932429707289060e+01 8.291621252467652470e-01
1.158155004556759771e+01 8.585786793341934064e-01
1.082665350866222020e+01 7.281380227429959939e-01
1.117892340053522560e+01 9.497612299523283674e-01
1.070790145885380262e+01 6.127970667851154740e-01
1.118615709691773930e+01 7.426331796088208037e-01
1.086704874163829793e+01 8.771163915025179669e-01
1.162078134469790847e+01 9.379583018471268074e-01
1.076475742515265388e+01 8.773792532454787185e-01
1.124426413247627643e+01 9.166063707527732918e-01
1.211813840781291418e+01 9.394176262567305313e-01
1.095008974701929105e+01 9.090491384891929982e-01
1.180462902447439077e+01 8.583551979685744016e-01
1.084208732572563605e+01 7.339125775788293282e-01
1.127202400758655543e+01 8.396867538545594867e-01
1.073675039854292557e+01 8.656851863798391555e-01
1.086366479260897577e+01 7.258256003450958005e-01
1.146015013787198455e+01 9.659977084192028496e-01
1.111910447171902305e+01 7.768034711296336603e-01
1.094227334365001170e+01 8.774303769759007610e-01
1.086723072872581852e+01 9.273186822012748909e-01
1.086037748616101339e+01 8.108309057506303263e-01
1.085033485179615376e+01 7.929517834003210197e-01
1.080877019209425960e+01 6.982500302590080032e-01
1.187969680273183215e+01 9.443436252271291131e-01
1.115384466329677160e+01 6.418295972966688856e-01
1.087570093733529575e+01 7.148391606476323101e-01
1.041266685946918891e+01 7.043401830647313400e-01
1.162740746854161600e+01 9.275814948088746403e-01
1.117145961237943474e+01 7.228151955111932203e-01
1.089523053408607822e+01 7.688977630650195572e-01
1.182013414304700127e+01 7.818076896500933959e-01
9.972817746341947398e+00 6.411454329609892477e-01
1.121595363301215897e+01 8.243706641854242623e-01
1.178092648339862336e+01 1.012585790456329349e+00
1.159463469987273321e+01 6.948930776683662769e-01
1.088446591176935385e+01 7.634634852398519689e-01
1.129385501533960223e+01 8.388084801276494140e-01
1.091954445488581271e+01 6.886726907763169869e-01
1.140143165872729014e+01 8.758393723405732967e-01
1.051275545920786314e+01 6.617159259196186971e-01
1.076716264988091254e+01 7.785678816946821623e-01
1.087595425711529451e+01 9.442020665207478958e-01
1.165393068811089350e+01 8.922203388982375971e-01
1.108743580912249982e+01 9.690573260415566992e-01
1.090858418620980608e+01 8.201083881485995430e-01
1.159477655226110926e+01 9.163532260944687868e-01
1.144895647871668309e+01 8.876867699422839042e-01
1.158412038534827637e+01 9.104591191877714484e-01
1.042227840425866248e+01 7.041865174608603617e-01
1.129959700431570901e+01 7.058747667880322929e-01
1.161572225705447003e+01 9.175446559765678689e-01
1.171804283272953384e+01 8.161280754827566764e-01
1.115528300842043485e+01 7.391744170937204483e-01
1.001157536143733928e+01 6.044893056128286535e-01
1.023878548722334791e+01 6.370867274487701515e-01
1.051988416195556830e+01 8.110017662442258191e-01
1.138100836298954377e+01 7.628503415266223442e-01
1.132867181461768702e+01 7.054362698630696205e-01
1.177315596975287093e+01 8.158720150543466998e-01
1.104104313636752188e+01 8.040730901557315846e-01
1.071035131611558988e+01 8.017442549152783426e-01
1.129260633321279350e+01 8.049854574799010232e-01
1.147855187011010614e+01 8.666641996980858353e-01
1.101674483501456692e+01 7.057450305591818074e-01
1.150208850324122167e+01 7.821559311208671206e-01
1.107379660249630859e+01 6.965752177610504692e-01
1.141067693238688463e+01 9.462801243638233606e-01
1.094258174747221268e+01 6.549354587946589756e-01
1.083568108024441656e+01 7.247602664838622699e-01
1.112589697995962723e+01 8.317419536476682307e-01
1.161985308628041480e+01 9.387141532873999328e-01
1.072704503959771927e+01 7.685606396559805376e-01
1.088334436987915588e+01 6.825946746797503240e-01
1.085175295846877042e+01 6.878673332834550624e-01
1.077556350852934131e+01 6.304770277342054419e-01
1.117201318251279751e+01 9.613559167872822719e-01
1.143746469624826645e+01 7.752157272833649637e-01
1.098551529086615375e+01 6.161293653338477672e-01
1.019710725562480924e+01 6.773212848252623264e-01
1.075589325557349163e+01 8.226889438561125756e-01
1.103438971301176785e+01 9.528773684294293833e-01
1.137715867617084520e+01 9.080602016430543433e-01
1.167205830186349935e+01 9.860716896198894466e-01
1.103265363682456623e+01 7.701212830417982769e-01
1.056700759174757565e+01 6.501835568164706647e-01
1.122009563562167500e+01 8.345196275777571060e-01
1.070229125368024192e+01 8.686193950260002739e-01
1.068317603392448412e+01 7.912190939818103397e-01
1.148145754175873101e+01 7.177234903475420147e-01
1.155357706716524824e+01 7.592766018726333499e-01
1.070519365203643503e+01 7.374153257570956743e-01
1.084638058742632261e+01 9.751482293105798727e-01
1.131208726237576023e+01 7.565205661154442707e-01
1.129616702769351200e+01 8.925446676909329913e-01
1.173033135392568838e+01 9.332032664414011691e-01
1.129655158431159023e+01 8.670090378193906488e-01
1.160100674007527211e+01 7.398812041254232419e-01
1.098520854783188661e+01 8.113517888551864399e-01
1.111786787041110003e+01 6.730677012114225644e-01
1.157923490768293107e+01 9.081806455956216162e-01
1.112550171693736978e+01 9.809921680754828399e-01
1.110866105396770998e+01 6.945994214904449571e-01
1.146049529419711632e+01 7.942826647091774106e-01
1.140078604695234610e+01 9.377077021077353525e-01
1.114398885256878557e+01 8.779838608083715412e-01
1.057933238375515472e+01 7.590155672464599101e-01
1.045526425907744894e+01 7.333038845935275774e-01
1.165882226998139437e+01 7.931277989822269614e-01
1.033937743999779713e+01 7.352556279743179823e-01
1.082521012320772869e+01 7.350135308635716846e-01
1.108986193330153647e+01 8.138092711639114407e-01
1.104627946877993416e+01 7.801109691016783199e-01
1.134337253128361667e+01 9.156114655122238322e-01
1.137321249966042735e+01 7.928501709427066002e-01
1.141294464624264116e+01 8.544294679313177987e-01
1.101709811614743550e+01 7.133127837046493447e-01
1.077045661992537795e+01 8.280415454381155893e-01
1.021476989132544944e+01 8.933941516080518008e-01
1.109013078275422970e+01 9.381871934846742755e-01
1.109123816049213040e+01 7.340123049180599102e-01
1.121612837944851826e+01 8.113472970681870899e-01
1.103002079072334851e+01 7.641291310488893540e-01
1.131043506969898083e+01 8.237057285873975454e-01
1.137124215728075072e+01 7.930402558648362854e-01
1.091484265195660619e+01 8.762134827835704742e-01
1.033970358858284833e+01 6.799919923377518716e-01
1.083113660644612963e+01 7.857185407168096880e-01
1.011202503635042405e+01 8.143401155493490418e-01
1.189322863496115801e+01 9.577959993715701170e-01
1.092724518549818313e+01 7.884208115812896267e-01
1.043746217531394471e+01 6.851264925746730627e-01
1.088217364331693737e+01 7.360653271091832650e-01
1.111547602750692043e+01 7.669830533582754351e-01
1.174286627735373578e+01 9.146794791156896975e-01
1.158347422236769475e+01 7.875426631741547778e-01
1.146424296255386288e+01 7.512876969398351035e-01
1.069966875445026488e+01 9.422316129466329349e-01
1.189310441909095317e+01 9.054300701803198459e-01
1.130192239161770473e+01 7.885202372918684866e-01
1.126673224811882612e+01 6.827703800256680333e-01
1.163834038692386308e+01 8.594988536467121909e-01
1.045101576743978278e+01 7.488681015559603971e-01
1.079811525411748363e+01 7.718083635335686310e-01
1.144444147023894587e+01 8.507808559254573799e-01
1.181350479464183856e+01 8.302170770651369214e-01
1.052025869552361215e+01 6.794609944238650945e-01
1.101699929385810961e+01 6.862215003539171576e-01
1.092145326356120982e+01 7.903546416733266966e-01
1.038646114224516204e+01 6.964402546098451552e-01
1.077033790941685432e+01 7.383929456912994294e-01
1.107140349957814252e+01 8.520747378863072763e-01
1.086590118946532968e+01 6.474785043791068118e-01
1.079593121162068847e+01 7.517237274812391679e-01
1.105547018964850103e+01 9.165055358247325978e-01
1.002626210989909339e+01 6.379480300113465896e-01
1.164297387472778489e+01 9.249638337467442906e-01
1.094496110607374817e+01 8.910966550211434356e-01
1.156988708685410394e+01 9.594101942061635802e-01
1.117100275702336276e+01 8.136935530034822284e-01
1.175819475824530613e+01 7.456737046855926865e-01
1.204743246448157024e+01 8.828571034623263758e-01
1.115622622910312955e+01 8.353160000432311438e-01
1.097790285349463701e+01 8.193869008963544642e-01
1.138909115168998554e+01 8.768666506706641606e-01
1.117186932086655204e+01 8.468270515600038184e-01
1.149146196621068050e+01 8.371703601097167935e-01
1.143854423295985967e+01 8.139378179129134194e-01
1.083420084432956365e+01 7.768018604584885356e-01
1.094274076251527816e+01 8.361316339154609700e-01
1.192443385302899905e+01 8.574696894537433556e-01
1.211869447272249367e+01 8.432253687534264630e-01
1.101281161955715149e+01 9.431707351659570637e-01
1.128759061201187563e+01 7.982505126703540732e-01
1.132519594982285405e+01 8.305884185493189742e-01
1.141827099974333670e+01 9.713673892297607360e-01
1.097254625162597996e+01 7.916474921120765229e-01
1.124486868699014153e+01 7.303341081703246251e-01
1.075809202647443108e+01 8.382599309214437966e-01
1.086170832795739116e+01 6.163308595123246914e-01
1.150807736428150996e+01 9.296366061707461714e-01
1.029145006348428737e+01 8.350400092232593829e-01
1.148766936349159984e+01 7.482191561328458418e-01
1.178438173163421610e+01 7.583330261190015520e-01
1.085271938941806269e+01 6.484471087373125942e-01
1.183591975448557498e+01 8.517974572864421834e-01
1.053665982997669559e+01 6.445050703845978113e-01
1.126373950567432480e+01 7.588666772366181590e-01
1.123429900991524910e+01 6.807727601727457944e-01
1.095993947922409895e+01 6.934253469854761986e-01
1.103990679307527500e+01 7.581358224129648438e-01
1.085785560319256504e+01 7.964435799996274490e-01
1.079887185337423361e+01 8.014167766525217562e-01
1.147417549455023433e+01 7.498364787031308598e-01
1.104312519186861152e+01 6.913041007848035324e-01
1.119003089431686426e+01 8.992279922377023338e-01
1.138628174391968528e+01 8.189154700487283334e-01
1.193054740888999454e+01 7.801168010096531935e-01
1.157203504798460081e+01 8.396677197933122283e-01
1.093694607469917379e+01 8.153359956695763744e-01
1.111350312578952959e+01 9.158025250361221392e-01
1.107248884303930403e+01 8.616641165400000801e-01
1.092031938693637017e+01 6.787334233425991181e-01
1.075821719702600809e+01 7.260292601468810725e-01
1.117928786305625444e+01 6.923402111895982092e-01
1.153333746712978858e+01 1.008708270726246914e+00
1.108395926088153516e+01 8.002335781437511786e-01
1.090207691190335915e+01 6.982803271935633660e-01
1.119902389646099117e+01 1.011926217447654874e+00
9.889075206167991183e+00 7.777313607265121664e-01
1.068831969224411615e+01 6.309813829251971207e-01
1.102620548864769034e+01 7.921168135764461438e-01
1.055089938675738281e+01 6.746956491791454846e-01
1.140014724588561634e+01 1.045558998921463312e+00
1.073478560987970809e+01 8.420859187144910107e-01
1.113947098031019856e+01 8.166213305190734850e-01
1.127124862851279552e+01 7.479168734366895555e-01
1.097294641830603013e+01 8.871058621617057272e-01
1.147628282988555171e+01 8.714729610675417959e-01
1.131444360945710947e+01 7.454289683892140195e-01
1.128444091128830706e+01 9.508046045202304120e-01
1.120523117581736017e+01 7.552438895608368785e-01
1.039484085867936436e+01 8.220793907239247744e-01
1.094034986401935328e+01 7.027061101139494559e-01
1.121058108716705704e+01 8.749233539982482766e-01
1.088486645955014076e+01 9.020140302411476796e-01
1.137584698318330290e+01 8.776495848390745147e-01
1.090536874285507629e+01 7.480506196367883165e-01
1.104635385873364228e+01 9.817987790664950420e-01
1.081343871699356818e+01 7.827528187231876933e-01
1.046936765642506018e+01 6.343305652883910462e-01
1.063657987570413610e+01 5.860699418013964879e-01
1.086131658490003815e+01 8.225246180754490766e-01
1.132368005939525624e+01 9.062437258268821738e-01
1.158248407915681710e+01 7.841736727127114337e-01
1.147489778717840458e+01 9.080116780426571443e-01
1.209360999001307846e+01 8.767105235901475613e-01
1.097632210736604108e+01 6.410329169127476634e-01
1.119913557690898820e+01 8.405875950830421495e-01
1.096008809161420494e+01 8.824697372788459226e-01
1.141105819837189905e+01 7.947182716796449276e-01
1.019445719688351204e+01 8.060431919811859025e-01
1.130092393562529729e+01 8.041204193933808586e-01
1.210348906578348860e+01 8.271770957500684807e-01
1.094656614843986553e+01 8.147966195821312319e-01
1.062936969715151214e+01 7.238295389930726742e-01
1.120807666350338394e+01 8.299465210351802957e-01
1.049380020561549287e+01 8.618401428922293217e-01
1.141386371122427157e+01 8.235600207097599768e-01
1.106054377487162554e+01 7.577121952907934777e-01
1.125206457686295813e+01 8.205176087496052206e-01
1.130655530382488294e+01 7.288223246784574227e-01
1.165226666054427263e+01 7.896844740696902232e-01
1.162954674567691526e+01 7.980376919067553310e-01
1.166559507796859840e+01 9.767397078164002933e-01
1.097666646153836112e+01 9.679407139457303355e-01
1.086366447098830612e+01 7.160995583880406246e-01
1.129000424988687534e+01 9.594751623135270302e-01
1.128542447532399429e+01 9.847622339856946239e-01
1.087105724475656743e+01 8.322760943555841395e-01
1.186411577367364778e+01 8.769938237723285956e-01
1.099700314360882913e+01 8.403220810445456435e-01
1.093571111794707384e+01 8.305684326814662954e-01
1.098755184056781253e+01 9.137252024644086923e-01
1.106974574608525508e+01 7.277247745657546840e-01
1.126932184907964718e+01 6.917839888980635843e-01
1.093150279704470762e+01 7.044195648650997121e-01
1.081478544220676241e+01 8.607912645530084728e-01
1.213921144931573082e+01 1.018125598927759334e+00
1.132150023720607557e+01 8.855272832708858122e-01
1.166941571586749049e+01 8.857148070963763997e-01
1.119312947196713459e+01 8.651384392404640744e-01
1.104195133679487739e+01 7.647575891218799660e-01
1.116217653385862540e+01 7.713970752055921976e-01
1.035353934617469029e+01 7.418650980593484157e-01
1.173882477281193282e+01 8.403608294059586870e-01
1.099994689980209372e+01 8.994987656662369879e-01
1.117688873976833719e+01 6.897398796598882553e-01
1.123744961114582708e+01 8.167656356435106790e-01
1.088308271483687228e+01 8.322345498029589672e-01
1.111118587104431121e+01 6.458944778488807659e-01
1.084304201939999857e+01 7.929824832157303938e-01
1.121292300423061405e+01 7.744038507726579423e-01
1.106444209896651287e+01 7.925216471361187232e-01
1.059075952142429067e+01 6.814815229307953359e-01
1.120920751944775517e+01 8.174378931046575314e-01
1.133544392420811597e+01 7.140486156694546560e-01
1.124830518691465819e+01 8.005010587304136616e-01
1.104731660689336614e+01 7.881819476915213896e-01
1.111084563238676104e+01 9.727080739682814059e-01
1.053394803102944266e+01 7.753681119279384193e-01
1.166480812414530455e+01 7.954331700193554289e-01
1.070850601610121267e+01 6.214832180937743811e-01
1.143919787598482429e+01 6.952040845872456964e-01
1.083603273879325535e+01 7.890871396571986773e-01
1.126474693018294282e+01 1.019415184056136736e+00
1.160183208142447775e+01 9.572734035315140222e-01
1.160654128733288104e+01 8.247550854002314580e-01
1.139369019341610034e+01 7.444179711964162838e-01
1.097896103408736401e+01 7.762532162058439766e-01
1.091112957073488055e+01 6.474792536505699081e-01
1.119544832092700304e+01 6.735065174249090791e-01
1.083361805974957015e+01 7.838761374382559044e-01
1.166350839753211233e+01 7.674365603163367799e-01
1.196280000110813724e+01 9.826576888958270528e-01
1.132131092572250175e+01 9.074967655155974366e-01
1.081708629899865670e+01 6.863665640686779090e-01
1.112314765295433361e+01 8.516144442926592006e-01
1.122311879825444159e+01 9.275872637415323307e-01
1.088620251035272624e+01 9.248138840849827735e-01
1.142202761753001994e+01 7.114740838193230887e-01
1.037756742841849800e+01 7.869203194353368014e-01
1.088884129351478336e+01 6.568089712034439476e-01
1.100232256057692481e+01 8.210866367863048909e-01
1.149680218759051975e+01 9.471782983522798460e-01
1.167557331163980727e+01 9.359772488386620681e-01
1.090707219556656327e+01 7.491581437100194307e-01
1.113128833364725701e+01 9.309403389297771225e-01
1.136919293994031577e+01 7.779516683308671521e-01
1.108631373470721471e+01 8.306818552951225065e-01
1.088950796833311507e+01 6.363823003063353578e-01
1.101875218624451236e+01 9.569238261661131562e-01
1.124341507015164687e+01 9.138492770320894021e-01
1.175166062743586437e+01 7.666356116503324492e-01
1.120547853650677439e+01 7.823219761365529656e-01
1.092668169333927963e+01 7.379553393498732294e-01
1.085587630768826095e+01 7.043153224085181296e-01
1.103572334796303700e+01 7.674320470503991354e-01
1.140152777687788088e+01 8.765281086804100896e-01
1.096038795810344091e+01 6.751074670930722332e-01
1.121899838684413098e+01 7.804967917332572558e-01
1.078464435558317014e+01 6.393852965558850521e-01
1.140154927548359254e+01 9.512158322481689687e-01
1.083193066422462714e+01 7.118856171161298541e-01
1.033262804046878003e+01 8.135404564268411409e-01
1.101918610880695759e+01 8.772978743108551525e-01
1.145348266878618837e+01 7.645489701217387246e-01
1.139722863102435468e+01 7.682537266100021300e-01
1.114874806498149518e+01 7.280754181289944560e-01
1.117995829112031636e+01 6.703287044909851389e-01
1.159072297177613109e+01 7.481847824714310535e-01
1.078288412490219983e+01 6.647122562805091173e-01
1.109283780862532609e+01 8.505149729440399931e-01
1.141204463021616355e+01 8.317729793295804974e-01
1.074366005325219220e+01 6.700626087722310054e-01
1.138464704721377885e+01 8.311861060185282701e-01
1.109115284439902815e+01 7.828191324625041192e-01
1.135963528424882441e+01 9.801052786227538727e-01
1.102170816045628143e+01 7.771009568665573353e-01
1.154298743175075970e+01 9.432548911630134203e-01
1.131408724611543626e+01 7.096344725858724223e-01
1.109605004929153083e+01 7.412100828140386621e-01
1.138117001747496104e+01 8.782823708858515932e-01
1.134773577658629762e+01 7.304382743818692569e-01
1.095719899618457660e+01 7.757075994081498171e-01
1.103167197303269909e+01 7.442671618105770603e-01
1.078511212045156675e+01 6.834938104387413560e-01
1.072003875726870348e+01 6.258867087111925631e-01
1.130465408363095392e+01 8.792522525120656240e-01
1.117088913370363557e+01 1.020958054200719722e+00
1.216826700106289572e+01 8.730156892737493957e-01
1.097956495678254640e+01 7.012237733613582158e-01
1.105115474712315660e+01 9.200589316662957096e-01
1.113691226187497385e+01 7.899813991379860401e-01
1.047356498976646222e+01 8.784174017983195082e-01
1.152508392151734462e+01 8.518786599954349947e-01
1.122291789970792308e+01 8.750777977942530983e-01
1.106452232676119429e+01 7.656623695947228914e-01
1.115457846022180455e+01 7.164763143496387654e-01
1.098129867443423535e+01 7.249958679679258111e-01
1.131801642005229702e+01 8.233562285953132109e-01
1.166827748432009848e+01 8.928315007766598477e-01
1.203505102217391709e+01 8.690351875377415602e-01
1.147513853627961922e+01 8.161032719525279644e-01
1.143823354472936060e+01 7.796864942434231782e-01
1.080788131603579139e+01 7.905851579685877484e-01
1.118206991690558461e+01 7.217086233921932159e-01
1.109549637632320973e+01 7.059243504294419047e-01
1.078932815637415032e+01 7.036859876817378456e-01
1.070806114303407419e+01 7.689558630946405904e-01
1.093434593237754093e+01 6.760818821152960734e-01
1.090328176118472570e+01 8.332325127766638806e-01
1.163591263229588257e+01 9.154439376594346589e-01
1.134833751515290601e+01 7.620538588414602632e-01
1.108233197672929826e+01 7.179308025566084606e-01
1.095442462600343525e+01 8.998302666797824978e-01
1.132205859860908781e+01 7.562136789729992925e-01
1.115617189905989726e+01 6.639930298729319613e-01
1.135658428384819985e+01 8.693941993064251417e-01
1.064983948188040053e+01 5.706767184076543264e-01
1.080541767283756194e+01 7.883523633666694730e-01
1.087615859739510782e+01 7.249201229318991135e-01
1.101048778712024223e+01 7.433352190869921827e-01
1.111129947927646633e+01 8.335808123153316540e-01
1.099982623103882418e+01 8.288115839342851121e-01
1.088113129985302230e+01 8.306621980410160422e-01
1.113231640873723016e+01 8.167769344902731099e-01
1.083279569404398757e+01 7.462822828957093035e-01
1.080087189273574921e+01 6.769470386517316696e-01
1.119572970991318250e+01 7.487718422275633223e-01
1.111844490572524791e+01 7.901520943714186451e-01
1.075653567011638323e+01 7.293046521514146008e-01
1.081891865635343386e+01 6.949615868330478730e-01
1.088815384971813849e+01 8.465193067784403391e-01
1.112174760804886908e+01 6.740053660343159336e-01
1.139900934837769775e+01 8.686893432770294021e-01
1.122327026091372026e+01 8.075912983579200954e-01
1.119537295409052113e+01 7.294988778737140356e-01
1.095725492668969814e+01 6.383490523436944342e-01
1.078829015422788906e+01 6.577200220168017974e-01
1.143966870573524730e+01 7.562970459148657953e-01
1.164690746342848193e+01 8.742774342260001275e-01
1.129987010041804929e+01 7.318108662042299706e-01
1.102776464840913384e+01 7.853098840586306695e-01
1.080907438898647044e+01 7.765170285744597001e-01
1.113168513847750951e+01 7.415077110596544063e-01
1.090454879294775026e+01 8.773821145245811470e-01
1.127766050067915593e+01 6.585670198130759712e-01
1.091700363533174034e+01 7.234819864189634409e-01
1.124149012056838082e+01 7.807240259501296853e-01
1.121240620307224489e+01 8.387387788677242995e-01
1.117665941039302524e+01 8.452915550845533366e-01
1.126536884908228409e+01 7.528429498979896106e-01
1.135839833211498906e+01 7.454487166411404298e-01
1.155130305037920202e+01 9.354691420396131774e-01
1.097395751762923766e+01 8.889773246699221865e-01
1.179466450919455234e+01 8.283578528681088127e-01
1.055844225318331198e+01 6.913323852924979640e-01
1.138683568094232079e+01 7.051791698922383889e-01
1.099543535387173954e+01 7.704681947644002049e-01
1.122983251038748520e+01 1.042050005669269197e+00
1.101392818000605267e+01 1.001400931909289360e+00
1.089573961635615973e+01 8.926619871927318206e-01
1.099194828597572382e+01 8.817836081789768299e-01
1.122169420047711696e+01 9.350613031755906635e-01
1.154647831098472643e+01 7.428844456321230805e-01
1.123357705881111457e+01 7.691621548205664904e-01
1.164108317662951819e+01 9.281166686163138113e-01
1.120272172102417763e+01 8.115017951643769267e-01
1.166185846238256296e+01 7.932059743806066932e-01
1.131366123214030850e+01 8.870458037838959697e-01
1.171869432401953759e+01 1.017367145438940357e+00
1.116139919159927452e+01 8.283297309656254548e-01
1.171441510467010083e+01 8.732637830531639889e-01
1.038560041020339142e+01 6.738938862271476316e-01
1.094329803529743472e+01 6.721903603244299141e-01
1.152865053202438084e+01 8.881424138171010174e-01
1.129894920958540361e+01 7.085654723672840660e-01
1.145532923667204805e+01 8.919357282866504644e-01
1.147540525365056219e+01 9.409824493972620552e-01
1.097037266762430718e+01 6.825488108446309266e-01
1.053986819407870357e+01 8.434938347682260362e-01
1.139386638168686972e+01 7.395447379145538847e-01
1.112789047540212017e+01 8.079077558522076430e-01
1.100994565627540211e+01 8.126310633682524154e-01
1.125126439344021456e+01 6.853110548867218377e-01
1.071187956896723037e+01 6.969593017789685874e-01
1.197029515130341970e+01 8.409534810800567417e-01
1.107083883500163068e+01 8.770671473387215977e-01
1.096518499677322822e+01 8.325969804528304818e-01
1.085283682637792424e+01 7.371493592423453700e-01
1.117561613243656282e+01 6.974913899157904051e-01
1.099030826753327972e+01 9.624366466645318807e-01
1.152693448380116337e+01 7.843026726083703881e-01
1.082375494498479185e+01 6.411548337955605970e-01
1.104707685476064327e+01 7.077745812676282666e-01
1.112721898185043834e+01 7.616378580517653152e-01
1.176258476005002862e+01 9.047023661012525420e-01
1.092214777420114658e+01 6.436779749179676324e-01
1.102206225809539752e+01 6.945588382723935084e-01
1.115671193963610186e+01 7.388078866559866231e-01
1.114263628802127926e+01 8.908742621530127970e-01
1.130190322444123829e+01 7.560576977915662855e-01
1.209921660090546958e+01 9.578541225834990014e-01
1.098319333922741059e+01 8.040520728482353219e-01
1.108270610180658089e+01 7.255227200248731689e-01
1.091568903679674740e+01 8.165244406978120484e-01
1.090741519589431618e+01 6.132877585386072861e-01
1.095010279665745223e+01 6.528916945121114868e-01
1.146866609709027252e+01 6.963271521842850920e-01
1.128581256609713712e+01 8.226946886687179772e-01
1.115569729462108839e+01 8.318241988814454313e-01
1.092730194344352945e+01 7.245202510122901174e-01
1.110810354344913797e+01 8.328801869719537621e-01
1.133987934713476342e+01 8.565783988197914756e-01
1.173504614227584320e+01 8.449928543703419948e-01
1.033060048966308209e+01 7.529564241257302726e-01
1.143940550424603586e+01 7.912055503687527303e-01
1.120691831141194328e+01 7.982127627381402357e-01
1.129130997694292304e+01 6.928626150163582631e-01
1.140073857856697792e+01 8.637580277315157762e-01
1.176619341968010879e+01 8.955082411619107452e-01
1.074855516398915611e+01 8.445198969777630849e-01
1.038007471017613526e+01 9.161278519666157250e-01
1.111116913674661077e+01 6.884667420181099784e-01
9.831845243852908922e+00 6.363152596508744319e-01
1.166566088044058169e+01 8.927269738066129223e-01
1.096486855131479743e+01 7.360289686195877756e-01
1.124710985490813897e+01 7.853281634736515304e-01
1.004685628932642416e+01 6.791066657878062074e-01
1.016881304180793499e+01 7.478710969593835856e-01
1.097322494249815072e+01 8.108898432081664831e-01
1.075876894085577007e+01 7.567221555606218342e-01
1.078704057515501802e+01 7.211459066149773500e-01
1.187192128908703381e+01 8.509476947942398173e-01
1.085903842237300942e+01 8.264203276401800302e-01
1.091773008316602933e+01 6.710677696285090033e-01
1.125718822849703749e+01 7.241107524143910457e-01
1.108240466024929560e+01 8.619161561390561443e-01
1.045962607200803873e+01 6.640213938332969468e-01
1.039864826195454128e+01 6.440038767477225257e-01
1.121826779826501763e+01 7.741101334749899143e-01
1.120929417499960756e+01 7.372276551297000102e-01
1.083434348390177249e+01 8.146927329095424719e-01
1.093122968507289627e+01 6.624110489358057130e-01
1.011168396130684854e+01 5.360069316515010396e-01
1.082199664152996377e+01 8.436604287960057791e-01
1.121780060806280233e+01 8.457645260232137252e-01
1.082340607840366253e+01 7.615022399711879331e-01
1.138133340932344417e+01 8.571454565862007824e-01
1.090910400755155329e+01 7.722932126195888314e-01
1.109538575884936584e+01 9.061988255457936736e-01
1.165063735570165093e+01 8.716856833504340596e-01
1.135481869818747391e+01 7.837538566050950006e-01
9.746161016651683440e+00 6.704100984104988115e-01
1.098072566592041177e+01 8.098727434632229105e-01
1.094706851693439731e+01 9.278727009567302453e-01
1.145009669869073932e+01 8.132806434111228278e-01
1.087100116399359884e+01 6.354129368565596403e-01
1.106657780828205873e+01 7.864210690174917584e-01
1.130480247461570720e+01 7.248914070356117234e-01
1.110371844069631386e+01 7.860094189416814148e-01
1.087362482566572908e+01 7.425287361474460779e-01
1.049406185153182491e+01 8.691052137995569637e-01
1.167541253678254520e+01 9.487473804159837210e-01
1.092732841304029634e+01 8.689011384558137374e-01
1.135603114571887851e+01 9.904933573146514902e-01
1.117707368116130517e+01 8.563657535675368582e-01
1.150695600218005588e+01 8.982326899008418186e-01
1.173682353121559352e+01 8.075874341096173081e-01
1.096903199747893076e+01 6.740412462110616509e-01
1.101642040566633440e+01 8.640221335369312472e-01
1.110825338606356283e+01 6.904885439795293012e-01
1.083889617905903080e+01 7.777488553350717648e-01
1.118857264937903295e+01 7.766256639476641910e-01
1.097267383349399239e+01 6.691459718680975444e-01
1.160875607685461652e+01 8.151407512355421936e-01
1.121354666300008596e+01 7.362435400500547678e-01
1.093375696570139688e+01 7.203056078488768721e-01
1.126968425981111288e+01 7.254919582422793001e-01
1.156443977990527472e+01 8.856076156555843237e-01
1.111640336894626735e+01 8.254787964834445768e-01
1.135047061082383024e+01 8.268028294500299191e-01
1.080034137608444844e+01 6.810089409395645443e-01
1.104013369538670730e+01 7.687032042352516248e-01
1.093694865010498241e+01 9.554505597687927843e-01
1.095561181956871266e+01 7.782714223702011935e-01
1.132999777324366164e+01 7.441520581778524601e-01
1.077077673158209059e+01 6.843927788767717457e-01
1.062100090119390039e+01 6.428072825479950181e-01
1.098929994274484123e+01 7.694568488523303440e-01
1.012107953021179974e+01 8.100680375215156825e-01
1.112894674994496569e+01 7.986687814932330598e-01
1.142140528755871287e+01 7.623124928331077577e-01
1.170005124306885946e+01 8.798932058935583500e-01
1.071944960782306389e+01 7.154218470775979277e-01
1.118256868180198538e+01 7.705829234104590864e-01
1.151057790559440086e+01 7.591784659743620045e-01
1.148863681308290374e+01 9.761351140733346421e-01
1.071471635314004445e+01 7.635135957009269170e-01
1.048827601972172374e+01 6.822057345234565640e-01
1.079963078759602091e+01 8.023125394936746480e-01
1.142893472502743890e+01 8.836813505649012690e-01
1.217899770687446726e+01 8.666671697880935499e-01
1.091453151945050237e+01 7.507437856091767614e-01
1.139192954621905862e+01 8.491076354815452198e-01
1.074926981496068201e+01 6.804320592256255518e-01
1.121140695154036848e+01 7.853459572263193911e-01
1.108623120382337390e+01 6.629457218043806055e-01
1.113282694321376809e+01 7.888520406528904960e-01
1.069643556748135715e+01 8.513726314146053964e-01
1.121493775680541205e+01 7.847019012350909817e-01
1.115179642857325071e+01 9.516688144624250167e-01
1.134521689801968769e+01 7.778677172623621461e-01
1.186587034959975462e+01 9.655954977060881017e-01
1.094894177101603461e+01 7.119229611017112713e-01
1.094142074937566100e+01 7.991512965107679944e-01
1.069257935094493916e+01 7.099421330896277249e-01
1.091782945413077144e+01 7.504973299896707806e-01
1.133922714270586063e+01 8.553556879280928005e-01
1.147697078303067997e+01 8.691882984775771703e-01
1.103844705289299633e+01 6.902998969711932054e-01
1.049708576620852440e+01 7.433113030474586269e-01
1.157269745712345710e+01 8.662084130136468163e-01
1.102478980320626611e+01 9.116146903433007820e-01
1.090810500028619678e+01 9.181540047063194709e-01
1.047701150917642465e+01 7.258348909997072163e-01
1.091500791052805042e+01 6.625746854841216837e-01
1.123252996568388618e+01 9.011034288400653347e-01
1.089377438433175627e+01 9.676336592199694664e-01
1.034595489332865625e+01 7.812436750234337257e-01
1.075700103392499329e+01 7.402048549526685228e-01
1.164110745736096852e+01 9.727160196482484977e-01
1.075688741544970739e+01 7.204353851934778286e-01
1.151569892744912771e+01 8.213625805873649988e-01
1.109343525952918874e+01 7.104609865202170527e-01
1.126582579271718387e+01 7.878046840138449580e-01
1.153537495748703989e+01 7.436728371879099964e-01
1.090587393950101003e+01 7.633806756649874625e-01
1.096186568974313857e+01 6.687568739208580304e-01
1.157695517955130526e+01 7.802048361563062029e-01
1.128481684517559280e+01 7.713951544713355535e-01
1.090938169054095752e+01 8.688510028229770032e-01
1.090537465490262647e+01 8.728414895745818525e-01
1.080681989940838328e+01 7.837197800140338622e-01
1.000107554937169851e+01 7.280475753166844033e-01
1.100532289911137340e+01 8.710017618220803337e-01
1.078354286034537601e+01 8.796076325433960230e-01
1.104624928180177790e+01 8.258968347787439823e-01
1.079662487750554511e+01 8.016917541356619603e-01
1.099426439340204098e+01 9.050315885093049850e-01
1.134796501299725691e+01 8.139093421598875278e-01
1.154993431133243575e+01 9.423591217307270007e-01
1.116087963556839036e+01 7.172925925388712320e-01
1.076276416828567761e+01 6.702596363575066274e-01
1.091110998441532587e+01 8.539431839617409592e-01
1.139644608209350274e+01 8.851622228786826252e-01
1.140078963563734860e+01 7.400119358513742585e-01
1.135694988628481816e+01 8.860948498145532204e-01
1.089288661071052644e+01 7.862832903436162146e-01
1.038372073001360185e+01 7.779188077197145557e-01
1.099216196542225532e+01 6.928441986663245178e-01
1.041947523313701041e+01 7.118553564912750709e-01
1.153824833680427808e+01 9.472984649317867101e-01
1.038593458895325661e+01 7.894574341343649770e-01
1.105225428453685588e+01 8.656571696982686692e-01
1.106302330981097626e+01 8.829391567305470145e-01
1.114678618697385204e+01 8.066574848615544191e-01
1.096586337589090299e+01 8.102699708043070714e-01
1.170122879977130381e+01 9.530615113276276196e-01
1.151579260723571352e+01 7.599731711610033802e-01
1.087483400515934662e+01 6.227842453459807581e-01
1.156212593842824532e+01 9.054888610684175276e-01
1.070254487307421165e+01 6.677625584654622859e-01
1.051227494302695398e+01 6.846609652259260104e-01
1.147805001945270220e+01 7.993829234228743141e-01
1.061767563167908435e+01 8.412841316489064747e-01
1.139606405009725343e+01 7.012181119776987881e-01
1.132524607436083208e+01 7.528347322204749226e-01
1.056958326835333040e+01 6.309151230051351922e-01
1.169187623688196176e+01 9.103648116335270046e-01
1.094033950551411749e+01 7.061261375949619001e-01
1.162323716867853385e+01 8.740777538467799923e-01
1.098412663586826099e+01 7.850969580439266515e-01
1.106826638155064479e+01 9.373264999386877738e-01
1.072438740483051411e+01 7.227781343206710618e-01
1.098678269717336242e+01 9.682595496536603452e-01
1.081984583003337796e+01 7.845592989783470861e-01
1.154419031902925319e+01 8.498915204607044860e-01
1.152412336396997539e+01 9.125703009921175557e-01
1.106308934028901803e+01 7.846511681624789292e-01
1.092861256339763720e+01 8.067818809492011134e-01
1.152895693426676793e+01 7.788538021989825921e-01
1.135604300813191969e+01 8.158764236956659310e-01
1.098026408514928498e+01 7.158164305999823451e-01
1.046887347753249387e+01 5.711364033416073127e-01
1.049217134963758369e+01 7.595553940578376739e-01
1.102880182996513092e+01 8.120337602086039608e-01
1.096729367880737094e+01 7.375837134251480576e-01
1.101127084717191984e+01 6.689016776450484869e-01
1.070775274008007827e+01 8.323896545631161992e-01
1.078090814174357348e+01 7.860713586809526809e-01
1.117210460113761528e+01 8.660546291796187290e-01
1.099363018506428702e+01 7.522138324117343400e-01
1.120387577521734279e+01 8.700546669981377157e-01
1.142371715392133247e+01 8.878232178667521124e-01
1.092661708992784675e+01 6.792535189930194450e-01
1.111640680788821989e+01 7.336069449674366139e-01
1.035181844092044479e+01 8.223007177444678906e-01
1.097565601350378373e+01 7.124665366367244346e-01
1.098470877194299966e+01 7.337677237609294689e-01
1.087615403909109624e+01 8.173102495577379001e-01
1.136018946199768642e+01 9.752544800371527600e-01
1.215625464556817015e+01 8.930774978419553367e-01
1.024463178234555372e+01 8.555595364334324104e-01
1.147128732862160483e+01 7.722908142083630967e-01
1.117413456622127654e+01 8.871352729169653673e-01
1.116522314468015153e+01 8.603211424155260412e-01
1.102455073677253772e+01 8.602079897654141272e-01
1.106962886408532043e+01 7.442242408253182395e-01
1.132637661516228533e+01 8.254074567831418685e-01
1.082482136265674910e+01 6.266296293217850089e-01
1.078274213213716415e+01 8.277709636382319935e-01
1.192882580978844764e+01 8.829436284498450860e-01
1.143352217310840935e+01 8.056442508545779146e-01
1.154961025009259323e+01 8.087854881151524955e-01
1.076932995839431051e+01 7.351023994077312551e-01
1.082071933644397888e+01 7.314081126484918149e-01
1.084688802524595808e+01 8.716240545852874666e-01
1.110262714229659231e+01 8.946573948010626554e-01
1.074487201347613663e+01 6.900482797925056033e-01
1.102044297257384109e+01 7.484697907858093302e-01
1.102301176374006886e+01 8.176471747056149875e-01
1.097786115667468820e+01 7.491406451647830700e-01
1.098094312171406628e+01 6.298767245592604702e-01
1.113164784672251351e+01 8.848667668395941988e-01
1.029117333045730476e+01 7.071043530449134806e-01
1.042071555799932447e+01 5.812483356547138991e-01
1.114612652296518114e+01 8.848460731180434191e-01
1.090508022635015983e+01 7.226675311254098233e-01
1.113010310998537378e+01 7.451822955910563095e-01
1.126495958361945249e+01 7.682328062842780358e-01
1.103009311360025713e+01 7.622818251372364129e-01
1.028653031402484430e+01 8.222847444829409769e-01
1.091601264762943480e+01 7.374605169436879715e-01
1.080450340960023325e+01 7.954200372013592313e-01
1.099551210005644464e+01 7.455727124900659586e-01
1.022445177561396079e+01 6.682352154878066219e-01
1.198908096835792314e+01 9.200868371206940566e-01
1.103860179375490702e+01 7.366874844487938390e-01
9.994012394939705501e+00 7.993081965952546497e-01
1.065799822028929356e+01 6.628945600845972397e-01
1.167703066047624105e+01 8.859680391282943601e-01
1.122149620752015764e+01 6.978035343316233430e-01
1.055753295778892387e+01 8.010972789994567078e-01
1.146199224431970976e+01 8.062833556883333141e-01
1.126400724119202934e+01 7.811267426757527721e-01
1.108256801107362399e+01 7.886909969295216039e-01
1.091509711102070490e+01 8.633084981403184033e-01
1.067127190824064442e+01 7.317714393961307628e-01
1.085849373443159926e+01 7.387529373266774613e-01
1.108359893994895629e+01 8.260475902570769691e-01
1.116703081728105929e+01 7.944884696946102887e-01
1.107592139747274018e+01 7.376152005331765293e-01
1.082885186855656379e+01 8.095635345765421764e-01
1.077620794561582507e+01 9.697333748236695028e-01
1.088144083019905040e+01 6.732967586292043505e-01
1.086623251348241936e+01 7.130833197925834366e-01
1.144960030063928969e+01 7.846457963406677782e-01
1.046151626286569680e+01 7.334757977539331231e-01
1.107822999691708254e+01 6.810340904115055327e-01
1.099159083938919323e+01 8.326235964139062640e-01
1.087261858682188631e+01 7.346876434192565197e-01
1.106499059311348887e+01 7.278120618327920122e-01
1.101824739954985510e+01 8.977939305665674219e-01
1.155849517567963680e+01 7.387275882795993898e-01
1.133821547047988787e+01 8.080221156960514239e-01
1.079684856963240236e+01 8.435047321025084255e-01
1.094316721820802663e+01 7.244658565834666275e-01
1.139838794990119908e+01 7.423267577989464128e-01
1.103369259874793507e+01 7.113306765718807601e-01
1.083710617316510039e+01 7.732064371744588049e-01
1.085352604047748493e+01 7.608995836468860352e-01
1.068509811145661637e+01 5.986353230315395457e-01
1.097119881978483313e+01 6.965182630624578985e-01
1.122107248354062925e+01 9.102973259630349201e-01
1.127280342339478381e+01 7.631985176358078160e-01
1.103476839269416487e+01 6.857739474455256667e-01
1.098329999400359647e+01 8.443564447585376609e-01
1.044490325972807732e+01 5.793226418328841776e-01
1.145323874491371363e+01 9.438006053460757938e-01
1.086041692094589450e+01 7.358462975015952479e-01
1.077612586996658806e+01 6.443606396878888143e-01
1.103674386324452961e+01 7.765479132424903952e-01
1.103663396620661352e+01 8.388492678734261743e-01
1.144694614857038673e+01 7.853649282303230006e-01
1.065978198260025955e+01 7.826199739654079446e-01
1.077863450226580078e+01 6.622416941493305398e-01
1.125890571358075753e+01 7.290032020086074649e-01
1.093038241323774962e+01 6.857278644796971356e-01
1.074307080507870538e+01 6.468438073411535427e-01
1.143648029774483810e+01 9.377122091374590074e-01
1.139617498312941990e+01 7.437519055520737110e-01
1.040482776581018598e+01 7.428935838669602498e-01
1.082791388979143754e+01 8.620003935217506186e-01
1.113118968193023228e+01 9.252345829293858737e-01
1.084339361316453143e+01 7.654476963378643584e-01
1.126124624532620899e+01 9.005073669313519158e-01
1.108470028464804891e+01 7.311922596847814093e-01
1.088796401802052216e+01 7.630755507679467531e-01
1.134302738226687524e+01 7.932236378120570697e-01
1.075038067816325515e+01 7.494267311301581191e-01
1.089779803977819661e+01 8.091295429221579960e-01
1.141628575067477946e+01 7.454556169093807805e-01
1.122098095780023996e+01 7.894451495723487922e-01
1.123489382145715432e+01 8.197060485133745855e-01
1.127043689203000909e+01 9.080516797126624295e-01
1.115476090050017532e+01 8.540429215766641713e-01
1.131051786106794665e+01 7.161692360494447129e-01
1.113075463525813724e+01 7.721197916912480030e-01
1.096842731692713713e+01 6.820221039098472993e-01
1.000024017625217887e+01 7.266517215728780510e-01
1.118597542508403997e+01 9.003156177490869716e-01
1.147027604385484345e+01 9.959329775706843302e-01
1.134803474229242148e+01 8.845952066960327542e-01
1.097749748619568955e+01 6.791790231787616650e-01
1.037735638227887058e+01 7.248406582006845511e-01
1.102153783274755838e+01 7.502533399720806573e-01
1.105488188142380146e+01 8.574275413597226558e-01
1.058727933230453822e+01 7.678000074699311561e-01
1.093466771827511685e+01 8.007372329402785427e-01
1.167688792929198272e+01 9.342980835192071787e-01
1.080098517835116390e+01 8.045804505874172285e-01
1.131873424200619560e+01 7.109487362972026769e-01
1.085124726048673516e+01 7.954456606253915707e-01
1.114452502748417295e+01 7.926463470709999015e-01
1.081629807480163308e+01 7.976723775662836191e-01
1.079285288608758364e+01 7.326527680636990558e-01
1.093257334632400202e+01 7.495331240237834702e-01
1.016928151925518442e+01 7.439449876694008701e-01
1.109447860963674870e+01 8.683914058669527369e-01
1.076537383351763211e+01 7.443301936099810945e-01
9.648992818511132441e+00 6.619044066651428304e-01
1.115126277575865110e+01 7.863955334343982750e-01
1.064666426734749827e+01 7.074080625102362463e-01
1.139439419079274707e+01 7.957626382324347603e-01
1.101066152684944477e+01 7.077729142760812442e-01
1.127289415098292658e+01 7.888248187152638868e-01
1.126162492612438015e+01 8.466688760819751636e-01
1.116454897126534185e+01 9.142000743150845432e-01
1.068055984832611927e+01 7.898693317804027503e-01
1.064183008322156709e+01 6.003417461579829695e-01
1.047403198738358832e+01 6.626838139572026609e-01
9.640088138399041995e+00 8.639357932435783871e-01
1.113608225168211163e+01 8.721271895429281162e-01
1.097227587943708116e+01 6.567065955887763096e-01
1.058063201849350321e+01 7.008114316075643169e-01
1.078834535592000599e+01 7.783403829524517814e-01
1.127679184945171009e+01 8.032940325861483988e-01
1.135454883192577924e+01 7.826601286123220369e-01
1.004455738827630817e+01 7.104739252571680153e-01
1.139742922804336267e+01 7.928960495147308052e-01
1.146790750451029872e+01 8.129964520149268736e-01
1.144712314559822097e+01 8.684597929877772016e-01
1.137530607913133274e+01 9.639175421146812806e-01
1.104899568142851507e+01 6.641553445782711895e-01
1.108701964353381086e+01 8.901494846667077354e-01
1.038648313607265017e+01 7.961267234915386792e-01
1.020105233389151245e+01 6.940750634824779386e-01
1.155194305607328964e+01 8.098958106547422542e-01
1.131548772035247197e+01 7.609943196446991021e-01
1.097010572550660257e+01 6.950640653795976398e-01
1.108594538684126896e+01 7.191933192402657493e-01
1.148863563514046504e+01 8.278090484037790020e-01
1.110373737600323274e+01 7.950715291271037710e-01
1.113263188115133673e+01 7.833909535869507668e-01
1.084138519343061446e+01 6.932191295310750068e-01
1.162798172390591667e+01 9.512213361939200196e-01
1.113440545016312555e+01 8.237913805048123761e-01
1.081397293213000665e+01 6.070655462835186089e-01
1.070209193507706047e+01 8.245291274270718507e-01
1.095836626771336064e+01 7.160803475872475898e-01
1.107726638489982918e+01 9.784770998317068313e-01
1.126379412374132727e+01 7.448551455605412208e-01
1.117182787930005894e+01 7.676992232034557384e-01
1.050770238373438659e+01 6.415544031904727440e-01
1.125371795469653513e+01 8.157207345103437701e-01
1.075986696369022511e+01 8.800312655579348720e-01
1.051120885202288413e+01 7.815593613127631567e-01
1.091662741399507475e+01 7.107999328024735552e-01
1.109196729143263127e+01 7.916611752633300192e-01
1.081176473357452750e+01 8.304855666999029218e-01
1.016252455261092358e+01 6.135304915788415414e-01
1.118443223655379981e+01 7.900806120123766707e-01
1.116920798450969876e+01 7.878775129958092149e-01
1.109670607211716487e+01 8.766663093757715020e-01
1.082426251267279760e+01 8.617515114868566917e-01
1.061298881113613923e+01 7.434320974272594640e-01
1.082775492018805252e+01 7.438386747818854783e-01
1.160797643668743362e+01 7.863417307734552608e-01
1.096574398495086733e+01 8.773354131023454183e-01
1.079702894749617492e+01 8.274588860720997197e-01
1.071446014120943779e+01 7.009482600168288613e-01
1.118032350439540323e+01 8.767684341978232432e-01
1.102609359461940386e+01 8.307729468230028447e-01
1.061656010435719288e+01 6.838924624879832992e-01
1.096988759872150254e+01 7.284831845347049528e-01
1.120457440494338286e+01 8.044924090779265180e-01
1.090540927920392278e+01 7.277206916762709588e-01
1.091721701978312531e+01 8.390323244701539673e-01
1.082892358915421305e+01 8.447814064636213205e-01
1.082945032356656156e+01 7.914035036717916860e-01
1.122891137734034750e+01 7.187323959884537317e-01
1.126626413642923019e+01 8.034388596216128775e-01
1.122170554220249983e+01 7.364928230442266965e-01
1.083272793395935629e+01 8.364656586791550108e-01
1.152695638258896693e+01 8.546593640225325084e-01
9.633455905896051163e+00 6.965369213141897609e-01
1.165773523804286427e+01 9.180660408849553589e-01
1.005992294689307087e+01 7.689661482911457346e-01
1.100400754627243138e+01 9.183992353557520749e-01
1.113432065476474797e+01 7.343639367578042032e-01
1.086422881737824930e+01 7.939785466563517025e-01
1.104406858540705727e+01 8.733114707150992917e-01
1.064833078498999974e+01 8.735406307687205718e-01
1.009294900771322823e+01 8.340685256570600226e-01
1.072532466032266818e+01 8.781193246479571668e-01
1.094729583137089790e+01 6.751943706121682487e-01
9.913334082438147732e+00 7.059111879074213558e-01
1.058596309290149051e+01 8.337287266400227326e-01
1.061524745063007735e+01 7.024221399787279330e-01
1.105285330914836450e+01 7.534438075364706666e-01
1.043041110295275686e+01 7.178252812976723130e-01
1.081782461510573512e+01 7.686020571080596220e-01
1.100961540021490848e+01 8.250523884626744797e-01
1.020942102123787976e+01 6.647275044654730181e-01
1.018927932323223651e+01 7.079503259675408167e-01
1.050198054623365351e+01 6.422096071852543275e-01
1.001108972610211012e+01 8.164153996061396246e-01
9.796351886257737007e+00 5.990584020447822233e-01
1.104413224669289662e+01 7.739967935820349920e-01
1.048894940134645815e+01 6.446513631787035292e-01
1.071216326949410202e+01 7.055408986108284708e-01
1.086218977732036528e+01 7.728684545863672151e-01
1.089006827573440539e+01 7.787065738245168012e-01
1.002950079562018892e+01 5.967423035492330774e-01
1.043306555526892865e+01 7.569042207187297588e-01
1.079553985574686159e+01 7.342741671660273362e-01
1.100595955332896025e+01 7.492929391379848925e-01
1.105907020272399599e+01 8.292668526797758455e-01
1.057730575036687704e+01 8.488122914634629312e-01
1.112072116106653930e+01 7.894846155687921252e-01
1.010053368388294537e+01 6.492001809587458760e-01
1.099232512520675975e+01 7.398222792709927553e-01
1.095144940788460985e+01 7.714755397368763257e-01
1.098936059683417454e+01 7.696544126938202890e-01
1.065633226631632802e+01 7.621247335390352040e-01
1.044558708226299437e+01 7.173549914830141816e-01
1.033406889063751954e+01 7.273219206800630721e-01